INSERT INTO LIBRARY VALUES(0, 'Library');
INSERT INTO ACCOUNT VALUES(0, 'aleksakovacevic55@gmail.com', 'password1', '0000000000', 0);
INSERT INTO ACCOUNT VALUES(1, 'lazarkostic@gmail.com', 'password1', '0000000001', 0);
INSERT INTO ACCOUNT VALUES(2, 'ivanivanovic522@gmail.com', 'password1', '0000000002', 0);
INSERT INTO ACCOUNT VALUES(3, 'marijastojanovic@gmail.com', 'password1', '0000000003', 0);
INSERT INTO ACCOUNT VALUES(4, 'ivanastojanovic@gmail.com', 'password1', '0000000004', 0);
INSERT INTO ACCOUNT VALUES(5, 'markomarkovic91@gmail.com', 'password1', '0000000005', 0);
INSERT INTO ACCOUNT VALUES(6, 'sofijanikolic@gmail.com', 'password1', '0000000006', 0);
INSERT INTO ACCOUNT VALUES(7, 'filippavlovic@gmail.com', 'password1', '0000000007', 0);
INSERT INTO ACCOUNT VALUES(8, 'ivanatomic@gmail.com', 'password1', '0000000008', 0);
INSERT INTO ACCOUNT VALUES(9, 'marinapopovic@gmail.com', 'password1', '0000000009', 0);
INSERT INTO ACCOUNT VALUES(10, 'lazartodorovic@gmail.com', 'password1', '0000000010', 0);
INSERT INTO ACCOUNT VALUES(11, 'veljkopopovic7@gmail.com', 'password1', '0000000011', 0);
INSERT INTO ACCOUNT VALUES(12, 'bogdannikolic@gmail.com', 'password1', '0000000012', 0);
INSERT INTO ACCOUNT VALUES(13, 'jovancvetkovic464@gmail.com', 'password1', '0000000013', 0);
INSERT INTO ACCOUNT VALUES(14, 'goranpopovic@gmail.com', 'password1', '0000000014', 0);
INSERT INTO ACCOUNT VALUES(15, 'petarkostic@gmail.com', 'password1', '0000000015', 0);
INSERT INTO ACCOUNT VALUES(16, 'davidkostic@gmail.com', 'password1', '0000000016', 0);
INSERT INTO ACCOUNT VALUES(17, 'veljkojovanovic70@gmail.com', 'password1', '0000000017', 0);
INSERT INTO ACCOUNT VALUES(18, 'ivanailic@gmail.com', 'password1', '0000000018', 0);
INSERT INTO ACCOUNT VALUES(19, 'marinacvetkovic61@gmail.com', 'password1', '0000000019', 0);
INSERT INTO ACCOUNT VALUES(20, 'dusanstojanovic@gmail.com', 'password1', '0000000020', 0);
INSERT INTO ACCOUNT VALUES(21, 'filipivanovic2@gmail.com', 'password1', '0000000021', 0);
INSERT INTO ACCOUNT VALUES(22, 'bojanlazic@gmail.com', 'password1', '0000000022', 0);
INSERT INTO ACCOUNT VALUES(23, 'nenadstojanovic82@gmail.com', 'password1', '0000000023', 0);
INSERT INTO ACCOUNT VALUES(24, 'zoranamarkovic@gmail.com', 'password1', '0000000024', 0);
INSERT INTO ACCOUNT VALUES(25, 'jovanpetrovic946@gmail.com', 'password1', '0000000025', 0);
INSERT INTO ACCOUNT VALUES(26, 'petardimitrijevic967@gmail.com', 'password1', '0000000026', 0);
INSERT INTO ACCOUNT VALUES(27, 'aleksaivanovic@gmail.com', 'password1', '0000000027', 0);
INSERT INTO ACCOUNT VALUES(28, 'lazarjovanovic@gmail.com', 'password1', '0000000028', 0);
INSERT INTO ACCOUNT VALUES(29, 'tamarakrstic@gmail.com', 'password1', '0000000029', 0);
INSERT INTO ACCOUNT VALUES(30, 'dusanlazic998@gmail.com', 'password1', '0000000030', 0);
INSERT INTO ACCOUNT VALUES(31, 'sofijakovacevic690@gmail.com', 'password1', '0000000031', 0);
INSERT INTO ACCOUNT VALUES(32, 'lazardjordjevic9@gmail.com', 'password1', '0000000032', 0);
INSERT INTO USER VALUES(0, 0, PARSEDATETIME('1970-01-01', 'yyyy-MM-dd'), 'Aleksa', 'Kovačević', 0, 0);
INSERT INTO USER VALUES(0, 1, PARSEDATETIME('1970-01-01', 'yyyy-MM-dd'), 'Lazar', 'Kostić', 1, 0);
INSERT INTO USER VALUES(0, 2, PARSEDATETIME('1970-01-01', 'yyyy-MM-dd'), 'Ivan', 'Ivanović', 2, 0);
INSERT INTO USER VALUES(0, 3, PARSEDATETIME('1970-01-01', 'yyyy-MM-dd'), 'Marija', 'Stojanović', 3, 0);
INSERT INTO USER VALUES(0, 4, PARSEDATETIME('1970-01-01', 'yyyy-MM-dd'), 'Ivana', 'Stojanović', 4, 0);
INSERT INTO USER VALUES(0, 5, PARSEDATETIME('1970-01-01', 'yyyy-MM-dd'), 'Marko', 'Marković', 5, 0);
INSERT INTO USER VALUES(0, 6, PARSEDATETIME('1970-01-01', 'yyyy-MM-dd'), 'Sofija', 'Nikolić', 6, 0);
INSERT INTO USER VALUES(0, 7, PARSEDATETIME('1970-01-01', 'yyyy-MM-dd'), 'Filip', 'Pavlović', 7, 0);
INSERT INTO USER VALUES(0, 8, PARSEDATETIME('1970-01-01', 'yyyy-MM-dd'), 'Ivana', 'Tomić', 8, 0);
INSERT INTO USER VALUES(0, 9, PARSEDATETIME('1970-01-01', 'yyyy-MM-dd'), 'Marina', 'Popović', 9, 0);
INSERT INTO USER VALUES(0, 10, PARSEDATETIME('1970-01-01', 'yyyy-MM-dd'), 'Lazar', 'Todorović', 10, 0);
INSERT INTO USER VALUES(0, 11, PARSEDATETIME('1970-01-01', 'yyyy-MM-dd'), 'Veljko', 'Popović', 11, 0);
INSERT INTO USER VALUES(0, 12, PARSEDATETIME('1970-01-01', 'yyyy-MM-dd'), 'Bogdan', 'Nikolić', 12, 0);
INSERT INTO USER VALUES(0, 13, PARSEDATETIME('1970-01-01', 'yyyy-MM-dd'), 'Jovan', 'Cvetković', 13, 0);
INSERT INTO USER VALUES(0, 14, PARSEDATETIME('1970-01-01', 'yyyy-MM-dd'), 'Goran', 'Popović', 14, 0);
INSERT INTO USER VALUES(0, 15, PARSEDATETIME('1970-01-01', 'yyyy-MM-dd'), 'Petar', 'Kostić', 15, 0);
INSERT INTO USER VALUES(0, 16, PARSEDATETIME('1970-01-01', 'yyyy-MM-dd'), 'David', 'Kostić', 16, 0);
INSERT INTO USER VALUES(0, 17, PARSEDATETIME('1970-01-01', 'yyyy-MM-dd'), 'Veljko', 'Jovanović', 17, 0);
INSERT INTO USER VALUES(0, 18, PARSEDATETIME('1970-01-01', 'yyyy-MM-dd'), 'Ivana', 'Ilić', 18, 0);
INSERT INTO USER VALUES(0, 19, PARSEDATETIME('1970-01-01', 'yyyy-MM-dd'), 'Marina', 'Cvetković', 19, 0);
INSERT INTO USER VALUES(0, 20, PARSEDATETIME('1970-01-01', 'yyyy-MM-dd'), 'Dušan', 'Stojanović', 20, 0);
INSERT INTO USER VALUES(0, 21, PARSEDATETIME('1970-01-01', 'yyyy-MM-dd'), 'Filip', 'Ivanović', 21, 0);
INSERT INTO USER VALUES(0, 22, PARSEDATETIME('1970-01-01', 'yyyy-MM-dd'), 'Bojan', 'Lazić', 22, 0);
INSERT INTO USER VALUES(0, 23, PARSEDATETIME('1970-01-01', 'yyyy-MM-dd'), 'Nenad', 'Stojanović', 23, 0);
INSERT INTO USER VALUES(0, 24, PARSEDATETIME('1970-01-01', 'yyyy-MM-dd'), 'Zorana', 'Marković', 24, 0);
INSERT INTO USER VALUES(0, 25, PARSEDATETIME('1970-01-01', 'yyyy-MM-dd'), 'Jovan', 'Petrović', 25, 0);
INSERT INTO USER VALUES(0, 26, PARSEDATETIME('1970-01-01', 'yyyy-MM-dd'), 'Petar', 'Dimitrijević', 26, 0);
INSERT INTO USER VALUES(0, 27, PARSEDATETIME('1970-01-01', 'yyyy-MM-dd'), 'Aleksa', 'Ivanović', 27, 0);
INSERT INTO USER VALUES(0, 28, PARSEDATETIME('1970-01-01', 'yyyy-MM-dd'), 'Lazar', 'Jovanović', 28, 0);
INSERT INTO USER VALUES(0, 29, PARSEDATETIME('1970-01-01', 'yyyy-MM-dd'), 'Tamara', 'Krstić', 29, 0);
INSERT INTO USER VALUES(0, 30, PARSEDATETIME('1970-01-01', 'yyyy-MM-dd'), 'Dušan', 'Lazić', 30, 0);
INSERT INTO USER VALUES(0, 31, PARSEDATETIME('1970-01-01', 'yyyy-MM-dd'), 'Sofija', 'Kovačević', 31, 0);
INSERT INTO USER VALUES(0, 32, PARSEDATETIME('1970-01-01', 'yyyy-MM-dd'), 'Lazar', 'Đorđević', 32, 0);
INSERT INTO MEMBER VALUES(0);
INSERT INTO MEMBER VALUES(1);
INSERT INTO MEMBER VALUES(2);
INSERT INTO MEMBER VALUES(3);
INSERT INTO MEMBER VALUES(4);
INSERT INTO MEMBER VALUES(5);
INSERT INTO MEMBER VALUES(6);
INSERT INTO MEMBER VALUES(7);
INSERT INTO MEMBER VALUES(8);
INSERT INTO MEMBER VALUES(9);
INSERT INTO MEMBER VALUES(10);
INSERT INTO MEMBER VALUES(11);
INSERT INTO MEMBER VALUES(12);
INSERT INTO MEMBER VALUES(13);
INSERT INTO MEMBER VALUES(14);
INSERT INTO MEMBER VALUES(15);
INSERT INTO MEMBER VALUES(16);
INSERT INTO MEMBER VALUES(17);
INSERT INTO MEMBER VALUES(18);
INSERT INTO MEMBER VALUES(19);
INSERT INTO MEMBER VALUES(20);
INSERT INTO MEMBER VALUES(21);
INSERT INTO MEMBER VALUES(22);
INSERT INTO MEMBER VALUES(23);
INSERT INTO MEMBER VALUES(24);
INSERT INTO MEMBER VALUES(25);
INSERT INTO MEMBER VALUES(26);
INSERT INTO MEMBER VALUES(27);
INSERT INTO MEMBER VALUES(28);
INSERT INTO MEMBER VALUES(29);
INSERT INTO LIBRARIAN VALUES(1, 30);
INSERT INTO LIBRARIAN VALUES(1, 31);
INSERT INTO LIBRARIAN VALUES(1, 32);
INSERT INTO PLACE VALUES(0, 'Novi Sad', 21000);
INSERT INTO PLACE VALUES(1, 'Zrenjanin', 23000);
INSERT INTO BUILDING VALUES(0, 'Kanjea Zapadnog', 'Main library', 24, 0, 0);
INSERT INTO BUILDING VALUES(1, 'Teše Tešanovića', 'Library II', 23, 0, 0);
INSERT INTO BUILDING VALUES(2, 'Žrtava junskog roka', 'Library III', 15, 0, 0);
INSERT INTO BUILDING VALUES(3, 'Hari Poterova', 'Main library', 29, 1, 0);
INSERT INTO BUILDING VALUES(4, 'Satošijeva', 'Library II', 29, 1, 0);
INSERT INTO BUILDING VALUES(5, '11. aprila', 'Library III', 27, 1, 0);
INSERT INTO SECTION VALUES(0, 'A', 0);
INSERT INTO SECTION VALUES(1, 'B', 0);
INSERT INTO SECTION VALUES(2, 'C', 0);
INSERT INTO SECTION VALUES(3, 'D', 0);
INSERT INTO SECTION VALUES(4, 'A', 1);
INSERT INTO SECTION VALUES(5, 'B', 1);
INSERT INTO SECTION VALUES(6, 'C', 1);
INSERT INTO SECTION VALUES(7, 'D', 1);
INSERT INTO SECTION VALUES(8, 'A', 2);
INSERT INTO SECTION VALUES(9, 'B', 2);
INSERT INTO SECTION VALUES(10, 'C', 2);
INSERT INTO SECTION VALUES(11, 'D', 2);
INSERT INTO SECTION VALUES(12, 'A', 3);
INSERT INTO SECTION VALUES(13, 'B', 3);
INSERT INTO SECTION VALUES(14, 'C', 3);
INSERT INTO SECTION VALUES(15, 'D', 3);
INSERT INTO SECTION VALUES(16, 'A', 4);
INSERT INTO SECTION VALUES(17, 'B', 4);
INSERT INTO SECTION VALUES(18, 'C', 4);
INSERT INTO SECTION VALUES(19, 'D', 4);
INSERT INTO SECTION VALUES(20, 'A', 5);
INSERT INTO SECTION VALUES(21, 'B', 5);
INSERT INTO SECTION VALUES(22, 'C', 5);
INSERT INTO SECTION VALUES(23, 'D', 5);
INSERT INTO ISLE VALUES(0, 'A', 0);
INSERT INTO ISLE VALUES(1, 'B', 0);
INSERT INTO ISLE VALUES(2, 'C', 0);
INSERT INTO ISLE VALUES(3, 'D', 0);
INSERT INTO ISLE VALUES(4, 'A', 1);
INSERT INTO ISLE VALUES(5, 'B', 1);
INSERT INTO ISLE VALUES(6, 'C', 1);
INSERT INTO ISLE VALUES(7, 'A', 2);
INSERT INTO ISLE VALUES(8, 'B', 2);
INSERT INTO ISLE VALUES(9, 'C', 2);
INSERT INTO ISLE VALUES(10, 'A', 3);
INSERT INTO ISLE VALUES(11, 'A', 4);
INSERT INTO ISLE VALUES(12, 'B', 4);
INSERT INTO ISLE VALUES(13, 'A', 7);
INSERT INTO ISLE VALUES(14, 'B', 7);
INSERT INTO ISLE VALUES(15, 'C', 7);
INSERT INTO ISLE VALUES(16, 'D', 7);
INSERT INTO ISLE VALUES(17, 'A', 8);
INSERT INTO ISLE VALUES(18, 'B', 8);
INSERT INTO ISLE VALUES(19, 'C', 8);
INSERT INTO ISLE VALUES(20, 'D', 8);
INSERT INTO ISLE VALUES(21, 'A', 9);
INSERT INTO ISLE VALUES(22, 'B', 9);
INSERT INTO ISLE VALUES(23, 'C', 9);
INSERT INTO ISLE VALUES(24, 'D', 9);
INSERT INTO ISLE VALUES(25, 'A', 10);
INSERT INTO ISLE VALUES(26, 'B', 10);
INSERT INTO ISLE VALUES(27, 'C', 10);
INSERT INTO ISLE VALUES(28, 'D', 10);
INSERT INTO ISLE VALUES(29, 'A', 12);
INSERT INTO ISLE VALUES(30, 'B', 12);
INSERT INTO ISLE VALUES(31, 'C', 12);
INSERT INTO ISLE VALUES(32, 'A', 13);
INSERT INTO ISLE VALUES(33, 'B', 13);
INSERT INTO ISLE VALUES(34, 'C', 13);
INSERT INTO ISLE VALUES(35, 'D', 13);
INSERT INTO ISLE VALUES(36, 'A', 15);
INSERT INTO ISLE VALUES(37, 'B', 15);
INSERT INTO ISLE VALUES(38, 'A', 17);
INSERT INTO ISLE VALUES(39, 'B', 17);
INSERT INTO ISLE VALUES(40, 'A', 18);
INSERT INTO ISLE VALUES(41, 'B', 18);
INSERT INTO ISLE VALUES(42, 'C', 18);
INSERT INTO ISLE VALUES(43, 'D', 18);
INSERT INTO ISLE VALUES(44, 'A', 19);
INSERT INTO ISLE VALUES(45, 'B', 19);
INSERT INTO ISLE VALUES(46, 'C', 19);
INSERT INTO ISLE VALUES(47, 'D', 19);
INSERT INTO ISLE VALUES(48, 'A', 20);
INSERT INTO ISLE VALUES(49, 'B', 20);
INSERT INTO ISLE VALUES(50, 'C', 20);
INSERT INTO ISLE VALUES(51, 'D', 20);
INSERT INTO ISLE VALUES(52, 'A', 21);
INSERT INTO ISLE VALUES(53, 'B', 21);
INSERT INTO ISLE VALUES(54, 'C', 21);
INSERT INTO ISLE VALUES(55, 'D', 21);
INSERT INTO ISLE VALUES(56, 'A', 22);
INSERT INTO ISLE VALUES(57, 'B', 22);
INSERT INTO ISLE VALUES(58, 'C', 22);
INSERT INTO ISLE VALUES(59, 'A', 23);
INSERT INTO ISLE VALUES(60, 'B', 23);
INSERT INTO ISLE VALUES(61, 'C', 23);
INSERT INTO ISLE VALUES(62, 'D', 23);
INSERT INTO LINE VALUES(0, '0', 0);
INSERT INTO LINE VALUES(1, '1', 0);
INSERT INTO LINE VALUES(2, '2', 0);
INSERT INTO LINE VALUES(3, '3', 0);
INSERT INTO LINE VALUES(4, '4', 0);
INSERT INTO LINE VALUES(5, '5', 0);
INSERT INTO LINE VALUES(6, '0', 1);
INSERT INTO LINE VALUES(7, '1', 1);
INSERT INTO LINE VALUES(8, '2', 1);
INSERT INTO LINE VALUES(9, '3', 1);
INSERT INTO LINE VALUES(10, '4', 1);
INSERT INTO LINE VALUES(11, '0', 2);
INSERT INTO LINE VALUES(12, '1', 2);
INSERT INTO LINE VALUES(13, '2', 2);
INSERT INTO LINE VALUES(14, '3', 2);
INSERT INTO LINE VALUES(15, '4', 2);
INSERT INTO LINE VALUES(16, '5', 2);
INSERT INTO LINE VALUES(17, '0', 3);
INSERT INTO LINE VALUES(18, '1', 3);
INSERT INTO LINE VALUES(19, '2', 3);
INSERT INTO LINE VALUES(20, '3', 3);
INSERT INTO LINE VALUES(21, '4', 3);
INSERT INTO LINE VALUES(22, '5', 3);
INSERT INTO LINE VALUES(23, '6', 3);
INSERT INTO LINE VALUES(24, '0', 4);
INSERT INTO LINE VALUES(25, '1', 4);
INSERT INTO LINE VALUES(26, '2', 4);
INSERT INTO LINE VALUES(27, '3', 4);
INSERT INTO LINE VALUES(28, '4', 4);
INSERT INTO LINE VALUES(29, '5', 4);
INSERT INTO LINE VALUES(30, '6', 4);
INSERT INTO LINE VALUES(31, '7', 4);
INSERT INTO LINE VALUES(32, '0', 5);
INSERT INTO LINE VALUES(33, '1', 5);
INSERT INTO LINE VALUES(34, '2', 5);
INSERT INTO LINE VALUES(35, '3', 5);
INSERT INTO LINE VALUES(36, '4', 5);
INSERT INTO LINE VALUES(37, '5', 5);
INSERT INTO LINE VALUES(38, '0', 6);
INSERT INTO LINE VALUES(39, '1', 6);
INSERT INTO LINE VALUES(40, '2', 6);
INSERT INTO LINE VALUES(41, '3', 6);
INSERT INTO LINE VALUES(42, '0', 7);
INSERT INTO LINE VALUES(43, '1', 7);
INSERT INTO LINE VALUES(44, '2', 7);
INSERT INTO LINE VALUES(45, '3', 7);
INSERT INTO LINE VALUES(46, '0', 8);
INSERT INTO LINE VALUES(47, '1', 8);
INSERT INTO LINE VALUES(48, '2', 8);
INSERT INTO LINE VALUES(49, '3', 8);
INSERT INTO LINE VALUES(50, '4', 8);
INSERT INTO LINE VALUES(51, '5', 8);
INSERT INTO LINE VALUES(52, '6', 8);
INSERT INTO LINE VALUES(53, '7', 8);
INSERT INTO LINE VALUES(54, '0', 9);
INSERT INTO LINE VALUES(55, '1', 9);
INSERT INTO LINE VALUES(56, '2', 9);
INSERT INTO LINE VALUES(57, '3', 9);
INSERT INTO LINE VALUES(58, '0', 10);
INSERT INTO LINE VALUES(59, '1', 10);
INSERT INTO LINE VALUES(60, '2', 10);
INSERT INTO LINE VALUES(61, '3', 10);
INSERT INTO LINE VALUES(62, '4', 10);
INSERT INTO LINE VALUES(63, '0', 11);
INSERT INTO LINE VALUES(64, '1', 11);
INSERT INTO LINE VALUES(65, '2', 11);
INSERT INTO LINE VALUES(66, '3', 11);
INSERT INTO LINE VALUES(67, '4', 11);
INSERT INTO LINE VALUES(68, '5', 11);
INSERT INTO LINE VALUES(69, '0', 12);
INSERT INTO LINE VALUES(70, '1', 12);
INSERT INTO LINE VALUES(71, '2', 12);
INSERT INTO LINE VALUES(72, '3', 12);
INSERT INTO LINE VALUES(73, '4', 12);
INSERT INTO LINE VALUES(74, '0', 13);
INSERT INTO LINE VALUES(75, '1', 13);
INSERT INTO LINE VALUES(76, '2', 13);
INSERT INTO LINE VALUES(77, '3', 13);
INSERT INTO LINE VALUES(78, '4', 13);
INSERT INTO LINE VALUES(79, '5', 13);
INSERT INTO LINE VALUES(80, '6', 13);
INSERT INTO LINE VALUES(81, '7', 13);
INSERT INTO LINE VALUES(82, '0', 14);
INSERT INTO LINE VALUES(83, '1', 14);
INSERT INTO LINE VALUES(84, '2', 14);
INSERT INTO LINE VALUES(85, '3', 14);
INSERT INTO LINE VALUES(86, '4', 14);
INSERT INTO LINE VALUES(87, '0', 15);
INSERT INTO LINE VALUES(88, '1', 15);
INSERT INTO LINE VALUES(89, '2', 15);
INSERT INTO LINE VALUES(90, '3', 15);
INSERT INTO LINE VALUES(91, '0', 16);
INSERT INTO LINE VALUES(92, '1', 16);
INSERT INTO LINE VALUES(93, '2', 16);
INSERT INTO LINE VALUES(94, '3', 16);
INSERT INTO LINE VALUES(95, '4', 16);
INSERT INTO LINE VALUES(96, '0', 17);
INSERT INTO LINE VALUES(97, '1', 17);
INSERT INTO LINE VALUES(98, '2', 17);
INSERT INTO LINE VALUES(99, '3', 17);
INSERT INTO LINE VALUES(100, '4', 17);
INSERT INTO LINE VALUES(101, '5', 17);
INSERT INTO LINE VALUES(102, '6', 17);
INSERT INTO LINE VALUES(103, '0', 18);
INSERT INTO LINE VALUES(104, '1', 18);
INSERT INTO LINE VALUES(105, '2', 18);
INSERT INTO LINE VALUES(106, '3', 18);
INSERT INTO LINE VALUES(107, '0', 19);
INSERT INTO LINE VALUES(108, '1', 19);
INSERT INTO LINE VALUES(109, '2', 19);
INSERT INTO LINE VALUES(110, '3', 19);
INSERT INTO LINE VALUES(111, '4', 19);
INSERT INTO LINE VALUES(112, '0', 20);
INSERT INTO LINE VALUES(113, '1', 20);
INSERT INTO LINE VALUES(114, '2', 20);
INSERT INTO LINE VALUES(115, '3', 20);
INSERT INTO LINE VALUES(116, '4', 20);
INSERT INTO LINE VALUES(117, '5', 20);
INSERT INTO LINE VALUES(118, '0', 21);
INSERT INTO LINE VALUES(119, '1', 21);
INSERT INTO LINE VALUES(120, '2', 21);
INSERT INTO LINE VALUES(121, '3', 21);
INSERT INTO LINE VALUES(122, '4', 21);
INSERT INTO LINE VALUES(123, '5', 21);
INSERT INTO LINE VALUES(124, '6', 21);
INSERT INTO LINE VALUES(125, '0', 22);
INSERT INTO LINE VALUES(126, '1', 22);
INSERT INTO LINE VALUES(127, '2', 22);
INSERT INTO LINE VALUES(128, '3', 22);
INSERT INTO LINE VALUES(129, '4', 22);
INSERT INTO LINE VALUES(130, '5', 22);
INSERT INTO LINE VALUES(131, '6', 22);
INSERT INTO LINE VALUES(132, '0', 23);
INSERT INTO LINE VALUES(133, '1', 23);
INSERT INTO LINE VALUES(134, '2', 23);
INSERT INTO LINE VALUES(135, '3', 23);
INSERT INTO LINE VALUES(136, '0', 24);
INSERT INTO LINE VALUES(137, '1', 24);
INSERT INTO LINE VALUES(138, '2', 24);
INSERT INTO LINE VALUES(139, '3', 24);
INSERT INTO LINE VALUES(140, '4', 24);
INSERT INTO LINE VALUES(141, '5', 24);
INSERT INTO LINE VALUES(142, '6', 24);
INSERT INTO LINE VALUES(143, '7', 24);
INSERT INTO LINE VALUES(144, '0', 25);
INSERT INTO LINE VALUES(145, '1', 25);
INSERT INTO LINE VALUES(146, '2', 25);
INSERT INTO LINE VALUES(147, '3', 25);
INSERT INTO LINE VALUES(148, '4', 25);
INSERT INTO LINE VALUES(149, '5', 25);
INSERT INTO LINE VALUES(150, '0', 26);
INSERT INTO LINE VALUES(151, '1', 26);
INSERT INTO LINE VALUES(152, '2', 26);
INSERT INTO LINE VALUES(153, '3', 26);
INSERT INTO LINE VALUES(154, '4', 26);
INSERT INTO LINE VALUES(155, '5', 26);
INSERT INTO LINE VALUES(156, '0', 27);
INSERT INTO LINE VALUES(157, '1', 27);
INSERT INTO LINE VALUES(158, '2', 27);
INSERT INTO LINE VALUES(159, '3', 27);
INSERT INTO LINE VALUES(160, '4', 27);
INSERT INTO LINE VALUES(161, '5', 27);
INSERT INTO LINE VALUES(162, '6', 27);
INSERT INTO LINE VALUES(163, '0', 28);
INSERT INTO LINE VALUES(164, '1', 28);
INSERT INTO LINE VALUES(165, '2', 28);
INSERT INTO LINE VALUES(166, '3', 28);
INSERT INTO LINE VALUES(167, '4', 28);
INSERT INTO LINE VALUES(168, '0', 29);
INSERT INTO LINE VALUES(169, '1', 29);
INSERT INTO LINE VALUES(170, '2', 29);
INSERT INTO LINE VALUES(171, '3', 29);
INSERT INTO LINE VALUES(172, '4', 29);
INSERT INTO LINE VALUES(173, '5', 29);
INSERT INTO LINE VALUES(174, '0', 30);
INSERT INTO LINE VALUES(175, '1', 30);
INSERT INTO LINE VALUES(176, '2', 30);
INSERT INTO LINE VALUES(177, '3', 30);
INSERT INTO LINE VALUES(178, '0', 31);
INSERT INTO LINE VALUES(179, '1', 31);
INSERT INTO LINE VALUES(180, '2', 31);
INSERT INTO LINE VALUES(181, '3', 31);
INSERT INTO LINE VALUES(182, '4', 31);
INSERT INTO LINE VALUES(183, '0', 32);
INSERT INTO LINE VALUES(184, '1', 32);
INSERT INTO LINE VALUES(185, '2', 32);
INSERT INTO LINE VALUES(186, '3', 32);
INSERT INTO LINE VALUES(187, '4', 32);
INSERT INTO LINE VALUES(188, '5', 32);
INSERT INTO LINE VALUES(189, '0', 33);
INSERT INTO LINE VALUES(190, '1', 33);
INSERT INTO LINE VALUES(191, '2', 33);
INSERT INTO LINE VALUES(192, '3', 33);
INSERT INTO LINE VALUES(193, '4', 33);
INSERT INTO LINE VALUES(194, '0', 34);
INSERT INTO LINE VALUES(195, '1', 34);
INSERT INTO LINE VALUES(196, '2', 34);
INSERT INTO LINE VALUES(197, '3', 34);
INSERT INTO LINE VALUES(198, '4', 34);
INSERT INTO LINE VALUES(199, '5', 34);
INSERT INTO LINE VALUES(200, '0', 35);
INSERT INTO LINE VALUES(201, '1', 35);
INSERT INTO LINE VALUES(202, '2', 35);
INSERT INTO LINE VALUES(203, '3', 35);
INSERT INTO LINE VALUES(204, '4', 35);
INSERT INTO LINE VALUES(205, '5', 35);
INSERT INTO LINE VALUES(206, '0', 36);
INSERT INTO LINE VALUES(207, '1', 36);
INSERT INTO LINE VALUES(208, '2', 36);
INSERT INTO LINE VALUES(209, '3', 36);
INSERT INTO LINE VALUES(210, '4', 36);
INSERT INTO LINE VALUES(211, '5', 36);
INSERT INTO LINE VALUES(212, '6', 36);
INSERT INTO LINE VALUES(213, '0', 37);
INSERT INTO LINE VALUES(214, '1', 37);
INSERT INTO LINE VALUES(215, '2', 37);
INSERT INTO LINE VALUES(216, '3', 37);
INSERT INTO LINE VALUES(217, '4', 37);
INSERT INTO LINE VALUES(218, '5', 37);
INSERT INTO LINE VALUES(219, '6', 37);
INSERT INTO LINE VALUES(220, '0', 38);
INSERT INTO LINE VALUES(221, '1', 38);
INSERT INTO LINE VALUES(222, '2', 38);
INSERT INTO LINE VALUES(223, '3', 38);
INSERT INTO LINE VALUES(224, '4', 38);
INSERT INTO LINE VALUES(225, '5', 38);
INSERT INTO LINE VALUES(226, '6', 38);
INSERT INTO LINE VALUES(227, '7', 38);
INSERT INTO LINE VALUES(228, '0', 39);
INSERT INTO LINE VALUES(229, '1', 39);
INSERT INTO LINE VALUES(230, '2', 39);
INSERT INTO LINE VALUES(231, '3', 39);
INSERT INTO LINE VALUES(232, '4', 39);
INSERT INTO LINE VALUES(233, '5', 39);
INSERT INTO LINE VALUES(234, '0', 40);
INSERT INTO LINE VALUES(235, '1', 40);
INSERT INTO LINE VALUES(236, '2', 40);
INSERT INTO LINE VALUES(237, '3', 40);
INSERT INTO LINE VALUES(238, '4', 40);
INSERT INTO LINE VALUES(239, '5', 40);
INSERT INTO LINE VALUES(240, '6', 40);
INSERT INTO LINE VALUES(241, '0', 41);
INSERT INTO LINE VALUES(242, '1', 41);
INSERT INTO LINE VALUES(243, '2', 41);
INSERT INTO LINE VALUES(244, '3', 41);
INSERT INTO LINE VALUES(245, '4', 41);
INSERT INTO LINE VALUES(246, '5', 41);
INSERT INTO LINE VALUES(247, '0', 42);
INSERT INTO LINE VALUES(248, '1', 42);
INSERT INTO LINE VALUES(249, '2', 42);
INSERT INTO LINE VALUES(250, '3', 42);
INSERT INTO LINE VALUES(251, '0', 43);
INSERT INTO LINE VALUES(252, '1', 43);
INSERT INTO LINE VALUES(253, '2', 43);
INSERT INTO LINE VALUES(254, '3', 43);
INSERT INTO LINE VALUES(255, '0', 44);
INSERT INTO LINE VALUES(256, '1', 44);
INSERT INTO LINE VALUES(257, '2', 44);
INSERT INTO LINE VALUES(258, '3', 44);
INSERT INTO LINE VALUES(259, '4', 44);
INSERT INTO LINE VALUES(260, '5', 44);
INSERT INTO LINE VALUES(261, '6', 44);
INSERT INTO LINE VALUES(262, '7', 44);
INSERT INTO LINE VALUES(263, '0', 45);
INSERT INTO LINE VALUES(264, '1', 45);
INSERT INTO LINE VALUES(265, '2', 45);
INSERT INTO LINE VALUES(266, '3', 45);
INSERT INTO LINE VALUES(267, '4', 45);
INSERT INTO LINE VALUES(268, '0', 46);
INSERT INTO LINE VALUES(269, '1', 46);
INSERT INTO LINE VALUES(270, '2', 46);
INSERT INTO LINE VALUES(271, '3', 46);
INSERT INTO LINE VALUES(272, '4', 46);
INSERT INTO LINE VALUES(273, '5', 46);
INSERT INTO LINE VALUES(274, '6', 46);
INSERT INTO LINE VALUES(275, '0', 47);
INSERT INTO LINE VALUES(276, '1', 47);
INSERT INTO LINE VALUES(277, '2', 47);
INSERT INTO LINE VALUES(278, '3', 47);
INSERT INTO LINE VALUES(279, '4', 47);
INSERT INTO LINE VALUES(280, '5', 47);
INSERT INTO LINE VALUES(281, '6', 47);
INSERT INTO LINE VALUES(282, '0', 48);
INSERT INTO LINE VALUES(283, '1', 48);
INSERT INTO LINE VALUES(284, '2', 48);
INSERT INTO LINE VALUES(285, '3', 48);
INSERT INTO LINE VALUES(286, '4', 48);
INSERT INTO LINE VALUES(287, '5', 48);
INSERT INTO LINE VALUES(288, '6', 48);
INSERT INTO LINE VALUES(289, '0', 49);
INSERT INTO LINE VALUES(290, '1', 49);
INSERT INTO LINE VALUES(291, '2', 49);
INSERT INTO LINE VALUES(292, '3', 49);
INSERT INTO LINE VALUES(293, '4', 49);
INSERT INTO LINE VALUES(294, '5', 49);
INSERT INTO LINE VALUES(295, '0', 50);
INSERT INTO LINE VALUES(296, '1', 50);
INSERT INTO LINE VALUES(297, '2', 50);
INSERT INTO LINE VALUES(298, '3', 50);
INSERT INTO LINE VALUES(299, '4', 50);
INSERT INTO LINE VALUES(300, '5', 50);
INSERT INTO LINE VALUES(301, '6', 50);
INSERT INTO LINE VALUES(302, '0', 51);
INSERT INTO LINE VALUES(303, '1', 51);
INSERT INTO LINE VALUES(304, '2', 51);
INSERT INTO LINE VALUES(305, '3', 51);
INSERT INTO LINE VALUES(306, '0', 52);
INSERT INTO LINE VALUES(307, '1', 52);
INSERT INTO LINE VALUES(308, '2', 52);
INSERT INTO LINE VALUES(309, '3', 52);
INSERT INTO LINE VALUES(310, '4', 52);
INSERT INTO LINE VALUES(311, '5', 52);
INSERT INTO LINE VALUES(312, '0', 53);
INSERT INTO LINE VALUES(313, '1', 53);
INSERT INTO LINE VALUES(314, '2', 53);
INSERT INTO LINE VALUES(315, '3', 53);
INSERT INTO LINE VALUES(316, '0', 54);
INSERT INTO LINE VALUES(317, '1', 54);
INSERT INTO LINE VALUES(318, '2', 54);
INSERT INTO LINE VALUES(319, '3', 54);
INSERT INTO LINE VALUES(320, '4', 54);
INSERT INTO LINE VALUES(321, '0', 55);
INSERT INTO LINE VALUES(322, '1', 55);
INSERT INTO LINE VALUES(323, '2', 55);
INSERT INTO LINE VALUES(324, '3', 55);
INSERT INTO LINE VALUES(325, '4', 55);
INSERT INTO LINE VALUES(326, '5', 55);
INSERT INTO LINE VALUES(327, '6', 55);
INSERT INTO LINE VALUES(328, '0', 56);
INSERT INTO LINE VALUES(329, '1', 56);
INSERT INTO LINE VALUES(330, '2', 56);
INSERT INTO LINE VALUES(331, '3', 56);
INSERT INTO LINE VALUES(332, '0', 57);
INSERT INTO LINE VALUES(333, '1', 57);
INSERT INTO LINE VALUES(334, '2', 57);
INSERT INTO LINE VALUES(335, '3', 57);
INSERT INTO LINE VALUES(336, '0', 58);
INSERT INTO LINE VALUES(337, '1', 58);
INSERT INTO LINE VALUES(338, '2', 58);
INSERT INTO LINE VALUES(339, '3', 58);
INSERT INTO LINE VALUES(340, '4', 58);
INSERT INTO LINE VALUES(341, '5', 58);
INSERT INTO LINE VALUES(342, '0', 59);
INSERT INTO LINE VALUES(343, '1', 59);
INSERT INTO LINE VALUES(344, '2', 59);
INSERT INTO LINE VALUES(345, '3', 59);
INSERT INTO LINE VALUES(346, '4', 59);
INSERT INTO LINE VALUES(347, '5', 59);
INSERT INTO LINE VALUES(348, '6', 59);
INSERT INTO LINE VALUES(349, '0', 60);
INSERT INTO LINE VALUES(350, '1', 60);
INSERT INTO LINE VALUES(351, '2', 60);
INSERT INTO LINE VALUES(352, '3', 60);
INSERT INTO LINE VALUES(353, '4', 60);
INSERT INTO LINE VALUES(354, '0', 61);
INSERT INTO LINE VALUES(355, '1', 61);
INSERT INTO LINE VALUES(356, '2', 61);
INSERT INTO LINE VALUES(357, '3', 61);
INSERT INTO LINE VALUES(358, '4', 61);
INSERT INTO LINE VALUES(359, '5', 61);
INSERT INTO LINE VALUES(360, '6', 61);
INSERT INTO LINE VALUES(361, '0', 62);
INSERT INTO LINE VALUES(362, '1', 62);
INSERT INTO LINE VALUES(363, '2', 62);
INSERT INTO LINE VALUES(364, '3', 62);
INSERT INTO TAG VALUES(0, 'cryptography');
INSERT INTO TAG VALUES(1, 'security');
INSERT INTO TAG VALUES(2, 'computers');
INSERT INTO TAG VALUES(3, 'communications');
INSERT INTO TAG VALUES(4, 'programming');
INSERT INTO TAG VALUES(5, 'python');
INSERT INTO TAG VALUES(6, 'c++');
INSERT INTO TAG VALUES(7, 'hacking');
INSERT INTO TAG VALUES(8, 'java');
INSERT INTO TAG VALUES(9, 'machine-learning');
INSERT INTO TAG VALUES(10, 'ai');
INSERT INTO TAG VALUES(11, 'web-development');
INSERT INTO TAG VALUES(12, 'django');
INSERT INTO TAG VALUES(13, 'os');
INSERT INTO TAG VALUES(14, 'database');
INSERT INTO TAG VALUES(15, 'sql');
INSERT INTO TAG VALUES(16, 'data');
INSERT INTO GENRE VALUES(0, 'Computers', null);
INSERT INTO GENRE VALUES(1, 'Information Technology', 0);
INSERT INTO GENRE VALUES(2, 'Security', 0);
INSERT INTO GENRE VALUES(3, 'General', 2);
INSERT INTO GENRE VALUES(4, 'Cryptography & Encryption', 2);
INSERT INTO GENRE VALUES(5, 'Mathematics', null);
INSERT INTO GENRE VALUES(6, 'Political Science', null);
INSERT INTO GENRE VALUES(7, 'Security (National & International)', 6);
INSERT INTO GENRE VALUES(8, 'Information Theory', 0);
INSERT INTO GENRE VALUES(9, 'Programming', 0);
INSERT INTO GENRE VALUES(10, 'Cryptography', 2);
INSERT INTO GENRE VALUES(11, 'Business & Economics', null);
INSERT INTO GENRE VALUES(12, 'Information Management', 11);
INSERT INTO GENRE VALUES(13, 'Computer Architecture', 0);
INSERT INTO GENRE VALUES(14, 'Computer Science', 0);
INSERT INTO GENRE VALUES(15, 'Number Theory', 5);
INSERT INTO GENRE VALUES(16, 'Data Science', 0);
INSERT INTO GENRE VALUES(17, 'Operating Systems', 0);
INSERT INTO GENRE VALUES(18, 'Combinatorics', 5);
INSERT INTO GENRE VALUES(19, 'Internet', 0);
INSERT INTO GENRE VALUES(20, 'Online Safety & Privacy', 19);
INSERT INTO GENRE VALUES(21, 'Technology & Engineering', null);
INSERT INTO GENRE VALUES(22, 'Engineering (General)', 21);
INSERT INTO GENRE VALUES(23, 'Languages', 0);
INSERT INTO GENRE VALUES(24, 'Python', 23);
INSERT INTO GENRE VALUES(25, 'Business Writing', 11);
INSERT INTO GENRE VALUES(26, 'Discrete Mathematics', 5);
INSERT INTO GENRE VALUES(27, 'Algorithms', 9);
INSERT INTO GENRE VALUES(28, 'Finance', 11);
INSERT INTO GENRE VALUES(29, 'Programming Languages', 0);
INSERT INTO GENRE VALUES(30, 'UNIX', 17);
INSERT INTO GENRE VALUES(31, 'Linux', 17);
INSERT INTO GENRE VALUES(32, 'Open Source', 9);
INSERT INTO GENRE VALUES(33, 'Web Programming', 19);
INSERT INTO GENRE VALUES(34, 'COMPUTERS', null);
INSERT INTO GENRE VALUES(35, 'Games', 9);
INSERT INTO GENRE VALUES(36, 'GAMES & ACTIVITIES', null);
INSERT INTO GENRE VALUES(37, 'Video & Electronic', 36);
INSERT INTO GENRE VALUES(38, 'Computer Graphics', 0);
INSERT INTO GENRE VALUES(39, 'Reference', 0);
INSERT INTO GENRE VALUES(40, 'Hardware', 0);
INSERT INTO GENRE VALUES(41, 'Science', null);
INSERT INTO GENRE VALUES(42, 'Physics', 41);
INSERT INTO GENRE VALUES(43, 'Mathematical & Computational', 42);
INSERT INTO GENRE VALUES(44, 'Software Development & Engineering', 0);
INSERT INTO GENRE VALUES(45, 'Assembly Language', 23);
INSERT INTO GENRE VALUES(46, 'Data Visualization', 0);
INSERT INTO GENRE VALUES(47, 'Research & Methodology', 41);
INSERT INTO GENRE VALUES(48, 'Object Oriented', 9);
INSERT INTO GENRE VALUES(49, 'Bioinformatics', 0);
INSERT INTO GENRE VALUES(50, 'Life Sciences', 41);
INSERT INTO GENRE VALUES(51, 'Biochemistry', 50);
INSERT INTO GENRE VALUES(52, 'C', 23);
INSERT INTO GENRE VALUES(53, 'Earth Sciences', 41);
INSERT INTO GENRE VALUES(54, 'Geology', 53);
INSERT INTO GENRE VALUES(55, 'Microsoft', 9);
INSERT INTO GENRE VALUES(56, 'Investments & Securities', 11);
INSERT INTO GENRE VALUES(57, 'Networking', 0);
INSERT INTO GENRE VALUES(58, 'Intranets & Extranets', 57);
INSERT INTO GENRE VALUES(59, 'Network Security', 2);
INSERT INTO GENRE VALUES(60, 'System Administration', 0);
INSERT INTO GENRE VALUES(61, 'Storage & Retrieval', 60);
INSERT INTO GENRE VALUES(62, 'History & Theory', 6);
INSERT INTO GENRE VALUES(63, 'Management', 11);
INSERT INTO GENRE VALUES(64, 'International Relations', 6);
INSERT INTO GENRE VALUES(65, 'Intelligence & Espionage', 6);
INSERT INTO GENRE VALUES(66, 'Java', 23);
INSERT INTO GENRE VALUES(67, 'Local Area Networks (LANs)', 57);
INSERT INTO GENRE VALUES(68, 'Management Information Systems', 0);
INSERT INTO GENRE VALUES(69, 'Artificial Intelligence', 0);
INSERT INTO GENRE VALUES(70, 'Data Analytics', 16);
INSERT INTO GENRE VALUES(71, 'Intelligence (AI) & Semantics', 0);
INSERT INTO GENRE VALUES(72, 'Psychology', null);
INSERT INTO GENRE VALUES(73, 'Cognitive Psychology & Cognition', 72);
INSERT INTO GENRE VALUES(74, 'Human Resources & Personnel Management', 11);
INSERT INTO GENRE VALUES(75, 'Social Science', null);
INSERT INTO GENRE VALUES(76, 'Technology Studies', 75);
INSERT INTO GENRE VALUES(77, 'Design, Graphics & Media', 0);
INSERT INTO GENRE VALUES(78, 'CAD-CAM', 77);
INSERT INTO GENRE VALUES(79, 'Computer Vision & Pattern Recognition', 69);
INSERT INTO GENRE VALUES(80, 'Chemistry', 41);
INSERT INTO GENRE VALUES(81, 'Industrial & Technical', 80);
INSERT INTO GENRE VALUES(82, 'Business Mathematics', 11);
INSERT INTO GENRE VALUES(83, 'Art', null);
INSERT INTO GENRE VALUES(84, 'Digital', 83);
INSERT INTO GENRE VALUES(85, 'Desktop Applications', 0);
INSERT INTO GENRE VALUES(86, 'Design & Graphics', 85);
INSERT INTO GENRE VALUES(87, 'Robotics', 21);
INSERT INTO GENRE VALUES(88, 'Philosophy', null);
INSERT INTO GENRE VALUES(89, 'Epistemology', 88);
INSERT INTO GENRE VALUES(90, 'Philosophy & Social Aspects', 41);
INSERT INTO GENRE VALUES(91, 'Drama', null);
INSERT INTO GENRE VALUES(92, 'European', 91);
INSERT INTO GENRE VALUES(93, 'English, Irish, Scottish, Welsh', 92);
INSERT INTO GENRE VALUES(94, 'Web', 0);
INSERT INTO GENRE VALUES(95, 'Music', null);
INSERT INTO GENRE VALUES(96, 'Printed Music', 95);
INSERT INTO GENRE VALUES(97, 'Linux & UNIX Administration', 60);
INSERT INTO GENRE VALUES(98, 'Machine Theory', 0);
INSERT INTO GENRE VALUES(99, 'Mainframes & Minicomputers', 40);
INSERT INTO GENRE VALUES(100, 'Data Modeling & Design', 16);
INSERT INTO GENRE VALUES(101, 'Database Administration & Management', 0);
INSERT INTO GENRE VALUES(102, 'Certification Guides', 0);
INSERT INTO GENRE VALUES(103, 'Study Aids', null);
INSERT INTO GENRE VALUES(104, 'Study Guides', 103);
INSERT INTO GENRE VALUES(105, 'Education', null);
INSERT INTO GENRE VALUES(106, 'Distance, Open & Online Education', 105);
INSERT INTO GENRE VALUES(107, 'Teaching Methods & Materials', 105);
INSERT INTO GENRE VALUES(108, 'Science & Technology', 107);
INSERT INTO GENRE VALUES(109, 'Databases', 0);
INSERT INTO GENRE VALUES(110, 'Interactive & Multimedia', 0);
INSERT INTO CONTRIBUTOR VALUES(0, 'Niels Ferguson');
INSERT INTO CONTRIBUTOR VALUES(1, 'Bruce Schneier');
INSERT INTO CONTRIBUTOR VALUES(2, 'Chey Cobb');
INSERT INTO CONTRIBUTOR VALUES(3, 'Tadayoshi Kohno');
INSERT INTO CONTRIBUTOR VALUES(4, 'Fred Piper');
INSERT INTO CONTRIBUTOR VALUES(5, 'Sean Murphy');
INSERT INTO CONTRIBUTOR VALUES(6, 'Christof Paar');
INSERT INTO CONTRIBUTOR VALUES(7, 'Jan Pelzl');
INSERT INTO CONTRIBUTOR VALUES(8, 'Jean-Philippe Aumasson');
INSERT INTO CONTRIBUTOR VALUES(9, 'Joe Kilian');
INSERT INTO CONTRIBUTOR VALUES(10, 'Hans Delfs');
INSERT INTO CONTRIBUTOR VALUES(11, 'Helmut Knebl');
INSERT INTO CONTRIBUTOR VALUES(12, 'Daniel J. Bernstein');
INSERT INTO CONTRIBUTOR VALUES(13, 'Johannes Buchmann');
INSERT INTO CONTRIBUTOR VALUES(14, 'Erik Dahmen');
INSERT INTO CONTRIBUTOR VALUES(15, 'Jonathan Katz');
INSERT INTO CONTRIBUTOR VALUES(16, 'Yehuda Lindell');
INSERT INTO CONTRIBUTOR VALUES(17, 'William Stallings');
INSERT INTO CONTRIBUTOR VALUES(18, 'Nigel Smart');
INSERT INTO CONTRIBUTOR VALUES(19, 'Darrel Hankerson');
INSERT INTO CONTRIBUTOR VALUES(20, 'Alfred J. Menezes');
INSERT INTO CONTRIBUTOR VALUES(21, 'Scott Vanstone');
INSERT INTO CONTRIBUTOR VALUES(22, 'Douglas R. Stinson');
INSERT INTO CONTRIBUTOR VALUES(23, 'David Naccache');
INSERT INTO CONTRIBUTOR VALUES(24, 'Seth James Nielson');
INSERT INTO CONTRIBUTOR VALUES(25, 'Christopher K. Monson');
INSERT INTO CONTRIBUTOR VALUES(26, 'Oded Goldreich');
INSERT INTO CONTRIBUTOR VALUES(27, 'Henk C.A. van Tilborg');
INSERT INTO CONTRIBUTOR VALUES(28, 'Sushil Jajodia');
INSERT INTO CONTRIBUTOR VALUES(29, 'Adam Young');
INSERT INTO CONTRIBUTOR VALUES(30, 'Moti Yung');
INSERT INTO CONTRIBUTOR VALUES(31, 'Richard A. Mollin');
INSERT INTO CONTRIBUTOR VALUES(32, 'Ari Juels');
INSERT INTO CONTRIBUTOR VALUES(33, 'Justin Seitz');
INSERT INTO CONTRIBUTOR VALUES(34, 'TJ O''Connor');
INSERT INTO CONTRIBUTOR VALUES(35, 'Alex Martelli');
INSERT INTO CONTRIBUTOR VALUES(36, 'Kenneth Reitz');
INSERT INTO CONTRIBUTOR VALUES(37, 'Tanya Schlusser');
INSERT INTO CONTRIBUTOR VALUES(38, 'Al Sweigart');
INSERT INTO CONTRIBUTOR VALUES(39, 'Dan Bader');
INSERT INTO CONTRIBUTOR VALUES(40, 'Sean McManus');
INSERT INTO CONTRIBUTOR VALUES(41, 'Mahesh Venkitachalam');
INSERT INTO CONTRIBUTOR VALUES(42, 'John M. Zelle');
INSERT INTO CONTRIBUTOR VALUES(43, 'David M. Beazley');
INSERT INTO CONTRIBUTOR VALUES(44, 'Craig Richardson');
INSERT INTO CONTRIBUTOR VALUES(45, 'Hans Petter Langtangen');
INSERT INTO CONTRIBUTOR VALUES(46, 'Eric Matthes');
INSERT INTO CONTRIBUTOR VALUES(47, 'Alex Bradbury');
INSERT INTO CONTRIBUTOR VALUES(48, 'Ben Everard');
INSERT INTO CONTRIBUTOR VALUES(49, 'Luke Sneeringer');
INSERT INTO CONTRIBUTOR VALUES(50, 'Stef Maruch');
INSERT INTO CONTRIBUTOR VALUES(51, 'Aahz Maruch');
INSERT INTO CONTRIBUTOR VALUES(52, 'John C. Shovic');
INSERT INTO CONTRIBUTOR VALUES(53, 'Alan Simpson');
INSERT INTO CONTRIBUTOR VALUES(54, 'Peter Farrell');
INSERT INTO CONTRIBUTOR VALUES(55, 'Jacob T. Vanderplas');
INSERT INTO CONTRIBUTOR VALUES(56, 'Jake VanderPlas');
INSERT INTO CONTRIBUTOR VALUES(57, 'Matt Harrison');
INSERT INTO CONTRIBUTOR VALUES(58, 'Mark Lutz');
INSERT INTO CONTRIBUTOR VALUES(59, 'Mark Summerfield');
INSERT INTO CONTRIBUTOR VALUES(60, 'Jason Kinser');
INSERT INTO CONTRIBUTOR VALUES(61, 'Jason M. Kinser');
INSERT INTO CONTRIBUTOR VALUES(62, 'Nicolai M. Josuttis');
INSERT INTO CONTRIBUTOR VALUES(63, 'Steve Oualline');
INSERT INTO CONTRIBUTOR VALUES(64, 'Bjarne Stroustrup');
INSERT INTO CONTRIBUTOR VALUES(65, 'John Lakos');
INSERT INTO CONTRIBUTOR VALUES(66, 'Robert C. Martin');
INSERT INTO CONTRIBUTOR VALUES(67, 'Marc Gregoire');
INSERT INTO CONTRIBUTOR VALUES(68, 'Ray Lischner');
INSERT INTO CONTRIBUTOR VALUES(69, 'Josh Lospinoso');
INSERT INTO CONTRIBUTOR VALUES(70, 'Ulla Kirch-Prinz');
INSERT INTO CONTRIBUTOR VALUES(71, 'Peter Prinz');
INSERT INTO CONTRIBUTOR VALUES(72, 'Stephen Prata');
INSERT INTO CONTRIBUTOR VALUES(73, 'Cay S. Horstmann');
INSERT INTO CONTRIBUTOR VALUES(74, 'David Abrahams');
INSERT INTO CONTRIBUTOR VALUES(75, 'Aleksey Gurtovoy');
INSERT INTO CONTRIBUTOR VALUES(76, 'Kyle Loudon');
INSERT INTO CONTRIBUTOR VALUES(77, 'Rogers Cadenhead');
INSERT INTO CONTRIBUTOR VALUES(78, 'Jesse Liberty');
INSERT INTO CONTRIBUTOR VALUES(79, 'Michael Dawson');
INSERT INTO CONTRIBUTOR VALUES(80, 'Milan Stevanovic');
INSERT INTO CONTRIBUTOR VALUES(81, 'Andrew Koenig');
INSERT INTO CONTRIBUTOR VALUES(82, 'Mike Hendrickson');
INSERT INTO CONTRIBUTOR VALUES(83, 'Barbara E. Moo');
INSERT INTO CONTRIBUTOR VALUES(84, 'Stanley B. Lippman');
INSERT INTO CONTRIBUTOR VALUES(85, 'Mark Allen Weiss');
INSERT INTO CONTRIBUTOR VALUES(86, 'Peter Gottschling');
INSERT INTO CONTRIBUTOR VALUES(87, 'Benjamin Graham');
INSERT INTO CONTRIBUTOR VALUES(88, 'David Dodd');
INSERT INTO CONTRIBUTOR VALUES(89, 'Rolf Oppliger');
INSERT INTO CONTRIBUTOR VALUES(90, 'Joaquin Garcia-Alfaro');
INSERT INTO CONTRIBUTOR VALUES(91, 'Pascal Lafourcade');
INSERT INTO CONTRIBUTOR VALUES(92, 'Jessey Bullock');
INSERT INTO CONTRIBUTOR VALUES(93, 'Jeff T. Parker');
INSERT INTO CONTRIBUTOR VALUES(94, 'John Viega');
INSERT INTO CONTRIBUTOR VALUES(95, 'Michael Howard');
INSERT INTO CONTRIBUTOR VALUES(96, 'David LeBlanc');
INSERT INTO CONTRIBUTOR VALUES(97, 'Michael D. Bauer');
INSERT INTO CONTRIBUTOR VALUES(98, 'Joseph Migga Kizza');
INSERT INTO CONTRIBUTOR VALUES(99, 'Michael Dillon');
INSERT INTO CONTRIBUTOR VALUES(100, 'Gregory N. Akers');
INSERT INTO CONTRIBUTOR VALUES(101, 'James Graham');
INSERT INTO CONTRIBUTOR VALUES(102, 'Ryan Olson');
INSERT INTO CONTRIBUTOR VALUES(103, 'Rick Howard');
INSERT INTO CONTRIBUTOR VALUES(104, 'F. Stephen Larrabee');
INSERT INTO CONTRIBUTOR VALUES(105, 'Charlie Hunt');
INSERT INTO CONTRIBUTOR VALUES(106, 'Binu John');
INSERT INTO CONTRIBUTOR VALUES(107, 'Maurice Naftalin');
INSERT INTO CONTRIBUTOR VALUES(108, 'Philip Wadler');
INSERT INTO CONTRIBUTOR VALUES(109, 'Elliotte Rusty Harold');
INSERT INTO CONTRIBUTOR VALUES(110, 'Peter Sestoft');
INSERT INTO CONTRIBUTOR VALUES(111, 'Budi Kurniawan');
INSERT INTO CONTRIBUTOR VALUES(112, 'Jim Farley');
INSERT INTO CONTRIBUTOR VALUES(113, 'Harvey M. Deitel');
INSERT INTO CONTRIBUTOR VALUES(114, 'Paul J. Deitel');
INSERT INTO CONTRIBUTOR VALUES(115, 'Bruce Eckel');
INSERT INTO CONTRIBUTOR VALUES(116, 'Doug Lowe');
INSERT INTO CONTRIBUTOR VALUES(117, 'Max Bramer');
INSERT INTO CONTRIBUTOR VALUES(118, 'Wolfgang Ertel');
INSERT INTO CONTRIBUTOR VALUES(119, 'Grigoris Antoniou');
INSERT INTO CONTRIBUTOR VALUES(120, 'George Potamias');
INSERT INTO CONTRIBUTOR VALUES(121, 'Costas Spyropoulos');
INSERT INTO CONTRIBUTOR VALUES(122, 'Dimitris Plexousakis');
INSERT INTO CONTRIBUTOR VALUES(123, 'John Haugeland');
INSERT INTO CONTRIBUTOR VALUES(124, 'Ben Eubanks');
INSERT INTO CONTRIBUTOR VALUES(125, 'Melanie Mitchell');
INSERT INTO CONTRIBUTOR VALUES(126, 'Nils J. Nilsson');
INSERT INTO CONTRIBUTOR VALUES(127, 'Nils Johan Nilsson');
INSERT INTO CONTRIBUTOR VALUES(128, 'Ben Coppin');
INSERT INTO CONTRIBUTOR VALUES(129, 'International Conference On Industrial & Engineeri');
INSERT INTO CONTRIBUTOR VALUES(130, 'Hepu Deng');
INSERT INTO CONTRIBUTOR VALUES(131, 'Lanzhou Wang');
INSERT INTO CONTRIBUTOR VALUES(132, 'Fu Lee Wang');
INSERT INTO CONTRIBUTOR VALUES(133, 'Jingsheng Lei');
INSERT INTO CONTRIBUTOR VALUES(134, 'Stuart Russell');
INSERT INTO CONTRIBUTOR VALUES(135, 'Stuart Jonathan Russell');
INSERT INTO CONTRIBUTOR VALUES(136, 'Peter Norvig');
INSERT INTO CONTRIBUTOR VALUES(137, 'Ernest Davis');
INSERT INTO CONTRIBUTOR VALUES(138, 'Dario Floreano');
INSERT INTO CONTRIBUTOR VALUES(139, 'Claudio Mattiussi');
INSERT INTO CONTRIBUTOR VALUES(140, 'R. Kerr');
INSERT INTO CONTRIBUTOR VALUES(141, 'Roger M. Kerr');
INSERT INTO CONTRIBUTOR VALUES(142, 'E. Szelke');
INSERT INTO CONTRIBUTOR VALUES(143, 'John Richard Ennals');
INSERT INTO CONTRIBUTOR VALUES(144, 'Richard Ennals');
INSERT INTO CONTRIBUTOR VALUES(145, 'Ian Millington');
INSERT INTO CONTRIBUTOR VALUES(146, 'John Funge');
INSERT INTO CONTRIBUTOR VALUES(147, 'Takashi Washio');
INSERT INTO CONTRIBUTOR VALUES(148, 'Akito Sakurai');
INSERT INTO CONTRIBUTOR VALUES(149, 'Katsuto Nakajima');
INSERT INTO CONTRIBUTOR VALUES(150, 'Hideaki Takeda');
INSERT INTO CONTRIBUTOR VALUES(151, 'Satoshi Tojo');
INSERT INTO CONTRIBUTOR VALUES(152, 'Makoto Yokoo');
INSERT INTO CONTRIBUTOR VALUES(153, 'Margaret A. Boden');
INSERT INTO CONTRIBUTOR VALUES(154, 'Blay Whitby');
INSERT INTO CONTRIBUTOR VALUES(155, 'William S. Vincent');
INSERT INTO CONTRIBUTOR VALUES(156, 'Michael Dregni');
INSERT INTO CONTRIBUTOR VALUES(157, 'Marty Alchin');
INSERT INTO CONTRIBUTOR VALUES(158, 'James Bennett');
INSERT INTO CONTRIBUTOR VALUES(159, 'Jesse Legg');
INSERT INTO CONTRIBUTOR VALUES(160, 'Django Reinhardt');
INSERT INTO CONTRIBUTOR VALUES(161, 'Brian Ward');
INSERT INTO CONTRIBUTOR VALUES(162, 'Richard Blum');
INSERT INTO CONTRIBUTOR VALUES(163, 'Christine Bresnahan');
INSERT INTO CONTRIBUTOR VALUES(164, 'William E. Shotts, Jr.');
INSERT INTO CONTRIBUTOR VALUES(165, 'Ellen Siever');
INSERT INTO CONTRIBUTOR VALUES(166, 'Stephen Figgins');
INSERT INTO CONTRIBUTOR VALUES(167, 'Robert Love');
INSERT INTO CONTRIBUTOR VALUES(168, 'Arnold Robbins');
INSERT INTO CONTRIBUTOR VALUES(169, 'Emmett Dulaney');
INSERT INTO CONTRIBUTOR VALUES(170, 'Michael Kerrisk');
INSERT INTO CONTRIBUTOR VALUES(171, 'OccupyTheWeb');
INSERT INTO CONTRIBUTOR VALUES(172, 'Jason Cannon');
INSERT INTO CONTRIBUTOR VALUES(173, 'James Turnbull');
INSERT INTO CONTRIBUTOR VALUES(174, 'Christian Benvenuti');
INSERT INTO CONTRIBUTOR VALUES(175, 'Richard Gillam');
INSERT INTO CONTRIBUTOR VALUES(176, 'Mark G. Sobell');
INSERT INTO CONTRIBUTOR VALUES(177, 'Machtelt Garrels');
INSERT INTO CONTRIBUTOR VALUES(178, 'Jack Tackett');
INSERT INTO CONTRIBUTOR VALUES(179, 'David Gunter');
INSERT INTO CONTRIBUTOR VALUES(180, 'Christopher Negus');
INSERT INTO CONTRIBUTOR VALUES(181, 'Viktor Toth');
INSERT INTO CONTRIBUTOR VALUES(182, 'Lydia Parziale');
INSERT INTO CONTRIBUTOR VALUES(183, 'Manoj S Pattabhiraman');
INSERT INTO CONTRIBUTOR VALUES(184, 'Masayuki Unno');
INSERT INTO CONTRIBUTOR VALUES(185, 'Eravimangalath P. Naveen');
INSERT INTO CONTRIBUTOR VALUES(186, 'Klaus Egeler');
INSERT INTO CONTRIBUTOR VALUES(187, 'Thiago Patricio de Jesus');
INSERT INTO CONTRIBUTOR VALUES(188, 'IBM Redbooks');
INSERT INTO CONTRIBUTOR VALUES(189, 'Allen G. Taylor');
INSERT INTO CONTRIBUTOR VALUES(190, 'Carlos Coronel');
INSERT INTO CONTRIBUTOR VALUES(191, 'Steven Morris');
INSERT INTO CONTRIBUTOR VALUES(192, 'Peter Rob');
INSERT INTO CONTRIBUTOR VALUES(193, 'Thomas M. Connolly');
INSERT INTO CONTRIBUTOR VALUES(194, 'Carolyn E. Beg');
INSERT INTO CONTRIBUTOR VALUES(195, 'Thomas Moore');
INSERT INTO CONTRIBUTOR VALUES(196, 'Rivero, Laura C.');
INSERT INTO CONTRIBUTOR VALUES(197, 'Doorn, Jorge Horacio');
INSERT INTO CONTRIBUTOR VALUES(198, 'Ferraggine, Viviana E.');
INSERT INTO CONTRIBUTOR VALUES(199, 'Rodney Topor');
INSERT INTO CONTRIBUTOR VALUES(200, 'Katsumi Tanaka');
INSERT INTO CONTRIBUTOR VALUES(201, 'Zohra Bellahsène');
INSERT INTO CONTRIBUTOR VALUES(202, 'Ela Hunt');
INSERT INTO CONTRIBUTOR VALUES(203, 'Michael Rys');
INSERT INTO CONTRIBUTOR VALUES(204, 'Rainer Unland');
INSERT INTO CONTRIBUTOR VALUES(205, 'Richard Yevich');
INSERT INTO CONTRIBUTOR VALUES(206, 'Susan Lawson');
INSERT INTO CONTRIBUTOR VALUES(207, 'R. G. G. Cattell');
INSERT INTO CONTRIBUTOR VALUES(208, 'Roderic Geoffrey Galton Cattell');
INSERT INTO CONTRIBUTOR VALUES(209, 'Douglas K. Barry');
INSERT INTO CONTRIBUTOR VALUES(210, 'Dirk Bartels');
INSERT INTO CONTRIBUTOR VALUES(211, 'W. Kim');
INSERT INTO CONTRIBUTOR VALUES(212, 'D.S. Reiner');
INSERT INTO CONTRIBUTOR VALUES(213, 'Don Batory');
INSERT INTO CONTRIBUTOR VALUES(214, 'Zahir Tari');
INSERT INTO CONTRIBUTOR VALUES(215, 'Scott Stevens');
INSERT INTO CONTRIBUTOR VALUES(216, 'Sang-goo Lee');
INSERT INTO CONTRIBUTOR VALUES(217, 'Zhiyong Peng');
INSERT INTO CONTRIBUTOR VALUES(218, 'Xiaofang Zhou');
INSERT INTO CONTRIBUTOR VALUES(219, 'Yang-Sae Moon');
INSERT INTO CONTRIBUTOR VALUES(220, 'Jaesoo Yoo');
INSERT INTO CONTRIBUTOR VALUES(221, 'B. Prabhakaran');
INSERT INTO CONTRIBUTION VALUES(0, 'author', 0);
INSERT INTO CONTRIBUTION VALUES(1, 'author', 1);
INSERT INTO CONTRIBUTION VALUES(2, 'author', 2);
INSERT INTO CONTRIBUTION VALUES(3, 'author', 3);
INSERT INTO CONTRIBUTION VALUES(4, 'author', 4);
INSERT INTO CONTRIBUTION VALUES(5, 'author', 5);
INSERT INTO CONTRIBUTION VALUES(6, 'author', 6);
INSERT INTO CONTRIBUTION VALUES(7, 'author', 7);
INSERT INTO CONTRIBUTION VALUES(8, 'author', 8);
INSERT INTO CONTRIBUTION VALUES(9, 'author', 9);
INSERT INTO CONTRIBUTION VALUES(10, 'author', 10);
INSERT INTO CONTRIBUTION VALUES(11, 'author', 11);
INSERT INTO CONTRIBUTION VALUES(12, 'author', 12);
INSERT INTO CONTRIBUTION VALUES(13, 'author', 13);
INSERT INTO CONTRIBUTION VALUES(14, 'author', 14);
INSERT INTO CONTRIBUTION VALUES(15, 'author', 15);
INSERT INTO CONTRIBUTION VALUES(16, 'author', 16);
INSERT INTO CONTRIBUTION VALUES(17, 'author', 17);
INSERT INTO CONTRIBUTION VALUES(18, 'author', 18);
INSERT INTO CONTRIBUTION VALUES(19, 'author', 19);
INSERT INTO CONTRIBUTION VALUES(20, 'author', 20);
INSERT INTO CONTRIBUTION VALUES(21, 'author', 21);
INSERT INTO CONTRIBUTION VALUES(22, 'author', 22);
INSERT INTO CONTRIBUTION VALUES(23, 'author', 23);
INSERT INTO CONTRIBUTION VALUES(24, 'author', 24);
INSERT INTO CONTRIBUTION VALUES(25, 'author', 25);
INSERT INTO CONTRIBUTION VALUES(26, 'author', 26);
INSERT INTO CONTRIBUTION VALUES(27, 'author', 27);
INSERT INTO CONTRIBUTION VALUES(28, 'author', 28);
INSERT INTO CONTRIBUTION VALUES(29, 'author', 29);
INSERT INTO CONTRIBUTION VALUES(30, 'author', 30);
INSERT INTO CONTRIBUTION VALUES(31, 'author', 31);
INSERT INTO CONTRIBUTION VALUES(32, 'author', 32);
INSERT INTO CONTRIBUTION VALUES(33, 'author', 33);
INSERT INTO CONTRIBUTION VALUES(34, 'author', 34);
INSERT INTO CONTRIBUTION VALUES(35, 'author', 35);
INSERT INTO CONTRIBUTION VALUES(36, 'author', 36);
INSERT INTO CONTRIBUTION VALUES(37, 'author', 37);
INSERT INTO CONTRIBUTION VALUES(38, 'author', 38);
INSERT INTO CONTRIBUTION VALUES(39, 'author', 39);
INSERT INTO CONTRIBUTION VALUES(40, 'author', 40);
INSERT INTO CONTRIBUTION VALUES(41, 'author', 41);
INSERT INTO CONTRIBUTION VALUES(42, 'author', 42);
INSERT INTO CONTRIBUTION VALUES(43, 'author', 43);
INSERT INTO CONTRIBUTION VALUES(44, 'author', 44);
INSERT INTO CONTRIBUTION VALUES(45, 'author', 45);
INSERT INTO CONTRIBUTION VALUES(46, 'author', 46);
INSERT INTO CONTRIBUTION VALUES(47, 'author', 47);
INSERT INTO CONTRIBUTION VALUES(48, 'author', 48);
INSERT INTO CONTRIBUTION VALUES(49, 'author', 49);
INSERT INTO CONTRIBUTION VALUES(50, 'author', 50);
INSERT INTO CONTRIBUTION VALUES(51, 'author', 51);
INSERT INTO CONTRIBUTION VALUES(52, 'author', 52);
INSERT INTO CONTRIBUTION VALUES(53, 'author', 53);
INSERT INTO CONTRIBUTION VALUES(54, 'author', 54);
INSERT INTO CONTRIBUTION VALUES(55, 'author', 55);
INSERT INTO CONTRIBUTION VALUES(56, 'author', 56);
INSERT INTO CONTRIBUTION VALUES(57, 'author', 57);
INSERT INTO CONTRIBUTION VALUES(58, 'author', 58);
INSERT INTO CONTRIBUTION VALUES(59, 'author', 59);
INSERT INTO CONTRIBUTION VALUES(60, 'author', 60);
INSERT INTO CONTRIBUTION VALUES(61, 'author', 61);
INSERT INTO CONTRIBUTION VALUES(62, 'author', 62);
INSERT INTO CONTRIBUTION VALUES(63, 'author', 63);
INSERT INTO CONTRIBUTION VALUES(64, 'author', 64);
INSERT INTO CONTRIBUTION VALUES(65, 'author', 65);
INSERT INTO CONTRIBUTION VALUES(66, 'author', 66);
INSERT INTO CONTRIBUTION VALUES(67, 'author', 67);
INSERT INTO CONTRIBUTION VALUES(68, 'author', 68);
INSERT INTO CONTRIBUTION VALUES(69, 'author', 69);
INSERT INTO CONTRIBUTION VALUES(70, 'author', 70);
INSERT INTO CONTRIBUTION VALUES(71, 'author', 71);
INSERT INTO CONTRIBUTION VALUES(72, 'author', 72);
INSERT INTO CONTRIBUTION VALUES(73, 'author', 73);
INSERT INTO CONTRIBUTION VALUES(74, 'author', 74);
INSERT INTO CONTRIBUTION VALUES(75, 'author', 75);
INSERT INTO CONTRIBUTION VALUES(76, 'author', 76);
INSERT INTO CONTRIBUTION VALUES(77, 'author', 77);
INSERT INTO CONTRIBUTION VALUES(78, 'author', 78);
INSERT INTO CONTRIBUTION VALUES(79, 'author', 79);
INSERT INTO CONTRIBUTION VALUES(80, 'author', 80);
INSERT INTO CONTRIBUTION VALUES(81, 'author', 81);
INSERT INTO CONTRIBUTION VALUES(82, 'author', 82);
INSERT INTO CONTRIBUTION VALUES(83, 'author', 83);
INSERT INTO CONTRIBUTION VALUES(84, 'author', 84);
INSERT INTO CONTRIBUTION VALUES(85, 'author', 85);
INSERT INTO CONTRIBUTION VALUES(86, 'author', 86);
INSERT INTO CONTRIBUTION VALUES(87, 'author', 87);
INSERT INTO CONTRIBUTION VALUES(88, 'author', 88);
INSERT INTO CONTRIBUTION VALUES(89, 'author', 89);
INSERT INTO CONTRIBUTION VALUES(90, 'author', 90);
INSERT INTO CONTRIBUTION VALUES(91, 'author', 91);
INSERT INTO CONTRIBUTION VALUES(92, 'author', 92);
INSERT INTO CONTRIBUTION VALUES(93, 'author', 93);
INSERT INTO CONTRIBUTION VALUES(94, 'author', 94);
INSERT INTO CONTRIBUTION VALUES(95, 'author', 95);
INSERT INTO CONTRIBUTION VALUES(96, 'author', 96);
INSERT INTO CONTRIBUTION VALUES(97, 'author', 97);
INSERT INTO CONTRIBUTION VALUES(98, 'author', 98);
INSERT INTO CONTRIBUTION VALUES(99, 'author', 99);
INSERT INTO CONTRIBUTION VALUES(100, 'author', 100);
INSERT INTO CONTRIBUTION VALUES(101, 'author', 101);
INSERT INTO CONTRIBUTION VALUES(102, 'author', 102);
INSERT INTO CONTRIBUTION VALUES(103, 'author', 103);
INSERT INTO CONTRIBUTION VALUES(104, 'author', 104);
INSERT INTO CONTRIBUTION VALUES(105, 'author', 105);
INSERT INTO CONTRIBUTION VALUES(106, 'author', 106);
INSERT INTO CONTRIBUTION VALUES(107, 'author', 107);
INSERT INTO CONTRIBUTION VALUES(108, 'author', 108);
INSERT INTO CONTRIBUTION VALUES(109, 'author', 109);
INSERT INTO CONTRIBUTION VALUES(110, 'author', 110);
INSERT INTO CONTRIBUTION VALUES(111, 'author', 111);
INSERT INTO CONTRIBUTION VALUES(112, 'author', 112);
INSERT INTO CONTRIBUTION VALUES(113, 'author', 113);
INSERT INTO CONTRIBUTION VALUES(114, 'author', 114);
INSERT INTO CONTRIBUTION VALUES(115, 'author', 115);
INSERT INTO CONTRIBUTION VALUES(116, 'author', 116);
INSERT INTO CONTRIBUTION VALUES(117, 'author', 117);
INSERT INTO CONTRIBUTION VALUES(118, 'author', 118);
INSERT INTO CONTRIBUTION VALUES(119, 'author', 119);
INSERT INTO CONTRIBUTION VALUES(120, 'author', 120);
INSERT INTO CONTRIBUTION VALUES(121, 'author', 121);
INSERT INTO CONTRIBUTION VALUES(122, 'author', 122);
INSERT INTO CONTRIBUTION VALUES(123, 'author', 123);
INSERT INTO CONTRIBUTION VALUES(124, 'author', 124);
INSERT INTO CONTRIBUTION VALUES(125, 'author', 125);
INSERT INTO CONTRIBUTION VALUES(126, 'author', 126);
INSERT INTO CONTRIBUTION VALUES(127, 'author', 127);
INSERT INTO CONTRIBUTION VALUES(128, 'author', 128);
INSERT INTO CONTRIBUTION VALUES(129, 'author', 129);
INSERT INTO CONTRIBUTION VALUES(130, 'author', 130);
INSERT INTO CONTRIBUTION VALUES(131, 'author', 131);
INSERT INTO CONTRIBUTION VALUES(132, 'author', 132);
INSERT INTO CONTRIBUTION VALUES(133, 'author', 133);
INSERT INTO CONTRIBUTION VALUES(134, 'author', 134);
INSERT INTO CONTRIBUTION VALUES(135, 'author', 135);
INSERT INTO CONTRIBUTION VALUES(136, 'author', 136);
INSERT INTO CONTRIBUTION VALUES(137, 'author', 137);
INSERT INTO CONTRIBUTION VALUES(138, 'author', 138);
INSERT INTO CONTRIBUTION VALUES(139, 'author', 139);
INSERT INTO CONTRIBUTION VALUES(140, 'author', 140);
INSERT INTO CONTRIBUTION VALUES(141, 'author', 141);
INSERT INTO CONTRIBUTION VALUES(142, 'author', 142);
INSERT INTO CONTRIBUTION VALUES(143, 'author', 143);
INSERT INTO CONTRIBUTION VALUES(144, 'author', 144);
INSERT INTO CONTRIBUTION VALUES(145, 'author', 145);
INSERT INTO CONTRIBUTION VALUES(146, 'author', 146);
INSERT INTO CONTRIBUTION VALUES(147, 'author', 147);
INSERT INTO CONTRIBUTION VALUES(148, 'author', 148);
INSERT INTO CONTRIBUTION VALUES(149, 'author', 149);
INSERT INTO CONTRIBUTION VALUES(150, 'author', 150);
INSERT INTO CONTRIBUTION VALUES(151, 'author', 151);
INSERT INTO CONTRIBUTION VALUES(152, 'author', 152);
INSERT INTO CONTRIBUTION VALUES(153, 'author', 153);
INSERT INTO CONTRIBUTION VALUES(154, 'author', 154);
INSERT INTO CONTRIBUTION VALUES(155, 'author', 155);
INSERT INTO CONTRIBUTION VALUES(156, 'author', 156);
INSERT INTO CONTRIBUTION VALUES(157, 'author', 157);
INSERT INTO CONTRIBUTION VALUES(158, 'author', 158);
INSERT INTO CONTRIBUTION VALUES(159, 'author', 159);
INSERT INTO CONTRIBUTION VALUES(160, 'author', 160);
INSERT INTO CONTRIBUTION VALUES(161, 'author', 161);
INSERT INTO CONTRIBUTION VALUES(162, 'author', 162);
INSERT INTO CONTRIBUTION VALUES(163, 'author', 163);
INSERT INTO CONTRIBUTION VALUES(164, 'author', 164);
INSERT INTO CONTRIBUTION VALUES(165, 'author', 165);
INSERT INTO CONTRIBUTION VALUES(166, 'author', 166);
INSERT INTO CONTRIBUTION VALUES(167, 'author', 167);
INSERT INTO CONTRIBUTION VALUES(168, 'author', 168);
INSERT INTO CONTRIBUTION VALUES(169, 'author', 169);
INSERT INTO CONTRIBUTION VALUES(170, 'author', 170);
INSERT INTO CONTRIBUTION VALUES(171, 'author', 171);
INSERT INTO CONTRIBUTION VALUES(172, 'author', 172);
INSERT INTO CONTRIBUTION VALUES(173, 'author', 173);
INSERT INTO CONTRIBUTION VALUES(174, 'author', 174);
INSERT INTO CONTRIBUTION VALUES(175, 'author', 175);
INSERT INTO CONTRIBUTION VALUES(176, 'author', 176);
INSERT INTO CONTRIBUTION VALUES(177, 'author', 177);
INSERT INTO CONTRIBUTION VALUES(178, 'author', 178);
INSERT INTO CONTRIBUTION VALUES(179, 'author', 179);
INSERT INTO CONTRIBUTION VALUES(180, 'author', 180);
INSERT INTO CONTRIBUTION VALUES(181, 'author', 181);
INSERT INTO CONTRIBUTION VALUES(182, 'author', 182);
INSERT INTO CONTRIBUTION VALUES(183, 'author', 183);
INSERT INTO CONTRIBUTION VALUES(184, 'author', 184);
INSERT INTO CONTRIBUTION VALUES(185, 'author', 185);
INSERT INTO CONTRIBUTION VALUES(186, 'author', 186);
INSERT INTO CONTRIBUTION VALUES(187, 'author', 187);
INSERT INTO CONTRIBUTION VALUES(188, 'author', 188);
INSERT INTO CONTRIBUTION VALUES(189, 'author', 189);
INSERT INTO CONTRIBUTION VALUES(190, 'author', 190);
INSERT INTO CONTRIBUTION VALUES(191, 'author', 191);
INSERT INTO CONTRIBUTION VALUES(192, 'author', 192);
INSERT INTO CONTRIBUTION VALUES(193, 'author', 193);
INSERT INTO CONTRIBUTION VALUES(194, 'author', 194);
INSERT INTO CONTRIBUTION VALUES(195, 'author', 195);
INSERT INTO CONTRIBUTION VALUES(196, 'author', 196);
INSERT INTO CONTRIBUTION VALUES(197, 'author', 197);
INSERT INTO CONTRIBUTION VALUES(198, 'author', 198);
INSERT INTO CONTRIBUTION VALUES(199, 'author', 199);
INSERT INTO CONTRIBUTION VALUES(200, 'author', 200);
INSERT INTO CONTRIBUTION VALUES(201, 'author', 201);
INSERT INTO CONTRIBUTION VALUES(202, 'author', 202);
INSERT INTO CONTRIBUTION VALUES(203, 'author', 203);
INSERT INTO CONTRIBUTION VALUES(204, 'author', 204);
INSERT INTO CONTRIBUTION VALUES(205, 'author', 205);
INSERT INTO CONTRIBUTION VALUES(206, 'author', 206);
INSERT INTO CONTRIBUTION VALUES(207, 'author', 207);
INSERT INTO CONTRIBUTION VALUES(208, 'author', 208);
INSERT INTO CONTRIBUTION VALUES(209, 'author', 209);
INSERT INTO CONTRIBUTION VALUES(210, 'author', 210);
INSERT INTO CONTRIBUTION VALUES(211, 'author', 211);
INSERT INTO CONTRIBUTION VALUES(212, 'author', 212);
INSERT INTO CONTRIBUTION VALUES(213, 'author', 213);
INSERT INTO CONTRIBUTION VALUES(214, 'author', 214);
INSERT INTO CONTRIBUTION VALUES(215, 'author', 215);
INSERT INTO CONTRIBUTION VALUES(216, 'author', 216);
INSERT INTO CONTRIBUTION VALUES(217, 'author', 217);
INSERT INTO CONTRIBUTION VALUES(218, 'author', 218);
INSERT INTO CONTRIBUTION VALUES(219, 'author', 219);
INSERT INTO CONTRIBUTION VALUES(220, 'author', 220);
INSERT INTO CONTRIBUTION VALUES(221, 'author', 221);
INSERT INTO PUBLISHER VALUES(0, 'Wiley');
INSERT INTO PUBLISHER VALUES(1, 'John Wiley & Sons');
INSERT INTO PUBLISHER VALUES(2, 'OUP Oxford');
INSERT INTO PUBLISHER VALUES(3, 'Springer Science & Business Media');
INSERT INTO PUBLISHER VALUES(4, 'No Starch Press');
INSERT INTO PUBLISHER VALUES(5, 'CRC Press');
INSERT INTO PUBLISHER VALUES(6, 'Prentice Hall');
INSERT INTO PUBLISHER VALUES(7, 'Springer International Publishing');
INSERT INTO PUBLISHER VALUES(8, 'Apress');
INSERT INTO PUBLISHER VALUES(9, 'Cambridge University Press');
INSERT INTO PUBLISHER VALUES(10, 'Springer US');
INSERT INTO PUBLISHER VALUES(11, 'Elsevier Science');
INSERT INTO PUBLISHER VALUES(12, '"O''Reilly Media, Inc."');
INSERT INTO PUBLISHER VALUES(13, 'O''Reilly Media, Incorporated');
INSERT INTO PUBLISHER VALUES(14, 'Ron Holland Designs');
INSERT INTO PUBLISHER VALUES(15, 'Franklin, Beedle & Associates, Inc.');
INSERT INTO PUBLISHER VALUES(16, 'Addison-Wesley Professional');
INSERT INTO PUBLISHER VALUES(17, 'Matt Harrison');
INSERT INTO PUBLISHER VALUES(18, 'Jones & Bartlett Learning');
INSERT INTO PUBLISHER VALUES(19, 'Addison-Wesley');
INSERT INTO PUBLISHER VALUES(20, 'O''Reilly Media');
INSERT INTO PUBLISHER VALUES(21, 'Sams');
INSERT INTO PUBLISHER VALUES(22, 'Course Technology');
INSERT INTO PUBLISHER VALUES(23, 'Pearson/Prentice Hall');
INSERT INTO PUBLISHER VALUES(24, 'Mcgraw-hill');
INSERT INTO PUBLISHER VALUES(25, 'Artech House');
INSERT INTO PUBLISHER VALUES(26, 'McGraw-Hill Education');
INSERT INTO PUBLISHER VALUES(27, 'Psychology Press');
INSERT INTO PUBLISHER VALUES(28, 'Larstan Pub.');
INSERT INTO PUBLISHER VALUES(29, 'Taylor & Francis');
INSERT INTO PUBLISHER VALUES(30, 'Rand Corporation');
INSERT INTO PUBLISHER VALUES(31, 'O''Reilly');
INSERT INTO PUBLISHER VALUES(32, 'MIT Press');
INSERT INTO PUBLISHER VALUES(33, 'Sams Publishing');
INSERT INTO PUBLISHER VALUES(34, 'Prentice Hall Professional');
INSERT INTO PUBLISHER VALUES(35, 'Kogan Page');
INSERT INTO PUBLISHER VALUES(36, 'Picador');
INSERT INTO PUBLISHER VALUES(37, 'Morgan Kaufmann');
INSERT INTO PUBLISHER VALUES(38, 'Springer London');
INSERT INTO PUBLISHER VALUES(39, 'Penguin Publishing Group');
INSERT INTO PUBLISHER VALUES(40, 'Oxford University Press');
INSERT INTO PUBLISHER VALUES(41, 'Oneworld');
INSERT INTO PUBLISHER VALUES(42, 'Amazon Digital Services LLC - KDP Print US');
INSERT INTO PUBLISHER VALUES(43, 'Packt Publishing Ltd');
INSERT INTO PUBLISHER VALUES(44, 'Goodman Group');
INSERT INTO PUBLISHER VALUES(45, 'Createspace Independent Pub');
INSERT INTO PUBLISHER VALUES(46, 'Fultus Corporation');
INSERT INTO PUBLISHER VALUES(47, 'Que Corporation');
INSERT INTO PUBLISHER VALUES(48, 'IBM Redbooks');
INSERT INTO PUBLISHER VALUES(49, 'Cengage Learning');
INSERT INTO PUBLISHER VALUES(50, 'Pearson');
INSERT INTO PUBLISHER VALUES(51, 'Que Publishing');
INSERT INTO PUBLISHER VALUES(52, 'Idea Group Inc (IGI)');
INSERT INTO PUBLISHER VALUES(53, 'World Scientific');
INSERT INTO PUBLISHER VALUES(54, 'Morgan Kaufmann Publishers');
INSERT INTO PUBLISHER VALUES(55, 'Springer');
INSERT INTO BOOK_TITLE VALUES(0, 'Practical Cryptography');
INSERT INTO EDITION VALUES(0, 33, 'Security is the number one concern for businesses worldwide. The gold standard for attaining security is cryptography because it provides the most reliable tools for storing or transmitting digital information. Written by Niels Ferguson, lead cryptographer for Counterpane, Bruce Schneier''s security company, and Bruce Schneier himself, this is the much anticipated follow-up book to Schneier''s seminal encyclopedic reference, Applied Cryptography, Second Edition (0-471-11709-9), which has sold more than 150,000 copies.<br> Niels Ferguson (Amsterdam, Netherlands) is a cryptographic engineer and consultant at Counterpane Internet Security. He has extensive experience in the creation and design of security algorithms, protocols, and multinational security infrastructures. Previously, Ferguson was a cryptographer for DigiCash and CWI. At CWI he developed the first generation of off-line payment protocols.', '19', 'http://covers.openlibrary.org/b/isbn/9780471223573-L.jpg', 'http://covers.openlibrary.org/b/isbn/9780471223573-M.jpg', 'en', 410, 2.2, 340, false, PARSEDATETIME('2003', 'yyyy'), 0, 0);
INSERT INTO BOOK_TITLE_CONTRIBUTIONS VALUES(0, 0);
INSERT INTO BOOK_TITLE_CONTRIBUTIONS VALUES(0, 1);
INSERT INTO BOOK_TITLE_GENRES(book_title_id, genres_id) VALUES(0, 0);
INSERT INTO BOOK_TITLE_GENRES(book_title_id, genres_id) VALUES(0, 1);
INSERT INTO BOOK_TITLE_GENRES(book_title_id, genres_id) VALUES(0, 2);
INSERT INTO BOOK_TITLE_GENRES(book_title_id, genres_id) VALUES(0, 3);
INSERT INTO EDITION_TAGS VALUES(0, 0);
INSERT INTO EDITION_TAGS VALUES(0, 1);
INSERT INTO EDITION_TAGS VALUES(0, 2);
INSERT INTO EDITION_TAGS VALUES(0, 3);
INSERT INTO BOOK_TITLE VALUES(1, 'Cryptography For Dummies');
INSERT INTO EDITION VALUES(1, 28, '<ul> <li>Cryptography is the most effective way to achieve data security and is essential to e-commerce activities such as online shopping, stock trading, and banking</li> <li>This invaluable introduction to the basics of encryption covers everything from the terminology used in the field to specific technologies to the pros and cons of different implementations</li> <li>Discusses specific technologies that incorporate cryptography in their design, such as authentication methods, wireless encryption, e-commerce, and smart cards</li> <li>Based entirely on real-world issues and situations, the material provides instructions for already available technologies that readers can put to work immediately</li> <li>Expert author Chey Cobb is retired from the NRO, where she held a Top Secret security clearance, instructed employees of the CIA and NSA on computer security and helped develop the computer security policies used by all U.', '20', 'http://covers.openlibrary.org/b/isbn/9780764568312-L.jpg', 'http://covers.openlibrary.org/b/isbn/9780764568312-M.jpg', 'en', 324, 1.9, 499, true, PARSEDATETIME('2004', 'yyyy'), 1, 1);
INSERT INTO BOOK_TITLE_CONTRIBUTIONS VALUES(1, 2);
INSERT INTO BOOK_TITLE_GENRES(book_title_id, genres_id) VALUES(1, 0);
INSERT INTO BOOK_TITLE_GENRES(book_title_id, genres_id) VALUES(1, 1);
INSERT INTO BOOK_TITLE_GENRES(book_title_id, genres_id) VALUES(1, 2);
INSERT INTO BOOK_TITLE_GENRES(book_title_id, genres_id) VALUES(1, 4);
INSERT INTO EDITION_TAGS VALUES(1, 0);
INSERT INTO EDITION_TAGS VALUES(1, 1);
INSERT INTO EDITION_TAGS VALUES(1, 2);
INSERT INTO EDITION_TAGS VALUES(1, 3);
INSERT INTO BOOK_TITLE VALUES(2, 'Cryptography Engineering');
INSERT INTO EDITION VALUES(2, 48, '<b>The ultimate guide to cryptography, updated from an author team of the world''s top cryptography experts.</b> <p>Cryptography is vital to keeping information safe, in an era when the formula to do so becomes more and more challenging. Written by a team of world-renowned cryptography experts, this essential guide is the definitive introduction to all major areas of cryptography: message security, key negotiation, and key management. You''ll learn how to think like a cryptographer. You''ll discover techniques for building cryptography into products from the start and you''ll examine the many technical changes in the field.</p> <p>After a basic overview of cryptography and what it means today, this indispensable resource covers such topics as block ciphers, block modes, hash functions, encryption modes, message authentication codes, implementation issues, negotiation protocols, and more. Helpful examples and hands-on exercises enhance your understanding of the multi-faceted field of cr', '19', 'http://covers.openlibrary.org/b/isbn/9780470474242-L.jpg', 'http://covers.openlibrary.org/b/isbn/9780470474242-M.jpg', 'en', 384, 1.4, 505, true, PARSEDATETIME('2010', 'yyyy'), 0, 2);
INSERT INTO BOOK_TITLE_CONTRIBUTIONS VALUES(2, 0);
INSERT INTO BOOK_TITLE_CONTRIBUTIONS VALUES(2, 1);
INSERT INTO BOOK_TITLE_CONTRIBUTIONS VALUES(2, 3);
INSERT INTO BOOK_TITLE_GENRES(book_title_id, genres_id) VALUES(2, 0);
INSERT INTO BOOK_TITLE_GENRES(book_title_id, genres_id) VALUES(2, 1);
INSERT INTO BOOK_TITLE_GENRES(book_title_id, genres_id) VALUES(2, 2);
INSERT INTO BOOK_TITLE_GENRES(book_title_id, genres_id) VALUES(2, 3);
INSERT INTO EDITION_TAGS VALUES(2, 0);
INSERT INTO EDITION_TAGS VALUES(2, 1);
INSERT INTO EDITION_TAGS VALUES(2, 2);
INSERT INTO EDITION_TAGS VALUES(2, 3);
INSERT INTO BOOK_TITLE VALUES(3, 'Cryptography: A Very Short Introduction');
INSERT INTO EDITION VALUES(3, 16, 'This book is a clear and informative introduction to cryptography and data protection - subjects of considerable social and political importance. It explains what algorithms do, how they are used, the risks associated with using them, and why governments should be concerned. Important areas are highlighted, such as Stream Ciphers, block ciphers, public key algorithms, digital signatures, and applications such as e-commerce. This book highlights the explosive impact of cryptography on modern society, with, for example, the evolution of the internet and the introduction of more sophisticated banking methods. ABOUT THE SERIES: The Very Short Introductions series from Oxford University Press contains hundreds of titles in almost every subject area. These pocket-sized books are the perfect way to get ahead in a new subject quickly. Our expert authors combine facts, analysis, perspective, new ideas, and enthusiasm to make interesting and challenging topics highly readable.', '18', 'http://covers.openlibrary.org/b/isbn/9780192803153-L.jpg', 'http://covers.openlibrary.org/b/isbn/9780192803153-M.jpg', 'en', 142, 1.6, 433, false, PARSEDATETIME('2002', 'yyyy'), 2, 3);
INSERT INTO BOOK_TITLE_CONTRIBUTIONS VALUES(3, 4);
INSERT INTO BOOK_TITLE_CONTRIBUTIONS VALUES(3, 5);
INSERT INTO BOOK_TITLE_GENRES(book_title_id, genres_id) VALUES(3, 0);
INSERT INTO BOOK_TITLE_GENRES(book_title_id, genres_id) VALUES(3, 2);
INSERT INTO BOOK_TITLE_GENRES(book_title_id, genres_id) VALUES(3, 3);
INSERT INTO BOOK_TITLE_GENRES(book_title_id, genres_id) VALUES(3, 4);
INSERT INTO BOOK_TITLE_GENRES(book_title_id, genres_id) VALUES(3, 5);
INSERT INTO BOOK_TITLE_GENRES(book_title_id, genres_id) VALUES(3, 6);
INSERT INTO BOOK_TITLE_GENRES(book_title_id, genres_id) VALUES(3, 7);
INSERT INTO EDITION_TAGS VALUES(3, 0);
INSERT INTO EDITION_TAGS VALUES(3, 1);
INSERT INTO EDITION_TAGS VALUES(3, 2);
INSERT INTO EDITION_TAGS VALUES(3, 3);
INSERT INTO BOOK_TITLE VALUES(4, 'Understanding Cryptography');
INSERT INTO EDITION VALUES(4, 37, '<p>Cryptography is now ubiquitous – moving beyond the traditional environments, such as government communications and banking systems, we see cryptographic techniques realized in Web browsers, e-mail programs, cell phones, manufacturing systems, embedded software, smart buildings, cars, and even medical implants. Today''s designers need a comprehensive understanding of applied cryptography.</p> <p></p> <p>After an introduction to cryptography and data security, the authors explain the main techniques in modern cryptography, with chapters addressing stream ciphers, the Data Encryption Standard (DES) and 3DES, the Advanced Encryption Standard (AES), block ciphers, the RSA cryptosystem, public-key cryptosystems based on the discrete logarithm problem, elliptic-curve cryptography (ECC), digital signatures, hash functions, Message Authentication Codes (MACs), and methods for key establishment, including certificates and public-key infrastructure (PKI).', '21', 'http://covers.openlibrary.org/b/isbn/9783642041013-L.jpg', 'http://covers.openlibrary.org/b/isbn/9783642041013-M.jpg', 'en', 372, 1.9, 170, true, PARSEDATETIME('2009', 'yyyy'), 3, 4);
INSERT INTO BOOK_TITLE_CONTRIBUTIONS VALUES(4, 6);
INSERT INTO BOOK_TITLE_CONTRIBUTIONS VALUES(4, 7);
INSERT INTO BOOK_TITLE_GENRES(book_title_id, genres_id) VALUES(4, 0);
INSERT INTO BOOK_TITLE_GENRES(book_title_id, genres_id) VALUES(4, 2);
INSERT INTO BOOK_TITLE_GENRES(book_title_id, genres_id) VALUES(4, 3);
INSERT INTO BOOK_TITLE_GENRES(book_title_id, genres_id) VALUES(4, 8);
INSERT INTO BOOK_TITLE_GENRES(book_title_id, genres_id) VALUES(4, 9);
INSERT INTO EDITION_TAGS VALUES(4, 0);
INSERT INTO EDITION_TAGS VALUES(4, 1);
INSERT INTO EDITION_TAGS VALUES(4, 2);
INSERT INTO EDITION_TAGS VALUES(4, 3);
INSERT INTO BOOK_TITLE VALUES(5, 'Serious Cryptography');
INSERT INTO EDITION VALUES(5, 21, 'This practical guide to modern encryption breaks down the fundamental mathematical concepts at the heart of cryptography without shying away from meaty discussions of how they work. You''ll learn about authenticated encryption, secure randomness, hash functions, block ciphers, and public-key techniques such as RSA and elliptic curve cryptography. <p>You''ll also learn: <br>- Key concepts in cryptography, such as computational security, attacker models, and forward secrecy <br>- The strengths and limitations of the TLS protocol behind HTTPS secure websites <br>- Quantum computation and post-quantum cryptography <br>- About various vulnerabilities by examining numerous code examples and use cases <br>- How to choose the best algorithm or protocol and ask vendors the right questions <p>Each chapter includes a discussion of common implementation mistakes using real-world examples and details what could go wrong and how to avoid these pitfalls.', '18', 'http://covers.openlibrary.org/b/isbn/9781593278267-L.jpg', 'http://covers.openlibrary.org/b/isbn/9781593278267-M.jpg', 'en', 312, 5.0, 172, true, PARSEDATETIME('2017', 'yyyy'), 4, 5);
INSERT INTO BOOK_TITLE_CONTRIBUTIONS VALUES(5, 8);
INSERT INTO BOOK_TITLE_GENRES(book_title_id, genres_id) VALUES(5, 0);
INSERT INTO BOOK_TITLE_GENRES(book_title_id, genres_id) VALUES(5, 2);
INSERT INTO BOOK_TITLE_GENRES(book_title_id, genres_id) VALUES(5, 10);
INSERT INTO EDITION_TAGS VALUES(5, 0);
INSERT INTO EDITION_TAGS VALUES(5, 1);
INSERT INTO EDITION_TAGS VALUES(5, 2);
INSERT INTO EDITION_TAGS VALUES(5, 3);
INSERT INTO BOOK_TITLE VALUES(6, 'Theory of Cryptography');
INSERT INTO EDITION VALUES(6, 32, 'TCC 2005, the 2nd Annual Theory of Cryptography Conference, was held in Cambridge,Massachusetts,onFebruary10–12,2005.Theconferencereceived84 submissions,ofwhichtheprogramcommitteeselected32forpresentation.These proceedings contain the revised versions of the submissions that were presented at the conference. These revisions have not been checked for correctness, and the authors bear full responsibility for the contents of their papers. The conference program also included a panel discussion on the future of theoretical cryptography and its relationship to the real world (whatever that is). It also included the traditional “rump session,” featuring short, informal talks on late-breaking research news. Much as hatters of old faced mercury-induced neurological damage as an occupational hazard, computer scientists will on rare occasion be a?icted with egocentrism, probably due to prolonged CRT exposure.', '22', 'http://covers.openlibrary.org/b/isbn/9783540245735-L.jpg', 'http://covers.openlibrary.org/b/isbn/9783540245735-M.jpg', 'en', 619, 3.2, 467, true, PARSEDATETIME('2005', 'yyyy'), 3, 6);
INSERT INTO BOOK_TITLE_CONTRIBUTIONS VALUES(6, 9);
INSERT INTO BOOK_TITLE_GENRES(book_title_id, genres_id) VALUES(6, 0);
INSERT INTO BOOK_TITLE_GENRES(book_title_id, genres_id) VALUES(6, 11);
INSERT INTO BOOK_TITLE_GENRES(book_title_id, genres_id) VALUES(6, 12);
INSERT INTO BOOK_TITLE_GENRES(book_title_id, genres_id) VALUES(6, 13);
INSERT INTO BOOK_TITLE_GENRES(book_title_id, genres_id) VALUES(6, 14);
INSERT INTO EDITION_TAGS VALUES(6, 0);
INSERT INTO EDITION_TAGS VALUES(6, 1);
INSERT INTO EDITION_TAGS VALUES(6, 2);
INSERT INTO EDITION_TAGS VALUES(6, 3);
INSERT INTO BOOK_TITLE VALUES(7, 'Introduction to Cryptography');
INSERT INTO EDITION VALUES(7, 22, '<p>Due to the rapid growth of digital communication and electronic data exchange, information security has become a crucial issue in industry, business, and administration. Modern cryptography provides essential techniques for securing information and protecting data.</p> <p>In the first part, this book covers the key concepts of cryptography on an undergraduate level, from encryption and digital signatures to cryptographic protocols. Essential techniques are demonstrated in protocols for key exchange, user identification, electronic elections and digital cash. In the second part, more advanced topics are addressed, such as the bit security of one-way functions and computationally perfect pseudorandom bit generators. The security of cryptographic schemes is a central topic. Typical examples of provably secure encryption and signature schemes and their security proofs are given. Though particular attention is given to the mathematical foundations, no special background in mathematics is', '20', 'http://covers.openlibrary.org/b/isbn/9783540492436-L.jpg', 'http://covers.openlibrary.org/b/isbn/9783540492436-M.jpg', 'en', 367, 3.5, 433, true, PARSEDATETIME('2007', 'yyyy'), 3, 7);
INSERT INTO BOOK_TITLE_CONTRIBUTIONS VALUES(7, 10);
INSERT INTO BOOK_TITLE_CONTRIBUTIONS VALUES(7, 11);
INSERT INTO BOOK_TITLE_GENRES(book_title_id, genres_id) VALUES(7, 0);
INSERT INTO BOOK_TITLE_GENRES(book_title_id, genres_id) VALUES(7, 8);
INSERT INTO BOOK_TITLE_GENRES(book_title_id, genres_id) VALUES(7, 14);
INSERT INTO BOOK_TITLE_GENRES(book_title_id, genres_id) VALUES(7, 1);
INSERT INTO EDITION_TAGS VALUES(7, 0);
INSERT INTO EDITION_TAGS VALUES(7, 1);
INSERT INTO EDITION_TAGS VALUES(7, 2);
INSERT INTO EDITION_TAGS VALUES(7, 3);
INSERT INTO BOOK_TITLE VALUES(8, 'Post-Quantum Cryptography');
INSERT INTO EDITION VALUES(8, 44, '<p>Quantum computers will break today''s most popular public-key cryptographic systems, including RSA, DSA, and ECDSA. This book introduces the reader to the next generation of cryptographic algorithms, the systems that resist quantum-computer attacks: in particular, post-quantum public-key encryption systems and post-quantum public-key signature systems. </p> <p>Leading experts have joined forces for the first time to explain the state of the art in quantum computing, hash-based cryptography, code-based cryptography, lattice-based cryptography, and multivariate cryptography. Mathematical foundations and implementation issues are included. </p> <p>This book is an essential resource for students and researchers who want to contribute to the field of post-quantum cryptography.</p>', '18', 'http://covers.openlibrary.org/b/isbn/9783540887027-L.jpg', 'http://covers.openlibrary.org/b/isbn/9783540887027-M.jpg', 'en', 246, 1.2, 342, true, PARSEDATETIME('2009', 'yyyy'), 3, 8);
INSERT INTO BOOK_TITLE_CONTRIBUTIONS VALUES(8, 12);
INSERT INTO BOOK_TITLE_CONTRIBUTIONS VALUES(8, 13);
INSERT INTO BOOK_TITLE_CONTRIBUTIONS VALUES(8, 14);
INSERT INTO BOOK_TITLE_GENRES(book_title_id, genres_id) VALUES(8, 0);
INSERT INTO BOOK_TITLE_GENRES(book_title_id, genres_id) VALUES(8, 2);
INSERT INTO BOOK_TITLE_GENRES(book_title_id, genres_id) VALUES(8, 3);
INSERT INTO BOOK_TITLE_GENRES(book_title_id, genres_id) VALUES(8, 5);
INSERT INTO BOOK_TITLE_GENRES(book_title_id, genres_id) VALUES(8, 15);
INSERT INTO BOOK_TITLE_GENRES(book_title_id, genres_id) VALUES(8, 16);
INSERT INTO EDITION_TAGS VALUES(8, 0);
INSERT INTO EDITION_TAGS VALUES(8, 1);
INSERT INTO EDITION_TAGS VALUES(8, 2);
INSERT INTO EDITION_TAGS VALUES(8, 3);
INSERT INTO BOOK_TITLE VALUES(9, 'Introduction to Modern Cryptography, Second Edition');
INSERT INTO EDITION VALUES(9, 45, '<p>Cryptography is ubiquitous and plays a key role in ensuring data secrecy and integrity as well as in securing computer systems more broadly. <b>Introduction to Modern Cryptography</b> provides a rigorous yet accessible treatment of this fascinating subject. </p> <p>The authors introduce the core principles of modern cryptography, with an emphasis on formal definitions, clear assumptions, and rigorous proofs of security. The book begins by focusing on private-key cryptography, including an extensive treatment of private-key encryption, message authentication codes, and hash functions. The authors also present design principles for widely used stream ciphers and block ciphers including RC4, DES, and AES, plus provide provable constructions of stream ciphers and block ciphers from lower-level primitives. The second half of the book covers public-key cryptography, beginning with a self-contained introduction to the number theory needed to understand the RSA, Diffie-Hellman, and El Gamal', '21', 'http://covers.openlibrary.org/b/isbn/9781466570269-L.jpg', 'http://covers.openlibrary.org/b/isbn/9781466570269-M.jpg', 'en', 603, 3.5, 572, true, PARSEDATETIME('2014', 'yyyy'), 5, 9);
INSERT INTO BOOK_TITLE_CONTRIBUTIONS VALUES(9, 15);
INSERT INTO BOOK_TITLE_CONTRIBUTIONS VALUES(9, 16);
INSERT INTO BOOK_TITLE_GENRES(book_title_id, genres_id) VALUES(9, 0);
INSERT INTO BOOK_TITLE_GENRES(book_title_id, genres_id) VALUES(9, 2);
INSERT INTO BOOK_TITLE_GENRES(book_title_id, genres_id) VALUES(9, 3);
INSERT INTO BOOK_TITLE_GENRES(book_title_id, genres_id) VALUES(9, 5);
INSERT INTO BOOK_TITLE_GENRES(book_title_id, genres_id) VALUES(9, 10);
INSERT INTO BOOK_TITLE_GENRES(book_title_id, genres_id) VALUES(9, 17);
INSERT INTO BOOK_TITLE_GENRES(book_title_id, genres_id) VALUES(9, 18);
INSERT INTO EDITION_TAGS VALUES(9, 0);
INSERT INTO EDITION_TAGS VALUES(9, 1);
INSERT INTO EDITION_TAGS VALUES(9, 2);
INSERT INTO EDITION_TAGS VALUES(9, 3);
INSERT INTO BOOK_TITLE VALUES(10, 'Cryptography and Network Security');
INSERT INTO EDITION VALUES(10, 48, '<p>William Stallings'' <i>Cryptography and Network Security: Principles and Practice, 5e</i> is a practical survey of cryptography and network security with unmatched support for instructors and students.</p> <p>In this age of universal electronic connectivity, viruses and hackers, electronic eavesdropping, and electronic fraud, security is paramount. This text provides a practical survey of both the principles and practice of cryptography and network security. First, the basic issues to be addressed by a network security capability are explored through a tutorial and survey of cryptography and network security technology. Then, the practice of network security is explored via practical applications that have been implemented and are in use today. An unparalleled support package for instructors and students ensures a successful teaching and learning experience.</p> <p>The new edition has been updated to include coverage of the latest topics including expanded coverage of block cipher m', '21', 'http://covers.openlibrary.org/b/isbn/9780136097044-L.jpg', 'http://covers.openlibrary.org/b/isbn/9780136097044-M.jpg', 'en', 719, 3.6, 380, true, PARSEDATETIME('2011', 'yyyy'), 6, 10);
INSERT INTO BOOK_TITLE_CONTRIBUTIONS VALUES(10, 17);
INSERT INTO BOOK_TITLE_GENRES(book_title_id, genres_id) VALUES(10, 0);
INSERT INTO BOOK_TITLE_GENRES(book_title_id, genres_id) VALUES(10, 19);
INSERT INTO BOOK_TITLE_GENRES(book_title_id, genres_id) VALUES(10, 20);
INSERT INTO EDITION_TAGS VALUES(10, 0);
INSERT INTO EDITION_TAGS VALUES(10, 1);
INSERT INTO EDITION_TAGS VALUES(10, 2);
INSERT INTO EDITION_TAGS VALUES(10, 3);
INSERT INTO BOOK_TITLE VALUES(11, 'Cryptography Made Simple');
INSERT INTO EDITION VALUES(11, 51, 'In this introductory textbook the author explains the key topics in cryptography. He takes a modern approach, where defining what is meant by "secure" is as important as creating something that achieves that goal, and security definitions are central to the discussion throughout.<br>The author balances a largely non-rigorous style — many proofs are sketched only — with appropriate formality and depth. For example, he uses the terminology of groups and finite fields so that the reader can understand both the latest academic research and "real-world" documents such as application programming interface descriptions and cryptographic standards. The text employs colour to distinguish between public and private information, and all chapters include summaries and suggestions for further reading.<br>This is a suitable textbook for advanced undergraduate and graduate students in computer science, mathematics and engineering, and for self-study by professionals in information security.', '21', 'http://covers.openlibrary.org/b/isbn/9783319219356-L.jpg', 'http://covers.openlibrary.org/b/isbn/9783319219356-M.jpg', 'en', 481, 4.1, 266, true, PARSEDATETIME('2015', 'yyyy'), 7, 11);
INSERT INTO BOOK_TITLE_CONTRIBUTIONS VALUES(11, 18);
INSERT INTO BOOK_TITLE_GENRES(book_title_id, genres_id) VALUES(11, 0);
INSERT INTO BOOK_TITLE_GENRES(book_title_id, genres_id) VALUES(11, 3);
INSERT INTO BOOK_TITLE_GENRES(book_title_id, genres_id) VALUES(11, 8);
INSERT INTO BOOK_TITLE_GENRES(book_title_id, genres_id) VALUES(11, 16);
INSERT INTO BOOK_TITLE_GENRES(book_title_id, genres_id) VALUES(11, 21);
INSERT INTO BOOK_TITLE_GENRES(book_title_id, genres_id) VALUES(11, 22);
INSERT INTO EDITION_TAGS VALUES(11, 0);
INSERT INTO EDITION_TAGS VALUES(11, 1);
INSERT INTO EDITION_TAGS VALUES(11, 2);
INSERT INTO EDITION_TAGS VALUES(11, 3);
INSERT INTO BOOK_TITLE VALUES(12, 'Guide to Elliptic Curve Cryptography');
INSERT INTO EDITION VALUES(12, 32, '<p>After two decades of research and development, elliptic curve cryptography now has widespread exposure and acceptance. Industry, banking, and government standards are in place to facilitate extensive deployment of this efficient public-key mechanism. </p> <p></p> <p>Anchored by a comprehensive treatment of the practical aspects of elliptic curve cryptography (ECC), this guide explains the basic mathematics, describes state-of-the-art implementation methods, and presents standardized protocols for public-key encryption, digital signatures, and key establishment. In addition, the book addresses some issues that arise in software and hardware implementation, as well as side-channel attacks and countermeasures. Readers receive the theoretical fundamentals as an underpinning for a wealth of practical and accessible knowledge about efficient application. <br><br>Features & Benefits:</p> <p></p> <p>* Breadth of coverage and unified, integrated approach to elliptic curve cryptosystems</p> <', '22', 'http://covers.openlibrary.org/b/isbn/9780387952734-L.jpg', 'http://covers.openlibrary.org/b/isbn/9780387952734-M.jpg', 'en', 312, 1.8, 146, true, PARSEDATETIME('2004', 'yyyy'), 3, 12);
INSERT INTO BOOK_TITLE_CONTRIBUTIONS VALUES(12, 19);
INSERT INTO BOOK_TITLE_CONTRIBUTIONS VALUES(12, 20);
INSERT INTO BOOK_TITLE_CONTRIBUTIONS VALUES(12, 21);
INSERT INTO BOOK_TITLE_GENRES(book_title_id, genres_id) VALUES(12, 0);
INSERT INTO BOOK_TITLE_GENRES(book_title_id, genres_id) VALUES(12, 2);
INSERT INTO BOOK_TITLE_GENRES(book_title_id, genres_id) VALUES(12, 3);
INSERT INTO BOOK_TITLE_GENRES(book_title_id, genres_id) VALUES(12, 8);
INSERT INTO BOOK_TITLE_GENRES(book_title_id, genres_id) VALUES(12, 10);
INSERT INTO EDITION_TAGS VALUES(12, 0);
INSERT INTO EDITION_TAGS VALUES(12, 1);
INSERT INTO EDITION_TAGS VALUES(12, 2);
INSERT INTO EDITION_TAGS VALUES(12, 3);
INSERT INTO BOOK_TITLE VALUES(13, 'Cryptography');
INSERT INTO EDITION VALUES(13, 15, 'THE LEGACY...<br>First introduced in 1995, Cryptography: Theory and Practice garnered enormous praise and popularity, and soon became the standard textbook for cryptography courses around the world. The second edition was equally embraced, and enjoys status as a perennial bestseller. Now in its third edition, this authoritative text continues to provide a solid foundation for future breakthroughs in cryptography.<br><br>WHY A THIRD EDITION?<br><br>The art and science of cryptography has been evolving for thousands of years. Now, with unprecedented amounts of information circling the globe, we must be prepared to face new threats and employ new encryption schemes on an ongoing basis. This edition updates relevant chapters with the latest advances and includes seven additional chapters covering:<br><li>Pseudorandom bit generation in cryptography<br></li><li>Entity authentication, including schemes built from primitives and special purpose "zero-knowledge" schemes<br></li><li>Key establis', '18', 'http://covers.openlibrary.org/b/isbn/9781584885085-L.jpg', 'http://covers.openlibrary.org/b/isbn/9781584885085-M.jpg', 'en', 616, 3.9, 328, true, PARSEDATETIME('2005', 'yyyy'), 5, 13);
INSERT INTO BOOK_TITLE_CONTRIBUTIONS VALUES(13, 22);
INSERT INTO BOOK_TITLE_GENRES(book_title_id, genres_id) VALUES(13, 0);
INSERT INTO BOOK_TITLE_GENRES(book_title_id, genres_id) VALUES(13, 2);
INSERT INTO BOOK_TITLE_GENRES(book_title_id, genres_id) VALUES(13, 3);
INSERT INTO BOOK_TITLE_GENRES(book_title_id, genres_id) VALUES(13, 5);
INSERT INTO BOOK_TITLE_GENRES(book_title_id, genres_id) VALUES(13, 17);
INSERT INTO BOOK_TITLE_GENRES(book_title_id, genres_id) VALUES(13, 18);
INSERT INTO EDITION_TAGS VALUES(13, 0);
INSERT INTO EDITION_TAGS VALUES(13, 1);
INSERT INTO EDITION_TAGS VALUES(13, 2);
INSERT INTO EDITION_TAGS VALUES(13, 3);
INSERT INTO BOOK_TITLE VALUES(14, 'Cryptography and Security: From Theory to Applications');
INSERT INTO EDITION VALUES(14, 46, '<p>This Festschrift volume, published in honor of Jean-Jaques Quisquater on the occasion of his 65th Birthday, contains 33 papers from colleagues all over the world and deals with all the fields to which Jean-Jacques dedicated his work during his academic career.</p><p>Focusing on personal tributes and re-visits of Jean-Jacques Quisquater''s legacy, the volume addresses the following central topics: symmetric and asymmetric cryptography, side-channels attacks, hardware and implementations, smart cards, and information security. In addition there are four more contributions just "as diverse as Jean-Jacques'' scientific interests".</p>', '18', 'http://covers.openlibrary.org/b/isbn/9783642283673-L.jpg', 'http://covers.openlibrary.org/b/isbn/9783642283673-M.jpg', 'en', 502, 3.1, 78, false, PARSEDATETIME('2012', 'yyyy'), 3, 14);
INSERT INTO BOOK_TITLE_CONTRIBUTIONS VALUES(14, 23);
INSERT INTO BOOK_TITLE_GENRES(book_title_id, genres_id) VALUES(14, 0);
INSERT INTO BOOK_TITLE_GENRES(book_title_id, genres_id) VALUES(14, 3);
INSERT INTO BOOK_TITLE_GENRES(book_title_id, genres_id) VALUES(14, 11);
INSERT INTO BOOK_TITLE_GENRES(book_title_id, genres_id) VALUES(14, 12);
INSERT INTO BOOK_TITLE_GENRES(book_title_id, genres_id) VALUES(14, 13);
INSERT INTO BOOK_TITLE_GENRES(book_title_id, genres_id) VALUES(14, 16);
INSERT INTO EDITION_TAGS VALUES(14, 0);
INSERT INTO EDITION_TAGS VALUES(14, 1);
INSERT INTO EDITION_TAGS VALUES(14, 2);
INSERT INTO EDITION_TAGS VALUES(14, 3);
INSERT INTO BOOK_TITLE VALUES(15, 'Practical Cryptography in Python');
INSERT INTO EDITION VALUES(15, 43, '<p>Develop a greater intuition for the proper use of cryptography. This book teaches the basics of writing cryptographic algorithms in Python, demystifies cryptographic internals, and demonstrates common ways cryptography is used incorrectly.<br></p> <p>Cryptography is the lifeblood of the digital world’s security infrastructure. From governments around the world to the average consumer, most communications are protected in some form or another by cryptography. These days, even Google searches are encrypted. Despite its ubiquity, cryptography is easy to misconfigure, misuse, and misunderstand.</p><p>Developers building cryptographic operations into their applications are not typically experts in the subject, and may not fully grasp the implication of different algorithms, modes, and other parameters. The concepts in this book are largely taught by example, including incorrect uses of cryptography and how "bad" cryptography can be broken.', '21', 'http://covers.openlibrary.org/b/isbn/9781484248997-L.jpg', 'http://covers.openlibrary.org/b/isbn/9781484248997-M.jpg', 'en', 371, 3.0, 194, true, PARSEDATETIME('2019', 'yyyy'), 8, 15);
INSERT INTO BOOK_TITLE_CONTRIBUTIONS VALUES(15, 24);
INSERT INTO BOOK_TITLE_CONTRIBUTIONS VALUES(15, 25);
INSERT INTO BOOK_TITLE_GENRES(book_title_id, genres_id) VALUES(15, 0);
INSERT INTO BOOK_TITLE_GENRES(book_title_id, genres_id) VALUES(15, 1);
INSERT INTO BOOK_TITLE_GENRES(book_title_id, genres_id) VALUES(15, 2);
INSERT INTO BOOK_TITLE_GENRES(book_title_id, genres_id) VALUES(15, 3);
INSERT INTO BOOK_TITLE_GENRES(book_title_id, genres_id) VALUES(15, 23);
INSERT INTO BOOK_TITLE_GENRES(book_title_id, genres_id) VALUES(15, 24);
INSERT INTO EDITION_TAGS VALUES(15, 0);
INSERT INTO EDITION_TAGS VALUES(15, 1);
INSERT INTO EDITION_TAGS VALUES(15, 2);
INSERT INTO EDITION_TAGS VALUES(15, 3);
INSERT INTO BOOK_TITLE VALUES(16, 'Foundations of Cryptography: Volume 2, Basic Applications');
INSERT INTO EDITION VALUES(16, 12, 'Cryptography is concerned with the conceptualization, definition and construction of computing systems that address security concerns. The design of cryptographic systems must be based on firm foundations. Foundations of Cryptography presents a rigorous and systematic treatment of foundational issues, defining cryptographic tasks and solving cryptographic problems. The emphasis is on the clarification of fundamental concepts and on demonstrating the feasibility of solving several central cryptographic problems, as opposed to describing ad-hoc approaches. This second volume contains a thorough treatment of three basic applications: Encryption, Signatures, and General Cryptographic Protocols. It builds on the previous volume, which provided a treatment of one-way functions, pseudorandomness, and zero-knowledge proofs. It is suitable for use in a graduate course on cryptography and as a reference book for experts.', '18', 'http://covers.openlibrary.org/b/isbn/9780521830843-L.jpg', 'http://covers.openlibrary.org/b/isbn/9780521830843-M.jpg', 'en', 452, 3.8, 229, false, PARSEDATETIME('2009', 'yyyy'), 9, 16);
INSERT INTO BOOK_TITLE_CONTRIBUTIONS VALUES(16, 26);
INSERT INTO BOOK_TITLE_GENRES(book_title_id, genres_id) VALUES(16, 0);
INSERT INTO BOOK_TITLE_GENRES(book_title_id, genres_id) VALUES(16, 2);
INSERT INTO BOOK_TITLE_GENRES(book_title_id, genres_id) VALUES(16, 4);
INSERT INTO BOOK_TITLE_GENRES(book_title_id, genres_id) VALUES(16, 5);
INSERT INTO BOOK_TITLE_GENRES(book_title_id, genres_id) VALUES(16, 11);
INSERT INTO BOOK_TITLE_GENRES(book_title_id, genres_id) VALUES(16, 25);
INSERT INTO BOOK_TITLE_GENRES(book_title_id, genres_id) VALUES(16, 26);
INSERT INTO EDITION_TAGS VALUES(16, 0);
INSERT INTO EDITION_TAGS VALUES(16, 1);
INSERT INTO EDITION_TAGS VALUES(16, 2);
INSERT INTO EDITION_TAGS VALUES(16, 3);
INSERT INTO BOOK_TITLE VALUES(17, 'Encyclopedia of Cryptography and Security');
INSERT INTO EDITION VALUES(17, 29, 'Expanded into two volumes, the Second Edition of Springer’s <i>Encyclopedia of Cryptography and Security </i>brings the latest and most comprehensive coverage of the topic: Definitive information on cryptography and information security from highly regarded researchers Effective tool for professionals in many fields and researchers of all levels Extensive resource with more than 700 contributions in Second Edition 5643 references, more than twice the number of references that appear in the First Edition With over 300 new entries, appearing in an A-Z format, the <i>Encyclopedia of Cryptography and Security </i>provides easy, intuitive access to information on all aspects of cryptography and security. As a critical enhancement to the First Edition’s base of 464 entries, the information in the <i>Encyclopedia</i> is relevant for researchers and professionals alike. Topics for this comprehensive reference were elected, written, and peer-reviewed by a pool of distinguished researchers in th', '22', 'http://covers.openlibrary.org/b/isbn/9781441959072-L.jpg', 'http://covers.openlibrary.org/b/isbn/9781441959072-M.jpg', 'en', 1416, 1.2, 76, true, PARSEDATETIME('2011', 'yyyy'), 10, 17);
INSERT INTO BOOK_TITLE_CONTRIBUTIONS VALUES(17, 27);
INSERT INTO BOOK_TITLE_CONTRIBUTIONS VALUES(17, 28);
INSERT INTO BOOK_TITLE_GENRES(book_title_id, genres_id) VALUES(17, 0);
INSERT INTO BOOK_TITLE_GENRES(book_title_id, genres_id) VALUES(17, 2);
INSERT INTO BOOK_TITLE_GENRES(book_title_id, genres_id) VALUES(17, 3);
INSERT INTO BOOK_TITLE_GENRES(book_title_id, genres_id) VALUES(17, 8);
INSERT INTO BOOK_TITLE_GENRES(book_title_id, genres_id) VALUES(17, 9);
INSERT INTO BOOK_TITLE_GENRES(book_title_id, genres_id) VALUES(17, 27);
INSERT INTO EDITION_TAGS VALUES(17, 0);
INSERT INTO EDITION_TAGS VALUES(17, 1);
INSERT INTO EDITION_TAGS VALUES(17, 2);
INSERT INTO EDITION_TAGS VALUES(17, 3);
INSERT INTO BOOK_TITLE VALUES(18, 'Malicious Cryptography');
INSERT INTO EDITION VALUES(18, 37, 'Hackers have uncovered the dark side of cryptography—that device developed to defeat Trojan horses, viruses, password theft, and other cyber-crime. It’s called cryptovirology, the art of turning the very methods designed to protect your data into a means of subverting it. In this fascinating, disturbing volume, the experts who first identified cryptovirology show you exactly what you’re up against and how to fight back. <p>They will take you inside the brilliant and devious mind of a hacker—as much an addict as the vacant-eyed denizen of the crackhouse—so you can feel the rush and recognize your opponent’s power. Then, they will arm you for the counterattack.</p> <p>This book reads like a futuristic fantasy, but be assured, the threat is ominously real. Vigilance is essential, now.</p> <ul> <li>Understand the mechanics of computationally secure information stealing</li> <li>Learn how non', '20', 'http://covers.openlibrary.org/b/isbn/9780764549755-L.jpg', 'http://covers.openlibrary.org/b/isbn/9780764549755-M.jpg', 'en', 416, 3.6, 592, true, PARSEDATETIME('2004', 'yyyy'), 0, 18);
INSERT INTO BOOK_TITLE_CONTRIBUTIONS VALUES(18, 29);
INSERT INTO BOOK_TITLE_CONTRIBUTIONS VALUES(18, 30);
INSERT INTO BOOK_TITLE_GENRES(book_title_id, genres_id) VALUES(18, 0);
INSERT INTO BOOK_TITLE_GENRES(book_title_id, genres_id) VALUES(18, 1);
INSERT INTO BOOK_TITLE_GENRES(book_title_id, genres_id) VALUES(18, 2);
INSERT INTO BOOK_TITLE_GENRES(book_title_id, genres_id) VALUES(18, 3);
INSERT INTO EDITION_TAGS VALUES(18, 0);
INSERT INTO EDITION_TAGS VALUES(18, 1);
INSERT INTO EDITION_TAGS VALUES(18, 2);
INSERT INTO EDITION_TAGS VALUES(18, 3);
INSERT INTO BOOK_TITLE VALUES(19, 'An Introduction to Cryptography');
INSERT INTO EDITION VALUES(19, 17, 'INTRODUCTION FOR THE UNINITIATED<br><br>Heretofore, there has been no suitable introductory book that provides a solid mathematical treatment of cryptography for students with little or no background in number theory. By presenting the necessary mathematics as needed, An Introduction to Cryptography superbly fills that void. Although it is intended for the undergraduate student needing an introduction to the subject of cryptography, it contains enough optional, advanced material to challenge even the most informed reader, and provides the basis for a second course on the subject. <br><br>Beginning with an overview of the history of cryptography, the material covers the basics of computer arithmetic and explores complexity issues. The author then presents three comprehensive chapters on symmetric-key cryptosystems, public-key cryptosystems, and primality testing. There is an optional chapter on four factoring methods: Pollard''s p-1 method, the continued fraction algorithm, the quadrati', '22', 'http://covers.openlibrary.org/b/isbn/9781584881278-L.jpg', 'http://covers.openlibrary.org/b/isbn/9781584881278-M.jpg', 'en', 392, 4.3, 452, true, PARSEDATETIME('2000', 'yyyy'), 5, 19);
INSERT INTO BOOK_TITLE_CONTRIBUTIONS VALUES(19, 31);
INSERT INTO BOOK_TITLE_GENRES(book_title_id, genres_id) VALUES(19, 0);
INSERT INTO BOOK_TITLE_GENRES(book_title_id, genres_id) VALUES(19, 2);
INSERT INTO BOOK_TITLE_GENRES(book_title_id, genres_id) VALUES(19, 3);
INSERT INTO BOOK_TITLE_GENRES(book_title_id, genres_id) VALUES(19, 5);
INSERT INTO BOOK_TITLE_GENRES(book_title_id, genres_id) VALUES(19, 17);
INSERT INTO BOOK_TITLE_GENRES(book_title_id, genres_id) VALUES(19, 18);
INSERT INTO EDITION_TAGS VALUES(19, 0);
INSERT INTO EDITION_TAGS VALUES(19, 1);
INSERT INTO EDITION_TAGS VALUES(19, 2);
INSERT INTO EDITION_TAGS VALUES(19, 3);
INSERT INTO BOOK_TITLE VALUES(20, 'Financial Cryptography');
INSERT INTO EDITION VALUES(20, 6, 'The8thAnnualFinancialCryptographyConferencewasheldduring9–12Feb- ary 2004 in Key West, Florida, USA. The conference was organized by the - ternational Financial Cryptography Association (IFCA). The program committee, which comprised 25 members, reviewed 78 subm- sions, of which only 17 were accepted for presentation at the conference. This year''s conference di?ered somewhat from those of previous years in its c- sideration of papers devoted to implementation, rather than purely conceptual research; one of these submissions was presented at the conference. This rep- sented a movement in the conference toward practical problems and real-world perspectives as a complement to more traditional academic forms of research. In this spirit, the program included a number of excellent invited speakers. In the opening talk of the conference, Jack Selby threw down the gauntlet, - scribing some of the achievements of the PayPal system, but also enumerating reasons for the failures of many elegant e', '18', 'http://covers.openlibrary.org/b/isbn/9783540224204-L.jpg', 'http://covers.openlibrary.org/b/isbn/9783540224204-M.jpg', 'en', 286, 4.0, 116, true, PARSEDATETIME('2004', 'yyyy'), 3, 20);
INSERT INTO BOOK_TITLE_CONTRIBUTIONS VALUES(20, 32);
INSERT INTO BOOK_TITLE_GENRES(book_title_id, genres_id) VALUES(20, 0);
INSERT INTO BOOK_TITLE_GENRES(book_title_id, genres_id) VALUES(20, 2);
INSERT INTO BOOK_TITLE_GENRES(book_title_id, genres_id) VALUES(20, 3);
INSERT INTO BOOK_TITLE_GENRES(book_title_id, genres_id) VALUES(20, 11);
INSERT INTO BOOK_TITLE_GENRES(book_title_id, genres_id) VALUES(20, 17);
INSERT INTO BOOK_TITLE_GENRES(book_title_id, genres_id) VALUES(20, 28);
INSERT INTO EDITION_TAGS VALUES(20, 0);
INSERT INTO EDITION_TAGS VALUES(20, 1);
INSERT INTO EDITION_TAGS VALUES(20, 2);
INSERT INTO EDITION_TAGS VALUES(20, 3);
INSERT INTO BOOK_TITLE VALUES(21, 'Black Hat Python');
INSERT INTO EDITION VALUES(21, 16, '<p>In <i>Black Hat Python</i>, the latest from Justin Seitz (author of the best-selling <i>Gray Hat Python</i>), you’ll explore the darker side of Python’s capabilities—writing network sniffers, manipulating packets, infecting virtual machines, creating stealthy trojans, and more. You’ll learn how to:</p>Create a trojan command-and-control using GitHubDetect sandboxing and automate com­mon malware tasks, like keylogging and screenshottingEscalate Windows privileges with creative process controlUse offensive memory forensics tricks to retrieve password hashes and inject shellcode into a virtual machineExtend the popular Burp Suite web-hacking toolAbuse Windows COM automation to perform a man-in-the-browser attackExfiltrate data from a network most sneakily<p>Insider techniques and creative challenges throughout show you how to extend the hacks and how to write your own exploits.</p><p>When it comes to offensive security, your ability to create powerful tools on the fly is indispensable.', '21', 'http://covers.openlibrary.org/b/isbn/9781593275907-L.jpg', 'http://covers.openlibrary.org/b/isbn/9781593275907-M.jpg', 'en', 192, 4.0, 438, true, PARSEDATETIME('2014', 'yyyy'), 4, 21);
INSERT INTO BOOK_TITLE_CONTRIBUTIONS VALUES(21, 33);
INSERT INTO BOOK_TITLE_GENRES(book_title_id, genres_id) VALUES(21, 0);
INSERT INTO BOOK_TITLE_GENRES(book_title_id, genres_id) VALUES(21, 2);
INSERT INTO BOOK_TITLE_GENRES(book_title_id, genres_id) VALUES(21, 3);
INSERT INTO BOOK_TITLE_GENRES(book_title_id, genres_id) VALUES(21, 24);
INSERT INTO BOOK_TITLE_GENRES(book_title_id, genres_id) VALUES(21, 29);
INSERT INTO EDITION_TAGS VALUES(21, 4);
INSERT INTO EDITION_TAGS VALUES(21, 5);
INSERT INTO EDITION_TAGS VALUES(21, 2);
INSERT INTO BOOK_TITLE VALUES(22, 'Violent Python');
INSERT INTO EDITION VALUES(22, 8, '<p><i>Violent Python</i> shows you how to move from a theoretical understanding of offensive computing concepts to a practical implementation. Instead of relying on another attacker''s tools, this book will teach you to forge your own weapons using the Python programming language. This book demonstrates how to write Python scripts to automate large-scale network attacks, extract metadata, and investigate forensic artifacts. It also shows how to write code to intercept and analyze network traffic using Python, craft and spoof wireless frames to attack wireless and Bluetooth devices, and how to data-mine popular social media websites and evade modern anti-virus. </p> <br><br><ul><li>Demonstrates how to write Python scripts to automate large-scale network attacks, extract metadata, and investigate forensic artifacts</li><li>Write code to intercept and analyze network traffic using Python. C', '21', 'http://covers.openlibrary.org/b/isbn/9781597499576-L.jpg', 'http://covers.openlibrary.org/b/isbn/9781597499576-M.jpg', 'en', 288, 3.7, 304, true, PARSEDATETIME('2012', 'yyyy'), 11, 22);
INSERT INTO BOOK_TITLE_CONTRIBUTIONS VALUES(22, 34);
INSERT INTO BOOK_TITLE_GENRES(book_title_id, genres_id) VALUES(22, 0);
INSERT INTO BOOK_TITLE_GENRES(book_title_id, genres_id) VALUES(22, 2);
INSERT INTO BOOK_TITLE_GENRES(book_title_id, genres_id) VALUES(22, 3);
INSERT INTO EDITION_TAGS VALUES(22, 4);
INSERT INTO EDITION_TAGS VALUES(22, 5);
INSERT INTO EDITION_TAGS VALUES(22, 2);
INSERT INTO BOOK_TITLE VALUES(23, 'Python in a Nutshell');
INSERT INTO EDITION VALUES(23, 23, '<p> This book offers Python programmers one place to look when they need help remembering or deciphering the syntax of this open source language and its many powerful but scantily documented modules. This comprehensive reference guide makes it easy to look up the most frequently needed information--not just about the Python language itself, but also the most frequently used parts of the standard library and the most important third-party extensions. </p> <p> Ask any Python aficionado and you''ll hear that Python programmers have it all: an elegant object-oriented language with readable and maintainable syntax, that allows for easy integration with components in C, C++, Java, or C#, and an enormous collection of precoded standard library and third-party extension modules. Moreover, Python is easy to learn, yet powerful enough to take on the most ambitious programming challenges. But what Python programmers used to lack is a concise and clear reference resource, with the appropriate meas', '21', 'http://covers.openlibrary.org/b/isbn/9780596100469-L.jpg', 'http://covers.openlibrary.org/b/isbn/9780596100469-M.jpg', 'en', 695, 3.4, 132, true, PARSEDATETIME('2006', 'yyyy'), 12, 23);
INSERT INTO BOOK_TITLE_CONTRIBUTIONS VALUES(23, 35);
INSERT INTO BOOK_TITLE_GENRES(book_title_id, genres_id) VALUES(23, 0);
INSERT INTO BOOK_TITLE_GENRES(book_title_id, genres_id) VALUES(23, 3);
INSERT INTO BOOK_TITLE_GENRES(book_title_id, genres_id) VALUES(23, 17);
INSERT INTO BOOK_TITLE_GENRES(book_title_id, genres_id) VALUES(23, 30);
INSERT INTO BOOK_TITLE_GENRES(book_title_id, genres_id) VALUES(23, 31);
INSERT INTO EDITION_TAGS VALUES(23, 4);
INSERT INTO EDITION_TAGS VALUES(23, 5);
INSERT INTO EDITION_TAGS VALUES(23, 2);
INSERT INTO BOOK_TITLE VALUES(24, 'The Hitchhiker''s Guide to Python');
INSERT INTO EDITION VALUES(24, 20, '<p><i>The Hitchhiker''s Guide to Python</i> takes the journeyman Pythonista to true expertise. More than any other language, Python was created with the philosophy of simplicity and parsimony. Now 25 years old, Python has become the primary or secondary language (after SQL) for many business users. With popularity comes diversity--and possibly dilution.</p><p>This guide, collaboratively written by over a hundred members of the Python community, describes best practices currently used by package and application developers. Unlike other books for this audience, <i>The Hitchhiker''s Guide</i> is light on reusable code and heavier on design philosophy, directing the reader to excellent sources that already exist.</p>', '22', 'http://covers.openlibrary.org/b/isbn/9781491933176-L.jpg', 'http://covers.openlibrary.org/b/isbn/9781491933176-M.jpg', 'en', 321, 2.8, 369, true, PARSEDATETIME('2016', 'yyyy'), 13, 24);
INSERT INTO BOOK_TITLE_CONTRIBUTIONS VALUES(24, 36);
INSERT INTO BOOK_TITLE_CONTRIBUTIONS VALUES(24, 37);
INSERT INTO BOOK_TITLE_GENRES(book_title_id, genres_id) VALUES(24, 0);
INSERT INTO BOOK_TITLE_GENRES(book_title_id, genres_id) VALUES(24, 32);
INSERT INTO BOOK_TITLE_GENRES(book_title_id, genres_id) VALUES(24, 33);
INSERT INTO BOOK_TITLE_GENRES(book_title_id, genres_id) VALUES(24, 9);
INSERT INTO BOOK_TITLE_GENRES(book_title_id, genres_id) VALUES(24, 19);
INSERT INTO BOOK_TITLE_GENRES(book_title_id, genres_id) VALUES(24, 23);
INSERT INTO BOOK_TITLE_GENRES(book_title_id, genres_id) VALUES(24, 24);
INSERT INTO EDITION_TAGS VALUES(24, 4);
INSERT INTO EDITION_TAGS VALUES(24, 5);
INSERT INTO EDITION_TAGS VALUES(24, 2);
INSERT INTO BOOK_TITLE VALUES(25, 'Automate the Boring Stuff with Python');
INSERT INTO EDITION VALUES(25, 60, '<p> If you’ve ever spent hours renaming files or updating hundreds of spreadsheet cells, you know how tedious tasks like these can be. But what if you could have your computer do them for you?</p><p>In <i>Automate the Boring Stuff with Python</i>, you’ll learn how to use Python to write programs that do in minutes what would take you hours to do by hand—no prior programming experience required. Once you’ve mastered the basics of programming, you’ll create Python programs that effortlessly perform useful and impressive feats of automation to:</p>Search for text in a file or across multiple filesCreate, update, move, and rename files and foldersSearch the Web and download online contentUpdate and format data in Excel spreadsheets of any sizeSplit, merge, watermark, and encrypt PDFsSend reminder emails and text notificationsFill out online forms<p>Step-by-step instructions walk you through each program, and practice projects at the end of each chapter challenge you to improve those progra', '21', 'http://covers.openlibrary.org/b/isbn/9781593275990-L.jpg', 'http://covers.openlibrary.org/b/isbn/9781593275990-M.jpg', 'en', 504, 2.2, 561, true, PARSEDATETIME('2015', 'yyyy'), 4, 25);
INSERT INTO BOOK_TITLE_CONTRIBUTIONS VALUES(25, 38);
INSERT INTO BOOK_TITLE_GENRES(book_title_id, genres_id) VALUES(25, 0);
INSERT INTO BOOK_TITLE_GENRES(book_title_id, genres_id) VALUES(25, 3);
INSERT INTO BOOK_TITLE_GENRES(book_title_id, genres_id) VALUES(25, 9);
INSERT INTO BOOK_TITLE_GENRES(book_title_id, genres_id) VALUES(25, 24);
INSERT INTO BOOK_TITLE_GENRES(book_title_id, genres_id) VALUES(25, 29);
INSERT INTO EDITION_TAGS VALUES(25, 4);
INSERT INTO EDITION_TAGS VALUES(25, 5);
INSERT INTO EDITION_TAGS VALUES(25, 2);
INSERT INTO BOOK_TITLE VALUES(26, 'Python Tricks');
INSERT INTO EDITION VALUES(26, 28, '<p>"I don''t even feel like I''ve scratched the surface of what I can do with Python"</p><p>With Python Tricks: The Book you''ll discover Python''s best practices and the power of beautiful & Pythonic code with simple examples and a step-by-step narrative.</p><p>You''ll get one step closer to mastering Python, so you can write beautiful and idiomatic code that comes to you naturally.</p><p>Learning the ins and outs of Python is difficult-and with this book you''ll be able to focus on the practical skills that really matter. Discover the "hidden gold" in Python''s standard library and start writing clean and Pythonic code today.</p><p>Who Should Read This Book: </p><ul><li>If you''re wondering which lesser known parts in Python you should know about, you''ll get a roadmap with this book. Discover cool (yet practical ) Python tricks and blow your coworkers'' minds in your next code review.</li><li>If you''ve got experience with legacy versions of Python, the book will get you up to speed', '20', 'http://covers.openlibrary.org/b/isbn/9781775093305-L.jpg', 'http://covers.openlibrary.org/b/isbn/9781775093305-M.jpg', 'en', 302, 3.0, 587, true, PARSEDATETIME('2017', 'yyyy'), 14, 26);
INSERT INTO BOOK_TITLE_CONTRIBUTIONS VALUES(26, 39);
INSERT INTO BOOK_TITLE_GENRES(book_title_id, genres_id) VALUES(26, 0);
INSERT INTO BOOK_TITLE_GENRES(book_title_id, genres_id) VALUES(26, 24);
INSERT INTO BOOK_TITLE_GENRES(book_title_id, genres_id) VALUES(26, 23);
INSERT INTO EDITION_TAGS VALUES(26, 4);
INSERT INTO EDITION_TAGS VALUES(26, 5);
INSERT INTO EDITION_TAGS VALUES(26, 2);
INSERT INTO BOOK_TITLE VALUES(27, 'Mission Python');
INSERT INTO EDITION VALUES(27, 26, '<b>Program a graphical adventure game in this hands-on, beginner-friendly introduction to coding in the Python language.</b> <p>Launch into coding with <i>Mission Python</i>, a space-themed guide to building a complete computer game in Python. You''ll learn programming fundamentals like loops, strings, and lists as you build Escape!, an exciting game with a map to explore, items to collect, and tricky logic puzzles to solve. As you work through the book, you''ll build exercises and mini-projects, like making a spacewalk simulator and creating an astronaut''s safety checklist that will put your new Python skills to the test. You''ll learn how to use Pygame Zero, a free resource that lets you add graphics and sound effects to your creations, and you''ll get useful game-making tips, such as how to design fun puzzles and intriguing maps. Before you know it, you''ll have a working, awesome game to stump your friends with (and some nifty coding skills, too!).', '18', 'http://covers.openlibrary.org/b/isbn/9781593278571-L.jpg', 'http://covers.openlibrary.org/b/isbn/9781593278571-M.jpg', 'en', 280, 2.9, 596, false, PARSEDATETIME('2018', 'yyyy'), 4, 27);
INSERT INTO BOOK_TITLE_CONTRIBUTIONS VALUES(27, 40);
INSERT INTO BOOK_TITLE_GENRES(book_title_id, genres_id) VALUES(27, 0);
INSERT INTO BOOK_TITLE_GENRES(book_title_id, genres_id) VALUES(27, 34);
INSERT INTO BOOK_TITLE_GENRES(book_title_id, genres_id) VALUES(27, 35);
INSERT INTO BOOK_TITLE_GENRES(book_title_id, genres_id) VALUES(27, 36);
INSERT INTO BOOK_TITLE_GENRES(book_title_id, genres_id) VALUES(27, 37);
INSERT INTO BOOK_TITLE_GENRES(book_title_id, genres_id) VALUES(27, 9);
INSERT INTO BOOK_TITLE_GENRES(book_title_id, genres_id) VALUES(27, 24);
INSERT INTO BOOK_TITLE_GENRES(book_title_id, genres_id) VALUES(27, 29);
INSERT INTO EDITION_TAGS VALUES(27, 4);
INSERT INTO EDITION_TAGS VALUES(27, 5);
INSERT INTO EDITION_TAGS VALUES(27, 2);
INSERT INTO BOOK_TITLE VALUES(28, 'Python Playground');
INSERT INTO EDITION VALUES(28, 60, '<p> Python is a powerful programming language that’s easy to learn and fun to play with. But once you’ve gotten a handle on the basics, what do you do next?</p><p><i>Python Playground</i> is a collection of imaginative programming projects that will inspire you to use Python to make art and music, build simulations of real-world phenomena, and interact with hardware like the Arduino and Raspberry Pi. You’ll learn to use common Python tools and libraries like numpy, matplotlib, and pygame to do things like:</p><p>*Generate Spirograph-like patterns using parametric equations and the turtle module</p><p>*Create music on your computer by simulating frequency overtones</p><p>*Translate graphical images into ASCII art</p><p>*Write an autostereogram program that produces 3D images hidden beneath random patterns</p><p>*Make realistic animations with OpenGL shaders by exploring particle systems, transparency, and billboarding techniques</p><p>*Construct 3D visualizations using data from CT and ', '19', 'http://covers.openlibrary.org/b/isbn/9781593276041-L.jpg', 'http://covers.openlibrary.org/b/isbn/9781593276041-M.jpg', 'en', 352, 1.4, 168, true, PARSEDATETIME('2015', 'yyyy'), 4, 28);
INSERT INTO BOOK_TITLE_CONTRIBUTIONS VALUES(28, 41);
INSERT INTO BOOK_TITLE_GENRES(book_title_id, genres_id) VALUES(28, 0);
INSERT INTO BOOK_TITLE_GENRES(book_title_id, genres_id) VALUES(28, 3);
INSERT INTO BOOK_TITLE_GENRES(book_title_id, genres_id) VALUES(28, 38);
INSERT INTO BOOK_TITLE_GENRES(book_title_id, genres_id) VALUES(28, 9);
INSERT INTO BOOK_TITLE_GENRES(book_title_id, genres_id) VALUES(28, 24);
INSERT INTO BOOK_TITLE_GENRES(book_title_id, genres_id) VALUES(28, 29);
INSERT INTO EDITION_TAGS VALUES(28, 4);
INSERT INTO EDITION_TAGS VALUES(28, 5);
INSERT INTO EDITION_TAGS VALUES(28, 2);
INSERT INTO BOOK_TITLE VALUES(29, 'Python Programming');
INSERT INTO EDITION VALUES(29, 50, 'This book is suitable for use in a university-level first course in computing (CS1), as well as the increasingly popular course known as CS0. It is difficult for many students to master basic concepts in computer science and programming. A large portion of the confusion can be blamed on the complexity of the tools and materials that are traditionally used to teach CS1 and CS2. This textbook was written with a single overarching goal: to present the core concepts of computer science as simply as possible without being simplistic.', '19', 'http://covers.openlibrary.org/b/isbn/9781887902991-L.jpg', 'http://covers.openlibrary.org/b/isbn/9781887902991-M.jpg', 'en', 517, 2.7, 330, true, PARSEDATETIME('2004', 'yyyy'), 15, 29);
INSERT INTO BOOK_TITLE_CONTRIBUTIONS VALUES(29, 42);
INSERT INTO BOOK_TITLE_GENRES(book_title_id, genres_id) VALUES(29, 0);
INSERT INTO BOOK_TITLE_GENRES(book_title_id, genres_id) VALUES(29, 24);
INSERT INTO BOOK_TITLE_GENRES(book_title_id, genres_id) VALUES(29, 23);
INSERT INTO EDITION_TAGS VALUES(29, 4);
INSERT INTO EDITION_TAGS VALUES(29, 5);
INSERT INTO EDITION_TAGS VALUES(29, 2);
INSERT INTO BOOK_TITLE VALUES(30, 'Python Essential Reference');
INSERT INTO EDITION VALUES(30, 51, '<i>Python Essential Reference</i> is the definitive reference guide to the Python programming language — the one authoritative handbook that reliably untangles and explains both the core Python language and the most essential parts of the Python library.<br> <br> <p>Designed for the professional programmer, the book is concise, to the point, and highly accessible. It also includes detailed information on the Python library and many advanced subjects that is not available in either the official Python documentation or any other single reference source.</p> <p> </p> <p>Thoroughly updated to reflect the significant new programming language features and library modules that have been introduced in Python 2.6 and Python 3, the fourth edition of <i>Python Essential Reference</i> is the definitive guide for programmers who need to modernize existing Python code or who are planning an eventual migration to Python 3.', '19', 'http://covers.openlibrary.org/b/isbn/9780672329784-L.jpg', 'http://covers.openlibrary.org/b/isbn/9780672329784-M.jpg', 'en', 717, 4.4, 278, true, PARSEDATETIME('2009', 'yyyy'), 16, 30);
INSERT INTO BOOK_TITLE_CONTRIBUTIONS VALUES(30, 43);
INSERT INTO BOOK_TITLE_GENRES(book_title_id, genres_id) VALUES(30, 0);
INSERT INTO BOOK_TITLE_GENRES(book_title_id, genres_id) VALUES(30, 24);
INSERT INTO BOOK_TITLE_GENRES(book_title_id, genres_id) VALUES(30, 39);
INSERT INTO BOOK_TITLE_GENRES(book_title_id, genres_id) VALUES(30, 23);
INSERT INTO EDITION_TAGS VALUES(30, 4);
INSERT INTO EDITION_TAGS VALUES(30, 5);
INSERT INTO EDITION_TAGS VALUES(30, 2);
INSERT INTO BOOK_TITLE VALUES(31, 'Adventures in Python');
INSERT INTO EDITION VALUES(31, 14, '<b>The complete beginner''s guide to Python, for young people who want to start today</b> <p><i>Adventures in Python</i> is designed for 11-to 15-year olds who want to teach themselves Python programming, but don''t know where to start. Even if you have no programming experience at all, this easy to follow format and clear, simple instruction will get you up and running quickly. The book walks you through nine projects that teach you the fundamentals of programming in general, and Python in particular, gradually building your skills until you have the confidence and ability to tackle your own projects. Video clips accompany each chapter to provide even more detailed explanation of important concepts, so you feel supported every step of the way.</p> <p>Python is one of the top programming languages worldwide, with an install base in the millions. It''s a favourite language at Google, YouTube, the BBC, and Spotify, and is the primary programming language for the Raspberry Pi.', '21', 'http://covers.openlibrary.org/b/isbn/9781118951798-L.jpg', 'http://covers.openlibrary.org/b/isbn/9781118951798-M.jpg', 'en', 280, 3.0, 155, true, PARSEDATETIME('2015', 'yyyy'), 1, 31);
INSERT INTO BOOK_TITLE_CONTRIBUTIONS VALUES(31, 44);
INSERT INTO BOOK_TITLE_GENRES(book_title_id, genres_id) VALUES(31, 0);
INSERT INTO BOOK_TITLE_GENRES(book_title_id, genres_id) VALUES(31, 3);
INSERT INTO BOOK_TITLE_GENRES(book_title_id, genres_id) VALUES(31, 40);
INSERT INTO BOOK_TITLE_GENRES(book_title_id, genres_id) VALUES(31, 23);
INSERT INTO BOOK_TITLE_GENRES(book_title_id, genres_id) VALUES(31, 24);
INSERT INTO EDITION_TAGS VALUES(31, 4);
INSERT INTO EDITION_TAGS VALUES(31, 5);
INSERT INTO EDITION_TAGS VALUES(31, 2);
INSERT INTO BOOK_TITLE VALUES(32, 'Python Scripting for Computational Science');
INSERT INTO EDITION VALUES(32, 52, 'Numerous readers of the second edition have noti?ed me about misprints and possible improvements of the text and the associated computer codes. The resulting modi?cations have been incorporated in this new edition and its accompanying software. The major change between the second and third editions, however, is caused by the new implementation of Numerical Python, now called numpy. The new numpy package encourages a slightly di?erent syntax compared to the old Numeric implementation, which was used in the previous editions. Since Numerical Python functionality appears in a lot of places in the book, there are hence a huge number of updates to the new suggested numpy syntax, especially in Chapters 4, 9, and 10. The second edition was based on Python version 2.3, while the third edition contains updates for version 2.5. Recent Python features, such as generator expressions (Chapter 8.9.4), Ctypes for interfacing shared libraries in C (Chapter 5.', '22', 'http://covers.openlibrary.org/b/isbn/9783540739159-L.jpg', 'http://covers.openlibrary.org/b/isbn/9783540739159-M.jpg', 'en', 756, 1.7, 462, true, PARSEDATETIME('2009', 'yyyy'), 3, 32);
INSERT INTO BOOK_TITLE_CONTRIBUTIONS VALUES(32, 45);
INSERT INTO BOOK_TITLE_GENRES(book_title_id, genres_id) VALUES(32, 0);
INSERT INTO BOOK_TITLE_GENRES(book_title_id, genres_id) VALUES(32, 3);
INSERT INTO BOOK_TITLE_GENRES(book_title_id, genres_id) VALUES(32, 41);
INSERT INTO BOOK_TITLE_GENRES(book_title_id, genres_id) VALUES(32, 42);
INSERT INTO BOOK_TITLE_GENRES(book_title_id, genres_id) VALUES(32, 43);
INSERT INTO BOOK_TITLE_GENRES(book_title_id, genres_id) VALUES(32, 44);
INSERT INTO BOOK_TITLE_GENRES(book_title_id, genres_id) VALUES(32, 14);
INSERT INTO EDITION_TAGS VALUES(32, 4);
INSERT INTO EDITION_TAGS VALUES(32, 5);
INSERT INTO EDITION_TAGS VALUES(32, 2);
INSERT INTO BOOK_TITLE VALUES(33, 'Python Crash Course');
INSERT INTO EDITION VALUES(33, 53, '<b>Second edition of the best-selling Python book in the world. A fast-paced, no-nonsense guide to programming in Python. Updated and thoroughly revised to reflect the latest in Python code and practices.</b> <p><i>Python Crash Course</i> is the world''s best-selling guide to the Python programming language. This fast-paced, thorough introduction to programming with Python will have you writing programs, solving problems, and making things that work in no time. <p>In the first half of the book, you''ll learn basic programming concepts, such as variables, lists, classes, and loops, and practice writing clean code with exercises for each topic. You''ll also learn how to make your programs interactive and test your code safely before adding it to a project. In the second half, you''ll put your new knowledge into practice with three substantial projects: a Space Invaders-inspired arcade game, a set of data visualizations with Python''s handy libraries, and a simple web app you can deploy o', '18', 'http://covers.openlibrary.org/b/isbn/9781593279288-L.jpg', 'http://covers.openlibrary.org/b/isbn/9781593279288-M.jpg', 'en', 544, 3.0, 408, true, PARSEDATETIME('2019', 'yyyy'), 4, 33);
INSERT INTO BOOK_TITLE_CONTRIBUTIONS VALUES(33, 46);
INSERT INTO BOOK_TITLE_GENRES(book_title_id, genres_id) VALUES(33, 0);
INSERT INTO BOOK_TITLE_GENRES(book_title_id, genres_id) VALUES(33, 24);
INSERT INTO BOOK_TITLE_GENRES(book_title_id, genres_id) VALUES(33, 29);
INSERT INTO EDITION_TAGS VALUES(33, 4);
INSERT INTO EDITION_TAGS VALUES(33, 5);
INSERT INTO EDITION_TAGS VALUES(33, 2);
INSERT INTO BOOK_TITLE VALUES(34, 'Learning Python with Raspberry Pi');
INSERT INTO EDITION VALUES(34, 42, '<p><b>The must-have companion guide to the Raspberry Pi User Guide!</b></p> <p>Raspberry Pi chose Python as its teaching language of choice to encourage a new generation of programmers to learn how to program. This approachable book serves as an ideal resource for anyone wanting to use Raspberry Pi to learn to program and helps you get started with the Python programming language. Aimed at first-time developers with no prior programming language assumed, this beginner book gets you up and running.</p> <ul> <li>Covers variables, loops, and functions</li> <li>Addresses 3D graphics programming</li> <li>Walks you through programming Minecraft</li> <li>Zeroes in on Python for scripting</li> </ul> <p><i>Learning Python with Raspberry Pi</i> proves itself to be a fantastic introduction to coding.</p>', '21', 'http://covers.openlibrary.org/b/isbn/9781118717059-L.jpg', 'http://covers.openlibrary.org/b/isbn/9781118717059-M.jpg', 'en', 286, 1.7, 136, true, PARSEDATETIME('2014', 'yyyy'), 1, 34);
INSERT INTO BOOK_TITLE_CONTRIBUTIONS VALUES(34, 47);
INSERT INTO BOOK_TITLE_CONTRIBUTIONS VALUES(34, 48);
INSERT INTO BOOK_TITLE_GENRES(book_title_id, genres_id) VALUES(34, 0);
INSERT INTO BOOK_TITLE_GENRES(book_title_id, genres_id) VALUES(34, 40);
INSERT INTO BOOK_TITLE_GENRES(book_title_id, genres_id) VALUES(34, 3);
INSERT INTO EDITION_TAGS VALUES(34, 4);
INSERT INTO EDITION_TAGS VALUES(34, 5);
INSERT INTO EDITION_TAGS VALUES(34, 2);
INSERT INTO BOOK_TITLE VALUES(35, 'Professional Python');
INSERT INTO EDITION VALUES(35, 46, '<b>Master the secret tools every Python programmer needs to know</b> <p><i>Professional Python</i> goes beyond the basics to teach beginner- and intermediate-level Python programmers the little-known tools and constructs that build concise, maintainable code. Design better architecture and write easy-to-understand code using highly adoptable techniques that result in more robust and efficient applications. Coverage includes Decorators, Context Managers, Magic Methods, Class Factories, Metaclasses, Regular Expressions, and more, including advanced methods for unit testing using asyncio and CLI tools. Each topic includes an explanation of the concept and a discussion on applications, followed by hands-on tutorials based on real-world scenarios. The "Python 3 first" approach covers multiple current versions, while ensuring long-term relevance.</p> <p>Python offers many tools and techniques for writing better code, but often confusing documentation leaves many programmers in the dark about', '22', 'http://covers.openlibrary.org/b/isbn/9781119070856-L.jpg', 'http://covers.openlibrary.org/b/isbn/9781119070856-M.jpg', 'en', 288, 3.8, 296, true, PARSEDATETIME('2015', 'yyyy'), 1, 35);
INSERT INTO BOOK_TITLE_CONTRIBUTIONS VALUES(35, 49);
INSERT INTO BOOK_TITLE_GENRES(book_title_id, genres_id) VALUES(35, 0);
INSERT INTO BOOK_TITLE_GENRES(book_title_id, genres_id) VALUES(35, 3);
INSERT INTO BOOK_TITLE_GENRES(book_title_id, genres_id) VALUES(35, 9);
INSERT INTO BOOK_TITLE_GENRES(book_title_id, genres_id) VALUES(35, 23);
INSERT INTO BOOK_TITLE_GENRES(book_title_id, genres_id) VALUES(35, 24);
INSERT INTO EDITION_TAGS VALUES(35, 4);
INSERT INTO EDITION_TAGS VALUES(35, 5);
INSERT INTO EDITION_TAGS VALUES(35, 2);
INSERT INTO BOOK_TITLE VALUES(36, 'Python For Dummies');
INSERT INTO EDITION VALUES(36, 36, 'Python is one of the most powerful, easy-to-read programming languages around, but it does have its limitations. This general purpose, high-level language that can be extended and embedded is a smart option for many programming problems, but a poor solution to others. <p><i>Python For Dummies</i> is the quick-and-easy guide to getting the most out of this robust program. This hands-on book will show you everything you need to know about building programs, debugging code, and simplifying development, as well as defining what actions it can perform. You’ll wrap yourself around all of its advanced features and become an expert Python user in no time. This guide gives you the tools you need to:</p> <ul> <li>Master basic elements and syntax</li> <li>Document, design, and debug programs</li> <li>Work with strings like a pro</li> <li>Direct a program with control structures</li> <li>Integrate integers, complex numbers, and modules</li> <li>Build lists, stacks, and queues</li> <li>Create an or', '18', 'http://covers.openlibrary.org/b/isbn/9780471778646-L.jpg', 'http://covers.openlibrary.org/b/isbn/9780471778646-M.jpg', 'en', 432, 4.2, 79, true, PARSEDATETIME('2006', 'yyyy'), 1, 36);
INSERT INTO BOOK_TITLE_CONTRIBUTIONS VALUES(36, 50);
INSERT INTO BOOK_TITLE_CONTRIBUTIONS VALUES(36, 51);
INSERT INTO BOOK_TITLE_GENRES(book_title_id, genres_id) VALUES(36, 0);
INSERT INTO BOOK_TITLE_GENRES(book_title_id, genres_id) VALUES(36, 9);
INSERT INTO BOOK_TITLE_GENRES(book_title_id, genres_id) VALUES(36, 3);
INSERT INTO BOOK_TITLE_GENRES(book_title_id, genres_id) VALUES(36, 44);
INSERT INTO EDITION_TAGS VALUES(36, 4);
INSERT INTO EDITION_TAGS VALUES(36, 5);
INSERT INTO EDITION_TAGS VALUES(36, 2);
INSERT INTO BOOK_TITLE VALUES(37, 'Python All-in-One For Dummies');
INSERT INTO EDITION VALUES(37, 9, '<p><b>Your one-stop resource on all things Python</b></p> <p>Thanks to its flexibility, Python has grown to become one of the most popular programming languages in the world. Developers use Python in app development, web development, data science, machine learning, and even in coding education classes.</p> <p>There''s almost no type of project that Python can''t make better. From creating apps to building complex websites to sorting big data, Python provides a way to get the work done. <i>Python All-in-One For Dummies </i>offers a starting point for those new to coding by explaining the basics of Python and demonstrating how it’s used in a variety of applications.</p> <ul> <li>Covers the basics of the language</li> <li>Explains its syntax through application in high-profile industries</li> <li>Shows how Python can be applied to projects in enterprise</li> <li>Delves into major undertakings including artificial intelligence, physical computing, machine learning, robotics and data analys', '19', 'http://covers.openlibrary.org/b/isbn/9781119557593-L.jpg', 'http://covers.openlibrary.org/b/isbn/9781119557593-M.jpg', 'en', 704, 1.1, 414, true, PARSEDATETIME('2019', 'yyyy'), 1, 37);
INSERT INTO BOOK_TITLE_CONTRIBUTIONS VALUES(37, 52);
INSERT INTO BOOK_TITLE_CONTRIBUTIONS VALUES(37, 53);
INSERT INTO BOOK_TITLE_GENRES(book_title_id, genres_id) VALUES(37, 0);
INSERT INTO BOOK_TITLE_GENRES(book_title_id, genres_id) VALUES(37, 3);
INSERT INTO BOOK_TITLE_GENRES(book_title_id, genres_id) VALUES(37, 45);
INSERT INTO BOOK_TITLE_GENRES(book_title_id, genres_id) VALUES(37, 23);
INSERT INTO BOOK_TITLE_GENRES(book_title_id, genres_id) VALUES(37, 24);
INSERT INTO EDITION_TAGS VALUES(37, 4);
INSERT INTO EDITION_TAGS VALUES(37, 5);
INSERT INTO EDITION_TAGS VALUES(37, 2);
INSERT INTO BOOK_TITLE VALUES(38, 'Math Adventures with Python');
INSERT INTO EDITION VALUES(38, 21, '<b>Learn math by getting creative with code! Use the Python programming language to transform learning high school-level math topics like algebra, geometry, trigonometry, and calculus!</b> <p><i>Math Adventures with Python</i> will show you how to harness the power of programming to keep math relevant and fun. With the aid of the Python programming language, you''ll learn how to visualize solutions to a range of math problems as you use code to explore key mathematical concepts like algebra, trigonometry, matrices, and cellular automata. <p>Once you''ve learned the programming basics like loops and variables, you''ll write your own programs to solve equations quickly, make cool things like an interactive rainbow grid, and automate tedious tasks like factoring numbers and finding square roots. You''ll learn how to write functions to draw and manipulate shapes, create oscillating sine waves, and solve equations graphically.', '21', 'http://covers.openlibrary.org/b/isbn/9781593278670-L.jpg', 'http://covers.openlibrary.org/b/isbn/9781593278670-M.jpg', 'en', 304, 1.9, 531, true, PARSEDATETIME('2019', 'yyyy'), 4, 38);
INSERT INTO BOOK_TITLE_CONTRIBUTIONS VALUES(38, 54);
INSERT INTO BOOK_TITLE_GENRES(book_title_id, genres_id) VALUES(38, 3);
INSERT INTO BOOK_TITLE_GENRES(book_title_id, genres_id) VALUES(38, 5);
INSERT INTO EDITION_TAGS VALUES(38, 4);
INSERT INTO EDITION_TAGS VALUES(38, 5);
INSERT INTO EDITION_TAGS VALUES(38, 2);
INSERT INTO BOOK_TITLE VALUES(39, 'Python Data Science Handbook');
INSERT INTO EDITION VALUES(39, 7, '<p>For many researchers, Python is a first-class tool mainly because of its libraries for storing, manipulating, and gaining insight from data. Several resources exist for individual pieces of this data science stack, but only with the Python Data Science Handbook do you get them all--IPython, NumPy, Pandas, Matplotlib, Scikit-Learn, and other related tools.</p><p>Working scientists and data crunchers familiar with reading and writing Python code will find this comprehensive desk reference ideal for tackling day-to-day issues: manipulating, transforming, and cleaning data; visualizing different types of data; and using data to build statistical or machine learning models. Quite simply, this is the must-have reference for scientific computing in Python.</p><p>With this handbook, you''ll learn how to use: </p><ul><li><b>IPython and Jupyter: </b> provide computational environments for data ', '22', 'http://covers.openlibrary.org/b/isbn/9781491912058-L.jpg', 'http://covers.openlibrary.org/b/isbn/9781491912058-M.jpg', 'en', 529, 4.0, 281, true, PARSEDATETIME('2016', 'yyyy'), 13, 39);
INSERT INTO BOOK_TITLE_CONTRIBUTIONS VALUES(39, 55);
INSERT INTO BOOK_TITLE_CONTRIBUTIONS VALUES(39, 56);
INSERT INTO BOOK_TITLE_GENRES(book_title_id, genres_id) VALUES(39, 0);
INSERT INTO BOOK_TITLE_GENRES(book_title_id, genres_id) VALUES(39, 41);
INSERT INTO BOOK_TITLE_GENRES(book_title_id, genres_id) VALUES(39, 46);
INSERT INTO BOOK_TITLE_GENRES(book_title_id, genres_id) VALUES(39, 47);
INSERT INTO BOOK_TITLE_GENRES(book_title_id, genres_id) VALUES(39, 24);
INSERT INTO BOOK_TITLE_GENRES(book_title_id, genres_id) VALUES(39, 29);
INSERT INTO EDITION_TAGS VALUES(39, 4);
INSERT INTO EDITION_TAGS VALUES(39, 5);
INSERT INTO EDITION_TAGS VALUES(39, 2);
INSERT INTO BOOK_TITLE VALUES(40, 'Treading on Python Volume 2');
INSERT INTO EDITION VALUES(40, 30, '<p>&nbsp;<b>Do you want to take your Python to the next level?</b></p><b></b>Python is easy to learn. You can learn the basics in a day and be productive with it. But there are&nbsp;<b><i>more advanced constructs</i></b>&nbsp;that you will eventually run across if you spend enough time with it. Don''t be confused by these. Learn them, embrace them, and improve your code and others.', '19', 'http://covers.openlibrary.org/b/isbn/9781490550954-L.jpg', 'http://covers.openlibrary.org/b/isbn/9781490550954-M.jpg', 'en', 162, 1.1, 417, true, PARSEDATETIME('2013', 'yyyy'), 17, 40);
INSERT INTO BOOK_TITLE_CONTRIBUTIONS VALUES(40, 57);
INSERT INTO BOOK_TITLE_GENRES(book_title_id, genres_id) VALUES(40, 0);
INSERT INTO BOOK_TITLE_GENRES(book_title_id, genres_id) VALUES(40, 24);
INSERT INTO BOOK_TITLE_GENRES(book_title_id, genres_id) VALUES(40, 29);
INSERT INTO EDITION_TAGS VALUES(40, 4);
INSERT INTO EDITION_TAGS VALUES(40, 5);
INSERT INTO EDITION_TAGS VALUES(40, 2);
INSERT INTO BOOK_TITLE VALUES(41, 'Programming Python');
INSERT INTO EDITION VALUES(41, 36, '<p><i>Programming Python</i>focuses on advanced uses of the Python programming/scripting language, which has evolved from an emerging language of interest primarily to pioneers, to a widely accepted tool that traditional programmers use for real day-to-day development tasks. With Python, you can do almost anything you can do with C++; but Python is an interpreted language designed for rapid application development and deployment. Among other things, Python supports object-oriented programming; a remarkably simple, readable, and maintainable syntax; integration with C components; and a vast collection of pre-coded interfaces and utilities.</p> <p>As Python has grown to embrace developers on a number of different platforms (Unix, Linux, Windows, Mac), companies have taken notice and are adopting Python for their products. It has shown up animating the latest Star Wars movie, serving up maps and directories on the Internet, guiding users through Linux installations, testing chips and boar', '19', 'http://covers.openlibrary.org/b/isbn/9780596000851-L.jpg', 'http://covers.openlibrary.org/b/isbn/9780596000851-M.jpg', 'en', 1255, 3.0, 366, false, PARSEDATETIME('2001', 'yyyy'), 12, 41);
INSERT INTO BOOK_TITLE_CONTRIBUTIONS VALUES(41, 58);
INSERT INTO BOOK_TITLE_GENRES(book_title_id, genres_id) VALUES(41, 0);
INSERT INTO BOOK_TITLE_GENRES(book_title_id, genres_id) VALUES(41, 9);
INSERT INTO BOOK_TITLE_GENRES(book_title_id, genres_id) VALUES(41, 48);
INSERT INTO EDITION_TAGS VALUES(41, 4);
INSERT INTO EDITION_TAGS VALUES(41, 5);
INSERT INTO EDITION_TAGS VALUES(41, 2);
INSERT INTO BOOK_TITLE VALUES(42, 'Programming in Python 3');
INSERT INTO EDITION VALUES(42, 39, '<p></p> <p></p> <b>A Fully Revised Edition Featuring New Material on Coroutines, Debugging, Testing, Parsing, String Formatting, and More</b> <p></p> <p> </p> <p>Python 3 is the best version of the language yet: It is more powerful, convenient, consistent, and expressive than ever before. Now, leading Python programmer Mark Summerfield demonstrates how to write code that takes full advantage of Python 3''s features and idioms. <b><i>Programming in Python 3, Second Edition, </i></b>brings together all the knowledge you need to write any program, use any standard or third-party Python 3 library, and create new library modules of your own.</p> <p> </p> <p>Summerfield draws on his many years of Python experience to share deep insights into Python 3 development you won''t find anywhere else. He begins by illuminating Python''s "beautiful heart" the eight key elements of Python you need to write robust, high-performance programs.', '20', 'http://covers.openlibrary.org/b/isbn/9780321680563-L.jpg', 'http://covers.openlibrary.org/b/isbn/9780321680563-M.jpg', 'en', 630, 2.3, 194, false, PARSEDATETIME('2010', 'yyyy'), 16, 42);
INSERT INTO BOOK_TITLE_CONTRIBUTIONS VALUES(42, 59);
INSERT INTO BOOK_TITLE_GENRES(book_title_id, genres_id) VALUES(42, 0);
INSERT INTO BOOK_TITLE_GENRES(book_title_id, genres_id) VALUES(42, 24);
INSERT INTO BOOK_TITLE_GENRES(book_title_id, genres_id) VALUES(42, 23);
INSERT INTO EDITION_TAGS VALUES(42, 4);
INSERT INTO EDITION_TAGS VALUES(42, 5);
INSERT INTO EDITION_TAGS VALUES(42, 2);
INSERT INTO BOOK_TITLE VALUES(43, 'Python for Bioinformatics');
INSERT INTO EDITION VALUES(43, 54, 'Bioinformatics is a growing field that attracts researchers from many different backgrounds who are unfamiliar with the algorithms commonly used in the field. Python for Bioinformatics provides a clear introduction to the Python programming language and instructs beginners on the development of simple programming exercises . Ideal for those with some knowledge of computer programming languages, this book emphasizes Python syntax and methodologies. The text is divided into three complete sections; the first provides an explanation of general Python programming, the second includes a detailed discussion of the Python tools typically used in bioinformatics including clustering, associative memories, and mathematical analysis techniques, and the third section demonstrates how these tools are implemented through numerous applications.', '21', 'http://covers.openlibrary.org/b/isbn/9780763751869-L.jpg', 'http://covers.openlibrary.org/b/isbn/9780763751869-M.jpg', 'en', 417, 4.3, 247, true, PARSEDATETIME('2009', 'yyyy'), 18, 43);
INSERT INTO BOOK_TITLE_CONTRIBUTIONS VALUES(43, 60);
INSERT INTO BOOK_TITLE_CONTRIBUTIONS VALUES(43, 61);
INSERT INTO BOOK_TITLE_GENRES(book_title_id, genres_id) VALUES(43, 0);
INSERT INTO BOOK_TITLE_GENRES(book_title_id, genres_id) VALUES(43, 41);
INSERT INTO BOOK_TITLE_GENRES(book_title_id, genres_id) VALUES(43, 49);
INSERT INTO BOOK_TITLE_GENRES(book_title_id, genres_id) VALUES(43, 50);
INSERT INTO BOOK_TITLE_GENRES(book_title_id, genres_id) VALUES(43, 51);
INSERT INTO EDITION_TAGS VALUES(43, 4);
INSERT INTO EDITION_TAGS VALUES(43, 5);
INSERT INTO EDITION_TAGS VALUES(43, 2);
INSERT INTO BOOK_TITLE VALUES(44, 'The C++ Standard Library');
INSERT INTO EDITION VALUES(44, 51, '<b>The Best-Selling C++ Resource</b> <p> <b>Now Updated for C++11</b> </p> <p> </p> <p>The C++ standard library provides a set of common classes and interfaces that greatly extend the core C++ language. The library, however, is not self-explanatory. To make full use of its components–and to benefit from their power–you need a resource that does far more than list the classes and their functions.</p> <p> </p> <p> <b> <i>The C++ Standard Library: A Tutorial and Reference, Second Edition,</i> </b> describes this library as now incorporated into the new ANSI/ISO C++ language standard (C++11). The book provides comprehensive documentation of each library component, including an introduction to its purpose and design; clearly written explanations of complex concepts; the practical programming details needed for effective use; traps and pitfalls; the exact signature and definition of the most important classes and functions; and numerous examples of working code.', '18', 'http://covers.openlibrary.org/b/isbn/9780321623218-L.jpg', 'http://covers.openlibrary.org/b/isbn/9780321623218-M.jpg', 'en', 1099, 3.3, 109, true, PARSEDATETIME('2012', 'yyyy'), 16, 44);
INSERT INTO BOOK_TITLE_CONTRIBUTIONS VALUES(44, 62);
INSERT INTO BOOK_TITLE_GENRES(book_title_id, genres_id) VALUES(44, 0);
INSERT INTO BOOK_TITLE_GENRES(book_title_id, genres_id) VALUES(44, 52);
INSERT INTO BOOK_TITLE_GENRES(book_title_id, genres_id) VALUES(44, 23);
INSERT INTO EDITION_TAGS VALUES(44, 4);
INSERT INTO EDITION_TAGS VALUES(44, 6);
INSERT INTO EDITION_TAGS VALUES(44, 2);
INSERT INTO BOOK_TITLE VALUES(45, 'Practical C++ Programming');
INSERT INTO EDITION VALUES(45, 17, '<p>C++ is a powerful, highly flexible, and adaptable programming language that allows software engineers to organize and process information quickly and effectively. But this high-level language is relatively difficult to master, even if you already know the C programming language.</p> <p>The 2nd edition of <i>Practical C++ Programming</i> is a complete introduction to the C++ language for programmers who are learning C++. Reflecting the latest changes to the C++ standard, this 2nd edition takes a useful down-to-earth approach, placing a strong emphasis on how to design clean, elegant code.<br></p> <p>In short, to-the-point chapters, all aspects of programming are covered including style, software engineering, programming design, object-oriented design, and debugging. It also covers common mistakes and how to find (and avoid) them. End of chapter exercises help you ensure you''ve mastered the material.', '22', 'http://covers.openlibrary.org/b/isbn/9780596004194-L.jpg', 'http://covers.openlibrary.org/b/isbn/9780596004194-M.jpg', 'en', 549, 3.1, 385, false, PARSEDATETIME('2003', 'yyyy'), 12, 45);
INSERT INTO BOOK_TITLE_CONTRIBUTIONS VALUES(45, 63);
INSERT INTO BOOK_TITLE_GENRES(book_title_id, genres_id) VALUES(45, 0);
INSERT INTO BOOK_TITLE_GENRES(book_title_id, genres_id) VALUES(45, 3);
INSERT INTO BOOK_TITLE_GENRES(book_title_id, genres_id) VALUES(45, 9);
INSERT INTO BOOK_TITLE_GENRES(book_title_id, genres_id) VALUES(45, 44);
INSERT INTO BOOK_TITLE_GENRES(book_title_id, genres_id) VALUES(45, 52);
INSERT INTO BOOK_TITLE_GENRES(book_title_id, genres_id) VALUES(45, 23);
INSERT INTO EDITION_TAGS VALUES(45, 4);
INSERT INTO EDITION_TAGS VALUES(45, 6);
INSERT INTO EDITION_TAGS VALUES(45, 2);
INSERT INTO BOOK_TITLE VALUES(46, 'The C++ Programming Language');
INSERT INTO EDITION VALUES(46, 46, '<p> <b>More than three-quarters of a million programmers have benefited from this book in all of its editions</b> </p> <p> </p> Written by Bjarne Stroustrup, the creator of C++, this is the world''s most trusted and widely read book on C++.<p> </p> For this special hardcover edition, two new appendixes on locales and standard library exception safety (also available at www.research.att.com/~bs/) have been added. The result is complete, authoritative coverage of the C++ language, its standard library, and key design techniques. Based on the ANSI/ISO C++ standard, <i> <b>The C++ Programming Language</b> </i> provides current and comprehensive coverage of all C++ language features and standard library components.<p> </p> For example: <ul> <li>abstract classes as interfaces </li> <li>class hierarchies for object-oriented programming </li> <li>templates as the basis for type-safe generic software </li> <li>exceptions for regular error handling </li> <li>namespaces for modularity in large-sc', '22', 'http://covers.openlibrary.org/b/isbn/9780201700732-L.jpg', 'http://covers.openlibrary.org/b/isbn/9780201700732-M.jpg', 'en', 1019, 2.0, 221, true, PARSEDATETIME('2000', 'yyyy'), 19, 46);
INSERT INTO BOOK_TITLE_CONTRIBUTIONS VALUES(46, 64);
INSERT INTO BOOK_TITLE_GENRES(book_title_id, genres_id) VALUES(46, 0);
INSERT INTO BOOK_TITLE_GENRES(book_title_id, genres_id) VALUES(46, 52);
INSERT INTO BOOK_TITLE_GENRES(book_title_id, genres_id) VALUES(46, 23);
INSERT INTO EDITION_TAGS VALUES(46, 4);
INSERT INTO EDITION_TAGS VALUES(46, 6);
INSERT INTO EDITION_TAGS VALUES(46, 2);
INSERT INTO BOOK_TITLE VALUES(47, 'Large-scale C++ Software Design');
INSERT INTO EDITION VALUES(47, 26, 'This is the definitive book for all C++ software professionals involved in large development efforts such as databases, operating systems, compilers, and frameworks. It is the first C++ book that actually demonstrates how to design large systems, and one of the few books on object-oriented design specifically geared to practical aspects of the C++ programming language. In this book, Lakos explains the process of decomposing large systems into physical (not inheritance) hierarchies of smaller, more manageable components. Such systems with their acyclic physical dependencies are fundamentally easier and more economical to maintain, test, and reuse than tightly interdependent systems. In addition to explaining the motivation for following good physical as well as logical design practices, Lakos provides you with a catalog of specific techniques designed to eliminate cyclic, compile-time, and link-time (physical) dependencies.', '18', 'http://covers.openlibrary.org/b/isbn/9780201633627-L.jpg', 'http://covers.openlibrary.org/b/isbn/9780201633627-M.jpg', 'en', 846, 1.4, 337, true, PARSEDATETIME('1996', 'yyyy'), 19, 47);
INSERT INTO BOOK_TITLE_CONTRIBUTIONS VALUES(47, 65);
INSERT INTO BOOK_TITLE_GENRES(book_title_id, genres_id) VALUES(47, 0);
INSERT INTO BOOK_TITLE_GENRES(book_title_id, genres_id) VALUES(47, 3);
INSERT INTO BOOK_TITLE_GENRES(book_title_id, genres_id) VALUES(47, 44);
INSERT INTO BOOK_TITLE_GENRES(book_title_id, genres_id) VALUES(47, 52);
INSERT INTO BOOK_TITLE_GENRES(book_title_id, genres_id) VALUES(47, 23);
INSERT INTO EDITION_TAGS VALUES(47, 4);
INSERT INTO EDITION_TAGS VALUES(47, 6);
INSERT INTO EDITION_TAGS VALUES(47, 2);
INSERT INTO BOOK_TITLE VALUES(48, 'More C++ Gems');
INSERT INTO EDITION VALUES(48, 18, 'Robert Martin, Editor-in-Chief of C++ Report, presents the long-awaited follow-up to C++ Gems. Since the publication of the first book, the C++ language has experienced very many changes. The ISO has adopted a standard for the language and its library. The Unified Modeling Language has affected software development in C++, and Java has changed things as well. Through all of these turbulent changes, C++ Report has been the forum for developers and programmers to share their experience and discuss new directions for the industry. More C++ Gems picks up where the first book left off, presenting tips, tricks, proven strategies, easy-to-follow techniques, and usable source code. This book contains the very best from the most renowned experts in the field.', '21', 'http://covers.openlibrary.org/b/isbn/9780521786188-L.jpg', 'http://covers.openlibrary.org/b/isbn/9780521786188-M.jpg', 'en', 525, 3.1, 478, true, PARSEDATETIME('2000', 'yyyy'), 9, 48);
INSERT INTO BOOK_TITLE_CONTRIBUTIONS VALUES(48, 66);
INSERT INTO BOOK_TITLE_GENRES(book_title_id, genres_id) VALUES(48, 0);
INSERT INTO BOOK_TITLE_GENRES(book_title_id, genres_id) VALUES(48, 3);
INSERT INTO BOOK_TITLE_GENRES(book_title_id, genres_id) VALUES(48, 9);
INSERT INTO BOOK_TITLE_GENRES(book_title_id, genres_id) VALUES(48, 41);
INSERT INTO BOOK_TITLE_GENRES(book_title_id, genres_id) VALUES(48, 44);
INSERT INTO BOOK_TITLE_GENRES(book_title_id, genres_id) VALUES(48, 48);
INSERT INTO BOOK_TITLE_GENRES(book_title_id, genres_id) VALUES(48, 53);
INSERT INTO BOOK_TITLE_GENRES(book_title_id, genres_id) VALUES(48, 54);
INSERT INTO EDITION_TAGS VALUES(48, 4);
INSERT INTO EDITION_TAGS VALUES(48, 6);
INSERT INTO EDITION_TAGS VALUES(48, 2);
INSERT INTO BOOK_TITLE VALUES(49, 'A Tour of C++');
INSERT INTO EDITION VALUES(49, 11, 'In <b> <i>A Tour of C++, Second Edition, </i> </b> Bjarne Stroustrup, the creator of C++, describes what constitutes modern C++. This concise, self-contained guide covers most major language features and the major standard-library components--not, of course, in great depth, but to a level that gives programmers a meaningful overview of the language, some key examples, and practical help in getting started.</p> </p> Stroustrup presents the C++ features in the context of the programming styles they support, such as object-oriented and generic programming. His tour is remarkably comprehensive. Coverage begins with the basics, then ranges widely through more advanced topics, including many that are new in C++17, such as move semantics, uniform initialization, lambda expressions, improved containers, random numbers, and concurrency. The tour even covers some extensions being made for C++20, such as concepts and modules, and ends with a discussion of the design and evolution of C++.', '20', 'http://covers.openlibrary.org/b/isbn/9780134997834-L.jpg', 'http://covers.openlibrary.org/b/isbn/9780134997834-M.jpg', 'en', 239, 1.3, 180, true, PARSEDATETIME('2018', 'yyyy'), 19, 49);
INSERT INTO BOOK_TITLE_CONTRIBUTIONS VALUES(49, 64);
INSERT INTO BOOK_TITLE_GENRES(book_title_id, genres_id) VALUES(49, 0);
INSERT INTO BOOK_TITLE_GENRES(book_title_id, genres_id) VALUES(49, 52);
INSERT INTO BOOK_TITLE_GENRES(book_title_id, genres_id) VALUES(49, 23);
INSERT INTO EDITION_TAGS VALUES(49, 4);
INSERT INTO EDITION_TAGS VALUES(49, 6);
INSERT INTO EDITION_TAGS VALUES(49, 2);
INSERT INTO BOOK_TITLE VALUES(50, 'Professional C++');
INSERT INTO EDITION VALUES(50, 14, '<b>Get up to date quickly on the new changes coming with C++17</b> <p><i>Professional C++</i> is the advanced manual for C++ programming. Designed to help experienced developers get more out of the latest release, this book skims over the basics and dives right in to exploiting the full capabilities of C++17. Each feature is explained by example, each including actual code snippets that you can plug into your own applications. Case studies include extensive, working code that has been tested on Windows and Linux, and the author''s expert tips, tricks, and workarounds can dramatically enhance your workflow. Even many experienced developers have never fully explored the boundaries of the language''s capabilities; this book reveals the advanced features you never knew about, and drills down to show you how to turn these features into real-world solutions.</p> <p>The C++17 release includes changes that impact the way you work with C++; this new fourth edition covers them all, including nes', '21', 'http://covers.openlibrary.org/b/isbn/9781119421306-L.jpg', 'http://covers.openlibrary.org/b/isbn/9781119421306-M.jpg', 'en', 1184, 1.1, 124, true, PARSEDATETIME('2018', 'yyyy'), 1, 50);
INSERT INTO BOOK_TITLE_CONTRIBUTIONS VALUES(50, 67);
INSERT INTO BOOK_TITLE_GENRES(book_title_id, genres_id) VALUES(50, 0);
INSERT INTO BOOK_TITLE_GENRES(book_title_id, genres_id) VALUES(50, 3);
INSERT INTO BOOK_TITLE_GENRES(book_title_id, genres_id) VALUES(50, 9);
INSERT INTO BOOK_TITLE_GENRES(book_title_id, genres_id) VALUES(50, 52);
INSERT INTO BOOK_TITLE_GENRES(book_title_id, genres_id) VALUES(50, 23);
INSERT INTO EDITION_TAGS VALUES(50, 4);
INSERT INTO EDITION_TAGS VALUES(50, 6);
INSERT INTO EDITION_TAGS VALUES(50, 2);
INSERT INTO BOOK_TITLE VALUES(51, 'C++ In a Nutshell');
INSERT INTO EDITION VALUES(51, 12, '<p>To-the-point, authoritative, no-nonsense solutions have always been a trademark of O''Reilly books. The In a Nutshell books have earned a solid reputation in the field as the well-thumbed references that sit beside the knowledgeable developer''s keyboard. <i>C++ in a Nutshell</i> lives up to the In a Nutshell promise. <i>C++ in a Nutshell</i> is a lean, focused reference that offers practical examples for the most important, most often used, aspects of C++.</p> <p><i>C++ in a Nutshell</i> packs an enormous amount of information on C++ (and the many libraries used with it) in an indispensable quick reference for those who live in a deadline-driven world and need the facts but not the frills.<br></p> <p>The book''s language reference is organized first by topic, followed by an alphabetical reference to the language''s keywords, complete with syntax summaries and pointers to the topic references.', '20', 'http://covers.openlibrary.org/b/isbn/9780596002985-L.jpg', 'http://covers.openlibrary.org/b/isbn/9780596002985-M.jpg', 'en', 791, 4.2, 219, true, PARSEDATETIME('2003', 'yyyy'), 13, 51);
INSERT INTO BOOK_TITLE_CONTRIBUTIONS VALUES(51, 68);
INSERT INTO BOOK_TITLE_GENRES(book_title_id, genres_id) VALUES(51, 0);
INSERT INTO BOOK_TITLE_GENRES(book_title_id, genres_id) VALUES(51, 3);
INSERT INTO BOOK_TITLE_GENRES(book_title_id, genres_id) VALUES(51, 9);
INSERT INTO BOOK_TITLE_GENRES(book_title_id, genres_id) VALUES(51, 44);
INSERT INTO BOOK_TITLE_GENRES(book_title_id, genres_id) VALUES(51, 52);
INSERT INTO BOOK_TITLE_GENRES(book_title_id, genres_id) VALUES(51, 23);
INSERT INTO EDITION_TAGS VALUES(51, 4);
INSERT INTO EDITION_TAGS VALUES(51, 6);
INSERT INTO EDITION_TAGS VALUES(51, 2);
INSERT INTO BOOK_TITLE VALUES(52, 'C++ Crash Course');
INSERT INTO EDITION VALUES(52, 59, '<b>A fast-paced, thorough introduction to modern C++ written for experienced programmers. After reading <i>C++ Crash Course</i>, you''ll be proficient in the core language concepts, the C++ Standard Library, and the Boost Libraries.</b> <p>C++ is one of the most widely used languages for real-world software. In the hands of a knowledgeable programmer, C++ can produce small, efficient, and readable code that any programmer would be proud of. <p>Designed for intermediate to advanced programmers, C++ Crash Course cuts through the weeds to get you straight to the core of C++17, the most modern revision of the ISO standard. Part 1 covers the core of the C++ language, where you''ll learn about everything from types and functions, to the object life cycle and expressions. Part 2 introduces you to the C++ Standard Library and Boost Libraries, where you''ll learn about all of the high-quality, fully-featured facilities available to you.', '20', 'http://covers.openlibrary.org/b/isbn/9781593278885-L.jpg', 'http://covers.openlibrary.org/b/isbn/9781593278885-M.jpg', 'en', 733, 4.8, 412, true, PARSEDATETIME('2019', 'yyyy'), 4, 52);
INSERT INTO BOOK_TITLE_CONTRIBUTIONS VALUES(52, 69);
INSERT INTO BOOK_TITLE_GENRES(book_title_id, genres_id) VALUES(52, 0);
INSERT INTO BOOK_TITLE_GENRES(book_title_id, genres_id) VALUES(52, 52);
INSERT INTO BOOK_TITLE_GENRES(book_title_id, genres_id) VALUES(52, 29);
INSERT INTO EDITION_TAGS VALUES(52, 4);
INSERT INTO EDITION_TAGS VALUES(52, 6);
INSERT INTO EDITION_TAGS VALUES(52, 2);
INSERT INTO BOOK_TITLE VALUES(53, 'A Complete Guide to Programming in C++');
INSERT INTO EDITION VALUES(53, 43, 'A Complete Guide to Programming in C++ was written for both students interested in learning the C++ programming language from scratch, and for advanced C++ programmers wishing to enhance their knowledge of C++. The chapters are organized to guide the reader from elementary language concepts to professional software development, with in-depth coverage of all the C++ language elements ''en route.'' The order in which these elements are discussed reflects the goal of helping students create useful programs every step of the way.', '20', 'http://covers.openlibrary.org/b/isbn/9780763718176-L.jpg', 'http://covers.openlibrary.org/b/isbn/9780763718176-M.jpg', 'en', 825, 1.7, 298, true, PARSEDATETIME('2002', 'yyyy'), 18, 53);
INSERT INTO BOOK_TITLE_CONTRIBUTIONS VALUES(53, 70);
INSERT INTO BOOK_TITLE_CONTRIBUTIONS VALUES(53, 71);
INSERT INTO BOOK_TITLE_GENRES(book_title_id, genres_id) VALUES(53, 0);
INSERT INTO BOOK_TITLE_GENRES(book_title_id, genres_id) VALUES(53, 52);
INSERT INTO BOOK_TITLE_GENRES(book_title_id, genres_id) VALUES(53, 23);
INSERT INTO EDITION_TAGS VALUES(53, 4);
INSERT INTO EDITION_TAGS VALUES(53, 6);
INSERT INTO EDITION_TAGS VALUES(53, 2);
INSERT INTO BOOK_TITLE VALUES(54, 'Exploring C++ 11');
INSERT INTO EDITION VALUES(54, 18, '<p> Exploring C++ divides C++ up into bite-sized chunks that will help you learn the language one step at a time. Assuming no familiarity with C++, or any other C-based language, you ll be taught everything you need to know in a logical progression of small lessons that you can work through as quickly or as slowly as you need.<p>C++ can be a complicated language. Writing even the most straight-forward of programs requires you to understand many disparate aspects of the language and how they interact with one another. C++ doesn''t lend itself to neat compartmentalization the way other languages do. Rather than baffle you with complex chapters explaining functions, classes and statements in isolation we ll focus on teaching you how to achieve results. By learning a little bit of this and a little of that you ll soon have amassed enough knowledge to be writing non-trivial programs and will have built a solid foundation of experience that puts those previously baffling concepts into contex', '21', 'http://covers.openlibrary.org/b/isbn/9781430261933-L.jpg', 'http://covers.openlibrary.org/b/isbn/9781430261933-M.jpg', 'en', 656, 3.3, 589, true, PARSEDATETIME('2013', 'yyyy'), 8, 54);
INSERT INTO BOOK_TITLE_CONTRIBUTIONS VALUES(54, 68);
INSERT INTO BOOK_TITLE_GENRES(book_title_id, genres_id) VALUES(54, 0);
INSERT INTO BOOK_TITLE_GENRES(book_title_id, genres_id) VALUES(54, 9);
INSERT INTO BOOK_TITLE_GENRES(book_title_id, genres_id) VALUES(54, 14);
INSERT INTO BOOK_TITLE_GENRES(book_title_id, genres_id) VALUES(54, 52);
INSERT INTO BOOK_TITLE_GENRES(book_title_id, genres_id) VALUES(54, 55);
INSERT INTO BOOK_TITLE_GENRES(book_title_id, genres_id) VALUES(54, 29);
INSERT INTO EDITION_TAGS VALUES(54, 4);
INSERT INTO EDITION_TAGS VALUES(54, 6);
INSERT INTO EDITION_TAGS VALUES(54, 2);
INSERT INTO BOOK_TITLE VALUES(55, 'C++ Primer Plus');
INSERT INTO EDITION VALUES(55, 52, '<p> <b>C++ Primer Plus, Sixth Edition</b> </p> <p>New C++11 Coverage</p> <i> <br> </i> <i>C++ Primer Plus</i> is a carefully crafted, complete tutorial on one of the most significant and widely used programming languages today. An accessible and easy-to-use self-study guide, this book is appropriate for both serious students of programming as well as developers already proficient in other languages.<br> <br>The sixth edition of <i>C++ Primer Plus</i> has been updated and expanded to cover the latest developments in C++, including a detailed look at the new C++11 standard.<br> <br>Author and educator Stephen Prata has created an introduction to C++ that is instructive, clear, and insightful. Fundamental programming concepts are explained along with details of the C++ language. Many short, practical examples illustrate just one or two concepts at a time, encouraging readers to master new topics by immediately putting them to use.', '20', 'http://covers.openlibrary.org/b/isbn/9780321776402-L.jpg', 'http://covers.openlibrary.org/b/isbn/9780321776402-M.jpg', 'en', 1200, 3.8, 435, true, PARSEDATETIME('2011', 'yyyy'), 16, 55);
INSERT INTO BOOK_TITLE_CONTRIBUTIONS VALUES(55, 72);
INSERT INTO BOOK_TITLE_GENRES(book_title_id, genres_id) VALUES(55, 0);
INSERT INTO BOOK_TITLE_GENRES(book_title_id, genres_id) VALUES(55, 52);
INSERT INTO BOOK_TITLE_GENRES(book_title_id, genres_id) VALUES(55, 23);
INSERT INTO EDITION_TAGS VALUES(55, 4);
INSERT INTO EDITION_TAGS VALUES(55, 6);
INSERT INTO EDITION_TAGS VALUES(55, 2);
INSERT INTO BOOK_TITLE VALUES(56, 'C++ for Everyone');
INSERT INTO EDITION VALUES(56, 24, 'Thorough and updated coverage on all the essential C++ concepts <p>Aimed at providing you with a solid foundation in programming with C++, this new edition incorporates programming exercises with helpful self-check questions that reinforce the concepts discussed throughout the book. You’ll benefit from the how-to sections that show you how concepts are applied and advanced materials are featured on the accompanying Web site when you’re ready to take your programming skills to the next level.</p> <ul> <li>Shows you how to use C++ to your benefit</li> <li>Includes advice for avoiding pitfalls</li> <li>Incorporates self-check questions and programming exercises to reinforce what you learn</li> <li>Encourages you to take your C++ programming skills to the next level with the advanced material featured on the accompanying Web site</li> </ul> <p><i>C++ for Everyone, Second Edition</i>, is the ', '22', 'http://covers.openlibrary.org/b/isbn/9780470927137-L.jpg', 'http://covers.openlibrary.org/b/isbn/9780470927137-M.jpg', 'en', 560, 1.1, 542, true, PARSEDATETIME('2010', 'yyyy'), 1, 56);
INSERT INTO BOOK_TITLE_CONTRIBUTIONS VALUES(56, 73);
INSERT INTO BOOK_TITLE_GENRES(book_title_id, genres_id) VALUES(56, 0);
INSERT INTO BOOK_TITLE_GENRES(book_title_id, genres_id) VALUES(56, 3);
INSERT INTO BOOK_TITLE_GENRES(book_title_id, genres_id) VALUES(56, 9);
INSERT INTO BOOK_TITLE_GENRES(book_title_id, genres_id) VALUES(56, 52);
INSERT INTO BOOK_TITLE_GENRES(book_title_id, genres_id) VALUES(56, 23);
INSERT INTO EDITION_TAGS VALUES(56, 4);
INSERT INTO EDITION_TAGS VALUES(56, 6);
INSERT INTO EDITION_TAGS VALUES(56, 2);
INSERT INTO BOOK_TITLE VALUES(57, 'C++ Template Metaprogramming');
INSERT INTO EDITION VALUES(57, 51, 'This book explains what metaprogramming is and how it is best used. It provides the foundation you''ll need to use the template metaprogramming effectively in your own work.<br>This book is aimed at any programmer who is comfortable with idioms of the Standard Template Library (STL). C++ power-users will gain a new insight into their existing work and a new fluency in the domain of metaprogramming. Intermediate-level programmers who have learned a few advanced template techniques will see where these tricks fit in the big picture and will gain the conceptual foundation to use them with discipline. Programmers who have caught the scent of metaprogramming, but for whom it is still mysterious, will finally gain a clear understanding of how, when, and why it works. All readers will leave with a new tool of unprecedented power at their disposal - the Boost Metaprogramming Library.', '22', 'http://covers.openlibrary.org/b/isbn/9780321227256-L.jpg', 'http://covers.openlibrary.org/b/isbn/9780321227256-M.jpg', 'en', 373, 4.4, 307, true, PARSEDATETIME('2005', 'yyyy'), 19, 57);
INSERT INTO BOOK_TITLE_CONTRIBUTIONS VALUES(57, 74);
INSERT INTO BOOK_TITLE_CONTRIBUTIONS VALUES(57, 75);
INSERT INTO BOOK_TITLE_GENRES(book_title_id, genres_id) VALUES(57, 0);
INSERT INTO BOOK_TITLE_GENRES(book_title_id, genres_id) VALUES(57, 52);
INSERT INTO BOOK_TITLE_GENRES(book_title_id, genres_id) VALUES(57, 23);
INSERT INTO EDITION_TAGS VALUES(57, 4);
INSERT INTO EDITION_TAGS VALUES(57, 6);
INSERT INTO EDITION_TAGS VALUES(57, 2);
INSERT INTO BOOK_TITLE VALUES(58, 'C++ Pocket Reference');
INSERT INTO EDITION VALUES(58, 52, '<p>C++ is a complex language with many subtle facets. This is especially true when it comes to object-oriented and template programming. The <i>C++ Pocket Reference</i> is a memory aid for C++ programmers, enabling them to quickly look up usage and syntax for unfamiliar and infrequently used aspects of the language. The book''s small size makes it easy to carry about, ensuring that it will always be at-hand when needed. Programmers will also appreciate the book''s brevity; as much information as possible has been crammed into its small pages. </p> <p>In the <i>C++ Pocket Reference</i>, you will find:</p><ul><li>Information on C++ types and type conversions</li> <li>Syntax for C++ statements and preprocessor directives</li> <li>Help declaring and defining classes, and managing inheritance</li> <li>Information on declarations, storage classes, arrays, pointers, strings, and expressions</li> <li>Refreshers on key concepts of C++ such as namespaces and scope</li> <li>More!</li></ul><i>C++ ', '18', 'http://covers.openlibrary.org/b/isbn/9780596004965-L.jpg', 'http://covers.openlibrary.org/b/isbn/9780596004965-M.jpg', 'en', 144, 2.3, 474, true, PARSEDATETIME('2006', 'yyyy'), 20, 58);
INSERT INTO BOOK_TITLE_CONTRIBUTIONS VALUES(58, 76);
INSERT INTO BOOK_TITLE_GENRES(book_title_id, genres_id) VALUES(58, 0);
INSERT INTO BOOK_TITLE_GENRES(book_title_id, genres_id) VALUES(58, 52);
INSERT INTO BOOK_TITLE_GENRES(book_title_id, genres_id) VALUES(58, 23);
INSERT INTO EDITION_TAGS VALUES(58, 4);
INSERT INTO EDITION_TAGS VALUES(58, 6);
INSERT INTO EDITION_TAGS VALUES(58, 2);
INSERT INTO BOOK_TITLE VALUES(59, 'Sams Teach Yourself C++ in 24 Hours');
INSERT INTO EDITION VALUES(59, 10, 'Sams Teach Yourself C++ in 24 Hours is a hands-on guide to the C++ programming language. Readers are provided with short, practical examples that illustrate key concepts, syntax, and techniques. Using a straightforward approach, this fast and friendly tutorial teaches you everything you need to know, from installing and using a compiler, to debugging the programs you''ve created, to what''s new in C++14. <ul> <li>Step-by-step instructions carefully walk you through the most common C++ programming tasks </li> <li>Quizzes and exercises at the end of each chapter help you test yourself to make sure you''re ready to go on </li> </ul> Learn how to... <ul> <li>Install and use a C++ compiler for Windows, Mac OS X, or Linux </li> <li>Build object-oriented programs in C++ </li> <li>Master core C++ concepts such as functions and classes </li> <li>Add rich functionality with templates and lambda expressions </li> <li>Debug your programs for flawless code </li> <li>Learn exception and error-handli', '19', 'http://covers.openlibrary.org/b/isbn/9780672337468-L.jpg', 'http://covers.openlibrary.org/b/isbn/9780672337468-M.jpg', 'en', 480, 4.1, 58, true, PARSEDATETIME('2016', 'yyyy'), 21, 59);
INSERT INTO BOOK_TITLE_CONTRIBUTIONS VALUES(59, 77);
INSERT INTO BOOK_TITLE_CONTRIBUTIONS VALUES(59, 78);
INSERT INTO BOOK_TITLE_GENRES(book_title_id, genres_id) VALUES(59, 0);
INSERT INTO BOOK_TITLE_GENRES(book_title_id, genres_id) VALUES(59, 52);
INSERT INTO BOOK_TITLE_GENRES(book_title_id, genres_id) VALUES(59, 23);
INSERT INTO EDITION_TAGS VALUES(59, 4);
INSERT INTO EDITION_TAGS VALUES(59, 6);
INSERT INTO EDITION_TAGS VALUES(59, 2);
INSERT INTO BOOK_TITLE VALUES(60, 'Beginning C++ Through Game Programming');
INSERT INTO EDITION VALUES(60, 41, 'BEGINNING C++ THROUGH GAME PROGRAMMING, THIRD EDITION approaches learning C++ from the unique and fun perspective of games. Written for the beginning game developer or programmer, the book assumes no previous programming experience and each new skill and concept is taught using simple language and step-by-step instructions. Readers will complete small projects in each chapter to reinforce what they''ve learned and a final project at the end combines all of the major topics covered in the book. Featuring twenty five percent new material, this third edition covers all the latest technology and advances.', '22', 'http://covers.openlibrary.org/b/isbn/9781435457423-L.jpg', 'http://covers.openlibrary.org/b/isbn/9781435457423-M.jpg', 'en', 410, 2.8, 412, true, PARSEDATETIME('2011', 'yyyy'), 22, 60);
INSERT INTO BOOK_TITLE_CONTRIBUTIONS VALUES(60, 79);
INSERT INTO BOOK_TITLE_GENRES(book_title_id, genres_id) VALUES(60, 0);
INSERT INTO BOOK_TITLE_GENRES(book_title_id, genres_id) VALUES(60, 35);
INSERT INTO BOOK_TITLE_GENRES(book_title_id, genres_id) VALUES(60, 9);
INSERT INTO BOOK_TITLE_GENRES(book_title_id, genres_id) VALUES(60, 52);
INSERT INTO BOOK_TITLE_GENRES(book_title_id, genres_id) VALUES(60, 29);
INSERT INTO EDITION_TAGS VALUES(60, 4);
INSERT INTO EDITION_TAGS VALUES(60, 6);
INSERT INTO EDITION_TAGS VALUES(60, 2);
INSERT INTO BOOK_TITLE VALUES(61, 'Advanced C and C++ Compiling');
INSERT INTO EDITION VALUES(61, 5, 'Learning how to write C/C++ code is only the first step. To be a serious programmer, you need to understand the structure and purpose of the binary files produced by the compiler: object files, static libraries, shared libraries, and, of course, executables.<p> <p> Advanced C and C++ Compiling explains the build process in detail and shows how to integrate code from other developers in the form of deployed libraries as well as how to resolve issues and potential mismatches between your own and external code trees.<p> <p> With the proliferation of open source, understanding these issues is increasingly the responsibility of the individual programmer. Advanced C and C++ Compiling brings all of the information needed to move from intermediate to expert programmer together in one place -- an engineering guide on the topic of C/C++ binaries to help you get the most accurate and pertinent information in the quickest possible time.', '19', 'http://covers.openlibrary.org/b/isbn/9781430266679-L.jpg', 'http://covers.openlibrary.org/b/isbn/9781430266679-M.jpg', 'en', 340, 1.9, 580, false, PARSEDATETIME('2014', 'yyyy'), 8, 61);
INSERT INTO BOOK_TITLE_CONTRIBUTIONS VALUES(61, 80);
INSERT INTO BOOK_TITLE_GENRES(book_title_id, genres_id) VALUES(61, 0);
INSERT INTO BOOK_TITLE_GENRES(book_title_id, genres_id) VALUES(61, 3);
INSERT INTO BOOK_TITLE_GENRES(book_title_id, genres_id) VALUES(61, 9);
INSERT INTO BOOK_TITLE_GENRES(book_title_id, genres_id) VALUES(61, 44);
INSERT INTO BOOK_TITLE_GENRES(book_title_id, genres_id) VALUES(61, 23);
INSERT INTO EDITION_TAGS VALUES(61, 4);
INSERT INTO EDITION_TAGS VALUES(61, 6);
INSERT INTO EDITION_TAGS VALUES(61, 2);
INSERT INTO BOOK_TITLE VALUES(62, 'Accelerated C++');
INSERT INTO EDITION VALUES(62, 20, '<p><b></b> Want to learn how to program in C++ <i>immediately?</i> Want to start writing better, more powerful C++ programs <i>today?</i> <i>Accelerated C++''s</i> uniquely modern approach will help you learn faster and more fluently than you ever believed possible. <b>KEY TOPICS: </b> Based on the authors'' intensive summer C++ courses at Stanford University, <i>Accelerated C++</i> covers virtually every concept that most professional C++ programmers will ever use -- but it turns the traditional C++ curriculum upside down, starting with the high-level C++ data structures and algorithms that let you write robust programs <i>immediately</i>. Once you''re getting results, <i>Accelerated C++</i> takes you under the hood, introducing complex language features such as memory management <i>in context</i>, and explaining <i>exactly</i> how and when to use them. Along the way, you''ll master the standard library and STL; define your own data types; write generic programs; work effectively with', '18', 'http://covers.openlibrary.org/b/isbn/9780201703535-L.jpg', 'http://covers.openlibrary.org/b/isbn/9780201703535-M.jpg', 'en', 336, 1.0, 100, true, PARSEDATETIME('2000', 'yyyy'), 19, 62);
INSERT INTO BOOK_TITLE_CONTRIBUTIONS VALUES(62, 81);
INSERT INTO BOOK_TITLE_CONTRIBUTIONS VALUES(62, 82);
INSERT INTO BOOK_TITLE_CONTRIBUTIONS VALUES(62, 83);
INSERT INTO BOOK_TITLE_GENRES(book_title_id, genres_id) VALUES(62, 0);
INSERT INTO BOOK_TITLE_GENRES(book_title_id, genres_id) VALUES(62, 52);
INSERT INTO BOOK_TITLE_GENRES(book_title_id, genres_id) VALUES(62, 23);
INSERT INTO EDITION_TAGS VALUES(62, 4);
INSERT INTO EDITION_TAGS VALUES(62, 6);
INSERT INTO EDITION_TAGS VALUES(62, 2);
INSERT INTO BOOK_TITLE VALUES(63, 'C++ Gems');
INSERT INTO EDITION VALUES(63, 38, 'Stan Lippman, former C++ Report Editor (and best-selling author), brings you pearls of wisdom for getting the most out of C++. This carefully selected collection covers the first seven years of the C++ Report, from January 1989 through December 1995. It presents the pinnacle of writing on C++ by renowned experts in the field, and is a must-read for todayas C++ programmer. It contains tips, tricks, proven strategies, easy-to-follow techniques, and usable source code.', '22', 'http://covers.openlibrary.org/b/isbn/9780135705810-L.jpg', 'http://covers.openlibrary.org/b/isbn/9780135705810-M.jpg', 'en', 601, 3.1, 442, true, PARSEDATETIME('1998', 'yyyy'), 9, 63);
INSERT INTO BOOK_TITLE_CONTRIBUTIONS VALUES(63, 84);
INSERT INTO BOOK_TITLE_GENRES(book_title_id, genres_id) VALUES(63, 0);
INSERT INTO BOOK_TITLE_GENRES(book_title_id, genres_id) VALUES(63, 3);
INSERT INTO BOOK_TITLE_GENRES(book_title_id, genres_id) VALUES(63, 9);
INSERT INTO BOOK_TITLE_GENRES(book_title_id, genres_id) VALUES(63, 48);
INSERT INTO BOOK_TITLE_GENRES(book_title_id, genres_id) VALUES(63, 52);
INSERT INTO BOOK_TITLE_GENRES(book_title_id, genres_id) VALUES(63, 23);
INSERT INTO EDITION_TAGS VALUES(63, 4);
INSERT INTO EDITION_TAGS VALUES(63, 6);
INSERT INTO EDITION_TAGS VALUES(63, 2);
INSERT INTO BOOK_TITLE VALUES(64, 'C++ for Java Programmers');
INSERT INTO EDITION VALUES(64, 53, '<p><b></b> Written for the moderately experienced Java programmer, this book builds on readers¿ existing knowledge of object-oriented programming and covers all important aspects of Standard C++--emphasizing more lower-level C-style details later in the presentation. <b>KEY TOPICS: </b> Chapter topics include philosophy of C++, simplest C++, pointers and reference variables, object-based programming: classes, operator overloading, object-oriented programming: inheritance, templates, abnormal control flow, input and output, collections: the standard template library, primitive arrays and strings, C-style C++, and using Java and C++: the JNI. <b>MARKET: </b> For new C++ programmers converted from Java. </p>', '19', 'http://covers.openlibrary.org/b/isbn/9780139194245-L.jpg', 'http://covers.openlibrary.org/b/isbn/9780139194245-M.jpg', 'en', 280, 1.7, 544, true, PARSEDATETIME('2004', 'yyyy'), 23, 64);
INSERT INTO BOOK_TITLE_CONTRIBUTIONS VALUES(64, 85);
INSERT INTO BOOK_TITLE_GENRES(book_title_id, genres_id) VALUES(64, 0);
INSERT INTO BOOK_TITLE_GENRES(book_title_id, genres_id) VALUES(64, 52);
INSERT INTO BOOK_TITLE_GENRES(book_title_id, genres_id) VALUES(64, 23);
INSERT INTO EDITION_TAGS VALUES(64, 4);
INSERT INTO EDITION_TAGS VALUES(64, 6);
INSERT INTO EDITION_TAGS VALUES(64, 2);
INSERT INTO BOOK_TITLE VALUES(65, 'Discovering Modern C++');
INSERT INTO EDITION VALUES(65, 12, 'As scientific and engineering projects grow larger and more complex, it is increasingly likely that those projects will be written in C++. With embedded hardware growing more powerful, much of its software is moving to C++, too. Mastering C++ gives you strong skills for programming at nearly every level, from "close to the hardware" to the highest-level abstractions. In short, C++ is a language that scientific and technical practitioners need to know.</p> </p> Peter Gottschling''s <b><i>Discovering Modern C++</i></b> is an intensive introduction that guides you smoothly to sophisticated approaches based on advanced features. Gottschling introduces key concepts using examples from many technical problem domains, drawing on his extensive experience training professionals and teaching C++ to students of physics, math, and engineering.</p> </p> This book is designed to help you get started rapidly and then master increasingly robust features, from lambdas to expression templates.', '21', 'http://covers.openlibrary.org/b/isbn/9780134383583-L.jpg', 'http://covers.openlibrary.org/b/isbn/9780134383583-M.jpg', 'en', 444, 1.7, 538, true, PARSEDATETIME('2016', 'yyyy'), 19, 65);
INSERT INTO BOOK_TITLE_CONTRIBUTIONS VALUES(65, 86);
INSERT INTO BOOK_TITLE_GENRES(book_title_id, genres_id) VALUES(65, 0);
INSERT INTO BOOK_TITLE_GENRES(book_title_id, genres_id) VALUES(65, 3);
INSERT INTO BOOK_TITLE_GENRES(book_title_id, genres_id) VALUES(65, 9);
INSERT INTO BOOK_TITLE_GENRES(book_title_id, genres_id) VALUES(65, 52);
INSERT INTO BOOK_TITLE_GENRES(book_title_id, genres_id) VALUES(65, 23);
INSERT INTO EDITION_TAGS VALUES(65, 4);
INSERT INTO EDITION_TAGS VALUES(65, 6);
INSERT INTO EDITION_TAGS VALUES(65, 2);
INSERT INTO BOOK_TITLE VALUES(66, 'Security Analysis: Sixth Edition, Foreword by Warren Buffett');
INSERT INTO EDITION VALUES(66, 59, '<p><b>"A road map for investing that I have now been following for 57 years."<br>--From the Foreword by Warren E. Buffett</b></br> <p>First published in 1934, <i>Security Analysis</i> is one of the most influential financial books ever written. Selling more than one million copies through five editions, it has provided generations of investors with the timeless value investing philosophy and techniques of Benjamin Graham and David L. Dodd.</p> <p>As relevant today as when they first appeared nearly 75 years ago, the teachings of Benjamin Graham, “the father of value investing,” have withstood the test of time across a wide diversity of market conditions, countries, and asset classes.</p> <p>This new sixth edition, based on the classic 1940 version, is enhanced with 200 additional pages of commentary from some of today’s leading Wall Street money managers. These masters of value investing explain why the principles and techniques of Graham and Dodd are still highly relevant even in toda', '20', 'http://covers.openlibrary.org/b/isbn/9780071592536-L.jpg', 'http://covers.openlibrary.org/b/isbn/9780071592536-M.jpg', 'en', 700, 2.6, 598, true, PARSEDATETIME('2008', 'yyyy'), 24, 66);
INSERT INTO BOOK_TITLE_CONTRIBUTIONS VALUES(66, 87);
INSERT INTO BOOK_TITLE_CONTRIBUTIONS VALUES(66, 88);
INSERT INTO BOOK_TITLE_GENRES(book_title_id, genres_id) VALUES(66, 56);
INSERT INTO BOOK_TITLE_GENRES(book_title_id, genres_id) VALUES(66, 3);
INSERT INTO BOOK_TITLE_GENRES(book_title_id, genres_id) VALUES(66, 11);
INSERT INTO EDITION_TAGS VALUES(66, 4);
INSERT INTO EDITION_TAGS VALUES(66, 7);
INSERT INTO EDITION_TAGS VALUES(66, 1);
INSERT INTO EDITION_TAGS VALUES(66, 0);
INSERT INTO EDITION_TAGS VALUES(66, 2);
INSERT INTO BOOK_TITLE VALUES(67, 'Internet and Intranet Security');
INSERT INTO EDITION VALUES(67, 42, 'Annotation Oppliger (computer security series editor at Artech House) presents the second edition of this text for computer, network, and security professionals, on the most current security technologies available today. The second edition provides practical guidance in TCP/IP networking and cryptographic fundamentals, firewall technologies providing access control services, the latest communication security protocols for securing today''s Internet applications, and public key infrastructures. The book requires familiarity with the fundamentals of computer networks and distributed systems, cryptography and the use of crytographic protocols in networked and distributed systems. Annotation c. Book News, Inc., Portland, OR (booknews.com).', '21', 'http://covers.openlibrary.org/b/isbn/9781580531665-L.jpg', 'http://covers.openlibrary.org/b/isbn/9781580531665-M.jpg', 'en', 403, 4.3, 443, true, PARSEDATETIME('2001', 'yyyy'), 25, 67);
INSERT INTO BOOK_TITLE_CONTRIBUTIONS VALUES(67, 89);
INSERT INTO BOOK_TITLE_GENRES(book_title_id, genres_id) VALUES(67, 0);
INSERT INTO BOOK_TITLE_GENRES(book_title_id, genres_id) VALUES(67, 2);
INSERT INTO BOOK_TITLE_GENRES(book_title_id, genres_id) VALUES(67, 3);
INSERT INTO BOOK_TITLE_GENRES(book_title_id, genres_id) VALUES(67, 19);
INSERT INTO BOOK_TITLE_GENRES(book_title_id, genres_id) VALUES(67, 57);
INSERT INTO BOOK_TITLE_GENRES(book_title_id, genres_id) VALUES(67, 58);
INSERT INTO EDITION_TAGS VALUES(67, 4);
INSERT INTO EDITION_TAGS VALUES(67, 7);
INSERT INTO EDITION_TAGS VALUES(67, 1);
INSERT INTO EDITION_TAGS VALUES(67, 0);
INSERT INTO EDITION_TAGS VALUES(67, 2);
INSERT INTO BOOK_TITLE VALUES(68, 'Foundations and Practice of Security');
INSERT INTO EDITION VALUES(68, 40, '<p>This book constitutes the carefully refereed and revised selected papers of the 4th Canada-France MITACS Workshop on Foundations and Practice of Security, FPS 2011, held in Paris, France, in May 2011. The book contains a revised version of 10 full papers, accompanied by 3 keynote addresses, 2 short papers, and 5 ongoing research reports. The papers were carefully reviewed and selected from 30 submissions. The topics covered are pervasive security and threshold cryptography; encryption, cryptanalysis and automatic verification; and formal methods in network security.</p>', '20', 'http://covers.openlibrary.org/b/isbn/9783642279003-L.jpg', 'http://covers.openlibrary.org/b/isbn/9783642279003-M.jpg', 'en', 253, 4.0, 600, true, PARSEDATETIME('2012', 'yyyy'), 3, 68);
INSERT INTO BOOK_TITLE_CONTRIBUTIONS VALUES(68, 90);
INSERT INTO BOOK_TITLE_CONTRIBUTIONS VALUES(68, 91);
INSERT INTO BOOK_TITLE_GENRES(book_title_id, genres_id) VALUES(68, 0);
INSERT INTO BOOK_TITLE_GENRES(book_title_id, genres_id) VALUES(68, 2);
INSERT INTO BOOK_TITLE_GENRES(book_title_id, genres_id) VALUES(68, 3);
INSERT INTO BOOK_TITLE_GENRES(book_title_id, genres_id) VALUES(68, 11);
INSERT INTO BOOK_TITLE_GENRES(book_title_id, genres_id) VALUES(68, 44);
INSERT INTO BOOK_TITLE_GENRES(book_title_id, genres_id) VALUES(68, 12);
INSERT INTO EDITION_TAGS VALUES(68, 4);
INSERT INTO EDITION_TAGS VALUES(68, 7);
INSERT INTO EDITION_TAGS VALUES(68, 1);
INSERT INTO EDITION_TAGS VALUES(68, 0);
INSERT INTO EDITION_TAGS VALUES(68, 2);
INSERT INTO BOOK_TITLE VALUES(69, 'Wireshark for Security Professionals');
INSERT INTO EDITION VALUES(69, 38, '<p><b>Master Wireshark to solve real-world security problems</b> </p> <p>If you don’t already use Wireshark for a wide range of information security tasks, you will after this book. Mature and powerful, Wireshark is commonly used to find root cause of challenging network issues. This book extends that power to information security professionals, complete with a downloadable, virtual lab environment.</p> <p><i>Wireshark for Security Professionals</i> covers both offensive and defensive concepts that can be applied to essentially any InfoSec role. Whether into network security, malware analysis, intrusion detection, or penetration testing, this book demonstrates Wireshark through relevant and useful examples.</p> <p>Master Wireshark through both lab scenarios and exercises. Early in the book, a virtual lab environment is provided for the purpose of getting hands-on experience with Wireshark.', '21', 'http://covers.openlibrary.org/b/isbn/9781118918210-L.jpg', 'http://covers.openlibrary.org/b/isbn/9781118918210-M.jpg', 'en', 288, 1.6, 445, true, PARSEDATETIME('2017', 'yyyy'), 1, 69);
INSERT INTO BOOK_TITLE_CONTRIBUTIONS VALUES(69, 92);
INSERT INTO BOOK_TITLE_CONTRIBUTIONS VALUES(69, 93);
INSERT INTO BOOK_TITLE_GENRES(book_title_id, genres_id) VALUES(69, 0);
INSERT INTO BOOK_TITLE_GENRES(book_title_id, genres_id) VALUES(69, 2);
INSERT INTO BOOK_TITLE_GENRES(book_title_id, genres_id) VALUES(69, 3);
INSERT INTO BOOK_TITLE_GENRES(book_title_id, genres_id) VALUES(69, 4);
INSERT INTO BOOK_TITLE_GENRES(book_title_id, genres_id) VALUES(69, 59);
INSERT INTO EDITION_TAGS VALUES(69, 4);
INSERT INTO EDITION_TAGS VALUES(69, 7);
INSERT INTO EDITION_TAGS VALUES(69, 1);
INSERT INTO EDITION_TAGS VALUES(69, 0);
INSERT INTO EDITION_TAGS VALUES(69, 2);
INSERT INTO BOOK_TITLE VALUES(70, '24 Deadly Sins of Software Security: Programming Flaws and How to Fix Them');
INSERT INTO EDITION VALUES(70, 43, '<p><b>Publisher''s Note: Products purchased from Third Party sellers are not guaranteed by the publisher for quality, authenticity, or access to any online entitlements included with the product.</b><p></p></p><p><br></p><p>Eradicate the Most Notorious Insecure Designs and Coding Vulnerabilities</p><p>Fully updated to cover the latest security issues, 24 Deadly Sins of Software Security reveals the most common design and coding errors and explains how to fix each one-or better yet, avoid them from the start. Michael Howard and David LeBlanc, who teach Microsoft employees and the world how to secure code, have partnered again with John Viega, who uncovered the original 19 deadly programming sins. They have completely revised the book to address the most recent vulnerabilities and have added five brand-new sins. This practical guide covers all platforms, languages, and types of applications.', '21', 'http://covers.openlibrary.org/b/isbn/9780071626750-L.jpg', 'http://covers.openlibrary.org/b/isbn/9780071626750-M.jpg', 'en', 432, 2.6, 482, true, PARSEDATETIME('2009', 'yyyy'), 26, 70);
INSERT INTO BOOK_TITLE_CONTRIBUTIONS VALUES(70, 94);
INSERT INTO BOOK_TITLE_CONTRIBUTIONS VALUES(70, 95);
INSERT INTO BOOK_TITLE_CONTRIBUTIONS VALUES(70, 96);
INSERT INTO BOOK_TITLE_GENRES(book_title_id, genres_id) VALUES(70, 0);
INSERT INTO BOOK_TITLE_GENRES(book_title_id, genres_id) VALUES(70, 57);
INSERT INTO BOOK_TITLE_GENRES(book_title_id, genres_id) VALUES(70, 2);
INSERT INTO BOOK_TITLE_GENRES(book_title_id, genres_id) VALUES(70, 3);
INSERT INTO EDITION_TAGS VALUES(70, 4);
INSERT INTO EDITION_TAGS VALUES(70, 7);
INSERT INTO EDITION_TAGS VALUES(70, 1);
INSERT INTO EDITION_TAGS VALUES(70, 0);
INSERT INTO EDITION_TAGS VALUES(70, 2);
INSERT INTO BOOK_TITLE VALUES(71, 'Linux Server Security');
INSERT INTO EDITION VALUES(71, 46, '<p>Linux consistently appears high up in the list of popular Internet servers, whether it''s for the Web, anonymous FTP, or general services such as DNS and delivering mail. But security is the foremost concern of anyone providing such a service. Any server experiences casual probe attempts dozens of time a day, and serious break-in attempts with some frequency as well.</p> <p>This highly regarded book, originally titled <i>Building Secure Servers with Linux</i>, combines practical advice with a firm knowledge of the technical tools needed to ensure security. The book focuses on the most common use of Linux--as a hub offering services to an organization or the Internet--and shows readers how to harden their hosts against attacks. An all-inclusive resource for Linux users who wish to harden their systems, <i>Linux Server Security</i> covers general security such as intrusion detection and firewalling a hub, as well as key services such as DNS, the Apache Web server, mail, and secure she', '21', 'http://covers.openlibrary.org/b/isbn/9780596006709-L.jpg', 'http://covers.openlibrary.org/b/isbn/9780596006709-M.jpg', 'en', 522, 2.2, 71, true, PARSEDATETIME('2005', 'yyyy'), 20, 71);
INSERT INTO BOOK_TITLE_CONTRIBUTIONS VALUES(71, 97);
INSERT INTO BOOK_TITLE_GENRES(book_title_id, genres_id) VALUES(71, 0);
INSERT INTO BOOK_TITLE_GENRES(book_title_id, genres_id) VALUES(71, 1);
INSERT INTO BOOK_TITLE_GENRES(book_title_id, genres_id) VALUES(71, 3);
INSERT INTO BOOK_TITLE_GENRES(book_title_id, genres_id) VALUES(71, 17);
INSERT INTO EDITION_TAGS VALUES(71, 4);
INSERT INTO EDITION_TAGS VALUES(71, 7);
INSERT INTO EDITION_TAGS VALUES(71, 1);
INSERT INTO EDITION_TAGS VALUES(71, 0);
INSERT INTO EDITION_TAGS VALUES(71, 2);
INSERT INTO BOOK_TITLE VALUES(72, 'Computer Network Security');
INSERT INTO EDITION VALUES(72, 29, 'A comprehensive survey of computer network security concepts, methods, and practices. This authoritative volume provides an optimal description of the principles and applications of computer network security in particular, and cyberspace security in general. The book is thematically divided into three segments: Part I describes the operation and security conditions surrounding computer networks; Part II builds from there and exposes readers to the prevailing security situation based on a constant security threat; and Part III - the core - presents readers with most of the best practices and solutions currently in use. It is intended as both a teaching tool and reference. This broad-ranging text/reference comprehensively surveys computer network security concepts, methods, and practices and covers network security tools, policies, and administrative goals in an integrated manner. It is an essential security resource for undergraduate or graduate study, practitioners in networks, and pro', '22', 'http://covers.openlibrary.org/b/isbn/9780387204734-L.jpg', 'http://covers.openlibrary.org/b/isbn/9780387204734-M.jpg', 'en', 535, 4.4, 192, true, PARSEDATETIME('2005', 'yyyy'), 3, 72);
INSERT INTO BOOK_TITLE_CONTRIBUTIONS VALUES(72, 98);
INSERT INTO BOOK_TITLE_GENRES(book_title_id, genres_id) VALUES(72, 0);
INSERT INTO BOOK_TITLE_GENRES(book_title_id, genres_id) VALUES(72, 40);
INSERT INTO BOOK_TITLE_GENRES(book_title_id, genres_id) VALUES(72, 11);
INSERT INTO BOOK_TITLE_GENRES(book_title_id, genres_id) VALUES(72, 12);
INSERT INTO BOOK_TITLE_GENRES(book_title_id, genres_id) VALUES(72, 57);
INSERT INTO BOOK_TITLE_GENRES(book_title_id, genres_id) VALUES(72, 60);
INSERT INTO BOOK_TITLE_GENRES(book_title_id, genres_id) VALUES(72, 61);
INSERT INTO EDITION_TAGS VALUES(72, 4);
INSERT INTO EDITION_TAGS VALUES(72, 7);
INSERT INTO EDITION_TAGS VALUES(72, 1);
INSERT INTO EDITION_TAGS VALUES(72, 0);
INSERT INTO EDITION_TAGS VALUES(72, 2);
INSERT INTO BOOK_TITLE VALUES(73, 'Politics of Security');
INSERT INTO EDITION VALUES(73, 27, '<p>In this critique of security studies, with insights into the thinking of Heidegger, Foucault, Derrida, Levinas and Arendt, Michael Dillon contributes to the rethinking of some of the fundamentals of international politics developing what might be called a political philosophy of continental thought. Drawing on the work of Martin Heidegger, Politics of Security establishes the relationship between Heidegger''s readical hermeneutical phenomenology and politics and the fundamental link between politics, the tragic and the ethical. It breaks new ground by providing an etymology of security, tracing the word back to the Greek asphaleia (not to trip up or fall down), and a unique political reading of Oedipus Rex . Michael Dillon traces the roots of desire for security to the metaphysical desire for certitude, and points out that our way of seeking that security is embedded in 20th century technology, thus resulting in a global crisis.', '18', 'http://covers.openlibrary.org/b/isbn/9780415129602-L.jpg', 'http://covers.openlibrary.org/b/isbn/9780415129602-M.jpg', 'en', 252, 1.6, 570, true, PARSEDATETIME('1996', 'yyyy'), 27, 73);
INSERT INTO BOOK_TITLE_CONTRIBUTIONS VALUES(73, 99);
INSERT INTO BOOK_TITLE_GENRES(book_title_id, genres_id) VALUES(73, 62);
INSERT INTO BOOK_TITLE_GENRES(book_title_id, genres_id) VALUES(73, 6);
INSERT INTO BOOK_TITLE_GENRES(book_title_id, genres_id) VALUES(73, 7);
INSERT INTO EDITION_TAGS VALUES(73, 4);
INSERT INTO EDITION_TAGS VALUES(73, 7);
INSERT INTO EDITION_TAGS VALUES(73, 1);
INSERT INTO EDITION_TAGS VALUES(73, 0);
INSERT INTO EDITION_TAGS VALUES(73, 2);
INSERT INTO BOOK_TITLE VALUES(74, 'Larstan''s the Black Book on Government Security');
INSERT INTO EDITION VALUES(74, 59, 'Written for federal, state, and local governments, each chapter in this book covers a different aspect of securing government information. Each expert author has agreed to share the secrets and advanced-level information gained by years in the business. Chapters cover identity/access management, identity theft, intellectual property, content security, converged networks, recovery strategies, national infrastructure, and more. Case studies, charts and author analysis, and proprietary research make the book accessible, while the writing style makes complex information intelligible to a wide range of readers.', '21', 'http://covers.openlibrary.org/b/isbn/9780976426639-L.jpg', 'http://covers.openlibrary.org/b/isbn/9780976426639-M.jpg', 'en', 243, 1.1, 471, true, PARSEDATETIME('2006', 'yyyy'), 28, 74);
INSERT INTO BOOK_TITLE_CONTRIBUTIONS VALUES(74, 100);
INSERT INTO BOOK_TITLE_GENRES(book_title_id, genres_id) VALUES(74, 0);
INSERT INTO BOOK_TITLE_GENRES(book_title_id, genres_id) VALUES(74, 2);
INSERT INTO BOOK_TITLE_GENRES(book_title_id, genres_id) VALUES(74, 3);
INSERT INTO EDITION_TAGS VALUES(74, 4);
INSERT INTO EDITION_TAGS VALUES(74, 7);
INSERT INTO EDITION_TAGS VALUES(74, 1);
INSERT INTO EDITION_TAGS VALUES(74, 0);
INSERT INTO EDITION_TAGS VALUES(74, 2);
INSERT INTO BOOK_TITLE VALUES(75, 'Cyber Security Essentials');
INSERT INTO EDITION VALUES(75, 47, '<p>The sophisticated methods used in recent high-profile cyber incidents have driven many to need to understand how such security issues work. Demystifying the complexity often associated with information assurance, Cyber Security Essentials provides a clear understanding of the concepts behind prevalent threats, tactics, and procedures.<br><br>To accomplish this, the team of security professionals from VeriSign’s iDefense® Security Intelligence Services supply an extensive review of the computer security landscape. Although the text is accessible to those new to cyber security, its comprehensive nature makes it ideal for experts who need to explain how computer security works to non-technical staff. Providing a fundamental understanding of the theory behind the key issues impacting cyber security, the book:</p> <ul> <li>Covers attacker methods and motivations, exploitation trends, malicious code techniques, and the latest threat vectors </li> <li>Addresses more than 75 key security co', '21', 'http://covers.openlibrary.org/b/isbn/9781439851234-L.jpg', 'http://covers.openlibrary.org/b/isbn/9781439851234-M.jpg', 'en', 341, 3.8, 57, true, PARSEDATETIME('2010', 'yyyy'), 29, 75);
INSERT INTO BOOK_TITLE_CONTRIBUTIONS VALUES(75, 101);
INSERT INTO BOOK_TITLE_CONTRIBUTIONS VALUES(75, 102);
INSERT INTO BOOK_TITLE_CONTRIBUTIONS VALUES(75, 103);
INSERT INTO BOOK_TITLE_GENRES(book_title_id, genres_id) VALUES(75, 0);
INSERT INTO BOOK_TITLE_GENRES(book_title_id, genres_id) VALUES(75, 1);
INSERT INTO BOOK_TITLE_GENRES(book_title_id, genres_id) VALUES(75, 2);
INSERT INTO BOOK_TITLE_GENRES(book_title_id, genres_id) VALUES(75, 3);
INSERT INTO BOOK_TITLE_GENRES(book_title_id, genres_id) VALUES(75, 11);
INSERT INTO BOOK_TITLE_GENRES(book_title_id, genres_id) VALUES(75, 63);
INSERT INTO EDITION_TAGS VALUES(75, 4);
INSERT INTO EDITION_TAGS VALUES(75, 7);
INSERT INTO EDITION_TAGS VALUES(75, 1);
INSERT INTO EDITION_TAGS VALUES(75, 0);
INSERT INTO EDITION_TAGS VALUES(75, 2);
INSERT INTO BOOK_TITLE VALUES(76, 'Turkey as a U.S. Security Partner');
INSERT INTO EDITION VALUES(76, 52, 'Turkey has long been an important U.S. ally, but especially with the end of the Cold War, the relationship has been changing. Divergences between U.S. and Turkish interests have grown, in part because of Turkey''s relationships with its neighbors and the tension between its Western identity and its Middle Eastern orientation. Further, relations with the European Union have also deteriorated of late. As a result, Ankara has come to feel that it can no longer rely on its traditional allies, and Turkey is likely to be a more difficult and less predictable partner in the future. While Turkey will continue to want good ties to the United States, it is likely to be drawn more heavily into the Middle East by the Kurdish issue and Iran''s nuclear ambitions. Consequently, the tension between Turkey''s Western identity and Middle Eastern orientation is likely to grow even more.', '20', 'http://covers.openlibrary.org/b/isbn/9780833043023-L.jpg', 'http://covers.openlibrary.org/b/isbn/9780833043023-M.jpg', 'en', 34, 1.5, 378, true, PARSEDATETIME('2008', 'yyyy'), 30, 76);
INSERT INTO BOOK_TITLE_CONTRIBUTIONS VALUES(76, 104);
INSERT INTO BOOK_TITLE_GENRES(book_title_id, genres_id) VALUES(76, 64);
INSERT INTO BOOK_TITLE_GENRES(book_title_id, genres_id) VALUES(76, 65);
INSERT INTO BOOK_TITLE_GENRES(book_title_id, genres_id) VALUES(76, 3);
INSERT INTO BOOK_TITLE_GENRES(book_title_id, genres_id) VALUES(76, 6);
INSERT INTO BOOK_TITLE_GENRES(book_title_id, genres_id) VALUES(76, 7);
INSERT INTO EDITION_TAGS VALUES(76, 4);
INSERT INTO EDITION_TAGS VALUES(76, 7);
INSERT INTO EDITION_TAGS VALUES(76, 1);
INSERT INTO EDITION_TAGS VALUES(76, 0);
INSERT INTO EDITION_TAGS VALUES(76, 2);
INSERT INTO BOOK_TITLE VALUES(77, 'Java Performance');
INSERT INTO EDITION VALUES(77, 29, '<i>“The definitive master class in performance tuning Java applications…if you love all the gory details, this is the book for you.”</i> <p> <b>–James Gosling, creator of the Java Programming Language</b> </p> <p> </p> <p>Improvements in the Java platform and new multicore/multiprocessor hardware have made it possible to dramatically improve the performance and scalability of Java software. <br> </p> <p> <br> </p> <p> <b> <i>Java™ Performance</i> </b> covers the latest Oracle and third-party tools for monitoring and measuring performance on a wide variety of hardware architectures and operating systems. The authors present dozens of tips and tricks you''ll find nowhere else. <br> </p> <p> <br> </p> <p>You''ll learn how to construct experiments that identify opportunities for optimization, interpret the results, and take effective action. You''ll also find powerful insights into microbenchmarking–including how to avoid common mistakes that can mislead you into writing poorly performing ', '19', 'http://covers.openlibrary.org/b/isbn/9780137142521-L.jpg', 'http://covers.openlibrary.org/b/isbn/9780137142521-M.jpg', 'en', 693, 3.0, 141, true, PARSEDATETIME('2012', 'yyyy'), 6, 77);
INSERT INTO BOOK_TITLE_CONTRIBUTIONS VALUES(77, 105);
INSERT INTO BOOK_TITLE_CONTRIBUTIONS VALUES(77, 106);
INSERT INTO BOOK_TITLE_GENRES(book_title_id, genres_id) VALUES(77, 0);
INSERT INTO BOOK_TITLE_GENRES(book_title_id, genres_id) VALUES(77, 66);
INSERT INTO BOOK_TITLE_GENRES(book_title_id, genres_id) VALUES(77, 23);
INSERT INTO EDITION_TAGS VALUES(77, 4);
INSERT INTO EDITION_TAGS VALUES(77, 8);
INSERT INTO EDITION_TAGS VALUES(77, 2);
INSERT INTO BOOK_TITLE VALUES(78, 'Java Generics and Collections');
INSERT INTO EDITION VALUES(78, 21, '<p>This comprehensive guide shows you how to master the most importantchanges to Java since it was first released. Generics and the greatlyexpanded collection libraries have tremendously increased the power ofJava 5 and Java 6. But they have also confused many developers whohaven''t known how to take advantage of these new features.</p><p><i>Java Generics and Collections</i> covers everything from the mostbasic uses of generics to the strangest corner cases. It teaches youeverything you need to know about the collections libraries, so you''llalways know which collection is appropriate for any given task, andhow to use it.</p><p>Topics covered include: </p><ul><li>Fundamentals of generics: type parameters and generic methods</li><li>Other new features: boxing and unboxing, foreach loops, varargs</li><li>Subtyping and wildcards</li><li>Evolution not revolution: generic libraries with legacy clients andgeneric clients with legacy libraries</li><li>Generics and reflection</li><li>Design pa', '21', 'http://covers.openlibrary.org/b/isbn/9780596527754-L.jpg', 'http://covers.openlibrary.org/b/isbn/9780596527754-M.jpg', 'en', 273, 4.6, 311, true, PARSEDATETIME('2007', 'yyyy'), 12, 78);
INSERT INTO BOOK_TITLE_CONTRIBUTIONS VALUES(78, 107);
INSERT INTO BOOK_TITLE_CONTRIBUTIONS VALUES(78, 108);
INSERT INTO BOOK_TITLE_GENRES(book_title_id, genres_id) VALUES(78, 0);
INSERT INTO BOOK_TITLE_GENRES(book_title_id, genres_id) VALUES(78, 66);
INSERT INTO BOOK_TITLE_GENRES(book_title_id, genres_id) VALUES(78, 3);
INSERT INTO BOOK_TITLE_GENRES(book_title_id, genres_id) VALUES(78, 9);
INSERT INTO BOOK_TITLE_GENRES(book_title_id, genres_id) VALUES(78, 44);
INSERT INTO BOOK_TITLE_GENRES(book_title_id, genres_id) VALUES(78, 48);
INSERT INTO BOOK_TITLE_GENRES(book_title_id, genres_id) VALUES(78, 23);
INSERT INTO EDITION_TAGS VALUES(78, 4);
INSERT INTO EDITION_TAGS VALUES(78, 8);
INSERT INTO EDITION_TAGS VALUES(78, 2);
INSERT INTO BOOK_TITLE VALUES(79, 'Java Network Programming');
INSERT INTO EDITION VALUES(79, 43, '<p>This practical guide provides a complete introduction to developing network programs with Java. You''ll learn how to use Java''s network class library to quickly and easily accomplish common networking tasks such as writing multithreaded servers, encrypting communications, broadcasting to the local network, and posting data to server-side programs.</p> <p>Author Elliotte Rusty Harold provides complete working programs to illustrate the methods and classes he describes. This thoroughly revised fourth edition covers REST, SPDY, asynchronous I/O, and many other recent technologies.</p> <ul> <li>Explore protocols that underlie the Internet, such as TCP/IP and UDP/IP</li> <li>Learn how Java''s core I/O API handles network input and output</li> <li>Discover how the InetAddress class helps Java programs interact with DNS</li> <li>Locate, identify, and download network resources with Java''s ', '18', 'http://covers.openlibrary.org/b/isbn/9781449357672-L.jpg', 'http://covers.openlibrary.org/b/isbn/9781449357672-M.jpg', 'en', 477, 4.5, 458, true, PARSEDATETIME('2013', 'yyyy'), 31, 79);
INSERT INTO BOOK_TITLE_CONTRIBUTIONS VALUES(79, 109);
INSERT INTO BOOK_TITLE_GENRES(book_title_id, genres_id) VALUES(79, 0);
INSERT INTO BOOK_TITLE_GENRES(book_title_id, genres_id) VALUES(79, 66);
INSERT INTO BOOK_TITLE_GENRES(book_title_id, genres_id) VALUES(79, 67);
INSERT INTO BOOK_TITLE_GENRES(book_title_id, genres_id) VALUES(79, 57);
INSERT INTO BOOK_TITLE_GENRES(book_title_id, genres_id) VALUES(79, 29);
INSERT INTO EDITION_TAGS VALUES(79, 4);
INSERT INTO EDITION_TAGS VALUES(79, 8);
INSERT INTO EDITION_TAGS VALUES(79, 2);
INSERT INTO BOOK_TITLE VALUES(80, 'Java Precisely');
INSERT INTO EDITION VALUES(80, 43, '<p>This concise guide to the Java programming language, version 5.0, offers a quick reference for the reader who wants to know the language in greater detail than that provided by the standard text or language reference book. It presents the entire Java programming language and essential parts of the class libraries -- the collection classes and the input-output classes.</p> <p>The second edition adds material on autoboxing of primitive types, string formatting, variable-arity methods, the enhanced for statement, enum types, generic types and methods, reflection, and meta-data annotations. It has been updated throughout to reflect the changes from Java 1.4 to Java 5.0. The final section summarizes and illustrates the new features of Java 5.0 and compares them to the C# programming language. General rules are shown on left-hand pages and corresponding examples on right-hand pages. All examples are fragments of legal Java programs and the complete ready-to-run example programs can be fou', '18', 'http://covers.openlibrary.org/b/isbn/9780262693257-L.jpg', 'http://covers.openlibrary.org/b/isbn/9780262693257-M.jpg', 'en', 157, 1.9, 178, true, PARSEDATETIME('2005', 'yyyy'), 32, 80);
INSERT INTO BOOK_TITLE_CONTRIBUTIONS VALUES(80, 110);
INSERT INTO BOOK_TITLE_GENRES(book_title_id, genres_id) VALUES(80, 0);
INSERT INTO BOOK_TITLE_GENRES(book_title_id, genres_id) VALUES(80, 66);
INSERT INTO BOOK_TITLE_GENRES(book_title_id, genres_id) VALUES(80, 14);
INSERT INTO BOOK_TITLE_GENRES(book_title_id, genres_id) VALUES(80, 23);
INSERT INTO EDITION_TAGS VALUES(80, 4);
INSERT INTO EDITION_TAGS VALUES(80, 8);
INSERT INTO EDITION_TAGS VALUES(80, 2);
INSERT INTO BOOK_TITLE VALUES(81, 'Java for the Web with Servlets, JSP, and EJB');
INSERT INTO EDITION VALUES(81, 36, '<p> <i>Java for Web with Servlets, JSP and EJB</i> is the one book you need to master Java web programming. It covers all the technologies needed to program web applications in Java using Servlets 2.3, JSP 1.2, EJB 2.0 and client-side programming with JavaScript. These technologies are explained in the context of real-world projects, such as an e-commerce application, a document management program, file upload and programmable file download, and an XML-based online book project. </p> <p> In addition to excellent content, this book includes licenses to two Java web components from BrainySoftware.com. You receive a full license of the Programmable File Download component for commercial and non-commercial deployment. You are also granted to a license to deploy the author''s popular File Upload bean for non-commercial use, which has been licensed by the Fortune 500 company Commerce One and purchased by major corporations such as Saudi Business Machine, Ltd.', '21', 'http://covers.openlibrary.org/b/isbn/9780735711952-L.jpg', 'http://covers.openlibrary.org/b/isbn/9780735711952-M.jpg', 'en', 953, 4.4, 290, true, PARSEDATETIME('2002', 'yyyy'), 33, 81);
INSERT INTO BOOK_TITLE_CONTRIBUTIONS VALUES(81, 111);
INSERT INTO BOOK_TITLE_GENRES(book_title_id, genres_id) VALUES(81, 0);
INSERT INTO BOOK_TITLE_GENRES(book_title_id, genres_id) VALUES(81, 66);
INSERT INTO BOOK_TITLE_GENRES(book_title_id, genres_id) VALUES(81, 23);
INSERT INTO EDITION_TAGS VALUES(81, 4);
INSERT INTO EDITION_TAGS VALUES(81, 8);
INSERT INTO EDITION_TAGS VALUES(81, 2);
INSERT INTO BOOK_TITLE VALUES(82, 'Java Distributed Computing');
INSERT INTO EDITION VALUES(82, 23, 'Distributed computing and Java go together naturally. As the first language designed from the bottom up with networking in mind, Java makes it very easy for computers to cooperate. Even the simplest applet running in a browser is a distributed application, if you think about it. The client running the browser downloads and executes code that is delivered by some other system. But even this simple applet wouldn''t be possible without Java''s guarantees of portability and security: the applet can run on any platform, and can''t sabotage its host. Of course, when we think of distributed computing, we usually think of applications more complex than a client and server communicating with the same protocol. We usually think in terms of programs that make remote procedure calls, access remote databases, and collaborate with others to produce a single result. <i>Java Distributed Computing</i> discusses how to design and write such applications.', '19', 'http://covers.openlibrary.org/b/isbn/9781565922068-L.jpg', 'http://covers.openlibrary.org/b/isbn/9781565922068-M.jpg', 'en', 368, 2.1, 272, false, PARSEDATETIME('1998', 'yyyy'), 12, 82);
INSERT INTO BOOK_TITLE_CONTRIBUTIONS VALUES(82, 112);
INSERT INTO BOOK_TITLE_GENRES(book_title_id, genres_id) VALUES(82, 0);
INSERT INTO BOOK_TITLE_GENRES(book_title_id, genres_id) VALUES(82, 3);
INSERT INTO BOOK_TITLE_GENRES(book_title_id, genres_id) VALUES(82, 68);
INSERT INTO BOOK_TITLE_GENRES(book_title_id, genres_id) VALUES(82, 9);
INSERT INTO BOOK_TITLE_GENRES(book_title_id, genres_id) VALUES(82, 57);
INSERT INTO EDITION_TAGS VALUES(82, 4);
INSERT INTO EDITION_TAGS VALUES(82, 8);
INSERT INTO EDITION_TAGS VALUES(82, 2);
INSERT INTO BOOK_TITLE VALUES(83, 'Java');
INSERT INTO EDITION VALUES(83, 29, 'Preface 1 Introduction to Computers, the Internet and the Web What Is a Computer? Computer Organization Evolution of Operating Systems Personal, Distributed and Client/Server Computing Machine Languages, Assembly Languages and High-Level Languages History of C++ History of Java Java Class Libraries Fortran, Cobol, Pascal and Ada Basic, Visual Basic, Visual C++, C# and .NET The Internet and the World Wide Web Basics of a Typical Java Environment General Notes about Java and This Book Thinking About Objects: Introduction to Object Technology and the Unified Modeling Language Discovering Design Patterns: Introduction 2 Introduction to Java Applications A First Program in Java: Printing a Line of Text Modifying Our First Java Program Displaying Text in a Dialog Box Another Java Application: Adding Integers Memory Concepts Arithmetic Decision Making: Equality and Relational Operators (Optional Case Study) Thinking About Objects: Examining the Problem Statement 3 Introduction to Java Applets', '18', 'http://covers.openlibrary.org/b/isbn/9780138993948-L.jpg', 'http://covers.openlibrary.org/b/isbn/9780138993948-M.jpg', 'en', 1063, 3.1, 95, true, PARSEDATETIME('1998', 'yyyy'), 6, 83);
INSERT INTO BOOK_TITLE_CONTRIBUTIONS VALUES(83, 113);
INSERT INTO BOOK_TITLE_CONTRIBUTIONS VALUES(83, 114);
INSERT INTO BOOK_TITLE_GENRES(book_title_id, genres_id) VALUES(83, 0);
INSERT INTO BOOK_TITLE_GENRES(book_title_id, genres_id) VALUES(83, 3);
INSERT INTO BOOK_TITLE_GENRES(book_title_id, genres_id) VALUES(83, 23);
INSERT INTO EDITION_TAGS VALUES(83, 4);
INSERT INTO EDITION_TAGS VALUES(83, 8);
INSERT INTO EDITION_TAGS VALUES(83, 2);
INSERT INTO BOOK_TITLE VALUES(84, 'Thinking in Java');
INSERT INTO EDITION VALUES(84, 52, '<p><b>Appropriate for intermediate to advanced courses in Java.</b></p> <p>In <i>Thinking in Java, Third Edition</i>, Bruce Eckel revises his widely-praised Java introduction to fully reflect the power of Java 2 Standard Edition, Version 1.4. This new edition of the book that won the 1999 Software Development Magazine Productivity Award adds thoroughly updated coverage of servlets, JSP, and EJB. As always, Eckel doesn''t just show students what to do, but <i>why</i>. He introduces all the basics of objects as Java uses them; then walks carefully through the fundamentals of Java programming, including program flow, initialization and cleanup, implementation hiding, reusing classes and polymorphism. Using to-the-point examples, he introduces exception handling, Java I/O, run-time type identification, and passing and returning objects. Coverage also includes: database integration, transactions, security, Swing GUI development, Jini, JavaSpaces, and much more.', '20', 'http://covers.openlibrary.org/b/isbn/9780131002876-L.jpg', 'http://covers.openlibrary.org/b/isbn/9780131002876-M.jpg', 'en', 1119, 2.9, 484, true, PARSEDATETIME('2003', 'yyyy'), 34, 84);
INSERT INTO BOOK_TITLE_CONTRIBUTIONS VALUES(84, 115);
INSERT INTO BOOK_TITLE_GENRES(book_title_id, genres_id) VALUES(84, 0);
INSERT INTO BOOK_TITLE_GENRES(book_title_id, genres_id) VALUES(84, 66);
INSERT INTO BOOK_TITLE_GENRES(book_title_id, genres_id) VALUES(84, 23);
INSERT INTO EDITION_TAGS VALUES(84, 4);
INSERT INTO EDITION_TAGS VALUES(84, 8);
INSERT INTO EDITION_TAGS VALUES(84, 2);
INSERT INTO BOOK_TITLE VALUES(85, 'Java All-In-One Desk Reference For Dummies');
INSERT INTO EDITION VALUES(85, 50, '<ul> <li>Nine minibooks filling more than 800 pages provide the world''s five million-plus Java developers with a basic all-in-one programming reference</li> <li>Covers the recent release of the Java 2 Platform Standard Edition 5.0 and the new J2SE Development Kit 5.0</li> <li>Starts with beginner topics including getting started with Java, using the Java development platform, and Web programming</li> <li>Expands into more advanced Java fundamentals such as object-oriented programming, working with arrays and collections, and creating user interfaces with Swing</li> </ul>', '21', 'http://covers.openlibrary.org/b/isbn/9780764599378-L.jpg', 'http://covers.openlibrary.org/b/isbn/9780764599378-M.jpg', 'en', 886, 3.4, 171, true, PARSEDATETIME('2005', 'yyyy'), 1, 85);
INSERT INTO BOOK_TITLE_CONTRIBUTIONS VALUES(85, 116);
INSERT INTO BOOK_TITLE_GENRES(book_title_id, genres_id) VALUES(85, 0);
INSERT INTO BOOK_TITLE_GENRES(book_title_id, genres_id) VALUES(85, 66);
INSERT INTO BOOK_TITLE_GENRES(book_title_id, genres_id) VALUES(85, 3);
INSERT INTO BOOK_TITLE_GENRES(book_title_id, genres_id) VALUES(85, 9);
INSERT INTO BOOK_TITLE_GENRES(book_title_id, genres_id) VALUES(85, 29);
INSERT INTO EDITION_TAGS VALUES(85, 4);
INSERT INTO EDITION_TAGS VALUES(85, 8);
INSERT INTO EDITION_TAGS VALUES(85, 2);
INSERT INTO BOOK_TITLE VALUES(86, 'Artificial Intelligence.');
INSERT INTO EDITION VALUES(86, 57, '<p>Artificial Intelligence (AI) is a rapidly growing inter-disciplinary field with a long and distinguished history that involves many countries and considerably pre-dates the development of computers. It can be traced back at least as far as Ancient Greece and has evolved over time to become a major subfield of computer science in general.</p> <p>This state-of-the-art survey not only serves as a "position paper" on the field from the viewpoint of expert members of the IFIP Technical Committee 12, its Working Groups and their colleagues, but also presents overviews of current work in different countries.</p> <p>The chapters describe important relatively new or emerging areas of work in which the authors are personally involved, including text and hypertext categorization; autonomous systems; affective intelligence; AI in electronic healthcare systems; artifact-mediated society and social intelligence design; multilingual knowledge management; agents, intelligence and tools; intelligent', '22', 'http://covers.openlibrary.org/b/isbn/9783642032257-L.jpg', 'http://covers.openlibrary.org/b/isbn/9783642032257-M.jpg', 'en', 247, 1.6, 380, true, PARSEDATETIME('2009', 'yyyy'), 3, 86);
INSERT INTO BOOK_TITLE_CONTRIBUTIONS VALUES(86, 117);
INSERT INTO BOOK_TITLE_GENRES(book_title_id, genres_id) VALUES(86, 0);
INSERT INTO BOOK_TITLE_GENRES(book_title_id, genres_id) VALUES(86, 3);
INSERT INTO BOOK_TITLE_GENRES(book_title_id, genres_id) VALUES(86, 69);
INSERT INTO BOOK_TITLE_GENRES(book_title_id, genres_id) VALUES(86, 70);
INSERT INTO BOOK_TITLE_GENRES(book_title_id, genres_id) VALUES(86, 14);
INSERT INTO BOOK_TITLE_GENRES(book_title_id, genres_id) VALUES(86, 16);
INSERT INTO EDITION_TAGS VALUES(86, 9);
INSERT INTO EDITION_TAGS VALUES(86, 10);
INSERT INTO EDITION_TAGS VALUES(86, 2);
INSERT INTO BOOK_TITLE VALUES(87, 'Introduction to Artificial Intelligence');
INSERT INTO EDITION VALUES(87, 29, '<p>The ultimate aim of artificial intelligence (A.I.) is to understand intelligence and to build intelligent software and robots that come close to the performance of humans. On their way towards this goal, A.I. researchers have developed a number of quite different subdisciplines.</p><p>This concise and accessible <i>Introduction to Artificial Intelligence</i> supports a foundation or module course on A.I., covering a broad selection of the subdisciplines within this field. The textbook presents concrete algorithms and applications in the areas of agents, logic, search, reasoning under uncertainty, machine learning, neural networks and reinforcement learning.</p><p>Topics and features: presents an application-focused and hands-on approach to learning the subject; provides study exercises of varying degrees of difficulty at the end of each chapter, with solutions given at the end of the book; supports the text with highlighted examples, definitions, theorems, and illustrative cartoons;', '18', 'http://covers.openlibrary.org/b/isbn/9783319584867-L.jpg', 'http://covers.openlibrary.org/b/isbn/9783319584867-M.jpg', 'en', 356, 2.9, 97, true, PARSEDATETIME('2018', 'yyyy'), 7, 87);
INSERT INTO BOOK_TITLE_CONTRIBUTIONS VALUES(87, 118);
INSERT INTO BOOK_TITLE_GENRES(book_title_id, genres_id) VALUES(87, 0);
INSERT INTO BOOK_TITLE_GENRES(book_title_id, genres_id) VALUES(87, 1);
INSERT INTO BOOK_TITLE_GENRES(book_title_id, genres_id) VALUES(87, 3);
INSERT INTO BOOK_TITLE_GENRES(book_title_id, genres_id) VALUES(87, 69);
INSERT INTO EDITION_TAGS VALUES(87, 9);
INSERT INTO EDITION_TAGS VALUES(87, 10);
INSERT INTO EDITION_TAGS VALUES(87, 2);
INSERT INTO BOOK_TITLE VALUES(88, 'Advances in Artificial Intelligence');
INSERT INTO EDITION VALUES(88, 39, '<p>This book constitutes the refereed proceedings of the 4th Hellenic Conference on Artificial Intelligence, SETN 2006, held at Heraklion, Crete, Greece in May 2006. The 43 revised full papers and extended abstracts of 34 revised short papers presented together with 2 invited contributions address many areas of artificial intelligence; particular fields of interest include: logic programming, knowledge-based systems, intelligent information retrieval, machine learning, neural nets, genetic algorithms, and more. </p>', '20', 'http://covers.openlibrary.org/b/isbn/9783540341178-L.jpg', 'http://covers.openlibrary.org/b/isbn/9783540341178-M.jpg', 'en', 611, 1.5, 596, true, PARSEDATETIME('2006', 'yyyy'), 3, 88);
INSERT INTO BOOK_TITLE_CONTRIBUTIONS VALUES(88, 119);
INSERT INTO BOOK_TITLE_CONTRIBUTIONS VALUES(88, 120);
INSERT INTO BOOK_TITLE_CONTRIBUTIONS VALUES(88, 121);
INSERT INTO BOOK_TITLE_CONTRIBUTIONS VALUES(88, 122);
INSERT INTO BOOK_TITLE_GENRES(book_title_id, genres_id) VALUES(88, 0);
INSERT INTO BOOK_TITLE_GENRES(book_title_id, genres_id) VALUES(88, 1);
INSERT INTO BOOK_TITLE_GENRES(book_title_id, genres_id) VALUES(88, 71);
INSERT INTO BOOK_TITLE_GENRES(book_title_id, genres_id) VALUES(88, 60);
INSERT INTO BOOK_TITLE_GENRES(book_title_id, genres_id) VALUES(88, 61);
INSERT INTO EDITION_TAGS VALUES(88, 9);
INSERT INTO EDITION_TAGS VALUES(88, 10);
INSERT INTO EDITION_TAGS VALUES(88, 2);
INSERT INTO BOOK_TITLE VALUES(89, 'Artificial Intelligence');
INSERT INTO EDITION VALUES(89, 47, '<p>"Machines who think--how utterly preposterous," huff beleaguered humanists, defending their dwindling turf. "Artificial Intelligence--it''s here and about to surpass our own," crow techno-visionaries, proclaiming dominion. It''s so simple and obvious, each side maintains, only a fanatic could disagree.</p> <p>Deciding where the truth lies between these two extremes is the main purpose of John Haugeland''s marvelously lucid and witty book on what artificial intelligence is all about. Although presented entirely in non-technical terms, it neither oversimplifies the science nor evades the fundamental philosophical issues. Far from ducking the really hard questions, it takes them on, one by one.</p> <p>Artificial intelligence, Haugeland notes, is based on a very good idea, which might well be right, and just as well might not. That idea, the idea that human thinking and machine computing are "radically the same," provides the central theme for his illuminating and provocative book about', '21', 'http://covers.openlibrary.org/b/isbn/9780262580953-L.jpg', 'http://covers.openlibrary.org/b/isbn/9780262580953-M.jpg', 'en', 287, 4.3, 482, true, PARSEDATETIME('1989', 'yyyy'), 32, 89);
INSERT INTO BOOK_TITLE_CONTRIBUTIONS VALUES(89, 123);
INSERT INTO BOOK_TITLE_GENRES(book_title_id, genres_id) VALUES(89, 72);
INSERT INTO BOOK_TITLE_GENRES(book_title_id, genres_id) VALUES(89, 73);
INSERT INTO EDITION_TAGS VALUES(89, 9);
INSERT INTO EDITION_TAGS VALUES(89, 10);
INSERT INTO EDITION_TAGS VALUES(89, 2);
INSERT INTO BOOK_TITLE VALUES(90, 'Artificial Intelligence for HR');
INSERT INTO EDITION VALUES(90, 20, '<p>HR professionals need to get to grips with artificial intelligence and the way it''s changing the world of work. From using natural language processing to ensure job adverts are free from bias and gendered language to implementing chatbots to enhance the employee experience, AI has created a variety of opportunities for the HR function. <b><i>Artificial Intelligence for HR</i> </b>empowers HR professionals to leverage this potential and use AI to improve efficiency and develop a talented and productive workforce. Outlining the current technology landscape as well as the latest AI developments, this book ensures that HR professionals fully understand what AI is and what it means for HR in practice.</p><p>Covering everything from recruitment and retention to employee engagement and learning and development, <b><i>Artificial Intelligence for HR</i> </b>outlines the value AI can add to HR.', '20', 'http://covers.openlibrary.org/b/isbn/9780749483814-L.jpg', 'http://covers.openlibrary.org/b/isbn/9780749483814-M.jpg', 'en', 215, 3.1, 268, false, PARSEDATETIME('2018', 'yyyy'), 35, 90);
INSERT INTO BOOK_TITLE_CONTRIBUTIONS VALUES(90, 124);
INSERT INTO BOOK_TITLE_GENRES(book_title_id, genres_id) VALUES(90, 74);
INSERT INTO BOOK_TITLE_GENRES(book_title_id, genres_id) VALUES(90, 11);
INSERT INTO EDITION_TAGS VALUES(90, 9);
INSERT INTO EDITION_TAGS VALUES(90, 10);
INSERT INTO EDITION_TAGS VALUES(90, 2);
INSERT INTO BOOK_TITLE VALUES(91, 'Artificial Intelligence');
INSERT INTO EDITION VALUES(91, 47, '<p><b>Melanie Mitchell separates science fact from science fiction in this sweeping examination of the current state of AI and how it is remaking our world</b><br><br>No recent scientific enterprise has proved as alluring, terrifying, and filled with extravagant promise and frustrating setbacks as artificial intelligence. The award-winning author Melanie Mitchell, a leading computer scientist, now reveals AI’s turbulent history and the recent spate of apparent successes, grand hopes, and emerging fears surrounding it.<br><br>In <i>Artificial Intelligence</i>, Mitchell turns to the most urgent questions concerning AI today: How intelligent—really—are the best AI programs? How do they work? What can they actually do, and when do they fail? How humanlike do we expect them to become, and how soon do we need to worry about them surpassing us? Along the way, she introduces the dominant models of modern AI and machine learning, describing cutting-edge AI programs, their human inventors, and t', '19', 'http://covers.openlibrary.org/b/isbn/9781250758040-L.jpg', 'http://covers.openlibrary.org/b/isbn/9781250758040-M.jpg', 'en', 336, 1.6, 492, true, PARSEDATETIME('2020', 'yyyy'), 36, 91);
INSERT INTO BOOK_TITLE_CONTRIBUTIONS VALUES(91, 125);
INSERT INTO BOOK_TITLE_GENRES(book_title_id, genres_id) VALUES(91, 0);
INSERT INTO BOOK_TITLE_GENRES(book_title_id, genres_id) VALUES(91, 3);
INSERT INTO BOOK_TITLE_GENRES(book_title_id, genres_id) VALUES(91, 69);
INSERT INTO BOOK_TITLE_GENRES(book_title_id, genres_id) VALUES(91, 75);
INSERT INTO BOOK_TITLE_GENRES(book_title_id, genres_id) VALUES(91, 76);
INSERT INTO EDITION_TAGS VALUES(91, 9);
INSERT INTO EDITION_TAGS VALUES(91, 10);
INSERT INTO EDITION_TAGS VALUES(91, 2);
INSERT INTO BOOK_TITLE VALUES(92, 'Artificial Intelligence');
INSERT INTO EDITION VALUES(92, 16, 'Intelligent agents are employed as the central characters in this introductory text. Beginning with elementary reactive agents, Nilsson gradually increases their cognitive horsepower to illustrate the most important and lasting ideas in AI. Neural networks, genetic programming, computer vision, heuristic search, knowledge representation and reasoning, Bayes networks, planning, and language understanding are each revealed through the growing capabilities of these agents. A distinguishing feature of this text is in its evolutionary approach to the study of AI. This book provides a refreshing and motivating synthesis of the field by one of AI''s master expositors and leading researches.', '20', 'http://covers.openlibrary.org/b/isbn/9781558605350-L.jpg', 'http://covers.openlibrary.org/b/isbn/9781558605350-M.jpg', 'en', 513, 4.4, 352, true, PARSEDATETIME('1998', 'yyyy'), 37, 92);
INSERT INTO BOOK_TITLE_CONTRIBUTIONS VALUES(92, 126);
INSERT INTO BOOK_TITLE_CONTRIBUTIONS VALUES(92, 127);
INSERT INTO BOOK_TITLE_GENRES(book_title_id, genres_id) VALUES(92, 0);
INSERT INTO BOOK_TITLE_GENRES(book_title_id, genres_id) VALUES(92, 3);
INSERT INTO BOOK_TITLE_GENRES(book_title_id, genres_id) VALUES(92, 77);
INSERT INTO BOOK_TITLE_GENRES(book_title_id, genres_id) VALUES(92, 78);
INSERT INTO EDITION_TAGS VALUES(92, 9);
INSERT INTO EDITION_TAGS VALUES(92, 10);
INSERT INTO EDITION_TAGS VALUES(92, 2);
INSERT INTO BOOK_TITLE VALUES(93, 'Artificial Intelligence Illuminated');
INSERT INTO EDITION VALUES(93, 13, 'Artificial Intelligence Illuminated presents an overview of the background and history of artificial intelligence, emphasizing its importance in today''s society and potential for the future. The book covers a range of AI techniques, algorithms, and methodologies, including game playing, intelligent agents, machine learning, genetic algorithms, and Artificial Life. Material is presented in a lively and accessible manner and the author focuses on explaining how AI techniques relate to and are derived from natural systems, such as the human brain and evolution, and explaining how the artificial equivalents are used in the real world. Each chapter includes student exercises and review questions, and a detailed glossary at the end of the book defines important terms and concepts highlighted throughout the text.', '20', 'http://covers.openlibrary.org/b/isbn/9780763732301-L.jpg', 'http://covers.openlibrary.org/b/isbn/9780763732301-M.jpg', 'en', 739, 1.6, 150, true, PARSEDATETIME('2004', 'yyyy'), 18, 93);
INSERT INTO BOOK_TITLE_CONTRIBUTIONS VALUES(93, 128);
INSERT INTO BOOK_TITLE_GENRES(book_title_id, genres_id) VALUES(93, 0);
INSERT INTO BOOK_TITLE_GENRES(book_title_id, genres_id) VALUES(93, 3);
INSERT INTO BOOK_TITLE_GENRES(book_title_id, genres_id) VALUES(93, 69);
INSERT INTO EDITION_TAGS VALUES(93, 9);
INSERT INTO EDITION_TAGS VALUES(93, 10);
INSERT INTO EDITION_TAGS VALUES(93, 2);
INSERT INTO BOOK_TITLE VALUES(94, 'Developments in Applied Artificial Intelligence');
INSERT INTO EDITION VALUES(94, 17, '<p> </p> <p>This book constitutes the refereed proceedings of the 16th International Conference on Industrial and Engineering Applications of Artificial Intelligence and Expert Systems, IEA/AIE 2003, held in Loughborough, UK in June 2003.</p> <p></p> <p>The 81 revised full papers presented were carefully reviewed and selected from more than 140 submissions. Among the topics addressed are soft computing, fuzzy logic, diagnosis, knowledge representation, knowledge management, automated reasoning, machine learning, planning and scheduling, evolutionary computation, computer vision, agent systems, algorithmic learning, tutoring systems, financial analysis, etc.</p>', '21', 'http://covers.openlibrary.org/b/isbn/9783540404552-L.jpg', 'http://covers.openlibrary.org/b/isbn/9783540404552-M.jpg', 'en', 817, 5.0, 180, true, PARSEDATETIME('2003', 'yyyy'), 3, 94);
INSERT INTO BOOK_TITLE_CONTRIBUTIONS VALUES(94, 129);
INSERT INTO BOOK_TITLE_GENRES(book_title_id, genres_id) VALUES(94, 0);
INSERT INTO BOOK_TITLE_GENRES(book_title_id, genres_id) VALUES(94, 3);
INSERT INTO BOOK_TITLE_GENRES(book_title_id, genres_id) VALUES(94, 69);
INSERT INTO BOOK_TITLE_GENRES(book_title_id, genres_id) VALUES(94, 14);
INSERT INTO BOOK_TITLE_GENRES(book_title_id, genres_id) VALUES(94, 79);
INSERT INTO EDITION_TAGS VALUES(94, 9);
INSERT INTO EDITION_TAGS VALUES(94, 10);
INSERT INTO EDITION_TAGS VALUES(94, 2);
INSERT INTO BOOK_TITLE VALUES(95, 'Artificial Intelligence and Computational Intelligence');
INSERT INTO EDITION VALUES(95, 47, 'The 2009 International Conference on Artificial Intelligence and Computational Int- ligence (AICI 2009) was held during November 7–8, 2009 in Shanghai, China. The technical program of the conference reflects the tremendous growth in the fields of artificial intelligence and computational intelligence with contributions from a large number of participants around the world. AICI 2009 received 1,203 submissions from 20 countries and regions. After rig- ous reviews, 79 high-quality papers were selected for this volume, representing an acceptance rate of 6.6%. These selected papers cover many new developments and their applications in the fields of artificial intelligence and computational intelligence. Their publications reflect a sustainable interest from the wide academic community worldwide in tirelessly pursuing new solutions through effective utilizations of arti- cial intelligence and computational intelligence to real-world problems.', '21', 'http://covers.openlibrary.org/b/isbn/9783642052521-L.jpg', 'http://covers.openlibrary.org/b/isbn/9783642052521-M.jpg', 'en', 737, 2.3, 359, true, PARSEDATETIME('2009', 'yyyy'), 3, 95);
INSERT INTO BOOK_TITLE_CONTRIBUTIONS VALUES(95, 130);
INSERT INTO BOOK_TITLE_CONTRIBUTIONS VALUES(95, 131);
INSERT INTO BOOK_TITLE_CONTRIBUTIONS VALUES(95, 132);
INSERT INTO BOOK_TITLE_CONTRIBUTIONS VALUES(95, 133);
INSERT INTO BOOK_TITLE_GENRES(book_title_id, genres_id) VALUES(95, 0);
INSERT INTO BOOK_TITLE_GENRES(book_title_id, genres_id) VALUES(95, 3);
INSERT INTO BOOK_TITLE_GENRES(book_title_id, genres_id) VALUES(95, 69);
INSERT INTO BOOK_TITLE_GENRES(book_title_id, genres_id) VALUES(95, 14);
INSERT INTO BOOK_TITLE_GENRES(book_title_id, genres_id) VALUES(95, 79);
INSERT INTO EDITION_TAGS VALUES(95, 9);
INSERT INTO EDITION_TAGS VALUES(95, 10);
INSERT INTO EDITION_TAGS VALUES(95, 2);
INSERT INTO BOOK_TITLE VALUES(96, 'Artificial Intelligence');
INSERT INTO EDITION VALUES(96, 56, '<p> <i>Artificial Intelligence: A Modern Approach, 3e</i> offers the most comprehensive, up-to-date introduction to the theory and practice of artificial intelligence. Number one in its field, this textbook is ideal for one or two-semester, undergraduate or graduate-level courses in Artificial Intelligence.</p> <br> <p> Dr. Peter Norvig, contributing <i>Artificial Intelligence </i>author and Professor Sebastian Thrun, a Pearson author are offering a free online course at Stanford University on artificial intelligence. <br> </p> <p> <br>According to an article in <i> The New York Times </i>, the course on artificial intelligence is “one of three being offered experimentally by the Stanford computer science department to extend technology knowledge and skills beyond this elite campus to the entire world.” One of the other two courses, an introduction to database software, is being taught by Pearson author Dr.', '19', 'http://covers.openlibrary.org/b/isbn/9780136042594-L.jpg', 'http://covers.openlibrary.org/b/isbn/9780136042594-M.jpg', 'en', 1132, 1.3, 581, true, PARSEDATETIME('2010', 'yyyy'), 6, 96);
INSERT INTO BOOK_TITLE_CONTRIBUTIONS VALUES(96, 134);
INSERT INTO BOOK_TITLE_CONTRIBUTIONS VALUES(96, 135);
INSERT INTO BOOK_TITLE_CONTRIBUTIONS VALUES(96, 136);
INSERT INTO BOOK_TITLE_CONTRIBUTIONS VALUES(96, 137);
INSERT INTO BOOK_TITLE_GENRES(book_title_id, genres_id) VALUES(96, 0);
INSERT INTO BOOK_TITLE_GENRES(book_title_id, genres_id) VALUES(96, 3);
INSERT INTO BOOK_TITLE_GENRES(book_title_id, genres_id) VALUES(96, 69);
INSERT INTO EDITION_TAGS VALUES(96, 9);
INSERT INTO EDITION_TAGS VALUES(96, 10);
INSERT INTO EDITION_TAGS VALUES(96, 2);
INSERT INTO BOOK_TITLE VALUES(97, 'Bio-Inspired Artificial Intelligence');
INSERT INTO EDITION VALUES(97, 8, '<p><b>A comprehensive introduction to new approaches in artificial intelligence and robotics that are inspired by self-organizing biological processes and structures.</b></p><p>New approaches to artificial intelligence spring from the idea that intelligence emerges as much from cells, bodies, and societies as it does from evolution, development, and learning. Traditionally, artificial intelligence has been concerned with reproducing the abilities of human brains; newer approaches take inspiration from a wider range of biological structures that that are capable of autonomous self-organization. Examples of these new approaches include evolutionary computation and evolutionary electronics, artificial neural networks, immune systems, biorobotics, and swarm intelligence—to mention only a few. This book offers a comprehensive introduction to the emerging field of biologically inspired artificial intelligence that can be used as an upper-level text or as a reference for researchers.', '19', 'http://covers.openlibrary.org/b/isbn/9780262062718-L.jpg', 'http://covers.openlibrary.org/b/isbn/9780262062718-M.jpg', 'en', 674, 3.5, 346, true, PARSEDATETIME('2008', 'yyyy'), 32, 97);
INSERT INTO BOOK_TITLE_CONTRIBUTIONS VALUES(97, 138);
INSERT INTO BOOK_TITLE_CONTRIBUTIONS VALUES(97, 139);
INSERT INTO BOOK_TITLE_GENRES(book_title_id, genres_id) VALUES(97, 0);
INSERT INTO BOOK_TITLE_GENRES(book_title_id, genres_id) VALUES(97, 3);
INSERT INTO BOOK_TITLE_GENRES(book_title_id, genres_id) VALUES(97, 69);
INSERT INTO EDITION_TAGS VALUES(97, 9);
INSERT INTO EDITION_TAGS VALUES(97, 10);
INSERT INTO EDITION_TAGS VALUES(97, 2);
INSERT INTO BOOK_TITLE VALUES(98, 'Artificial Intelligence in Reactive Scheduling');
INSERT INTO EDITION VALUES(98, 22, 'This volume encompasses state-of-the-art developments in AI-based reactive scheduling for real-time operation management in manufacturing shop floors. It is a collection of papers from the Second International Workshop of the IFIP Working Group 5.7 which brought together researchers from management information systems and knowledge engineering to expand the focus on applying new knowledge-based techniques.', '18', 'http://covers.openlibrary.org/b/isbn/9780412729003-L.jpg', 'http://covers.openlibrary.org/b/isbn/9780412729003-M.jpg', 'en', 166, 4.1, 115, true, PARSEDATETIME('1995', 'yyyy'), 3, 98);
INSERT INTO BOOK_TITLE_CONTRIBUTIONS VALUES(98, 140);
INSERT INTO BOOK_TITLE_CONTRIBUTIONS VALUES(98, 141);
INSERT INTO BOOK_TITLE_CONTRIBUTIONS VALUES(98, 142);
INSERT INTO BOOK_TITLE_GENRES(book_title_id, genres_id) VALUES(98, 0);
INSERT INTO BOOK_TITLE_GENRES(book_title_id, genres_id) VALUES(98, 3);
INSERT INTO BOOK_TITLE_GENRES(book_title_id, genres_id) VALUES(98, 69);
INSERT INTO BOOK_TITLE_GENRES(book_title_id, genres_id) VALUES(98, 41);
INSERT INTO BOOK_TITLE_GENRES(book_title_id, genres_id) VALUES(98, 80);
INSERT INTO BOOK_TITLE_GENRES(book_title_id, genres_id) VALUES(98, 81);
INSERT INTO BOOK_TITLE_GENRES(book_title_id, genres_id) VALUES(98, 21);
INSERT INTO EDITION_TAGS VALUES(98, 9);
INSERT INTO EDITION_TAGS VALUES(98, 10);
INSERT INTO EDITION_TAGS VALUES(98, 2);
INSERT INTO BOOK_TITLE VALUES(99, 'Artificial Intelligence and Human Institutions');
INSERT INTO EDITION VALUES(99, 25, '<b>Artificial Intelligence and Human Institutions</b> argues that successful applications of artificial intelligence are possible only within an understanding of human institutions and the limitations of technology. Products of artificial intelligence research are becoming widely available to non-specialists using low-cost computer systems, but there has been a lack of communication between re- searchers and community groups. Taking the "weak AI" position, the book explores the way insights and tools from artificial intelligence can be valuable in coming to terms with real world problems. Drawing on the author''s extensive practical experience in AI research and research management, the book brings together case studies from the fields of education, training, business, engineering, defence, health, and community work, and suggests future directions. This book deals with advanced concepts of artificial intelligence for non-specialist readers, while providing an introduction to state-of-', '20', 'http://covers.openlibrary.org/b/isbn/9783540195795-L.jpg', 'http://covers.openlibrary.org/b/isbn/9783540195795-M.jpg', 'en', 181, 3.6, 200, true, PARSEDATETIME('1991', 'yyyy'), 38, 99);
INSERT INTO BOOK_TITLE_CONTRIBUTIONS VALUES(99, 143);
INSERT INTO BOOK_TITLE_CONTRIBUTIONS VALUES(99, 144);
INSERT INTO BOOK_TITLE_GENRES(book_title_id, genres_id) VALUES(99, 0);
INSERT INTO BOOK_TITLE_GENRES(book_title_id, genres_id) VALUES(99, 3);
INSERT INTO BOOK_TITLE_GENRES(book_title_id, genres_id) VALUES(99, 69);
INSERT INTO BOOK_TITLE_GENRES(book_title_id, genres_id) VALUES(99, 11);
INSERT INTO BOOK_TITLE_GENRES(book_title_id, genres_id) VALUES(99, 12);
INSERT INTO BOOK_TITLE_GENRES(book_title_id, genres_id) VALUES(99, 82);
INSERT INTO EDITION_TAGS VALUES(99, 9);
INSERT INTO EDITION_TAGS VALUES(99, 10);
INSERT INTO EDITION_TAGS VALUES(99, 2);
INSERT INTO BOOK_TITLE VALUES(100, 'Artificial Intelligence for Games');
INSERT INTO EDITION VALUES(100, 37, 'Creating robust artificial intelligence is one of the greatest challenges for game developers, yet the commercial success of a game is often dependent upon the quality of the AI. In this book, Ian Millington brings extensive professional experience to the problem of improving the quality of AI in games. He describes numerous examples from real games and explores the underlying ideas through detailed case studies. He goes further to introduce many techniques little used by developers today. The book''s associated web site contains a library of C++ source code and demonstration programs, and a complete commercial source code library of AI algorithms and techniques.<br><br>"Artificial Intelligence for Games - 2nd edition" will be highly useful to academics teaching courses on game AI, in that it includes exercises with each chapter. It will also include new and expanded coverage of the following: AI-oriented gameplay; Behavior driven AI; Casual games (puzzle games).', '21', 'http://covers.openlibrary.org/b/isbn/9780123747310-L.jpg', 'http://covers.openlibrary.org/b/isbn/9780123747310-M.jpg', 'en', 872, 2.8, 300, true, PARSEDATETIME('2009', 'yyyy'), 5, 100);
INSERT INTO BOOK_TITLE_CONTRIBUTIONS VALUES(100, 145);
INSERT INTO BOOK_TITLE_CONTRIBUTIONS VALUES(100, 146);
INSERT INTO BOOK_TITLE_GENRES(book_title_id, genres_id) VALUES(100, 0);
INSERT INTO BOOK_TITLE_GENRES(book_title_id, genres_id) VALUES(100, 83);
INSERT INTO BOOK_TITLE_GENRES(book_title_id, genres_id) VALUES(100, 84);
INSERT INTO BOOK_TITLE_GENRES(book_title_id, genres_id) VALUES(100, 85);
INSERT INTO BOOK_TITLE_GENRES(book_title_id, genres_id) VALUES(100, 86);
INSERT INTO EDITION_TAGS VALUES(100, 9);
INSERT INTO EDITION_TAGS VALUES(100, 10);
INSERT INTO EDITION_TAGS VALUES(100, 2);
INSERT INTO BOOK_TITLE VALUES(101, 'New Frontiers in Artificial Intelligence');
INSERT INTO EDITION VALUES(101, 23, 'Intelligent information technology has signi?cantly progressed along with the rapid growth of computer communication networks in the last decade. The - search in this domain became highly active under the worldwide growing en- ronment providing the objective study issues. The research situation in Japan is no exception in this trend. An enormous number of studies in intelligent - formation technology are presented every year in Japanese domestic conferences associated with this ?eld. Many of them are outstanding in terms of the tech- cal originality, quality and signi?cance. The annual conference of JSAI (Japan Society for Arti?cial Intelligence) is one of the key and representative domestic meetings in the ?eld of intelligent information technology. In particular, award papers in this conference have an excellent quality in international standards. TheannualconferenceofJSAIalsoorganizesco-locatedinternationalworkshops to provide excellent study reports for worldwide researchers.', '19', 'http://covers.openlibrary.org/b/isbn/9783540354703-L.jpg', 'http://covers.openlibrary.org/b/isbn/9783540354703-M.jpg', 'en', 486, 1.6, 81, true, PARSEDATETIME('2006', 'yyyy'), 3, 101);
INSERT INTO BOOK_TITLE_CONTRIBUTIONS VALUES(101, 147);
INSERT INTO BOOK_TITLE_CONTRIBUTIONS VALUES(101, 148);
INSERT INTO BOOK_TITLE_CONTRIBUTIONS VALUES(101, 149);
INSERT INTO BOOK_TITLE_CONTRIBUTIONS VALUES(101, 150);
INSERT INTO BOOK_TITLE_CONTRIBUTIONS VALUES(101, 151);
INSERT INTO BOOK_TITLE_CONTRIBUTIONS VALUES(101, 152);
INSERT INTO BOOK_TITLE_GENRES(book_title_id, genres_id) VALUES(101, 0);
INSERT INTO BOOK_TITLE_GENRES(book_title_id, genres_id) VALUES(101, 1);
INSERT INTO BOOK_TITLE_GENRES(book_title_id, genres_id) VALUES(101, 71);
INSERT INTO BOOK_TITLE_GENRES(book_title_id, genres_id) VALUES(101, 60);
INSERT INTO BOOK_TITLE_GENRES(book_title_id, genres_id) VALUES(101, 61);
INSERT INTO EDITION_TAGS VALUES(101, 9);
INSERT INTO EDITION_TAGS VALUES(101, 10);
INSERT INTO EDITION_TAGS VALUES(101, 2);
INSERT INTO BOOK_TITLE VALUES(102, 'Human Compatible');
INSERT INTO EDITION VALUES(102, 8, '<b>"The most important book I have read in quite some time" (Daniel Kahneman); "A must-read" (Max Tegmark); "The book we''ve all been waiting for" (Sam Harris)<br> <br> A leading artificial intelligence researcher lays out a new approach to AI that will enable us to coexist successfully with increasingly intelligent machines<br> <br> Longlisted for the 2019 <i>Financial Times</i>/McKinsey Business Book of the Year Award</b><br> <br> In the popular imagination, superhuman artificial intelligence is an approaching tidal wave that threatens not just jobs and human relationships, but civilization itself. Conflict between humans and machines is seen as inevitable and its outcome all too predictable.<br> <br> In this groundbreaking book, distinguished AI researcher Stuart Russell argues that this scenario can be avoided, but only if we rethink AI from the ground up. Russell begins by exploring the idea of intelligence in humans and in machines.', '18', 'http://covers.openlibrary.org/b/isbn/9780525558613-L.jpg', 'http://covers.openlibrary.org/b/isbn/9780525558613-M.jpg', 'en', 352, 4.7, 334, true, PARSEDATETIME('2019', 'yyyy'), 39, 102);
INSERT INTO BOOK_TITLE_CONTRIBUTIONS VALUES(102, 134);
INSERT INTO BOOK_TITLE_GENRES(book_title_id, genres_id) VALUES(102, 21);
INSERT INTO BOOK_TITLE_GENRES(book_title_id, genres_id) VALUES(102, 87);
INSERT INTO EDITION_TAGS VALUES(102, 9);
INSERT INTO EDITION_TAGS VALUES(102, 10);
INSERT INTO EDITION_TAGS VALUES(102, 2);
INSERT INTO BOOK_TITLE VALUES(103, 'The Philosophy of Artificial Intelligence');
INSERT INTO EDITION VALUES(103, 42, 'Is `artificial intelligence'' a contradiction in terms? Could computers (in principle) model every aspect of the mind, including logic, language, and emotion? What of the more brain-like, connectionist computers: could they really understand, even if digital computers cannot? This collection of classic and contemporary readings (which includes an editor''s introduction and an up-to-date reading list) provides a clearly signposted pathway into hotly disputed philosophical issues at the heart of artificial intelligence.', '18', 'http://covers.openlibrary.org/b/isbn/9780198248545-L.jpg', 'http://covers.openlibrary.org/b/isbn/9780198248545-M.jpg', 'en', 452, 3.8, 291, true, PARSEDATETIME('1990', 'yyyy'), 40, 103);
INSERT INTO BOOK_TITLE_CONTRIBUTIONS VALUES(103, 153);
INSERT INTO BOOK_TITLE_GENRES(book_title_id, genres_id) VALUES(103, 0);
INSERT INTO BOOK_TITLE_GENRES(book_title_id, genres_id) VALUES(103, 71);
INSERT INTO BOOK_TITLE_GENRES(book_title_id, genres_id) VALUES(103, 41);
INSERT INTO BOOK_TITLE_GENRES(book_title_id, genres_id) VALUES(103, 88);
INSERT INTO BOOK_TITLE_GENRES(book_title_id, genres_id) VALUES(103, 89);
INSERT INTO BOOK_TITLE_GENRES(book_title_id, genres_id) VALUES(103, 90);
INSERT INTO EDITION_TAGS VALUES(103, 9);
INSERT INTO EDITION_TAGS VALUES(103, 10);
INSERT INTO EDITION_TAGS VALUES(103, 2);
INSERT INTO BOOK_TITLE VALUES(104, 'Artificial Intelligence');
INSERT INTO EDITION VALUES(104, 20, 'This engaging and accessible guide adopts a jargon-free approach to outline the history, development and the many different applications of Artifical Intelligence. Featuring examples from chess-playing computers to tiny robotic insects, it also discusses the social and ethical implications of AI and addresses the key controversies and debates in an unsensational manner.', '22', 'http://covers.openlibrary.org/b/isbn/9781851683222-L.jpg', 'http://covers.openlibrary.org/b/isbn/9781851683222-M.jpg', 'en', 144, 2.2, 477, true, PARSEDATETIME('2003', 'yyyy'), 41, 104);
INSERT INTO BOOK_TITLE_CONTRIBUTIONS VALUES(104, 154);
INSERT INTO BOOK_TITLE_GENRES(book_title_id, genres_id) VALUES(104, 0);
INSERT INTO BOOK_TITLE_GENRES(book_title_id, genres_id) VALUES(104, 3);
INSERT INTO BOOK_TITLE_GENRES(book_title_id, genres_id) VALUES(104, 69);
INSERT INTO BOOK_TITLE_GENRES(book_title_id, genres_id) VALUES(104, 41);
INSERT INTO BOOK_TITLE_GENRES(book_title_id, genres_id) VALUES(104, 90);
INSERT INTO EDITION_TAGS VALUES(104, 9);
INSERT INTO EDITION_TAGS VALUES(104, 10);
INSERT INTO EDITION_TAGS VALUES(104, 2);
INSERT INTO BOOK_TITLE VALUES(105, 'Django for Beginners');
INSERT INTO EDITION VALUES(105, 11, '<p><b>Completely updated for Django 3.1.</b></p><p><i>Django for Beginners</i> is a project-based introduction to Django, the popular Python-based web framework. Suitable for total beginners who have never built a website before as well as professional programmers looking for a fast-paced guide to modern web development and Django fundamentals.</p><p>In the book you''ll learn how to: </p><ul> <li>Build 5 websites from scratch, including a <i>Blog</i> and <i>Newspaper website</i></li> <li>Deploy online using security best practices</li> <li>Customize the look and feel of your sites</li> <li>Write tests and run them for all your code</li> <li>Integrate user authentication, email, and custom user models</li> <li>Add permissions and authorizations to make your app more secure</li> <li>Identify common mistakes and errors so you can build your own websites</li></ul><p>If you''re curious about Python-based web development, <i>Django for Beginners</i> is a best-practices guide to writing and d', '19', 'http://covers.openlibrary.org/b/isbn/9781735467207-L.jpg', 'http://covers.openlibrary.org/b/isbn/9781735467207-M.jpg', 'en', 294, 1.5, 383, false, PARSEDATETIME('2020', 'yyyy'), 42, 105);
INSERT INTO BOOK_TITLE_CONTRIBUTIONS VALUES(105, 155);
INSERT INTO BOOK_TITLE_GENRES(book_title_id, genres_id) VALUES(105, 0);
INSERT INTO BOOK_TITLE_GENRES(book_title_id, genres_id) VALUES(105, 33);
INSERT INTO BOOK_TITLE_GENRES(book_title_id, genres_id) VALUES(105, 19);
INSERT INTO BOOK_TITLE_GENRES(book_title_id, genres_id) VALUES(105, 23);
INSERT INTO BOOK_TITLE_GENRES(book_title_id, genres_id) VALUES(105, 24);
INSERT INTO EDITION_TAGS VALUES(105, 4);
INSERT INTO EDITION_TAGS VALUES(105, 11);
INSERT INTO EDITION_TAGS VALUES(105, 5);
INSERT INTO EDITION_TAGS VALUES(105, 12);
INSERT INTO BOOK_TITLE VALUES(106, 'Django');
INSERT INTO EDITION VALUES(106, 37, 'Django Reinhardt was arguably the greatest guitarist who ever lived, an important influence on Les Paul, Charlie Christian, B.B. King, Jerry Garcia, Chet Atkins, and many others. Yet there is no major biography of Reinhardt. <p>Now, in Django, Michael Dregni offers a definitive portrait of this great guitarist. Handsome, charismatic, childlike, and unpredictable, Reinhardt was a character out of a picaresque novel. Born in a gypsy caravan at a crossroads in Belgium, he was almost killed in a freak fire that burned half of<br>his body and left his left hand twisted into a claw. But with this maimed left hand flying over the frets and his right hand plucking at dizzying speed, Django became Europe''s most famous jazz musician, commanding exorbitant fees--and spending the money as fast as he made it. Dregni not only<br>chronicles this remarkably colorful life--including a fascinating account of gypsy culture--but he also sheds much light on Django''s musicianship.', '22', 'http://covers.openlibrary.org/b/isbn/9780195304480-L.jpg', 'http://covers.openlibrary.org/b/isbn/9780195304480-M.jpg', 'en', 326, 4.2, 362, false, PARSEDATETIME('2006', 'yyyy'), 40, 106);
INSERT INTO BOOK_TITLE_CONTRIBUTIONS VALUES(106, 156);
INSERT INTO BOOK_TITLE_GENRES(book_title_id, genres_id) VALUES(106, 91);
INSERT INTO BOOK_TITLE_GENRES(book_title_id, genres_id) VALUES(106, 92);
INSERT INTO BOOK_TITLE_GENRES(book_title_id, genres_id) VALUES(106, 93);
INSERT INTO EDITION_TAGS VALUES(106, 4);
INSERT INTO EDITION_TAGS VALUES(106, 11);
INSERT INTO EDITION_TAGS VALUES(106, 5);
INSERT INTO EDITION_TAGS VALUES(106, 12);
INSERT INTO BOOK_TITLE VALUES(107, 'Pro Django');
INSERT INTO EDITION VALUES(107, 29, '<p> Learn how to leverage Django, the leading Python web application development framework, to its full potential in this advanced tutorial and reference. Updated for Django 1.5 and Python 3, Pro Django, Second Edition examines in great detail the complex problems that Python web application developers can face and how to solve them. It provides in–depth information about advanced tools and techniques available in every Django installation, running the gamut from the theory of Django’s internal operations to actual code that solves real–world problems for high–volume environments.<p> <p> Pro Django, Second Edition goes above and beyond other books, leaving the basics far behind and showing how Django can do things even its core developers never expected. By drawing on the dynamic nature of Python, you can write Django applications that stretch the limits of what you thought possible! </p> What you’ll learn Use Django’s models, views, forms, and templates  Handle HTTP and customizing ba', '22', 'http://covers.openlibrary.org/b/isbn/9781430258094-L.jpg', 'http://covers.openlibrary.org/b/isbn/9781430258094-M.jpg', 'en', 300, 2.8, 501, true, PARSEDATETIME('2013', 'yyyy'), 8, 107);
INSERT INTO BOOK_TITLE_CONTRIBUTIONS VALUES(107, 157);
INSERT INTO BOOK_TITLE_GENRES(book_title_id, genres_id) VALUES(107, 0);
INSERT INTO BOOK_TITLE_GENRES(book_title_id, genres_id) VALUES(107, 33);
INSERT INTO BOOK_TITLE_GENRES(book_title_id, genres_id) VALUES(107, 32);
INSERT INTO BOOK_TITLE_GENRES(book_title_id, genres_id) VALUES(107, 9);
INSERT INTO BOOK_TITLE_GENRES(book_title_id, genres_id) VALUES(107, 24);
INSERT INTO BOOK_TITLE_GENRES(book_title_id, genres_id) VALUES(107, 29);
INSERT INTO BOOK_TITLE_GENRES(book_title_id, genres_id) VALUES(107, 94);
INSERT INTO EDITION_TAGS VALUES(107, 4);
INSERT INTO EDITION_TAGS VALUES(107, 11);
INSERT INTO EDITION_TAGS VALUES(107, 5);
INSERT INTO EDITION_TAGS VALUES(107, 12);
INSERT INTO BOOK_TITLE VALUES(108, 'Practical Django Projects');
INSERT INTO EDITION VALUES(108, 44, '<p>Build a Django content management system, blog, and social networking site with James Bennett as he introduces version 1.1 of the popular Django framework. </p><p>You’ll work through the development of each project, implementing and running the applications while learning new features along the way.</p><p>Web frameworks are playing a major role in the creation of today’s most compelling web applications, because they automate many of the tedious tasks, allowing developers to instead focus on providing users with creative and powerful features. Python developers have been particularly fortunate in this area, having been able to take advantage of Django, a very popular open-source web framework whose stated goal is to "make it easier to build better web applications more quickly with less code."</p><p>Practical Django Projects introduces this popular framework by way of a series of real–world projects.', '21', 'http://covers.openlibrary.org/b/isbn/9781430219385-L.jpg', 'http://covers.openlibrary.org/b/isbn/9781430219385-M.jpg', 'en', 272, 3.6, 192, true, PARSEDATETIME('2009', 'yyyy'), 8, 108);
INSERT INTO BOOK_TITLE_CONTRIBUTIONS VALUES(108, 158);
INSERT INTO BOOK_TITLE_GENRES(book_title_id, genres_id) VALUES(108, 0);
INSERT INTO BOOK_TITLE_GENRES(book_title_id, genres_id) VALUES(108, 33);
INSERT INTO BOOK_TITLE_GENRES(book_title_id, genres_id) VALUES(108, 1);
INSERT INTO BOOK_TITLE_GENRES(book_title_id, genres_id) VALUES(108, 3);
INSERT INTO BOOK_TITLE_GENRES(book_title_id, genres_id) VALUES(108, 44);
INSERT INTO BOOK_TITLE_GENRES(book_title_id, genres_id) VALUES(108, 94);
INSERT INTO EDITION_TAGS VALUES(108, 4);
INSERT INTO EDITION_TAGS VALUES(108, 11);
INSERT INTO EDITION_TAGS VALUES(108, 5);
INSERT INTO EDITION_TAGS VALUES(108, 12);
INSERT INTO BOOK_TITLE VALUES(109, 'Django 1.2 E-Commerce');
INSERT INTO EDITION VALUES(109, 27, 'Packed with code examples and configuration hints for related web technologies, the book helps you add a new feature to your store in each chapter. It also provides additional documentation and comments for popular web APIs. If you are a Django developer and wish to build an e-commerce application, then this book is for you. You need to be familiar with the basics of developing in Django.', '19', 'http://covers.openlibrary.org/b/isbn/9781847197016-L.jpg', 'http://covers.openlibrary.org/b/isbn/9781847197016-M.jpg', 'en', 244, 3.8, 132, true, PARSEDATETIME('2010', 'yyyy'), 43, 109);
INSERT INTO BOOK_TITLE_CONTRIBUTIONS VALUES(109, 159);
INSERT INTO BOOK_TITLE_GENRES(book_title_id, genres_id) VALUES(109, 0);
INSERT INTO BOOK_TITLE_GENRES(book_title_id, genres_id) VALUES(109, 3);
INSERT INTO EDITION_TAGS VALUES(109, 4);
INSERT INTO EDITION_TAGS VALUES(109, 11);
INSERT INTO EDITION_TAGS VALUES(109, 5);
INSERT INTO EDITION_TAGS VALUES(109, 12);
INSERT INTO BOOK_TITLE VALUES(110, 'A treasury of Django Reinhardt guitar solos');
INSERT INTO EDITION VALUES(110, 35, 'Just solos! If you want a close up look at the soloing style of Django, this book has 75 of them. Songs from 1935 through 1946 including: Blues Minor * Daphne * Diminushing * Impromptu * Naguine * Swing 41 * Tears * and Ultra Fox.', '22', 'http://covers.openlibrary.org/b/isbn/9780793522279-L.jpg', 'http://covers.openlibrary.org/b/isbn/9780793522279-M.jpg', 'en', 80, 4.5, 345, true, PARSEDATETIME('1992', 'yyyy'), 44, 110);
INSERT INTO BOOK_TITLE_CONTRIBUTIONS VALUES(110, 160);
INSERT INTO BOOK_TITLE_GENRES(book_title_id, genres_id) VALUES(110, 96);
INSERT INTO BOOK_TITLE_GENRES(book_title_id, genres_id) VALUES(110, 3);
INSERT INTO BOOK_TITLE_GENRES(book_title_id, genres_id) VALUES(110, 95);
INSERT INTO EDITION_TAGS VALUES(110, 4);
INSERT INTO EDITION_TAGS VALUES(110, 11);
INSERT INTO EDITION_TAGS VALUES(110, 5);
INSERT INTO EDITION_TAGS VALUES(110, 12);
INSERT INTO BOOK_TITLE VALUES(111, 'How Linux Works, 2nd Edition');
INSERT INTO EDITION VALUES(111, 39, '<p>Unlike some operating systems, Linux doesn’t try to hide the important bits from you—it gives you full control of your computer. But to truly master Linux, you need to understand its internals, like how the system boots, how networking works, and what the kernel actually does.<br><br>In this completely revised second edition of the perennial best seller <i>How Linux Works</i>, author Brian Ward makes the concepts behind Linux internals accessible to anyone curious about the inner workings of the operating system. Inside, you’ll find the kind of knowledge that normally comes from years of experience doing things the hard way. You’ll learn:</p><p>* How Linux boots, from boot loaders to init implementations (systemd, Upstart, and System V)<br>* How the kernel manages devices, device drivers, and processes<br>* How networking, interfaces, firewalls, and servers work<br>* How development tools work and relate to shared libraries<br>* How to write effective shell scripts<br><br>You’ll als', '20', 'http://covers.openlibrary.org/b/isbn/9781593275679-L.jpg', 'http://covers.openlibrary.org/b/isbn/9781593275679-M.jpg', 'en', 392, 2.4, 444, true, PARSEDATETIME('2014', 'yyyy'), 4, 111);
INSERT INTO BOOK_TITLE_CONTRIBUTIONS VALUES(111, 161);
INSERT INTO BOOK_TITLE_GENRES(book_title_id, genres_id) VALUES(111, 0);
INSERT INTO BOOK_TITLE_GENRES(book_title_id, genres_id) VALUES(111, 3);
INSERT INTO BOOK_TITLE_GENRES(book_title_id, genres_id) VALUES(111, 17);
INSERT INTO BOOK_TITLE_GENRES(book_title_id, genres_id) VALUES(111, 60);
INSERT INTO BOOK_TITLE_GENRES(book_title_id, genres_id) VALUES(111, 31);
INSERT INTO EDITION_TAGS VALUES(111, 13);
INSERT INTO EDITION_TAGS VALUES(111, 1);
INSERT INTO EDITION_TAGS VALUES(111, 4);
INSERT INTO EDITION_TAGS VALUES(111, 2);
INSERT INTO BOOK_TITLE VALUES(112, 'Linux Command Line and Shell Scripting Bible');
INSERT INTO EDITION VALUES(112, 24, '<p><b>Advance your understanding of the Linux command line with this invaluable resource </b></p> <p><i>Linux Command Line and Shell Scripting Bible, 4th Edition</i> is the newest installment in the indispensable series known to Linux developers all over the world. Packed with concrete strategies and practical tips, the latest edition includes brand-new content covering:</p> <ul> <li>Understanding the Shell </li> <li>Writing Simple Script Utilities </li> <li>Producing Database, Web & Email Scripts </li> <li>Creating Fun Little Shell Scripts </li> </ul> <p>Written by accomplished Linux professionals Christine Bresnahan and Richard Blum, Linux Command Line and Shell Scripting Bible, 4th Edition teaches readers the fundamentals and advanced topics necessary for a comprehensive understanding of shell scripting in Linux. The book is filled with real-world examples and usable scripts, helping readers navigate the challenging Linux environment with ease and convenience.', '21', 'http://covers.openlibrary.org/b/isbn/9781119700913-L.jpg', 'http://covers.openlibrary.org/b/isbn/9781119700913-M.jpg', 'en', 832, 3.9, 592, true, PARSEDATETIME('2021', 'yyyy'), 1, 112);
INSERT INTO BOOK_TITLE_CONTRIBUTIONS VALUES(112, 162);
INSERT INTO BOOK_TITLE_CONTRIBUTIONS VALUES(112, 163);
INSERT INTO BOOK_TITLE_GENRES(book_title_id, genres_id) VALUES(112, 0);
INSERT INTO BOOK_TITLE_GENRES(book_title_id, genres_id) VALUES(112, 32);
INSERT INTO BOOK_TITLE_GENRES(book_title_id, genres_id) VALUES(112, 1);
INSERT INTO BOOK_TITLE_GENRES(book_title_id, genres_id) VALUES(112, 9);
INSERT INTO BOOK_TITLE_GENRES(book_title_id, genres_id) VALUES(112, 17);
INSERT INTO BOOK_TITLE_GENRES(book_title_id, genres_id) VALUES(112, 31);
INSERT INTO EDITION_TAGS VALUES(112, 13);
INSERT INTO EDITION_TAGS VALUES(112, 1);
INSERT INTO EDITION_TAGS VALUES(112, 4);
INSERT INTO EDITION_TAGS VALUES(112, 2);
INSERT INTO BOOK_TITLE VALUES(113, 'The Linux Command Line');
INSERT INTO EDITION VALUES(113, 38, '<p>You''ve experienced the shiny, point-and-click surface of your Linux computer—now dive below and explore its depths with the power of the command line.<br><br><i>The Linux Command Line</i> takes you from your very first terminal keystrokes to writing full programs in Bash, the most popular Linux shell. Along the way you''ll learn the timeless skills handed down by generations of gray-bearded, mouse-shunning gurus: file navigation, environment configuration, command chaining, pattern matching with regular expressions, and more.<br><br>In addition to that practical knowledge, author William Shotts reveals the philosophy behind these tools and the rich heritage that your desktop Linux machine has inherited from Unix supercomputers of yore.<br><br>As you make your way through the book''s short, easily-digestible chapters, you''ll learn how to:<br><br>* Create and delete files, directories, and symlinks<br>* Administer your system, including networking, package installation, and process ', '22', 'http://covers.openlibrary.org/b/isbn/9781593273897-L.jpg', 'http://covers.openlibrary.org/b/isbn/9781593273897-M.jpg', 'en', 480, 2.2, 427, false, PARSEDATETIME('2012', 'yyyy'), 4, 113);
INSERT INTO BOOK_TITLE_CONTRIBUTIONS VALUES(113, 164);
INSERT INTO BOOK_TITLE_GENRES(book_title_id, genres_id) VALUES(113, 0);
INSERT INTO BOOK_TITLE_GENRES(book_title_id, genres_id) VALUES(113, 3);
INSERT INTO BOOK_TITLE_GENRES(book_title_id, genres_id) VALUES(113, 17);
INSERT INTO BOOK_TITLE_GENRES(book_title_id, genres_id) VALUES(113, 60);
INSERT INTO BOOK_TITLE_GENRES(book_title_id, genres_id) VALUES(113, 30);
INSERT INTO BOOK_TITLE_GENRES(book_title_id, genres_id) VALUES(113, 31);
INSERT INTO EDITION_TAGS VALUES(113, 13);
INSERT INTO EDITION_TAGS VALUES(113, 1);
INSERT INTO EDITION_TAGS VALUES(113, 4);
INSERT INTO EDITION_TAGS VALUES(113, 2);
INSERT INTO BOOK_TITLE VALUES(114, 'Linux in a Nutshell');
INSERT INTO EDITION VALUES(114, 14, '<p>Everything you need to know about Linux is in this book. Written by Stephen Figgins, Ellen Siever, Robert Love, and Arnold Robbins -- people with years of active participation in the Linux community -- <i>Linux in a Nutshell</i>, Sixth Edition, thoroughly covers programming tools, system and network administration tools, the shell, editors, and LILO and GRUB boot loaders. <br><br> This updated edition offers a tighter focus on Linux system essentials, as well as more coverage of new capabilities such as virtualization, wireless network management, and revision control with git. It also highlights the most important options for using the vast number of Linux commands. You''ll find many helpful new tips and techniques in this reference, whether you''re new to this operating system or have been using it for years. <br><br></p><ul><li>Get the Linux commands for system administration and n', '20', 'http://covers.openlibrary.org/b/isbn/9780596154486-L.jpg', 'http://covers.openlibrary.org/b/isbn/9780596154486-M.jpg', 'en', 944, 1.8, 134, true, PARSEDATETIME('2009', 'yyyy'), 20, 114);
INSERT INTO BOOK_TITLE_CONTRIBUTIONS VALUES(114, 165);
INSERT INTO BOOK_TITLE_CONTRIBUTIONS VALUES(114, 166);
INSERT INTO BOOK_TITLE_CONTRIBUTIONS VALUES(114, 167);
INSERT INTO BOOK_TITLE_CONTRIBUTIONS VALUES(114, 168);
INSERT INTO BOOK_TITLE_GENRES(book_title_id, genres_id) VALUES(114, 0);
INSERT INTO BOOK_TITLE_GENRES(book_title_id, genres_id) VALUES(114, 17);
INSERT INTO BOOK_TITLE_GENRES(book_title_id, genres_id) VALUES(114, 30);
INSERT INTO EDITION_TAGS VALUES(114, 13);
INSERT INTO EDITION_TAGS VALUES(114, 1);
INSERT INTO EDITION_TAGS VALUES(114, 4);
INSERT INTO EDITION_TAGS VALUES(114, 2);
INSERT INTO BOOK_TITLE VALUES(115, 'Linux All-in-One For Dummies');
INSERT INTO EDITION VALUES(115, 37, '<p><b>8 mini books chock full of Linux!</b></p> <p>Inside, over 800 pages of Linux topics are organized into eight task-oriented mini books that help you understand all aspects of the latest OS distributions of the most popular open-source operating system in use today. Topics include getting up and running with basics, desktops, networking, internet services, administration, security, scripting, Linux certification, and more. </p> <p>This new edition of <i>Linux All-in-One For Dummies</i> has a unique focus on Ubuntu, while still including coverage of Debian, Red Hat, SuSE, and others. The market is looking for administrators, and part of the qualifications needed for job openings is the authentication of skills by vendor-neutral third parties (CompTIA/Linux Professional Institute)—and that’s something other books out there don’t address.</p> <ul> <li>Install and configure peripherals, ', '20', 'http://covers.openlibrary.org/b/isbn/9781119490463-L.jpg', 'http://covers.openlibrary.org/b/isbn/9781119490463-M.jpg', 'en', 560, 4.5, 240, true, PARSEDATETIME('2018', 'yyyy'), 1, 115);
INSERT INTO BOOK_TITLE_CONTRIBUTIONS VALUES(115, 169);
INSERT INTO BOOK_TITLE_GENRES(book_title_id, genres_id) VALUES(115, 0);
INSERT INTO BOOK_TITLE_GENRES(book_title_id, genres_id) VALUES(115, 3);
INSERT INTO BOOK_TITLE_GENRES(book_title_id, genres_id) VALUES(115, 40);
INSERT INTO BOOK_TITLE_GENRES(book_title_id, genres_id) VALUES(115, 17);
INSERT INTO BOOK_TITLE_GENRES(book_title_id, genres_id) VALUES(115, 31);
INSERT INTO EDITION_TAGS VALUES(115, 13);
INSERT INTO EDITION_TAGS VALUES(115, 1);
INSERT INTO EDITION_TAGS VALUES(115, 4);
INSERT INTO EDITION_TAGS VALUES(115, 2);
INSERT INTO BOOK_TITLE VALUES(116, 'The Linux Programming Interface');
INSERT INTO EDITION VALUES(116, 56, '<p><i>The Linux Programming Interface</i> is the definitive guide to the Linux and UNIX programming interface—the interface employed by nearly every application that runs on a Linux or UNIX system.</p> <p>In this authoritative work, Linux programming expert Michael Kerrisk provides detailed descriptions of the system calls and library functions that you need in order to master the craft of system programming, and accompanies his explanations with clear, complete example programs.</p> <p>You''ll find descriptions of over 500 system calls and library functions, and more than 200 example programs, 88 tables, and 115 diagrams. You''ll learn how to:</p><p>* Read and write files efficiently <br>* Use signals, clocks, and timers <br>* Create processes and execute programs <br>* Write secure programs <br>* Write multithreaded programs using POSIX threads <br>* Build and use shared libraries <br>* Perform interprocess communication using pipes, message queues, shared memory, and semaphores <br>', '19', 'http://covers.openlibrary.org/b/isbn/9781593272203-L.jpg', 'http://covers.openlibrary.org/b/isbn/9781593272203-M.jpg', 'en', 1552, 2.6, 245, false, PARSEDATETIME('2010', 'yyyy'), 4, 116);
INSERT INTO BOOK_TITLE_CONTRIBUTIONS VALUES(116, 170);
INSERT INTO BOOK_TITLE_GENRES(book_title_id, genres_id) VALUES(116, 0);
INSERT INTO BOOK_TITLE_GENRES(book_title_id, genres_id) VALUES(116, 32);
INSERT INTO BOOK_TITLE_GENRES(book_title_id, genres_id) VALUES(116, 9);
INSERT INTO BOOK_TITLE_GENRES(book_title_id, genres_id) VALUES(116, 17);
INSERT INTO BOOK_TITLE_GENRES(book_title_id, genres_id) VALUES(116, 30);
INSERT INTO BOOK_TITLE_GENRES(book_title_id, genres_id) VALUES(116, 31);
INSERT INTO EDITION_TAGS VALUES(116, 13);
INSERT INTO EDITION_TAGS VALUES(116, 1);
INSERT INTO EDITION_TAGS VALUES(116, 4);
INSERT INTO EDITION_TAGS VALUES(116, 2);
INSERT INTO BOOK_TITLE VALUES(117, 'Linux Basics for Hackers');
INSERT INTO EDITION VALUES(117, 21, '<b>This practical, tutorial-style book uses the Kali Linux distribution to teach Linux basics with a focus on how hackers would use them. Topics include Linux command line basics, filesystems, networking, BASH basics, package management, logging, and the Linux kernel and drivers.</b> <p>If you''re getting started along the exciting path of hacking, cybersecurity, and pentesting, <i>Linux Basics for Hackers</i> is an excellent first step. Using Kali Linux, an advanced penetration testing distribution of Linux, you''ll learn the basics of using the Linux operating system and acquire the tools and techniques you''ll need to take control of a Linux environment. <p>First, you''ll learn how to install Kali on a virtual machine and get an introduction to basic Linux concepts. Next, you''ll tackle broader Linux topics like manipulating text, controlling file and directory permissions, and managing user environment variables.', '22', 'http://covers.openlibrary.org/b/isbn/9781593278557-L.jpg', 'http://covers.openlibrary.org/b/isbn/9781593278557-M.jpg', 'en', 248, 4.1, 536, true, PARSEDATETIME('2018', 'yyyy'), 4, 117);
INSERT INTO BOOK_TITLE_CONTRIBUTIONS VALUES(117, 171);
INSERT INTO BOOK_TITLE_GENRES(book_title_id, genres_id) VALUES(117, 0);
INSERT INTO BOOK_TITLE_GENRES(book_title_id, genres_id) VALUES(117, 17);
INSERT INTO BOOK_TITLE_GENRES(book_title_id, genres_id) VALUES(117, 31);
INSERT INTO EDITION_TAGS VALUES(117, 13);
INSERT INTO EDITION_TAGS VALUES(117, 1);
INSERT INTO EDITION_TAGS VALUES(117, 4);
INSERT INTO EDITION_TAGS VALUES(117, 2);
INSERT INTO BOOK_TITLE VALUES(118, 'Linux for Beginners');
INSERT INTO EDITION VALUES(118, 22, '<b>If you want to learn how to use Linux, but don''t know where to start read on.</b><br> <br> Knowing where to start when learning a new skill can be a challenge, especially when the topic seems so vast. There can be so much information available that you can''t even decide where to start. Or worse, you start down the path of learning and quickly discover too many concepts, commands, and nuances that aren''t explained. This kind of experience is frustrating and leaves you with more questions than answers.<br> <br> <i><br> Linux for Beginners</i> doesn''t make any assumptions about your background or knowledge of Linux. You need no prior knowledge to benefit from this book. You will be guided step by step using a logical and systematic approach. As new concepts, commands, or jargon are encountered they are explained in plain language, making it easy for anyone to understand.<br> <br> <br> Here is what you will learn by reading <i>Linux for Beginners</i>:<br> <ul> <li><i><br></i></li> <', '21', 'http://covers.openlibrary.org/b/isbn/9781496145093-L.jpg', 'http://covers.openlibrary.org/b/isbn/9781496145093-M.jpg', 'en', 202, 4.6, 296, true, PARSEDATETIME('2014', 'yyyy'), 45, 118);
INSERT INTO BOOK_TITLE_CONTRIBUTIONS VALUES(118, 172);
INSERT INTO BOOK_TITLE_GENRES(book_title_id, genres_id) VALUES(118, 0);
INSERT INTO BOOK_TITLE_GENRES(book_title_id, genres_id) VALUES(118, 97);
INSERT INTO BOOK_TITLE_GENRES(book_title_id, genres_id) VALUES(118, 60);
INSERT INTO EDITION_TAGS VALUES(118, 13);
INSERT INTO EDITION_TAGS VALUES(118, 1);
INSERT INTO EDITION_TAGS VALUES(118, 4);
INSERT INTO EDITION_TAGS VALUES(118, 2);
INSERT INTO BOOK_TITLE VALUES(119, 'Hardening Linux');
INSERT INTO EDITION VALUES(119, 8, '“Hardening” is the process of protecting a system and its applications against unknown threats. <i>Hardening Linux</i> identifies many of the risks of running Linux hosts and applications and provides practical examples and methods to minimize those risks. The book is written for Linux/UNIX administrators who do not necessarily have in-depth knowledge of security but need to know how to secure their networks.', '22', 'http://covers.openlibrary.org/b/isbn/9781590594445-L.jpg', 'http://covers.openlibrary.org/b/isbn/9781590594445-M.jpg', 'en', 584, 4.4, 367, false, PARSEDATETIME('2005', 'yyyy'), 8, 119);
INSERT INTO BOOK_TITLE_CONTRIBUTIONS VALUES(119, 173);
INSERT INTO BOOK_TITLE_GENRES(book_title_id, genres_id) VALUES(119, 0);
INSERT INTO BOOK_TITLE_GENRES(book_title_id, genres_id) VALUES(119, 1);
INSERT INTO BOOK_TITLE_GENRES(book_title_id, genres_id) VALUES(119, 3);
INSERT INTO BOOK_TITLE_GENRES(book_title_id, genres_id) VALUES(119, 44);
INSERT INTO EDITION_TAGS VALUES(119, 13);
INSERT INTO EDITION_TAGS VALUES(119, 1);
INSERT INTO EDITION_TAGS VALUES(119, 4);
INSERT INTO EDITION_TAGS VALUES(119, 2);
INSERT INTO BOOK_TITLE VALUES(120, 'Understanding Linux Network Internals');
INSERT INTO EDITION VALUES(120, 14, '<p>If you''ve ever wondered how Linux carries out the complicated tasks assigned to it by the IP protocols -- or if you just want to learn about modern networking through real-life examples -- <i>Understanding Linux Network Internals</i> is for you. </p><p> Like the popular O''Reilly book, <i>Understanding the Linux Kernel</i>, this book clearly explains the underlying concepts and teaches you how to follow the actual C code that implements it. Although some background in the TCP/IP protocols is helpful, you can learn a great deal from this text about the protocols themselves and their uses. And if you already have a base knowledge of C, you can use the book''s code walkthroughs to figure out exactly what this sophisticated part of the Linux kernel is doing. </p><p> Part of the difficulty in understanding networks -- and implementing them -- is that the tasks are broken up and performed at many different times by different pieces of code.', '19', 'http://covers.openlibrary.org/b/isbn/9780596002558-L.jpg', 'http://covers.openlibrary.org/b/isbn/9780596002558-M.jpg', 'en', 1035, 3.5, 532, true, PARSEDATETIME('2006', 'yyyy'), 12, 120);
INSERT INTO BOOK_TITLE_CONTRIBUTIONS VALUES(120, 174);
INSERT INTO BOOK_TITLE_GENRES(book_title_id, genres_id) VALUES(120, 0);
INSERT INTO BOOK_TITLE_GENRES(book_title_id, genres_id) VALUES(120, 57);
INSERT INTO BOOK_TITLE_GENRES(book_title_id, genres_id) VALUES(120, 3);
INSERT INTO BOOK_TITLE_GENRES(book_title_id, genres_id) VALUES(120, 17);
INSERT INTO EDITION_TAGS VALUES(120, 13);
INSERT INTO EDITION_TAGS VALUES(120, 1);
INSERT INTO EDITION_TAGS VALUES(120, 4);
INSERT INTO EDITION_TAGS VALUES(120, 2);
INSERT INTO BOOK_TITLE VALUES(121, 'A Practical Guide to Red Hat Linux 8');
INSERT INTO EDITION VALUES(121, 31, '<p>This new book by best-selling author Mark Sobell combines the strengths of a tutorial with those of a reference to give you the knowledge and skills to master Red Hat Linux. Uniquely designed for both beginners and experienced users, <i>A Practical Guide to Red Hat Linux</i> requires no prior programming experience. It begins with an extensive tutorial to bring those with less experience up to speed, and then quickly progresses to detailed chapters on GUIs, networking, popular shells, programming tools, Red Hat Linux filesystems, and system administration. Part two is a comprehensive reference containing descriptions and examples of many utilities. The book takes a truly practical approach to the study of Red Hat Linux by the use of tutorial examples that show you what you will see on the screen each step of the way.</p>', '19', 'http://covers.openlibrary.org/b/isbn/9780201703139-L.jpg', 'http://covers.openlibrary.org/b/isbn/9780201703139-M.jpg', 'en', 1565, 2.1, 405, true, PARSEDATETIME('2003', 'yyyy'), 16, 121);
INSERT INTO BOOK_TITLE_CONTRIBUTIONS VALUES(121, 175);
INSERT INTO BOOK_TITLE_CONTRIBUTIONS VALUES(121, 176);
INSERT INTO BOOK_TITLE_GENRES(book_title_id, genres_id) VALUES(121, 0);
INSERT INTO BOOK_TITLE_GENRES(book_title_id, genres_id) VALUES(121, 17);
INSERT INTO BOOK_TITLE_GENRES(book_title_id, genres_id) VALUES(121, 30);
INSERT INTO EDITION_TAGS VALUES(121, 13);
INSERT INTO EDITION_TAGS VALUES(121, 1);
INSERT INTO EDITION_TAGS VALUES(121, 4);
INSERT INTO EDITION_TAGS VALUES(121, 2);
INSERT INTO BOOK_TITLE VALUES(122, 'Introduction to Linux (Second Edition)');
INSERT INTO EDITION VALUES(122, 52, 'Whether you''re just starting out with Linux or looking to hone your existing skills, this book will provide you with the knowledge you need.', '21', 'http://covers.openlibrary.org/b/isbn/9781596821125-L.jpg', 'http://covers.openlibrary.org/b/isbn/9781596821125-M.jpg', 'en', 300, 1.2, 496, true, PARSEDATETIME('2007', 'yyyy'), 46, 122);
INSERT INTO BOOK_TITLE_CONTRIBUTIONS VALUES(122, 177);
INSERT INTO BOOK_TITLE_GENRES(book_title_id, genres_id) VALUES(122, 0);
INSERT INTO BOOK_TITLE_GENRES(book_title_id, genres_id) VALUES(122, 17);
INSERT INTO BOOK_TITLE_GENRES(book_title_id, genres_id) VALUES(122, 98);
INSERT INTO BOOK_TITLE_GENRES(book_title_id, genres_id) VALUES(122, 31);
INSERT INTO EDITION_TAGS VALUES(122, 13);
INSERT INTO EDITION_TAGS VALUES(122, 1);
INSERT INTO EDITION_TAGS VALUES(122, 4);
INSERT INTO EDITION_TAGS VALUES(122, 2);
INSERT INTO BOOK_TITLE VALUES(123, 'Using Linux');
INSERT INTO EDITION VALUES(123, 5, 'The secrets of unleashing the full power of Linux -- at your fingertips! Que''s Special Edition Using Linux, Third Editions is your all-in-one resource for installing, configuring, and working with this powerful operating system. From running Linux applications and backing up data to configuring a TCP/IP network, using email, and creating your own HTML page, you''ll find all the information you need to master the power of Linux!<p>- Learn how to install Red Hat Linux on various DECAlpha platforms<p>- Install and configure the XFree86 windowing system, and get XWindows resource files<p>-Learn the Linux file and directory structure and how to move within it<p>- Maneuver through Linux and manage users with basic commands<p>- Learn how to get Apache, the world''s most popular Linux Web server, up and running<p>- Make the most of your Internet connection by accessing Usenet news and email<p>-', '20', 'http://covers.openlibrary.org/b/isbn/9780789711328-L.jpg', 'http://covers.openlibrary.org/b/isbn/9780789711328-M.jpg', 'en', 774, 5.0, 284, true, PARSEDATETIME('1997', 'yyyy'), 47, 123);
INSERT INTO BOOK_TITLE_CONTRIBUTIONS VALUES(123, 178);
INSERT INTO BOOK_TITLE_CONTRIBUTIONS VALUES(123, 179);
INSERT INTO BOOK_TITLE_GENRES(book_title_id, genres_id) VALUES(123, 0);
INSERT INTO BOOK_TITLE_GENRES(book_title_id, genres_id) VALUES(123, 3);
INSERT INTO EDITION_TAGS VALUES(123, 13);
INSERT INTO EDITION_TAGS VALUES(123, 1);
INSERT INTO EDITION_TAGS VALUES(123, 4);
INSERT INTO EDITION_TAGS VALUES(123, 2);
INSERT INTO BOOK_TITLE VALUES(124, 'Fedora 11 and Red Hat Enterprise Linux Bible');
INSERT INTO EDITION VALUES(124, 53, '<b>The leading Fedora book-over a quarter of a million copies sold of previous editions!</b> <p>What better way to learn Fedora 11 than with the leading Fedora book from the best-selling Linux author, Christopher Negus with Eric Foster Johnson? Whether you''re new to Linux or an advanced user, this power-packed guide is loaded with what you need. Install, run, and manage the latest version of Fedora and Red Hat Enterprise Linux-then polish your system administration skills and get up to speed on the very latest in networking, desktop, and server enhancements.</p> <p>Master the Linux shell, file system, and text editor; how to set up users and automate system tasks; and much more in over a thousand pages of step-by-step instruction. Boot the full DVD of Fedora 11, including almost all binary code packages, or do a Live Install of the CD for rescuing, troubleshooting, or installing Fedora.</p> <ul> <li>Fedora is a free, open source Linux operating system sponsored by Red Hat as an open s', '19', 'http://covers.openlibrary.org/b/isbn/9780470543498-L.jpg', 'http://covers.openlibrary.org/b/isbn/9780470543498-M.jpg', 'en', 1128, 1.5, 201, true, PARSEDATETIME('2009', 'yyyy'), 1, 124);
INSERT INTO BOOK_TITLE_CONTRIBUTIONS VALUES(124, 180);
INSERT INTO BOOK_TITLE_GENRES(book_title_id, genres_id) VALUES(124, 0);
INSERT INTO BOOK_TITLE_GENRES(book_title_id, genres_id) VALUES(124, 17);
INSERT INTO BOOK_TITLE_GENRES(book_title_id, genres_id) VALUES(124, 3);
INSERT INTO BOOK_TITLE_GENRES(book_title_id, genres_id) VALUES(124, 31);
INSERT INTO EDITION_TAGS VALUES(124, 13);
INSERT INTO EDITION_TAGS VALUES(124, 1);
INSERT INTO EDITION_TAGS VALUES(124, 4);
INSERT INTO EDITION_TAGS VALUES(124, 2);
INSERT INTO BOOK_TITLE VALUES(125, 'Linux');
INSERT INTO EDITION VALUES(125, 49, 'Linux as a Business OS is a step-by-step, focused tutorial on installing and reliably maintaining a comprehensive Internet solution, including a corporate mail server, Web Server and more on a shoestring budget. Topics include: Set up and Installation, Connecting to the Internet, Basic services-mail and news, Setting up a Web server, Security, Advanced networking, Managing the system--accounts, logs, backups, configuring workstations, and Troubleshooting.', '21', 'http://covers.openlibrary.org/b/isbn/9780672316289-L.jpg', 'http://covers.openlibrary.org/b/isbn/9780672316289-M.jpg', 'en', 512, 1.4, 190, true, PARSEDATETIME('1999', 'yyyy'), 21, 125);
INSERT INTO BOOK_TITLE_CONTRIBUTIONS VALUES(125, 181);
INSERT INTO BOOK_TITLE_GENRES(book_title_id, genres_id) VALUES(125, 0);
INSERT INTO BOOK_TITLE_GENRES(book_title_id, genres_id) VALUES(125, 17);
INSERT INTO BOOK_TITLE_GENRES(book_title_id, genres_id) VALUES(125, 30);
INSERT INTO EDITION_TAGS VALUES(125, 13);
INSERT INTO EDITION_TAGS VALUES(125, 1);
INSERT INTO EDITION_TAGS VALUES(125, 4);
INSERT INTO EDITION_TAGS VALUES(125, 2);
INSERT INTO BOOK_TITLE VALUES(126, 'Linux Bible');
INSERT INTO EDITION VALUES(126, 16, 'Get ready to master the basics and beyond with this in-depth guide to Linux. You’ll discover how Linux is productive enough to use as your only desktop system and powerful enough to run entire corporate enterprise installations. Plus, you’ll walk through 16 different Linux distributions, find step-by-step instructions, be introduced to new programming tools, and tap into the world of free software, all aimed at helping you succeed with Linux. <p><b>Note:</b> CD-ROM/DVD and other supplementary materials are not included as part of eBook file.</p>', '19', 'http://covers.openlibrary.org/b/isbn/9780470165775-L.jpg', 'http://covers.openlibrary.org/b/isbn/9780470165775-M.jpg', 'en', 848, 2.5, 547, true, PARSEDATETIME('2007', 'yyyy'), 1, 126);
INSERT INTO BOOK_TITLE_CONTRIBUTIONS VALUES(126, 180);
INSERT INTO BOOK_TITLE_GENRES(book_title_id, genres_id) VALUES(126, 0);
INSERT INTO BOOK_TITLE_GENRES(book_title_id, genres_id) VALUES(126, 17);
INSERT INTO BOOK_TITLE_GENRES(book_title_id, genres_id) VALUES(126, 3);
INSERT INTO BOOK_TITLE_GENRES(book_title_id, genres_id) VALUES(126, 31);
INSERT INTO EDITION_TAGS VALUES(126, 13);
INSERT INTO EDITION_TAGS VALUES(126, 1);
INSERT INTO EDITION_TAGS VALUES(126, 4);
INSERT INTO EDITION_TAGS VALUES(126, 2);
INSERT INTO BOOK_TITLE VALUES(127, 'Problem Determination for Linux on System z');
INSERT INTO EDITION VALUES(127, 31, '<p>This IBM Redbooks publication addresses some of the common problems that customers have experienced on the Linux® on System zTM platform. This book provides a problem determination methodology and tools to help the reader diagnose the problem in an easy-to-read self-help manual. </p><p>We start with a discussion on how to approach problem solving in the Linux on System z environment and continue on to describe some of the problem determination tools commonly used for z/VM and Linux on system z. We continue with discussions on network problem determination, performance problem determination, and storage problems. </p><p>Additionally, we discuss the formation of eligible (or eligibility) lists.</p>', '21', 'http://covers.openlibrary.org/b/isbn/9780738431291-L.jpg', 'http://covers.openlibrary.org/b/isbn/9780738431291-M.jpg', 'en', 360, 4.6, 558, true, PARSEDATETIME('2008', 'yyyy'), 48, 127);
INSERT INTO BOOK_TITLE_CONTRIBUTIONS VALUES(127, 182);
INSERT INTO BOOK_TITLE_CONTRIBUTIONS VALUES(127, 183);
INSERT INTO BOOK_TITLE_CONTRIBUTIONS VALUES(127, 184);
INSERT INTO BOOK_TITLE_CONTRIBUTIONS VALUES(127, 185);
INSERT INTO BOOK_TITLE_CONTRIBUTIONS VALUES(127, 186);
INSERT INTO BOOK_TITLE_CONTRIBUTIONS VALUES(127, 187);
INSERT INTO BOOK_TITLE_CONTRIBUTIONS VALUES(127, 188);
INSERT INTO BOOK_TITLE_GENRES(book_title_id, genres_id) VALUES(127, 0);
INSERT INTO BOOK_TITLE_GENRES(book_title_id, genres_id) VALUES(127, 40);
INSERT INTO BOOK_TITLE_GENRES(book_title_id, genres_id) VALUES(127, 99);
INSERT INTO EDITION_TAGS VALUES(127, 13);
INSERT INTO EDITION_TAGS VALUES(127, 1);
INSERT INTO EDITION_TAGS VALUES(127, 4);
INSERT INTO EDITION_TAGS VALUES(127, 2);
INSERT INTO BOOK_TITLE VALUES(128, 'Database Development For Dummies');
INSERT INTO EDITION VALUES(128, 41, '<p>Powerful, low-cost database development tools make it possible for virtually anybody to create their own database—and this hands-on guide makes it fun and easy </p> <p>Databases permeate every nook and cranny of our highly connected, information-intensive world, from ATMs to personal finance, online shopping, and networked information management. Databases have become so integral to the business environment that, nowadays, it’s next to impossible to stay competitive without the assistance of some sort of database technology—no matter what type or size of business you run. But developing your own database can be tricky. Whether you want to keep records for a small business or run a large e-commerce website, developing the right database system can be a major challenge. Which is where Database Development For Dummies comes in. </p> <p>From data modeling methods and development tools to Internet accessibility and security, this comprehensive guide shows you, step-by-step and with illus', '20', 'http://covers.openlibrary.org/b/isbn/9780764507526-L.jpg', 'http://covers.openlibrary.org/b/isbn/9780764507526-M.jpg', 'en', 360, 3.3, 104, false, PARSEDATETIME('2000', 'yyyy'), 0, 128);
INSERT INTO BOOK_TITLE_CONTRIBUTIONS VALUES(128, 189);
INSERT INTO BOOK_TITLE_GENRES(book_title_id, genres_id) VALUES(128, 0);
INSERT INTO BOOK_TITLE_GENRES(book_title_id, genres_id) VALUES(128, 19);
INSERT INTO BOOK_TITLE_GENRES(book_title_id, genres_id) VALUES(128, 3);
INSERT INTO BOOK_TITLE_GENRES(book_title_id, genres_id) VALUES(128, 44);
INSERT INTO EDITION_TAGS VALUES(128, 14);
INSERT INTO EDITION_TAGS VALUES(128, 15);
INSERT INTO EDITION_TAGS VALUES(128, 11);
INSERT INTO EDITION_TAGS VALUES(128, 16);
INSERT INTO BOOK_TITLE VALUES(129, 'Database Systems: Design, Implementation, and Management');
INSERT INTO EDITION VALUES(129, 20, 'Practical and easy to understand, DATABASE SYSTEMS: DESIGN, IMPLEMENTATION, AND MANAGEMENT, Tenth Edition, gives students a solid foundation in database design and implementation. Filled with visual aids such as diagrams, illustrations, and tables, this market-leading text provides in-depth coverage of database design, demonstrating that the key to successful database implementation is in proper design of databases to fit within a larger strategic view of the data environment. Renowned for its clear, straightforward writing style, this text provides students with an outstanding balance of theory and practice. The tenth edition has been thoroughly updated to include hot topics such as green computing/sustainability for modern data centers, the role of redundant relationships, and examples of web-database connectivity and code security. In addition, new review questions, problem sets, and cases have been added throughout the book so that students have multiple opportunities to test their', '21', 'http://covers.openlibrary.org/b/isbn/9781111969608-L.jpg', 'http://covers.openlibrary.org/b/isbn/9781111969608-M.jpg', 'en', 720, 5.0, 294, true, PARSEDATETIME('2012', 'yyyy'), 49, 129);
INSERT INTO BOOK_TITLE_CONTRIBUTIONS VALUES(129, 190);
INSERT INTO BOOK_TITLE_CONTRIBUTIONS VALUES(129, 191);
INSERT INTO BOOK_TITLE_CONTRIBUTIONS VALUES(129, 192);
INSERT INTO BOOK_TITLE_GENRES(book_title_id, genres_id) VALUES(129, 0);
INSERT INTO BOOK_TITLE_GENRES(book_title_id, genres_id) VALUES(129, 1);
INSERT INTO EDITION_TAGS VALUES(129, 14);
INSERT INTO EDITION_TAGS VALUES(129, 15);
INSERT INTO EDITION_TAGS VALUES(129, 11);
INSERT INTO EDITION_TAGS VALUES(129, 16);
INSERT INTO BOOK_TITLE VALUES(130, 'Database Systems');
INSERT INTO EDITION VALUES(130, 52, '<b>KEY MESSAGE: </b> This best-selling text introduces the theory behind databases in a concise yet comprehensive manner, providing database design methodology that can be used by both technical and non-technical readers. The methodology for relational Database Management Systems is presented in simple, step-by-step instructions in conjunction with a realistic worked example using three explicit phases-conceptual, logical, and physical database design. <b> KEY TOPICS: </b> <b>Background: </b>Introduction to Databases; Database Environment; Database Architectures and the Web. <b>The Relational Model and Languages: </b>The Relational model; Relational Algebra and Relational Calculus; SQL: Data Manipulation; SQL: Data Definition; Query-By-Example (QBE). <b>Database Analysis and Design: </b>Database System Lifecycle; Database Analysis and the <i>DreamHome</i> Case Study; Entity--Relationship Modeling; Enhanced Entity--Relationship Modeling; Normalization; Advanced Normalization.', '20', 'http://covers.openlibrary.org/b/isbn/9780132943260-L.jpg', 'http://covers.openlibrary.org/b/isbn/9780132943260-M.jpg', 'en', 1281, 3.1, 99, true, PARSEDATETIME('2015', 'yyyy'), 50, 130);
INSERT INTO BOOK_TITLE_CONTRIBUTIONS VALUES(130, 193);
INSERT INTO BOOK_TITLE_CONTRIBUTIONS VALUES(130, 194);
INSERT INTO BOOK_TITLE_GENRES(book_title_id, genres_id) VALUES(130, 0);
INSERT INTO BOOK_TITLE_GENRES(book_title_id, genres_id) VALUES(130, 16);
INSERT INTO BOOK_TITLE_GENRES(book_title_id, genres_id) VALUES(130, 100);
INSERT INTO EDITION_TAGS VALUES(130, 14);
INSERT INTO EDITION_TAGS VALUES(130, 15);
INSERT INTO EDITION_TAGS VALUES(130, 11);
INSERT INTO EDITION_TAGS VALUES(130, 16);
INSERT INTO BOOK_TITLE VALUES(131, 'MCSE SQL Server 2000 Database Design and Implementation');
INSERT INTO EDITION VALUES(131, 7, '<p><i>MCAD/MCSD/MCSE Training Guide (70-229): SQL Server 2000 Database Design and Implementation</i>is the perfect study guide to help you pass the 70-229 exam, which is an elective for the MCSD, MCAD, MCDBA, and MCSE programs. If you are preparing for this exam, you''ll find our Training Guide to be the most effective self-study tool in the market! This book is your one-stop shop because of its teaching methodology, the accompanying PrepLogic testing software, and superior Web site support at www.examcram.com. The book follows the exam objectives and features numerous exercises to give you hands-on opportunities, exam tips that give you advice for test day, and warnings that alert you to possible mistakes. The Fast Facts section condenses the most important information for last-minute review, and the practice exam is representative of the actual exam.</p> <p>Each book in the Training Guide series is published under the direction of Series Editor Ed Tittel, the leading authority on IT ', '18', 'http://covers.openlibrary.org/b/isbn/9780789729972-L.jpg', 'http://covers.openlibrary.org/b/isbn/9780789729972-M.jpg', 'en', 928, 1.2, 160, false, PARSEDATETIME('2003', 'yyyy'), 51, 131);
INSERT INTO BOOK_TITLE_CONTRIBUTIONS VALUES(131, 195);
INSERT INTO BOOK_TITLE_GENRES(book_title_id, genres_id) VALUES(131, 0);
INSERT INTO BOOK_TITLE_GENRES(book_title_id, genres_id) VALUES(131, 3);
INSERT INTO BOOK_TITLE_GENRES(book_title_id, genres_id) VALUES(131, 101);
INSERT INTO BOOK_TITLE_GENRES(book_title_id, genres_id) VALUES(131, 102);
INSERT INTO BOOK_TITLE_GENRES(book_title_id, genres_id) VALUES(131, 103);
INSERT INTO BOOK_TITLE_GENRES(book_title_id, genres_id) VALUES(131, 104);
INSERT INTO EDITION_TAGS VALUES(131, 14);
INSERT INTO EDITION_TAGS VALUES(131, 15);
INSERT INTO EDITION_TAGS VALUES(131, 11);
INSERT INTO EDITION_TAGS VALUES(131, 16);
INSERT INTO BOOK_TITLE VALUES(132, 'Encyclopedia of Database Technologies and Applications');
INSERT INTO EDITION VALUES(132, 16, '<p>There are a myriad of new directions in which databases are growing, presenting new and exciting challenges that promise flux in the whole society, because of the impact and changes the database systems have provoked almost everywhere in modern life. This ranges from the way the organizations operate and make their business decisions, to the use of portable devices with database involvements.</p><p> The <b>Encyclopedia of Database Technologies and Applications</b> is a wide-ranging collection of diverse coverage of topics related to database concepts, technologies, and applications. This encyclopedia provides an overview of the state-of-the-art of classical subjects and has contributions from over 175 international researchers from 33 countries, more than 970 terms and definitions and over 2,400 references. It also delivers clear and concise explanations of emerging issues and technologies such as multimedia database systems, data warehousing and mining, geospatial and temporal data', '20', 'http://covers.openlibrary.org/b/isbn/9781591407959-L.jpg', 'http://covers.openlibrary.org/b/isbn/9781591407959-M.jpg', 'en', 784, 3.3, 75, true, PARSEDATETIME('2005', 'yyyy'), 52, 132);
INSERT INTO BOOK_TITLE_CONTRIBUTIONS VALUES(132, 196);
INSERT INTO BOOK_TITLE_CONTRIBUTIONS VALUES(132, 197);
INSERT INTO BOOK_TITLE_CONTRIBUTIONS VALUES(132, 198);
INSERT INTO BOOK_TITLE_GENRES(book_title_id, genres_id) VALUES(132, 3);
INSERT INTO BOOK_TITLE_GENRES(book_title_id, genres_id) VALUES(132, 105);
INSERT INTO BOOK_TITLE_GENRES(book_title_id, genres_id) VALUES(132, 106);
INSERT INTO BOOK_TITLE_GENRES(book_title_id, genres_id) VALUES(132, 107);
INSERT INTO BOOK_TITLE_GENRES(book_title_id, genres_id) VALUES(132, 108);
INSERT INTO EDITION_TAGS VALUES(132, 14);
INSERT INTO EDITION_TAGS VALUES(132, 15);
INSERT INTO EDITION_TAGS VALUES(132, 11);
INSERT INTO EDITION_TAGS VALUES(132, 16);
INSERT INTO BOOK_TITLE VALUES(133, 'Database Systems for Advanced Applications ''97');
INSERT INTO EDITION VALUES(133, 48, 'This volume contains the proceedings of the Fifth International Conference on Database Systems for Advanced Applications (DASFAA ''97). DASFAA ''97 focused on advanced database technologies and their applications. The 55 papers in this volume cover a wide range of areas in the field of database systems and applications ? including the rapidly emerging areas of the Internet, multimedia, and document database systems ? and should be of great interest to all database system researchers and developers, and practitioners.', '19', 'http://covers.openlibrary.org/b/isbn/9789810231071-L.jpg', 'http://covers.openlibrary.org/b/isbn/9789810231071-M.jpg', 'en', 542, 2.8, 368, true, PARSEDATETIME('1997', 'yyyy'), 53, 133);
INSERT INTO BOOK_TITLE_CONTRIBUTIONS VALUES(133, 199);
INSERT INTO BOOK_TITLE_CONTRIBUTIONS VALUES(133, 200);
INSERT INTO BOOK_TITLE_GENRES(book_title_id, genres_id) VALUES(133, 0);
INSERT INTO BOOK_TITLE_GENRES(book_title_id, genres_id) VALUES(133, 3);
INSERT INTO BOOK_TITLE_GENRES(book_title_id, genres_id) VALUES(133, 109);
INSERT INTO BOOK_TITLE_GENRES(book_title_id, genres_id) VALUES(133, 60);
INSERT INTO BOOK_TITLE_GENRES(book_title_id, genres_id) VALUES(133, 61);
INSERT INTO EDITION_TAGS VALUES(133, 14);
INSERT INTO EDITION_TAGS VALUES(133, 15);
INSERT INTO EDITION_TAGS VALUES(133, 11);
INSERT INTO EDITION_TAGS VALUES(133, 16);
INSERT INTO BOOK_TITLE VALUES(134, 'Database and XML Technologies');
INSERT INTO EDITION VALUES(134, 36, 'Since its first edition in 2003, the XML Database Symposium series (XSym) has been a forum for academics, practitioners, users and vendors, allowing all to discuss the use of and synergy between database management systems and XML. The previous symposia have provided opportunities for timely discussions on a broad range of topics pertaining to the theory and practice of XML data management and its applications. XSym 2009 continued this XSym tradition with a program consisting of 15 papers and a keynote shared with the 12th International Symposium on Database Programming Languages (DBPL 2009). We received 26 paper submissions, out of which eight papers were accepted as full papers, and seven as short/demo papers. Each submitted paper underwent a rigorous and careful review by four referees for long papers and three for the short ones. The contributions in these proceedings are a fine sample of the very best current - search in XML query processing, including full text, keyword and loose', '21', 'http://covers.openlibrary.org/b/isbn/9783642035548-L.jpg', 'http://covers.openlibrary.org/b/isbn/9783642035548-M.jpg', 'en', 189, 3.6, 246, true, PARSEDATETIME('2009', 'yyyy'), 3, 134);
INSERT INTO BOOK_TITLE_CONTRIBUTIONS VALUES(134, 201);
INSERT INTO BOOK_TITLE_CONTRIBUTIONS VALUES(134, 202);
INSERT INTO BOOK_TITLE_CONTRIBUTIONS VALUES(134, 203);
INSERT INTO BOOK_TITLE_CONTRIBUTIONS VALUES(134, 204);
INSERT INTO BOOK_TITLE_GENRES(book_title_id, genres_id) VALUES(134, 0);
INSERT INTO BOOK_TITLE_GENRES(book_title_id, genres_id) VALUES(134, 101);
INSERT INTO BOOK_TITLE_GENRES(book_title_id, genres_id) VALUES(134, 70);
INSERT INTO BOOK_TITLE_GENRES(book_title_id, genres_id) VALUES(134, 14);
INSERT INTO BOOK_TITLE_GENRES(book_title_id, genres_id) VALUES(134, 16);
INSERT INTO EDITION_TAGS VALUES(134, 14);
INSERT INTO EDITION_TAGS VALUES(134, 15);
INSERT INTO EDITION_TAGS VALUES(134, 11);
INSERT INTO EDITION_TAGS VALUES(134, 16);
INSERT INTO BOOK_TITLE VALUES(135, 'DB2 Universal Database for OS/390 Version 7.1 Certification Guide');
INSERT INTO EDITION VALUES(135, 41, '<p><b>PLEASE PROVIDE COURSE INFORMATION</b></p> <p>PLEASE PROVIDE</p>', '20', 'http://covers.openlibrary.org/b/isbn/9780130650764-L.jpg', 'http://covers.openlibrary.org/b/isbn/9780130650764-M.jpg', 'en', 632, 1.5, 466, true, PARSEDATETIME('2001', 'yyyy'), 34, 135);
INSERT INTO BOOK_TITLE_CONTRIBUTIONS VALUES(135, 205);
INSERT INTO BOOK_TITLE_CONTRIBUTIONS VALUES(135, 206);
INSERT INTO BOOK_TITLE_GENRES(book_title_id, genres_id) VALUES(135, 0);
INSERT INTO BOOK_TITLE_GENRES(book_title_id, genres_id) VALUES(135, 17);
INSERT INTO BOOK_TITLE_GENRES(book_title_id, genres_id) VALUES(135, 3);
INSERT INTO BOOK_TITLE_GENRES(book_title_id, genres_id) VALUES(135, 101);
INSERT INTO EDITION_TAGS VALUES(135, 14);
INSERT INTO EDITION_TAGS VALUES(135, 15);
INSERT INTO EDITION_TAGS VALUES(135, 11);
INSERT INTO EDITION_TAGS VALUES(135, 16);
INSERT INTO BOOK_TITLE VALUES(136, 'The Object Database Standard');
INSERT INTO EDITION VALUES(136, 9, 'This completely revised standard for object database management systems is an essential guide to future trends in object-oriented and database technology. It represents an important industry consensus on component technology for database products and languages that enables wide acceptance and adoption of object database technology. ODMG 2.0 provides for object databases what SQL provided for relational databases by ensuring the portability of applications across platforms and products. The goal of the standard is to combine programming languages and database systems into a single environment, providing better performance and more powerful representation for complex database applications. ODMG 2.0 draws upon related work represented by ANSI SQL-92 and the OMG Object Model and Interface Definition Language.', '20', 'http://covers.openlibrary.org/b/isbn/9781558604636-L.jpg', 'http://covers.openlibrary.org/b/isbn/9781558604636-M.jpg', 'en', 270, 1.4, 93, true, PARSEDATETIME('1997', 'yyyy'), 54, 136);
INSERT INTO BOOK_TITLE_CONTRIBUTIONS VALUES(136, 207);
INSERT INTO BOOK_TITLE_CONTRIBUTIONS VALUES(136, 208);
INSERT INTO BOOK_TITLE_CONTRIBUTIONS VALUES(136, 209);
INSERT INTO BOOK_TITLE_CONTRIBUTIONS VALUES(136, 210);
INSERT INTO BOOK_TITLE_GENRES(book_title_id, genres_id) VALUES(136, 0);
INSERT INTO BOOK_TITLE_GENRES(book_title_id, genres_id) VALUES(136, 101);
INSERT INTO EDITION_TAGS VALUES(136, 14);
INSERT INTO EDITION_TAGS VALUES(136, 15);
INSERT INTO EDITION_TAGS VALUES(136, 11);
INSERT INTO EDITION_TAGS VALUES(136, 16);
INSERT INTO BOOK_TITLE VALUES(137, 'Query Processing in Database Systems');
INSERT INTO EDITION VALUES(137, 46, 'This book is an anthology of the results of research and development in database query processing during the past decade. The relational model of data provided tremendous impetus for research into query processing. Since a relational query does not specify access paths to the stored data, the database management system (DBMS) must provide an intelligent query-processing subsystem which will evaluate a number of potentially efficient strategies for processing the query and select the one that optimizes a given performance measure. The degree of sophistication of this subsystem, often called the optimizer, critically affects the performance of the DBMS. Research into query processing thus started has taken off in several directions during the past decade. The emergence of research into distributed databases has enormously complicated the tasks of the optimizer. In a distributed environment, the database may be partitioned into horizontal or vertical fragments of relations.', '22', 'http://covers.openlibrary.org/b/isbn/9783642823756-L.jpg', 'http://covers.openlibrary.org/b/isbn/9783642823756-M.jpg', 'en', 366, 3.6, 145, true, PARSEDATETIME('2012', 'yyyy'), 3, 137);
INSERT INTO BOOK_TITLE_CONTRIBUTIONS VALUES(137, 211);
INSERT INTO BOOK_TITLE_CONTRIBUTIONS VALUES(137, 212);
INSERT INTO BOOK_TITLE_CONTRIBUTIONS VALUES(137, 213);
INSERT INTO BOOK_TITLE_GENRES(book_title_id, genres_id) VALUES(137, 0);
INSERT INTO BOOK_TITLE_GENRES(book_title_id, genres_id) VALUES(137, 3);
INSERT INTO BOOK_TITLE_GENRES(book_title_id, genres_id) VALUES(137, 69);
INSERT INTO BOOK_TITLE_GENRES(book_title_id, genres_id) VALUES(137, 101);
INSERT INTO BOOK_TITLE_GENRES(book_title_id, genres_id) VALUES(137, 23);
INSERT INTO EDITION_TAGS VALUES(137, 14);
INSERT INTO EDITION_TAGS VALUES(137, 15);
INSERT INTO EDITION_TAGS VALUES(137, 11);
INSERT INTO EDITION_TAGS VALUES(137, 16);
INSERT INTO BOOK_TITLE VALUES(138, 'Database Semantics');
INSERT INTO EDITION VALUES(138, 55, 'Database Semantics: Semantic Issues in Multimedia Systems reflects the state of the art of emerging research on the meaning of multimedia information, as presented during IFIP''s Eighth Data Semantics Working Conference (DS-8), organized by its Working Group 2.6 on Databases, and held at Rotorua, New Zealand, in January 1999. DS-8 was planned as an active forum for researchers and practitioners focusing on those issues that involve the semantics of the information represented, stored, and manipulated by multimedia systems. Depending on the topic and state of research, issues may be covered either deeply theoretically or quite practically, or even both. <br> These proceedings contain twenty-one papers carefully selected by an International Programme Committee and organized in six thematic areas: <ul> <li>Video Data Modelling and Use; </li> <li>Image Databases; </li> <li>Applications of Multimedia Systems; </li> <li>Multimedia Modeling in General; </li> <li>Multimedia Information Retriev', '21', 'http://covers.openlibrary.org/b/isbn/9780387355610-L.jpg', 'http://covers.openlibrary.org/b/isbn/9780387355610-M.jpg', 'en', 458, 3.4, 206, true, PARSEDATETIME('2013', 'yyyy'), 55, 138);
INSERT INTO BOOK_TITLE_CONTRIBUTIONS VALUES(138, 214);
INSERT INTO BOOK_TITLE_CONTRIBUTIONS VALUES(138, 215);
INSERT INTO BOOK_TITLE_GENRES(book_title_id, genres_id) VALUES(138, 0);
INSERT INTO BOOK_TITLE_GENRES(book_title_id, genres_id) VALUES(138, 8);
INSERT INTO BOOK_TITLE_GENRES(book_title_id, genres_id) VALUES(138, 14);
INSERT INTO BOOK_TITLE_GENRES(book_title_id, genres_id) VALUES(138, 60);
INSERT INTO BOOK_TITLE_GENRES(book_title_id, genres_id) VALUES(138, 61);
INSERT INTO EDITION_TAGS VALUES(138, 14);
INSERT INTO EDITION_TAGS VALUES(138, 15);
INSERT INTO EDITION_TAGS VALUES(138, 11);
INSERT INTO EDITION_TAGS VALUES(138, 16);
INSERT INTO BOOK_TITLE VALUES(139, 'Database Systems for Advanced Applications');
INSERT INTO EDITION VALUES(139, 5, 'This two volume set LNCS 7238 and LNCS 7239 constitutes the refereed proceedings of the 17th International Conference on Database Systems for Advanced Applications, DASFAA 2012, held in Busan, South Korea, in April 2012. <br>The 44 revised full papers and 8 short papers presented together with 2 invited keynote papers, 8 industrial papers, 8 demo presentations, 4 tutorials and 1 panel paper were carefully reviewed and selected from a total of 159 submissions. The topics covered are query processing and optimization, data semantics, XML and semi-structured data, data mining and knowledge discovery, privacy and anonymity, data management in the Web, graphs and data mining applications, temporal and spatial data, top-k and skyline query processing, information retrieval and recommendation, indexing and search systems, cloud computing and scalability, memory-based query processing, semantic and decision support systems, social data, data mining.', '18', 'http://covers.openlibrary.org/b/isbn/9783642290381-L.jpg', 'http://covers.openlibrary.org/b/isbn/9783642290381-M.jpg', 'en', 595, 2.4, 244, false, PARSEDATETIME('2012', 'yyyy'), 55, 139);
INSERT INTO BOOK_TITLE_CONTRIBUTIONS VALUES(139, 216);
INSERT INTO BOOK_TITLE_CONTRIBUTIONS VALUES(139, 217);
INSERT INTO BOOK_TITLE_CONTRIBUTIONS VALUES(139, 218);
INSERT INTO BOOK_TITLE_CONTRIBUTIONS VALUES(139, 219);
INSERT INTO BOOK_TITLE_CONTRIBUTIONS VALUES(139, 204);
INSERT INTO BOOK_TITLE_CONTRIBUTIONS VALUES(139, 220);
INSERT INTO BOOK_TITLE_GENRES(book_title_id, genres_id) VALUES(139, 0);
INSERT INTO BOOK_TITLE_GENRES(book_title_id, genres_id) VALUES(139, 101);
INSERT INTO BOOK_TITLE_GENRES(book_title_id, genres_id) VALUES(139, 70);
INSERT INTO BOOK_TITLE_GENRES(book_title_id, genres_id) VALUES(139, 16);
INSERT INTO BOOK_TITLE_GENRES(book_title_id, genres_id) VALUES(139, 60);
INSERT INTO BOOK_TITLE_GENRES(book_title_id, genres_id) VALUES(139, 61);
INSERT INTO EDITION_TAGS VALUES(139, 14);
INSERT INTO EDITION_TAGS VALUES(139, 15);
INSERT INTO EDITION_TAGS VALUES(139, 11);
INSERT INTO EDITION_TAGS VALUES(139, 16);
INSERT INTO BOOK_TITLE VALUES(140, 'Multimedia Database Management Systems');
INSERT INTO EDITION VALUES(140, 12, 'Multimedia Database Management Systems presents the issues and the techniques used in building multimedia database management systems. <br> Chapter 1 provides an overview of multimedia databases and underlines the new requirements for these applications. Chapter 2 discusses the techniques used for storing and retrieving multimedia objects. Chapter 3 presents the techniques used for generating metadata for various media objects. Chapter 4 examines the mechanisms used for storing the index information needed for accessing different media objects. Chapter 5 analyzes the approaches for modeling media objects, both their temporal and spatial characteristics. Object-oriented approach, with some additional features, has been widely used to model multimedia information. The book discusses two systems that use object-oriented models: OVID (Object Video Information Database) and Jasmine. The models for representing temporal and spatial requirements of media objects are then studied.', '19', 'http://covers.openlibrary.org/b/isbn/9781461562351-L.jpg', 'http://covers.openlibrary.org/b/isbn/9781461562351-M.jpg', 'en', 206, 5.0, 195, true, PARSEDATETIME('2012', 'yyyy'), 3, 140);
INSERT INTO BOOK_TITLE_CONTRIBUTIONS VALUES(140, 221);
INSERT INTO BOOK_TITLE_GENRES(book_title_id, genres_id) VALUES(140, 0);
INSERT INTO BOOK_TITLE_GENRES(book_title_id, genres_id) VALUES(140, 8);
INSERT INTO BOOK_TITLE_GENRES(book_title_id, genres_id) VALUES(140, 40);
INSERT INTO BOOK_TITLE_GENRES(book_title_id, genres_id) VALUES(140, 110);
INSERT INTO BOOK_TITLE_GENRES(book_title_id, genres_id) VALUES(140, 57);
INSERT INTO EDITION_TAGS VALUES(140, 14);
INSERT INTO EDITION_TAGS VALUES(140, 15);
INSERT INTO EDITION_TAGS VALUES(140, 11);
INSERT INTO EDITION_TAGS VALUES(140, 16);
INSERT INTO BOOK(book_id, condition, state, edition_id, line_id) VALUES(0, 'UNUSABLE', 'IN_STOCK', 0, 77);
INSERT INTO BOOK(book_id, condition, state, edition_id, line_id) VALUES(1, 'DAMAGED', 'IN_STOCK', 0, 195);
INSERT INTO BOOK(book_id, condition, state, edition_id, line_id) VALUES(2, 'PERFECT', 'MISSING', 0, 165);
INSERT INTO BOOK(book_id, condition, state, edition_id, line_id) VALUES(3, 'DAMAGED', 'IN_STOCK', 0, 206);
INSERT INTO BOOK(book_id, condition, state, edition_id, line_id) VALUES(4, 'PERFECT', 'REFURBISHMENT', 0, 192);
INSERT INTO BOOK(book_id, condition, state, edition_id, line_id) VALUES(5, 'PERFECT', 'IN_STOCK', 0, 284);
INSERT INTO BOOK(book_id, condition, state, edition_id, line_id) VALUES(6, 'PERFECT', 'REFURBISHMENT', 0, 38);
INSERT INTO BOOK(book_id, condition, state, edition_id, line_id) VALUES(7, 'UNUSABLE', 'IN_STOCK', 0, 311);
INSERT INTO BOOK(book_id, condition, state, edition_id, line_id) VALUES(8, 'PERFECT', 'REFURBISHMENT', 0, 172);
INSERT INTO BOOK(book_id, condition, state, edition_id, line_id) VALUES(9, 'PERFECT', 'IN_STOCK', 0, 183);
INSERT INTO BOOK(book_id, condition, state, edition_id, line_id) VALUES(10, 'PERFECT', 'IN_STOCK', 0, 274);
INSERT INTO BOOK(book_id, condition, state, edition_id, line_id) VALUES(11, 'WORN_OUT', 'IN_STOCK', 0, 282);
INSERT INTO BOOK(book_id, condition, state, edition_id, line_id) VALUES(12, 'PERFECT', 'IN_STOCK', 0, 258);
INSERT INTO BOOK(book_id, condition, state, edition_id, line_id) VALUES(13, 'PERFECT', 'IN_STOCK', 0, 144);
INSERT INTO BOOK(book_id, condition, state, edition_id, line_id) VALUES(14, 'PERFECT', 'IN_STOCK', 0, 183);
INSERT INTO BOOK(book_id, condition, state, edition_id, line_id) VALUES(15, 'PERFECT', 'REFURBISHMENT', 0, 182);
INSERT INTO BOOK(book_id, condition, state, edition_id, line_id) VALUES(16, 'PERFECT', 'IN_STOCK', 0, 270);
INSERT INTO BOOK(book_id, condition, state, edition_id, line_id) VALUES(17, 'WORN_OUT', 'MISSING', 0, 189);
INSERT INTO BOOK(book_id, condition, state, edition_id, line_id) VALUES(18, 'PERFECT', 'IN_STOCK', 0, 193);
INSERT INTO BOOK(book_id, condition, state, edition_id, line_id) VALUES(19, 'PERFECT', 'IN_STOCK', 0, 362);
INSERT INTO BOOK(book_id, condition, state, edition_id, line_id) VALUES(20, 'PERFECT', 'IN_STOCK', 0, 193);
INSERT INTO BOOK(book_id, condition, state, edition_id, line_id) VALUES(21, 'PERFECT', 'IN_STOCK', 0, 323);
INSERT INTO BOOK(book_id, condition, state, edition_id, line_id) VALUES(22, 'UNUSABLE', 'IN_STOCK', 0, 233);
INSERT INTO BOOK(book_id, condition, state, edition_id, line_id) VALUES(23, 'PERFECT', 'IN_STOCK', 0, 198);
INSERT INTO BOOK(book_id, condition, state, edition_id, line_id) VALUES(24, 'PERFECT', 'MISSING', 0, 248);
INSERT INTO BOOK(book_id, condition, state, edition_id, line_id) VALUES(25, 'PERFECT', 'IN_STOCK', 0, 122);
INSERT INTO BOOK(book_id, condition, state, edition_id, line_id) VALUES(26, 'PERFECT', 'IN_STOCK', 0, 124);
INSERT INTO BOOK(book_id, condition, state, edition_id, line_id) VALUES(27, 'PERFECT', 'IN_STOCK', 0, 169);
INSERT INTO BOOK(book_id, condition, state, edition_id, line_id) VALUES(28, 'PERFECT', 'IN_STOCK', 0, 74);
INSERT INTO BOOK(book_id, condition, state, edition_id, line_id) VALUES(29, 'PERFECT', 'IN_STOCK', 0, 11);
INSERT INTO BOOK(book_id, condition, state, edition_id, line_id) VALUES(30, 'PERFECT', 'IN_STOCK', 0, 135);
INSERT INTO BOOK(book_id, condition, state, edition_id, line_id) VALUES(31, 'PERFECT', 'IN_STOCK', 0, 306);
INSERT INTO BOOK(book_id, condition, state, edition_id, line_id) VALUES(32, 'PERFECT', 'IN_STOCK', 0, 315);
INSERT INTO BOOK(book_id, condition, state, edition_id, line_id) VALUES(33, 'DAMAGED', 'IN_STOCK', 1, 27);
INSERT INTO BOOK(book_id, condition, state, edition_id, line_id) VALUES(34, 'PERFECT', 'REFURBISHMENT', 1, 301);
INSERT INTO BOOK(book_id, condition, state, edition_id, line_id) VALUES(35, 'WORN_OUT', 'IN_STOCK', 1, 24);
INSERT INTO BOOK(book_id, condition, state, edition_id, line_id) VALUES(36, 'WORN_OUT', 'IN_STOCK', 1, 60);
INSERT INTO BOOK(book_id, condition, state, edition_id, line_id) VALUES(37, 'WORN_OUT', 'IN_STOCK', 1, 55);
INSERT INTO BOOK(book_id, condition, state, edition_id, line_id) VALUES(38, 'PERFECT', 'IN_STOCK', 1, 214);
INSERT INTO BOOK(book_id, condition, state, edition_id, line_id) VALUES(39, 'UNUSABLE', 'IN_STOCK', 1, 347);
INSERT INTO BOOK(book_id, condition, state, edition_id, line_id) VALUES(40, 'PERFECT', 'REFURBISHMENT', 1, 17);
INSERT INTO BOOK(book_id, condition, state, edition_id, line_id) VALUES(41, 'PERFECT', 'IN_STOCK', 1, 70);
INSERT INTO BOOK(book_id, condition, state, edition_id, line_id) VALUES(42, 'WORN_OUT', 'MISSING', 1, 96);
INSERT INTO BOOK(book_id, condition, state, edition_id, line_id) VALUES(43, 'PERFECT', 'REFURBISHMENT', 1, 219);
INSERT INTO BOOK(book_id, condition, state, edition_id, line_id) VALUES(44, 'PERFECT', 'IN_STOCK', 1, 195);
INSERT INTO BOOK(book_id, condition, state, edition_id, line_id) VALUES(45, 'WORN_OUT', 'IN_STOCK', 1, 39);
INSERT INTO BOOK(book_id, condition, state, edition_id, line_id) VALUES(46, 'UNUSABLE', 'IN_STOCK', 1, 293);
INSERT INTO BOOK(book_id, condition, state, edition_id, line_id) VALUES(47, 'DAMAGED', 'IN_STOCK', 1, 113);
INSERT INTO BOOK(book_id, condition, state, edition_id, line_id) VALUES(48, 'PERFECT', 'REFURBISHMENT', 1, 225);
INSERT INTO BOOK(book_id, condition, state, edition_id, line_id) VALUES(49, 'WORN_OUT', 'REFURBISHMENT', 1, 181);
INSERT INTO BOOK(book_id, condition, state, edition_id, line_id) VALUES(50, 'WORN_OUT', 'IN_STOCK', 1, 191);
INSERT INTO BOOK(book_id, condition, state, edition_id, line_id) VALUES(51, 'PERFECT', 'IN_STOCK', 1, 96);
INSERT INTO BOOK(book_id, condition, state, edition_id, line_id) VALUES(52, 'WORN_OUT', 'IN_STOCK', 1, 295);
INSERT INTO BOOK(book_id, condition, state, edition_id, line_id) VALUES(53, 'PERFECT', 'IN_STOCK', 1, 322);
INSERT INTO BOOK(book_id, condition, state, edition_id, line_id) VALUES(54, 'PERFECT', 'IN_STOCK', 1, 264);
INSERT INTO BOOK(book_id, condition, state, edition_id, line_id) VALUES(55, 'PERFECT', 'IN_STOCK', 1, 28);
INSERT INTO BOOK(book_id, condition, state, edition_id, line_id) VALUES(56, 'UNUSABLE', 'IN_STOCK', 1, 22);
INSERT INTO BOOK(book_id, condition, state, edition_id, line_id) VALUES(57, 'PERFECT', 'IN_STOCK', 1, 206);
INSERT INTO BOOK(book_id, condition, state, edition_id, line_id) VALUES(58, 'WORN_OUT', 'REFURBISHMENT', 1, 13);
INSERT INTO BOOK(book_id, condition, state, edition_id, line_id) VALUES(59, 'PERFECT', 'IN_STOCK', 1, 147);
INSERT INTO BOOK(book_id, condition, state, edition_id, line_id) VALUES(60, 'PERFECT', 'IN_STOCK', 1, 48);
INSERT INTO BOOK(book_id, condition, state, edition_id, line_id) VALUES(61, 'PERFECT', 'IN_STOCK', 2, 171);
INSERT INTO BOOK(book_id, condition, state, edition_id, line_id) VALUES(62, 'PERFECT', 'REFURBISHMENT', 2, 150);
INSERT INTO BOOK(book_id, condition, state, edition_id, line_id) VALUES(63, 'PERFECT', 'MISSING', 2, 51);
INSERT INTO BOOK(book_id, condition, state, edition_id, line_id) VALUES(64, 'DAMAGED', 'IN_STOCK', 2, 82);
INSERT INTO BOOK(book_id, condition, state, edition_id, line_id) VALUES(65, 'WORN_OUT', 'IN_STOCK', 2, 156);
INSERT INTO BOOK(book_id, condition, state, edition_id, line_id) VALUES(66, 'PERFECT', 'MISSING', 2, 104);
INSERT INTO BOOK(book_id, condition, state, edition_id, line_id) VALUES(67, 'WORN_OUT', 'MISSING', 2, 175);
INSERT INTO BOOK(book_id, condition, state, edition_id, line_id) VALUES(68, 'WORN_OUT', 'IN_STOCK', 2, 58);
INSERT INTO BOOK(book_id, condition, state, edition_id, line_id) VALUES(69, 'PERFECT', 'IN_STOCK', 2, 110);
INSERT INTO BOOK(book_id, condition, state, edition_id, line_id) VALUES(70, 'PERFECT', 'IN_STOCK', 2, 6);
INSERT INTO BOOK(book_id, condition, state, edition_id, line_id) VALUES(71, 'PERFECT', 'IN_STOCK', 2, 250);
INSERT INTO BOOK(book_id, condition, state, edition_id, line_id) VALUES(72, 'PERFECT', 'MISSING', 2, 109);
INSERT INTO BOOK(book_id, condition, state, edition_id, line_id) VALUES(73, 'DAMAGED', 'IN_STOCK', 2, 246);
INSERT INTO BOOK(book_id, condition, state, edition_id, line_id) VALUES(74, 'WORN_OUT', 'IN_STOCK', 2, 221);
INSERT INTO BOOK(book_id, condition, state, edition_id, line_id) VALUES(75, 'PERFECT', 'IN_STOCK', 2, 9);
INSERT INTO BOOK(book_id, condition, state, edition_id, line_id) VALUES(76, 'PERFECT', 'MISSING', 2, 103);
INSERT INTO BOOK(book_id, condition, state, edition_id, line_id) VALUES(77, 'PERFECT', 'IN_STOCK', 2, 303);
INSERT INTO BOOK(book_id, condition, state, edition_id, line_id) VALUES(78, 'PERFECT', 'IN_STOCK', 2, 99);
INSERT INTO BOOK(book_id, condition, state, edition_id, line_id) VALUES(79, 'WORN_OUT', 'IN_STOCK', 2, 137);
INSERT INTO BOOK(book_id, condition, state, edition_id, line_id) VALUES(80, 'PERFECT', 'IN_STOCK', 2, 338);
INSERT INTO BOOK(book_id, condition, state, edition_id, line_id) VALUES(81, 'UNUSABLE', 'IN_STOCK', 2, 95);
INSERT INTO BOOK(book_id, condition, state, edition_id, line_id) VALUES(82, 'WORN_OUT', 'IN_STOCK', 2, 242);
INSERT INTO BOOK(book_id, condition, state, edition_id, line_id) VALUES(83, 'PERFECT', 'IN_STOCK', 2, 237);
INSERT INTO BOOK(book_id, condition, state, edition_id, line_id) VALUES(84, 'UNUSABLE', 'IN_STOCK', 2, 166);
INSERT INTO BOOK(book_id, condition, state, edition_id, line_id) VALUES(85, 'WORN_OUT', 'REFURBISHMENT', 2, 234);
INSERT INTO BOOK(book_id, condition, state, edition_id, line_id) VALUES(86, 'WORN_OUT', 'IN_STOCK', 2, 211);
INSERT INTO BOOK(book_id, condition, state, edition_id, line_id) VALUES(87, 'WORN_OUT', 'REFURBISHMENT', 2, 356);
INSERT INTO BOOK(book_id, condition, state, edition_id, line_id) VALUES(88, 'PERFECT', 'REFURBISHMENT', 2, 335);
INSERT INTO BOOK(book_id, condition, state, edition_id, line_id) VALUES(89, 'PERFECT', 'MISSING', 2, 291);
INSERT INTO BOOK(book_id, condition, state, edition_id, line_id) VALUES(90, 'WORN_OUT', 'IN_STOCK', 2, 252);
INSERT INTO BOOK(book_id, condition, state, edition_id, line_id) VALUES(91, 'PERFECT', 'MISSING', 2, 176);
INSERT INTO BOOK(book_id, condition, state, edition_id, line_id) VALUES(92, 'PERFECT', 'IN_STOCK', 2, 69);
INSERT INTO BOOK(book_id, condition, state, edition_id, line_id) VALUES(93, 'PERFECT', 'IN_STOCK', 2, 238);
INSERT INTO BOOK(book_id, condition, state, edition_id, line_id) VALUES(94, 'WORN_OUT', 'IN_STOCK', 2, 0);
INSERT INTO BOOK(book_id, condition, state, edition_id, line_id) VALUES(95, 'WORN_OUT', 'MISSING', 2, 317);
INSERT INTO BOOK(book_id, condition, state, edition_id, line_id) VALUES(96, 'UNUSABLE', 'IN_STOCK', 2, 135);
INSERT INTO BOOK(book_id, condition, state, edition_id, line_id) VALUES(97, 'WORN_OUT', 'REFURBISHMENT', 2, 81);
INSERT INTO BOOK(book_id, condition, state, edition_id, line_id) VALUES(98, 'UNUSABLE', 'IN_STOCK', 2, 251);
INSERT INTO BOOK(book_id, condition, state, edition_id, line_id) VALUES(99, 'WORN_OUT', 'IN_STOCK', 2, 84);
INSERT INTO BOOK(book_id, condition, state, edition_id, line_id) VALUES(100, 'PERFECT', 'IN_STOCK', 2, 335);
INSERT INTO BOOK(book_id, condition, state, edition_id, line_id) VALUES(101, 'PERFECT', 'MISSING', 2, 123);
INSERT INTO BOOK(book_id, condition, state, edition_id, line_id) VALUES(102, 'DAMAGED', 'MISSING', 2, 183);
INSERT INTO BOOK(book_id, condition, state, edition_id, line_id) VALUES(103, 'PERFECT', 'IN_STOCK', 2, 77);
INSERT INTO BOOK(book_id, condition, state, edition_id, line_id) VALUES(104, 'DAMAGED', 'IN_STOCK', 2, 169);
INSERT INTO BOOK(book_id, condition, state, edition_id, line_id) VALUES(105, 'PERFECT', 'IN_STOCK', 2, 309);
INSERT INTO BOOK(book_id, condition, state, edition_id, line_id) VALUES(106, 'PERFECT', 'REFURBISHMENT', 2, 359);
INSERT INTO BOOK(book_id, condition, state, edition_id, line_id) VALUES(107, 'WORN_OUT', 'IN_STOCK', 2, 43);
INSERT INTO BOOK(book_id, condition, state, edition_id, line_id) VALUES(108, 'PERFECT', 'IN_STOCK', 2, 186);
INSERT INTO BOOK(book_id, condition, state, edition_id, line_id) VALUES(109, 'WORN_OUT', 'IN_STOCK', 3, 36);
INSERT INTO BOOK(book_id, condition, state, edition_id, line_id) VALUES(110, 'DAMAGED', 'IN_STOCK', 3, 22);
INSERT INTO BOOK(book_id, condition, state, edition_id, line_id) VALUES(111, 'PERFECT', 'IN_STOCK', 3, 114);
INSERT INTO BOOK(book_id, condition, state, edition_id, line_id) VALUES(112, 'DAMAGED', 'IN_STOCK', 3, 108);
INSERT INTO BOOK(book_id, condition, state, edition_id, line_id) VALUES(113, 'WORN_OUT', 'MISSING', 3, 228);
INSERT INTO BOOK(book_id, condition, state, edition_id, line_id) VALUES(114, 'PERFECT', 'IN_STOCK', 3, 182);
INSERT INTO BOOK(book_id, condition, state, edition_id, line_id) VALUES(115, 'PERFECT', 'IN_STOCK', 3, 210);
INSERT INTO BOOK(book_id, condition, state, edition_id, line_id) VALUES(116, 'PERFECT', 'IN_STOCK', 3, 187);
INSERT INTO BOOK(book_id, condition, state, edition_id, line_id) VALUES(117, 'PERFECT', 'REFURBISHMENT', 3, 351);
INSERT INTO BOOK(book_id, condition, state, edition_id, line_id) VALUES(118, 'PERFECT', 'REFURBISHMENT', 3, 126);
INSERT INTO BOOK(book_id, condition, state, edition_id, line_id) VALUES(119, 'PERFECT', 'MISSING', 3, 355);
INSERT INTO BOOK(book_id, condition, state, edition_id, line_id) VALUES(120, 'PERFECT', 'MISSING', 3, 155);
INSERT INTO BOOK(book_id, condition, state, edition_id, line_id) VALUES(121, 'UNUSABLE', 'IN_STOCK', 3, 248);
INSERT INTO BOOK(book_id, condition, state, edition_id, line_id) VALUES(122, 'PERFECT', 'IN_STOCK', 3, 209);
INSERT INTO BOOK(book_id, condition, state, edition_id, line_id) VALUES(123, 'WORN_OUT', 'IN_STOCK', 3, 70);
INSERT INTO BOOK(book_id, condition, state, edition_id, line_id) VALUES(124, 'WORN_OUT', 'IN_STOCK', 3, 200);
INSERT INTO BOOK(book_id, condition, state, edition_id, line_id) VALUES(125, 'PERFECT', 'MISSING', 4, 71);
INSERT INTO BOOK(book_id, condition, state, edition_id, line_id) VALUES(126, 'WORN_OUT', 'MISSING', 4, 40);
INSERT INTO BOOK(book_id, condition, state, edition_id, line_id) VALUES(127, 'PERFECT', 'IN_STOCK', 4, 188);
INSERT INTO BOOK(book_id, condition, state, edition_id, line_id) VALUES(128, 'UNUSABLE', 'IN_STOCK', 4, 181);
INSERT INTO BOOK(book_id, condition, state, edition_id, line_id) VALUES(129, 'PERFECT', 'IN_STOCK', 4, 363);
INSERT INTO BOOK(book_id, condition, state, edition_id, line_id) VALUES(130, 'PERFECT', 'MISSING', 4, 25);
INSERT INTO BOOK(book_id, condition, state, edition_id, line_id) VALUES(131, 'WORN_OUT', 'IN_STOCK', 4, 127);
INSERT INTO BOOK(book_id, condition, state, edition_id, line_id) VALUES(132, 'PERFECT', 'IN_STOCK', 4, 20);
INSERT INTO BOOK(book_id, condition, state, edition_id, line_id) VALUES(133, 'WORN_OUT', 'MISSING', 4, 250);
INSERT INTO BOOK(book_id, condition, state, edition_id, line_id) VALUES(134, 'UNUSABLE', 'IN_STOCK', 4, 264);
INSERT INTO BOOK(book_id, condition, state, edition_id, line_id) VALUES(135, 'PERFECT', 'REFURBISHMENT', 4, 176);
INSERT INTO BOOK(book_id, condition, state, edition_id, line_id) VALUES(136, 'PERFECT', 'MISSING', 4, 362);
INSERT INTO BOOK(book_id, condition, state, edition_id, line_id) VALUES(137, 'PERFECT', 'IN_STOCK', 4, 152);
INSERT INTO BOOK(book_id, condition, state, edition_id, line_id) VALUES(138, 'WORN_OUT', 'IN_STOCK', 4, 12);
INSERT INTO BOOK(book_id, condition, state, edition_id, line_id) VALUES(139, 'PERFECT', 'IN_STOCK', 4, 250);
INSERT INTO BOOK(book_id, condition, state, edition_id, line_id) VALUES(140, 'PERFECT', 'IN_STOCK', 4, 155);
INSERT INTO BOOK(book_id, condition, state, edition_id, line_id) VALUES(141, 'PERFECT', 'IN_STOCK', 4, 94);
INSERT INTO BOOK(book_id, condition, state, edition_id, line_id) VALUES(142, 'WORN_OUT', 'IN_STOCK', 4, 40);
INSERT INTO BOOK(book_id, condition, state, edition_id, line_id) VALUES(143, 'PERFECT', 'IN_STOCK', 4, 67);
INSERT INTO BOOK(book_id, condition, state, edition_id, line_id) VALUES(144, 'PERFECT', 'MISSING', 4, 87);
INSERT INTO BOOK(book_id, condition, state, edition_id, line_id) VALUES(145, 'PERFECT', 'IN_STOCK', 4, 301);
INSERT INTO BOOK(book_id, condition, state, edition_id, line_id) VALUES(146, 'WORN_OUT', 'IN_STOCK', 4, 157);
INSERT INTO BOOK(book_id, condition, state, edition_id, line_id) VALUES(147, 'PERFECT', 'IN_STOCK', 4, 99);
INSERT INTO BOOK(book_id, condition, state, edition_id, line_id) VALUES(148, 'PERFECT', 'REFURBISHMENT', 4, 188);
INSERT INTO BOOK(book_id, condition, state, edition_id, line_id) VALUES(149, 'PERFECT', 'IN_STOCK', 4, 314);
INSERT INTO BOOK(book_id, condition, state, edition_id, line_id) VALUES(150, 'PERFECT', 'IN_STOCK', 4, 153);
INSERT INTO BOOK(book_id, condition, state, edition_id, line_id) VALUES(151, 'WORN_OUT', 'IN_STOCK', 4, 105);
INSERT INTO BOOK(book_id, condition, state, edition_id, line_id) VALUES(152, 'UNUSABLE', 'IN_STOCK', 4, 180);
INSERT INTO BOOK(book_id, condition, state, edition_id, line_id) VALUES(153, 'PERFECT', 'IN_STOCK', 4, 268);
INSERT INTO BOOK(book_id, condition, state, edition_id, line_id) VALUES(154, 'WORN_OUT', 'IN_STOCK', 4, 262);
INSERT INTO BOOK(book_id, condition, state, edition_id, line_id) VALUES(155, 'WORN_OUT', 'MISSING', 4, 190);
INSERT INTO BOOK(book_id, condition, state, edition_id, line_id) VALUES(156, 'PERFECT', 'IN_STOCK', 4, 48);
INSERT INTO BOOK(book_id, condition, state, edition_id, line_id) VALUES(157, 'PERFECT', 'REFURBISHMENT', 4, 222);
INSERT INTO BOOK(book_id, condition, state, edition_id, line_id) VALUES(158, 'PERFECT', 'IN_STOCK', 4, 37);
INSERT INTO BOOK(book_id, condition, state, edition_id, line_id) VALUES(159, 'DAMAGED', 'MISSING', 4, 146);
INSERT INTO BOOK(book_id, condition, state, edition_id, line_id) VALUES(160, 'PERFECT', 'REFURBISHMENT', 4, 358);
INSERT INTO BOOK(book_id, condition, state, edition_id, line_id) VALUES(161, 'PERFECT', 'IN_STOCK', 4, 37);
INSERT INTO BOOK(book_id, condition, state, edition_id, line_id) VALUES(162, 'DAMAGED', 'IN_STOCK', 5, 208);
INSERT INTO BOOK(book_id, condition, state, edition_id, line_id) VALUES(163, 'WORN_OUT', 'IN_STOCK', 5, 108);
INSERT INTO BOOK(book_id, condition, state, edition_id, line_id) VALUES(164, 'PERFECT', 'IN_STOCK', 5, 92);
INSERT INTO BOOK(book_id, condition, state, edition_id, line_id) VALUES(165, 'PERFECT', 'IN_STOCK', 5, 49);
INSERT INTO BOOK(book_id, condition, state, edition_id, line_id) VALUES(166, 'DAMAGED', 'REFURBISHMENT', 5, 262);
INSERT INTO BOOK(book_id, condition, state, edition_id, line_id) VALUES(167, 'PERFECT', 'REFURBISHMENT', 5, 299);
INSERT INTO BOOK(book_id, condition, state, edition_id, line_id) VALUES(168, 'PERFECT', 'MISSING', 5, 55);
INSERT INTO BOOK(book_id, condition, state, edition_id, line_id) VALUES(169, 'PERFECT', 'MISSING', 5, 280);
INSERT INTO BOOK(book_id, condition, state, edition_id, line_id) VALUES(170, 'WORN_OUT', 'IN_STOCK', 5, 108);
INSERT INTO BOOK(book_id, condition, state, edition_id, line_id) VALUES(171, 'PERFECT', 'IN_STOCK', 5, 48);
INSERT INTO BOOK(book_id, condition, state, edition_id, line_id) VALUES(172, 'PERFECT', 'IN_STOCK', 5, 233);
INSERT INTO BOOK(book_id, condition, state, edition_id, line_id) VALUES(173, 'WORN_OUT', 'IN_STOCK', 5, 105);
INSERT INTO BOOK(book_id, condition, state, edition_id, line_id) VALUES(174, 'PERFECT', 'REFURBISHMENT', 5, 14);
INSERT INTO BOOK(book_id, condition, state, edition_id, line_id) VALUES(175, 'DAMAGED', 'IN_STOCK', 5, 272);
INSERT INTO BOOK(book_id, condition, state, edition_id, line_id) VALUES(176, 'PERFECT', 'IN_STOCK', 5, 299);
INSERT INTO BOOK(book_id, condition, state, edition_id, line_id) VALUES(177, 'UNUSABLE', 'IN_STOCK', 5, 299);
INSERT INTO BOOK(book_id, condition, state, edition_id, line_id) VALUES(178, 'PERFECT', 'IN_STOCK', 5, 6);
INSERT INTO BOOK(book_id, condition, state, edition_id, line_id) VALUES(179, 'PERFECT', 'IN_STOCK', 5, 160);
INSERT INTO BOOK(book_id, condition, state, edition_id, line_id) VALUES(180, 'PERFECT', 'IN_STOCK', 5, 258);
INSERT INTO BOOK(book_id, condition, state, edition_id, line_id) VALUES(181, 'DAMAGED', 'IN_STOCK', 5, 210);
INSERT INTO BOOK(book_id, condition, state, edition_id, line_id) VALUES(182, 'PERFECT', 'REFURBISHMENT', 5, 125);
INSERT INTO BOOK(book_id, condition, state, edition_id, line_id) VALUES(183, 'UNUSABLE', 'IN_STOCK', 6, 89);
INSERT INTO BOOK(book_id, condition, state, edition_id, line_id) VALUES(184, 'PERFECT', 'IN_STOCK', 6, 14);
INSERT INTO BOOK(book_id, condition, state, edition_id, line_id) VALUES(185, 'WORN_OUT', 'REFURBISHMENT', 6, 253);
INSERT INTO BOOK(book_id, condition, state, edition_id, line_id) VALUES(186, 'PERFECT', 'IN_STOCK', 6, 118);
INSERT INTO BOOK(book_id, condition, state, edition_id, line_id) VALUES(187, 'PERFECT', 'REFURBISHMENT', 6, 304);
INSERT INTO BOOK(book_id, condition, state, edition_id, line_id) VALUES(188, 'PERFECT', 'IN_STOCK', 6, 108);
INSERT INTO BOOK(book_id, condition, state, edition_id, line_id) VALUES(189, 'UNUSABLE', 'MISSING', 6, 7);
INSERT INTO BOOK(book_id, condition, state, edition_id, line_id) VALUES(190, 'DAMAGED', 'IN_STOCK', 6, 107);
INSERT INTO BOOK(book_id, condition, state, edition_id, line_id) VALUES(191, 'PERFECT', 'IN_STOCK', 6, 83);
INSERT INTO BOOK(book_id, condition, state, edition_id, line_id) VALUES(192, 'PERFECT', 'IN_STOCK', 6, 345);
INSERT INTO BOOK(book_id, condition, state, edition_id, line_id) VALUES(193, 'UNUSABLE', 'IN_STOCK', 6, 152);
INSERT INTO BOOK(book_id, condition, state, edition_id, line_id) VALUES(194, 'WORN_OUT', 'IN_STOCK', 6, 282);
INSERT INTO BOOK(book_id, condition, state, edition_id, line_id) VALUES(195, 'PERFECT', 'IN_STOCK', 6, 183);
INSERT INTO BOOK(book_id, condition, state, edition_id, line_id) VALUES(196, 'PERFECT', 'IN_STOCK', 6, 126);
INSERT INTO BOOK(book_id, condition, state, edition_id, line_id) VALUES(197, 'DAMAGED', 'IN_STOCK', 6, 79);
INSERT INTO BOOK(book_id, condition, state, edition_id, line_id) VALUES(198, 'PERFECT', 'REFURBISHMENT', 6, 196);
INSERT INTO BOOK(book_id, condition, state, edition_id, line_id) VALUES(199, 'DAMAGED', 'IN_STOCK', 6, 116);
INSERT INTO BOOK(book_id, condition, state, edition_id, line_id) VALUES(200, 'PERFECT', 'MISSING', 6, 338);
INSERT INTO BOOK(book_id, condition, state, edition_id, line_id) VALUES(201, 'PERFECT', 'IN_STOCK', 6, 108);
INSERT INTO BOOK(book_id, condition, state, edition_id, line_id) VALUES(202, 'PERFECT', 'IN_STOCK', 6, 139);
INSERT INTO BOOK(book_id, condition, state, edition_id, line_id) VALUES(203, 'PERFECT', 'IN_STOCK', 6, 107);
INSERT INTO BOOK(book_id, condition, state, edition_id, line_id) VALUES(204, 'PERFECT', 'IN_STOCK', 6, 352);
INSERT INTO BOOK(book_id, condition, state, edition_id, line_id) VALUES(205, 'PERFECT', 'IN_STOCK', 6, 209);
INSERT INTO BOOK(book_id, condition, state, edition_id, line_id) VALUES(206, 'PERFECT', 'REFURBISHMENT', 6, 87);
INSERT INTO BOOK(book_id, condition, state, edition_id, line_id) VALUES(207, 'DAMAGED', 'REFURBISHMENT', 6, 161);
INSERT INTO BOOK(book_id, condition, state, edition_id, line_id) VALUES(208, 'UNUSABLE', 'MISSING', 6, 94);
INSERT INTO BOOK(book_id, condition, state, edition_id, line_id) VALUES(209, 'PERFECT', 'IN_STOCK', 6, 48);
INSERT INTO BOOK(book_id, condition, state, edition_id, line_id) VALUES(210, 'PERFECT', 'IN_STOCK', 6, 114);
INSERT INTO BOOK(book_id, condition, state, edition_id, line_id) VALUES(211, 'WORN_OUT', 'MISSING', 6, 126);
INSERT INTO BOOK(book_id, condition, state, edition_id, line_id) VALUES(212, 'PERFECT', 'REFURBISHMENT', 6, 160);
INSERT INTO BOOK(book_id, condition, state, edition_id, line_id) VALUES(213, 'PERFECT', 'IN_STOCK', 6, 178);
INSERT INTO BOOK(book_id, condition, state, edition_id, line_id) VALUES(214, 'DAMAGED', 'MISSING', 6, 12);
INSERT INTO BOOK(book_id, condition, state, edition_id, line_id) VALUES(215, 'PERFECT', 'MISSING', 7, 290);
INSERT INTO BOOK(book_id, condition, state, edition_id, line_id) VALUES(216, 'PERFECT', 'REFURBISHMENT', 7, 301);
INSERT INTO BOOK(book_id, condition, state, edition_id, line_id) VALUES(217, 'PERFECT', 'REFURBISHMENT', 7, 293);
INSERT INTO BOOK(book_id, condition, state, edition_id, line_id) VALUES(218, 'PERFECT', 'IN_STOCK', 7, 83);
INSERT INTO BOOK(book_id, condition, state, edition_id, line_id) VALUES(219, 'PERFECT', 'IN_STOCK', 7, 12);
INSERT INTO BOOK(book_id, condition, state, edition_id, line_id) VALUES(220, 'WORN_OUT', 'MISSING', 7, 166);
INSERT INTO BOOK(book_id, condition, state, edition_id, line_id) VALUES(221, 'PERFECT', 'MISSING', 7, 265);
INSERT INTO BOOK(book_id, condition, state, edition_id, line_id) VALUES(222, 'PERFECT', 'IN_STOCK', 7, 22);
INSERT INTO BOOK(book_id, condition, state, edition_id, line_id) VALUES(223, 'PERFECT', 'IN_STOCK', 7, 83);
INSERT INTO BOOK(book_id, condition, state, edition_id, line_id) VALUES(224, 'WORN_OUT', 'IN_STOCK', 7, 110);
INSERT INTO BOOK(book_id, condition, state, edition_id, line_id) VALUES(225, 'PERFECT', 'IN_STOCK', 7, 147);
INSERT INTO BOOK(book_id, condition, state, edition_id, line_id) VALUES(226, 'PERFECT', 'IN_STOCK', 7, 91);
INSERT INTO BOOK(book_id, condition, state, edition_id, line_id) VALUES(227, 'PERFECT', 'REFURBISHMENT', 7, 212);
INSERT INTO BOOK(book_id, condition, state, edition_id, line_id) VALUES(228, 'PERFECT', 'IN_STOCK', 7, 24);
INSERT INTO BOOK(book_id, condition, state, edition_id, line_id) VALUES(229, 'PERFECT', 'IN_STOCK', 7, 239);
INSERT INTO BOOK(book_id, condition, state, edition_id, line_id) VALUES(230, 'DAMAGED', 'IN_STOCK', 7, 269);
INSERT INTO BOOK(book_id, condition, state, edition_id, line_id) VALUES(231, 'WORN_OUT', 'IN_STOCK', 7, 188);
INSERT INTO BOOK(book_id, condition, state, edition_id, line_id) VALUES(232, 'UNUSABLE', 'IN_STOCK', 7, 161);
INSERT INTO BOOK(book_id, condition, state, edition_id, line_id) VALUES(233, 'WORN_OUT', 'IN_STOCK', 7, 325);
INSERT INTO BOOK(book_id, condition, state, edition_id, line_id) VALUES(234, 'PERFECT', 'IN_STOCK', 7, 104);
INSERT INTO BOOK(book_id, condition, state, edition_id, line_id) VALUES(235, 'PERFECT', 'IN_STOCK', 7, 219);
INSERT INTO BOOK(book_id, condition, state, edition_id, line_id) VALUES(236, 'PERFECT', 'IN_STOCK', 7, 161);
INSERT INTO BOOK(book_id, condition, state, edition_id, line_id) VALUES(237, 'PERFECT', 'IN_STOCK', 8, 102);
INSERT INTO BOOK(book_id, condition, state, edition_id, line_id) VALUES(238, 'PERFECT', 'IN_STOCK', 8, 180);
INSERT INTO BOOK(book_id, condition, state, edition_id, line_id) VALUES(239, 'UNUSABLE', 'IN_STOCK', 8, 312);
INSERT INTO BOOK(book_id, condition, state, edition_id, line_id) VALUES(240, 'WORN_OUT', 'IN_STOCK', 8, 200);
INSERT INTO BOOK(book_id, condition, state, edition_id, line_id) VALUES(241, 'WORN_OUT', 'MISSING', 8, 2);
INSERT INTO BOOK(book_id, condition, state, edition_id, line_id) VALUES(242, 'PERFECT', 'IN_STOCK', 8, 312);
INSERT INTO BOOK(book_id, condition, state, edition_id, line_id) VALUES(243, 'PERFECT', 'IN_STOCK', 8, 267);
INSERT INTO BOOK(book_id, condition, state, edition_id, line_id) VALUES(244, 'DAMAGED', 'IN_STOCK', 8, 27);
INSERT INTO BOOK(book_id, condition, state, edition_id, line_id) VALUES(245, 'UNUSABLE', 'IN_STOCK', 8, 22);
INSERT INTO BOOK(book_id, condition, state, edition_id, line_id) VALUES(246, 'PERFECT', 'IN_STOCK', 8, 151);
INSERT INTO BOOK(book_id, condition, state, edition_id, line_id) VALUES(247, 'PERFECT', 'MISSING', 8, 80);
INSERT INTO BOOK(book_id, condition, state, edition_id, line_id) VALUES(248, 'PERFECT', 'MISSING', 8, 202);
INSERT INTO BOOK(book_id, condition, state, edition_id, line_id) VALUES(249, 'WORN_OUT', 'IN_STOCK', 8, 121);
INSERT INTO BOOK(book_id, condition, state, edition_id, line_id) VALUES(250, 'WORN_OUT', 'IN_STOCK', 8, 41);
INSERT INTO BOOK(book_id, condition, state, edition_id, line_id) VALUES(251, 'PERFECT', 'MISSING', 8, 131);
INSERT INTO BOOK(book_id, condition, state, edition_id, line_id) VALUES(252, 'UNUSABLE', 'MISSING', 8, 350);
INSERT INTO BOOK(book_id, condition, state, edition_id, line_id) VALUES(253, 'WORN_OUT', 'REFURBISHMENT', 8, 214);
INSERT INTO BOOK(book_id, condition, state, edition_id, line_id) VALUES(254, 'PERFECT', 'IN_STOCK', 8, 362);
INSERT INTO BOOK(book_id, condition, state, edition_id, line_id) VALUES(255, 'PERFECT', 'MISSING', 8, 321);
INSERT INTO BOOK(book_id, condition, state, edition_id, line_id) VALUES(256, 'UNUSABLE', 'IN_STOCK', 8, 74);
INSERT INTO BOOK(book_id, condition, state, edition_id, line_id) VALUES(257, 'PERFECT', 'MISSING', 8, 8);
INSERT INTO BOOK(book_id, condition, state, edition_id, line_id) VALUES(258, 'WORN_OUT', 'IN_STOCK', 8, 310);
INSERT INTO BOOK(book_id, condition, state, edition_id, line_id) VALUES(259, 'PERFECT', 'IN_STOCK', 8, 55);
INSERT INTO BOOK(book_id, condition, state, edition_id, line_id) VALUES(260, 'WORN_OUT', 'IN_STOCK', 8, 316);
INSERT INTO BOOK(book_id, condition, state, edition_id, line_id) VALUES(261, 'DAMAGED', 'IN_STOCK', 8, 168);
INSERT INTO BOOK(book_id, condition, state, edition_id, line_id) VALUES(262, 'WORN_OUT', 'IN_STOCK', 8, 47);
INSERT INTO BOOK(book_id, condition, state, edition_id, line_id) VALUES(263, 'WORN_OUT', 'REFURBISHMENT', 8, 105);
INSERT INTO BOOK(book_id, condition, state, edition_id, line_id) VALUES(264, 'PERFECT', 'IN_STOCK', 8, 309);
INSERT INTO BOOK(book_id, condition, state, edition_id, line_id) VALUES(265, 'PERFECT', 'IN_STOCK', 8, 226);
INSERT INTO BOOK(book_id, condition, state, edition_id, line_id) VALUES(266, 'DAMAGED', 'IN_STOCK', 8, 320);
INSERT INTO BOOK(book_id, condition, state, edition_id, line_id) VALUES(267, 'PERFECT', 'IN_STOCK', 8, 131);
INSERT INTO BOOK(book_id, condition, state, edition_id, line_id) VALUES(268, 'PERFECT', 'REFURBISHMENT', 8, 112);
INSERT INTO BOOK(book_id, condition, state, edition_id, line_id) VALUES(269, 'PERFECT', 'MISSING', 8, 90);
INSERT INTO BOOK(book_id, condition, state, edition_id, line_id) VALUES(270, 'UNUSABLE', 'IN_STOCK', 8, 216);
INSERT INTO BOOK(book_id, condition, state, edition_id, line_id) VALUES(271, 'DAMAGED', 'MISSING', 8, 104);
INSERT INTO BOOK(book_id, condition, state, edition_id, line_id) VALUES(272, 'WORN_OUT', 'IN_STOCK', 8, 15);
INSERT INTO BOOK(book_id, condition, state, edition_id, line_id) VALUES(273, 'WORN_OUT', 'IN_STOCK', 8, 306);
INSERT INTO BOOK(book_id, condition, state, edition_id, line_id) VALUES(274, 'PERFECT', 'IN_STOCK', 8, 207);
INSERT INTO BOOK(book_id, condition, state, edition_id, line_id) VALUES(275, 'PERFECT', 'IN_STOCK', 8, 174);
INSERT INTO BOOK(book_id, condition, state, edition_id, line_id) VALUES(276, 'WORN_OUT', 'IN_STOCK', 8, 117);
INSERT INTO BOOK(book_id, condition, state, edition_id, line_id) VALUES(277, 'PERFECT', 'IN_STOCK', 8, 296);
INSERT INTO BOOK(book_id, condition, state, edition_id, line_id) VALUES(278, 'WORN_OUT', 'IN_STOCK', 8, 172);
INSERT INTO BOOK(book_id, condition, state, edition_id, line_id) VALUES(279, 'DAMAGED', 'IN_STOCK', 8, 9);
INSERT INTO BOOK(book_id, condition, state, edition_id, line_id) VALUES(280, 'PERFECT', 'IN_STOCK', 8, 106);
INSERT INTO BOOK(book_id, condition, state, edition_id, line_id) VALUES(281, 'PERFECT', 'IN_STOCK', 9, 321);
INSERT INTO BOOK(book_id, condition, state, edition_id, line_id) VALUES(282, 'UNUSABLE', 'IN_STOCK', 9, 183);
INSERT INTO BOOK(book_id, condition, state, edition_id, line_id) VALUES(283, 'WORN_OUT', 'IN_STOCK', 9, 67);
INSERT INTO BOOK(book_id, condition, state, edition_id, line_id) VALUES(284, 'PERFECT', 'IN_STOCK', 9, 178);
INSERT INTO BOOK(book_id, condition, state, edition_id, line_id) VALUES(285, 'WORN_OUT', 'IN_STOCK', 9, 5);
INSERT INTO BOOK(book_id, condition, state, edition_id, line_id) VALUES(286, 'WORN_OUT', 'IN_STOCK', 9, 154);
INSERT INTO BOOK(book_id, condition, state, edition_id, line_id) VALUES(287, 'WORN_OUT', 'IN_STOCK', 9, 115);
INSERT INTO BOOK(book_id, condition, state, edition_id, line_id) VALUES(288, 'DAMAGED', 'MISSING', 9, 98);
INSERT INTO BOOK(book_id, condition, state, edition_id, line_id) VALUES(289, 'PERFECT', 'MISSING', 9, 221);
INSERT INTO BOOK(book_id, condition, state, edition_id, line_id) VALUES(290, 'WORN_OUT', 'IN_STOCK', 9, 319);
INSERT INTO BOOK(book_id, condition, state, edition_id, line_id) VALUES(291, 'PERFECT', 'IN_STOCK', 9, 238);
INSERT INTO BOOK(book_id, condition, state, edition_id, line_id) VALUES(292, 'WORN_OUT', 'IN_STOCK', 9, 15);
INSERT INTO BOOK(book_id, condition, state, edition_id, line_id) VALUES(293, 'PERFECT', 'MISSING', 9, 342);
INSERT INTO BOOK(book_id, condition, state, edition_id, line_id) VALUES(294, 'DAMAGED', 'IN_STOCK', 9, 178);
INSERT INTO BOOK(book_id, condition, state, edition_id, line_id) VALUES(295, 'UNUSABLE', 'IN_STOCK', 9, 122);
INSERT INTO BOOK(book_id, condition, state, edition_id, line_id) VALUES(296, 'WORN_OUT', 'IN_STOCK', 9, 196);
INSERT INTO BOOK(book_id, condition, state, edition_id, line_id) VALUES(297, 'PERFECT', 'IN_STOCK', 9, 185);
INSERT INTO BOOK(book_id, condition, state, edition_id, line_id) VALUES(298, 'WORN_OUT', 'IN_STOCK', 9, 270);
INSERT INTO BOOK(book_id, condition, state, edition_id, line_id) VALUES(299, 'WORN_OUT', 'REFURBISHMENT', 9, 270);
INSERT INTO BOOK(book_id, condition, state, edition_id, line_id) VALUES(300, 'PERFECT', 'REFURBISHMENT', 9, 3);
INSERT INTO BOOK(book_id, condition, state, edition_id, line_id) VALUES(301, 'PERFECT', 'IN_STOCK', 9, 103);
INSERT INTO BOOK(book_id, condition, state, edition_id, line_id) VALUES(302, 'PERFECT', 'IN_STOCK', 9, 294);
INSERT INTO BOOK(book_id, condition, state, edition_id, line_id) VALUES(303, 'WORN_OUT', 'IN_STOCK', 9, 170);
INSERT INTO BOOK(book_id, condition, state, edition_id, line_id) VALUES(304, 'PERFECT', 'IN_STOCK', 9, 100);
INSERT INTO BOOK(book_id, condition, state, edition_id, line_id) VALUES(305, 'PERFECT', 'IN_STOCK', 9, 57);
INSERT INTO BOOK(book_id, condition, state, edition_id, line_id) VALUES(306, 'PERFECT', 'MISSING', 9, 89);
INSERT INTO BOOK(book_id, condition, state, edition_id, line_id) VALUES(307, 'PERFECT', 'IN_STOCK', 9, 216);
INSERT INTO BOOK(book_id, condition, state, edition_id, line_id) VALUES(308, 'PERFECT', 'REFURBISHMENT', 9, 283);
INSERT INTO BOOK(book_id, condition, state, edition_id, line_id) VALUES(309, 'PERFECT', 'REFURBISHMENT', 9, 264);
INSERT INTO BOOK(book_id, condition, state, edition_id, line_id) VALUES(310, 'UNUSABLE', 'IN_STOCK', 9, 335);
INSERT INTO BOOK(book_id, condition, state, edition_id, line_id) VALUES(311, 'PERFECT', 'IN_STOCK', 9, 0);
INSERT INTO BOOK(book_id, condition, state, edition_id, line_id) VALUES(312, 'DAMAGED', 'REFURBISHMENT', 9, 260);
INSERT INTO BOOK(book_id, condition, state, edition_id, line_id) VALUES(313, 'WORN_OUT', 'IN_STOCK', 9, 210);
INSERT INTO BOOK(book_id, condition, state, edition_id, line_id) VALUES(314, 'PERFECT', 'IN_STOCK', 9, 240);
INSERT INTO BOOK(book_id, condition, state, edition_id, line_id) VALUES(315, 'PERFECT', 'IN_STOCK', 9, 105);
INSERT INTO BOOK(book_id, condition, state, edition_id, line_id) VALUES(316, 'PERFECT', 'MISSING', 9, 15);
INSERT INTO BOOK(book_id, condition, state, edition_id, line_id) VALUES(317, 'PERFECT', 'IN_STOCK', 9, 76);
INSERT INTO BOOK(book_id, condition, state, edition_id, line_id) VALUES(318, 'PERFECT', 'REFURBISHMENT', 9, 344);
INSERT INTO BOOK(book_id, condition, state, edition_id, line_id) VALUES(319, 'PERFECT', 'IN_STOCK', 9, 299);
INSERT INTO BOOK(book_id, condition, state, edition_id, line_id) VALUES(320, 'PERFECT', 'IN_STOCK', 9, 310);
INSERT INTO BOOK(book_id, condition, state, edition_id, line_id) VALUES(321, 'PERFECT', 'IN_STOCK', 9, 153);
INSERT INTO BOOK(book_id, condition, state, edition_id, line_id) VALUES(322, 'UNUSABLE', 'IN_STOCK', 9, 120);
INSERT INTO BOOK(book_id, condition, state, edition_id, line_id) VALUES(323, 'PERFECT', 'MISSING', 9, 135);
INSERT INTO BOOK(book_id, condition, state, edition_id, line_id) VALUES(324, 'WORN_OUT', 'REFURBISHMENT', 9, 89);
INSERT INTO BOOK(book_id, condition, state, edition_id, line_id) VALUES(325, 'UNUSABLE', 'IN_STOCK', 9, 209);
INSERT INTO BOOK(book_id, condition, state, edition_id, line_id) VALUES(326, 'PERFECT', 'IN_STOCK', 10, 45);
INSERT INTO BOOK(book_id, condition, state, edition_id, line_id) VALUES(327, 'UNUSABLE', 'IN_STOCK', 10, 66);
INSERT INTO BOOK(book_id, condition, state, edition_id, line_id) VALUES(328, 'DAMAGED', 'MISSING', 10, 245);
INSERT INTO BOOK(book_id, condition, state, edition_id, line_id) VALUES(329, 'PERFECT', 'IN_STOCK', 10, 191);
INSERT INTO BOOK(book_id, condition, state, edition_id, line_id) VALUES(330, 'PERFECT', 'IN_STOCK', 10, 295);
INSERT INTO BOOK(book_id, condition, state, edition_id, line_id) VALUES(331, 'PERFECT', 'REFURBISHMENT', 10, 91);
INSERT INTO BOOK(book_id, condition, state, edition_id, line_id) VALUES(332, 'UNUSABLE', 'IN_STOCK', 10, 75);
INSERT INTO BOOK(book_id, condition, state, edition_id, line_id) VALUES(333, 'DAMAGED', 'REFURBISHMENT', 10, 266);
INSERT INTO BOOK(book_id, condition, state, edition_id, line_id) VALUES(334, 'PERFECT', 'IN_STOCK', 10, 362);
INSERT INTO BOOK(book_id, condition, state, edition_id, line_id) VALUES(335, 'PERFECT', 'IN_STOCK', 10, 339);
INSERT INTO BOOK(book_id, condition, state, edition_id, line_id) VALUES(336, 'UNUSABLE', 'IN_STOCK', 10, 84);
INSERT INTO BOOK(book_id, condition, state, edition_id, line_id) VALUES(337, 'PERFECT', 'IN_STOCK', 10, 320);
INSERT INTO BOOK(book_id, condition, state, edition_id, line_id) VALUES(338, 'PERFECT', 'IN_STOCK', 10, 359);
INSERT INTO BOOK(book_id, condition, state, edition_id, line_id) VALUES(339, 'PERFECT', 'MISSING', 10, 277);
INSERT INTO BOOK(book_id, condition, state, edition_id, line_id) VALUES(340, 'WORN_OUT', 'IN_STOCK', 10, 227);
INSERT INTO BOOK(book_id, condition, state, edition_id, line_id) VALUES(341, 'PERFECT', 'IN_STOCK', 10, 288);
INSERT INTO BOOK(book_id, condition, state, edition_id, line_id) VALUES(342, 'UNUSABLE', 'MISSING', 10, 292);
INSERT INTO BOOK(book_id, condition, state, edition_id, line_id) VALUES(343, 'PERFECT', 'IN_STOCK', 10, 254);
INSERT INTO BOOK(book_id, condition, state, edition_id, line_id) VALUES(344, 'PERFECT', 'MISSING', 10, 38);
INSERT INTO BOOK(book_id, condition, state, edition_id, line_id) VALUES(345, 'PERFECT', 'IN_STOCK', 10, 7);
INSERT INTO BOOK(book_id, condition, state, edition_id, line_id) VALUES(346, 'PERFECT', 'IN_STOCK', 10, 175);
INSERT INTO BOOK(book_id, condition, state, edition_id, line_id) VALUES(347, 'PERFECT', 'IN_STOCK', 10, 239);
INSERT INTO BOOK(book_id, condition, state, edition_id, line_id) VALUES(348, 'DAMAGED', 'REFURBISHMENT', 10, 304);
INSERT INTO BOOK(book_id, condition, state, edition_id, line_id) VALUES(349, 'PERFECT', 'REFURBISHMENT', 10, 359);
INSERT INTO BOOK(book_id, condition, state, edition_id, line_id) VALUES(350, 'DAMAGED', 'IN_STOCK', 10, 312);
INSERT INTO BOOK(book_id, condition, state, edition_id, line_id) VALUES(351, 'DAMAGED', 'MISSING', 10, 206);
INSERT INTO BOOK(book_id, condition, state, edition_id, line_id) VALUES(352, 'DAMAGED', 'IN_STOCK', 10, 338);
INSERT INTO BOOK(book_id, condition, state, edition_id, line_id) VALUES(353, 'DAMAGED', 'IN_STOCK', 10, 133);
INSERT INTO BOOK(book_id, condition, state, edition_id, line_id) VALUES(354, 'WORN_OUT', 'IN_STOCK', 10, 143);
INSERT INTO BOOK(book_id, condition, state, edition_id, line_id) VALUES(355, 'WORN_OUT', 'IN_STOCK', 10, 327);
INSERT INTO BOOK(book_id, condition, state, edition_id, line_id) VALUES(356, 'WORN_OUT', 'IN_STOCK', 10, 313);
INSERT INTO BOOK(book_id, condition, state, edition_id, line_id) VALUES(357, 'WORN_OUT', 'IN_STOCK', 10, 364);
INSERT INTO BOOK(book_id, condition, state, edition_id, line_id) VALUES(358, 'DAMAGED', 'IN_STOCK', 10, 179);
INSERT INTO BOOK(book_id, condition, state, edition_id, line_id) VALUES(359, 'UNUSABLE', 'IN_STOCK', 10, 100);
INSERT INTO BOOK(book_id, condition, state, edition_id, line_id) VALUES(360, 'DAMAGED', 'IN_STOCK', 10, 75);
INSERT INTO BOOK(book_id, condition, state, edition_id, line_id) VALUES(361, 'PERFECT', 'IN_STOCK', 10, 192);
INSERT INTO BOOK(book_id, condition, state, edition_id, line_id) VALUES(362, 'PERFECT', 'IN_STOCK', 10, 284);
INSERT INTO BOOK(book_id, condition, state, edition_id, line_id) VALUES(363, 'PERFECT', 'IN_STOCK', 10, 264);
INSERT INTO BOOK(book_id, condition, state, edition_id, line_id) VALUES(364, 'WORN_OUT', 'MISSING', 10, 62);
INSERT INTO BOOK(book_id, condition, state, edition_id, line_id) VALUES(365, 'UNUSABLE', 'REFURBISHMENT', 10, 100);
INSERT INTO BOOK(book_id, condition, state, edition_id, line_id) VALUES(366, 'DAMAGED', 'IN_STOCK', 10, 255);
INSERT INTO BOOK(book_id, condition, state, edition_id, line_id) VALUES(367, 'PERFECT', 'REFURBISHMENT', 10, 324);
INSERT INTO BOOK(book_id, condition, state, edition_id, line_id) VALUES(368, 'DAMAGED', 'IN_STOCK', 10, 284);
INSERT INTO BOOK(book_id, condition, state, edition_id, line_id) VALUES(369, 'WORN_OUT', 'IN_STOCK', 10, 346);
INSERT INTO BOOK(book_id, condition, state, edition_id, line_id) VALUES(370, 'PERFECT', 'REFURBISHMENT', 10, 248);
INSERT INTO BOOK(book_id, condition, state, edition_id, line_id) VALUES(371, 'PERFECT', 'IN_STOCK', 10, 6);
INSERT INTO BOOK(book_id, condition, state, edition_id, line_id) VALUES(372, 'PERFECT', 'IN_STOCK', 10, 94);
INSERT INTO BOOK(book_id, condition, state, edition_id, line_id) VALUES(373, 'UNUSABLE', 'IN_STOCK', 10, 101);
INSERT INTO BOOK(book_id, condition, state, edition_id, line_id) VALUES(374, 'PERFECT', 'IN_STOCK', 11, 166);
INSERT INTO BOOK(book_id, condition, state, edition_id, line_id) VALUES(375, 'WORN_OUT', 'MISSING', 11, 152);
INSERT INTO BOOK(book_id, condition, state, edition_id, line_id) VALUES(376, 'WORN_OUT', 'IN_STOCK', 11, 276);
INSERT INTO BOOK(book_id, condition, state, edition_id, line_id) VALUES(377, 'WORN_OUT', 'IN_STOCK', 11, 342);
INSERT INTO BOOK(book_id, condition, state, edition_id, line_id) VALUES(378, 'PERFECT', 'IN_STOCK', 11, 129);
INSERT INTO BOOK(book_id, condition, state, edition_id, line_id) VALUES(379, 'PERFECT', 'IN_STOCK', 11, 218);
INSERT INTO BOOK(book_id, condition, state, edition_id, line_id) VALUES(380, 'DAMAGED', 'REFURBISHMENT', 11, 334);
INSERT INTO BOOK(book_id, condition, state, edition_id, line_id) VALUES(381, 'WORN_OUT', 'IN_STOCK', 11, 317);
INSERT INTO BOOK(book_id, condition, state, edition_id, line_id) VALUES(382, 'WORN_OUT', 'REFURBISHMENT', 11, 356);
INSERT INTO BOOK(book_id, condition, state, edition_id, line_id) VALUES(383, 'WORN_OUT', 'IN_STOCK', 11, 340);
INSERT INTO BOOK(book_id, condition, state, edition_id, line_id) VALUES(384, 'PERFECT', 'MISSING', 11, 277);
INSERT INTO BOOK(book_id, condition, state, edition_id, line_id) VALUES(385, 'UNUSABLE', 'IN_STOCK', 11, 19);
INSERT INTO BOOK(book_id, condition, state, edition_id, line_id) VALUES(386, 'PERFECT', 'IN_STOCK', 11, 71);
INSERT INTO BOOK(book_id, condition, state, edition_id, line_id) VALUES(387, 'PERFECT', 'REFURBISHMENT', 11, 216);
INSERT INTO BOOK(book_id, condition, state, edition_id, line_id) VALUES(388, 'WORN_OUT', 'MISSING', 11, 178);
INSERT INTO BOOK(book_id, condition, state, edition_id, line_id) VALUES(389, 'UNUSABLE', 'IN_STOCK', 11, 308);
INSERT INTO BOOK(book_id, condition, state, edition_id, line_id) VALUES(390, 'PERFECT', 'IN_STOCK', 11, 126);
INSERT INTO BOOK(book_id, condition, state, edition_id, line_id) VALUES(391, 'PERFECT', 'IN_STOCK', 11, 341);
INSERT INTO BOOK(book_id, condition, state, edition_id, line_id) VALUES(392, 'WORN_OUT', 'IN_STOCK', 11, 343);
INSERT INTO BOOK(book_id, condition, state, edition_id, line_id) VALUES(393, 'WORN_OUT', 'IN_STOCK', 11, 59);
INSERT INTO BOOK(book_id, condition, state, edition_id, line_id) VALUES(394, 'UNUSABLE', 'MISSING', 11, 96);
INSERT INTO BOOK(book_id, condition, state, edition_id, line_id) VALUES(395, 'PERFECT', 'IN_STOCK', 11, 298);
INSERT INTO BOOK(book_id, condition, state, edition_id, line_id) VALUES(396, 'DAMAGED', 'IN_STOCK', 11, 84);
INSERT INTO BOOK(book_id, condition, state, edition_id, line_id) VALUES(397, 'PERFECT', 'IN_STOCK', 11, 91);
INSERT INTO BOOK(book_id, condition, state, edition_id, line_id) VALUES(398, 'PERFECT', 'MISSING', 11, 80);
INSERT INTO BOOK(book_id, condition, state, edition_id, line_id) VALUES(399, 'PERFECT', 'IN_STOCK', 11, 236);
INSERT INTO BOOK(book_id, condition, state, edition_id, line_id) VALUES(400, 'PERFECT', 'REFURBISHMENT', 11, 284);
INSERT INTO BOOK(book_id, condition, state, edition_id, line_id) VALUES(401, 'PERFECT', 'IN_STOCK', 11, 32);
INSERT INTO BOOK(book_id, condition, state, edition_id, line_id) VALUES(402, 'PERFECT', 'MISSING', 11, 286);
INSERT INTO BOOK(book_id, condition, state, edition_id, line_id) VALUES(403, 'PERFECT', 'IN_STOCK', 11, 207);
INSERT INTO BOOK(book_id, condition, state, edition_id, line_id) VALUES(404, 'UNUSABLE', 'MISSING', 11, 334);
INSERT INTO BOOK(book_id, condition, state, edition_id, line_id) VALUES(405, 'UNUSABLE', 'IN_STOCK', 11, 234);
INSERT INTO BOOK(book_id, condition, state, edition_id, line_id) VALUES(406, 'PERFECT', 'IN_STOCK', 11, 177);
INSERT INTO BOOK(book_id, condition, state, edition_id, line_id) VALUES(407, 'PERFECT', 'IN_STOCK', 11, 270);
INSERT INTO BOOK(book_id, condition, state, edition_id, line_id) VALUES(408, 'PERFECT', 'IN_STOCK', 11, 131);
INSERT INTO BOOK(book_id, condition, state, edition_id, line_id) VALUES(409, 'PERFECT', 'IN_STOCK', 11, 335);
INSERT INTO BOOK(book_id, condition, state, edition_id, line_id) VALUES(410, 'PERFECT', 'IN_STOCK', 11, 315);
INSERT INTO BOOK(book_id, condition, state, edition_id, line_id) VALUES(411, 'PERFECT', 'MISSING', 11, 184);
INSERT INTO BOOK(book_id, condition, state, edition_id, line_id) VALUES(412, 'PERFECT', 'IN_STOCK', 11, 168);
INSERT INTO BOOK(book_id, condition, state, edition_id, line_id) VALUES(413, 'PERFECT', 'IN_STOCK', 11, 83);
INSERT INTO BOOK(book_id, condition, state, edition_id, line_id) VALUES(414, 'PERFECT', 'IN_STOCK', 11, 200);
INSERT INTO BOOK(book_id, condition, state, edition_id, line_id) VALUES(415, 'PERFECT', 'IN_STOCK', 11, 285);
INSERT INTO BOOK(book_id, condition, state, edition_id, line_id) VALUES(416, 'WORN_OUT', 'IN_STOCK', 11, 154);
INSERT INTO BOOK(book_id, condition, state, edition_id, line_id) VALUES(417, 'PERFECT', 'REFURBISHMENT', 11, 12);
INSERT INTO BOOK(book_id, condition, state, edition_id, line_id) VALUES(418, 'WORN_OUT', 'IN_STOCK', 11, 158);
INSERT INTO BOOK(book_id, condition, state, edition_id, line_id) VALUES(419, 'PERFECT', 'IN_STOCK', 11, 326);
INSERT INTO BOOK(book_id, condition, state, edition_id, line_id) VALUES(420, 'PERFECT', 'REFURBISHMENT', 11, 191);
INSERT INTO BOOK(book_id, condition, state, edition_id, line_id) VALUES(421, 'PERFECT', 'IN_STOCK', 11, 325);
INSERT INTO BOOK(book_id, condition, state, edition_id, line_id) VALUES(422, 'PERFECT', 'IN_STOCK', 11, 362);
INSERT INTO BOOK(book_id, condition, state, edition_id, line_id) VALUES(423, 'PERFECT', 'IN_STOCK', 11, 258);
INSERT INTO BOOK(book_id, condition, state, edition_id, line_id) VALUES(424, 'DAMAGED', 'IN_STOCK', 11, 305);
INSERT INTO BOOK(book_id, condition, state, edition_id, line_id) VALUES(425, 'WORN_OUT', 'MISSING', 12, 267);
INSERT INTO BOOK(book_id, condition, state, edition_id, line_id) VALUES(426, 'DAMAGED', 'IN_STOCK', 12, 17);
INSERT INTO BOOK(book_id, condition, state, edition_id, line_id) VALUES(427, 'PERFECT', 'MISSING', 12, 248);
INSERT INTO BOOK(book_id, condition, state, edition_id, line_id) VALUES(428, 'PERFECT', 'IN_STOCK', 12, 273);
INSERT INTO BOOK(book_id, condition, state, edition_id, line_id) VALUES(429, 'PERFECT', 'IN_STOCK', 12, 122);
INSERT INTO BOOK(book_id, condition, state, edition_id, line_id) VALUES(430, 'PERFECT', 'IN_STOCK', 12, 114);
INSERT INTO BOOK(book_id, condition, state, edition_id, line_id) VALUES(431, 'WORN_OUT', 'IN_STOCK', 12, 83);
INSERT INTO BOOK(book_id, condition, state, edition_id, line_id) VALUES(432, 'DAMAGED', 'IN_STOCK', 12, 35);
INSERT INTO BOOK(book_id, condition, state, edition_id, line_id) VALUES(433, 'PERFECT', 'IN_STOCK', 12, 140);
INSERT INTO BOOK(book_id, condition, state, edition_id, line_id) VALUES(434, 'PERFECT', 'MISSING', 12, 126);
INSERT INTO BOOK(book_id, condition, state, edition_id, line_id) VALUES(435, 'WORN_OUT', 'IN_STOCK', 12, 73);
INSERT INTO BOOK(book_id, condition, state, edition_id, line_id) VALUES(436, 'WORN_OUT', 'IN_STOCK', 12, 206);
INSERT INTO BOOK(book_id, condition, state, edition_id, line_id) VALUES(437, 'PERFECT', 'IN_STOCK', 12, 149);
INSERT INTO BOOK(book_id, condition, state, edition_id, line_id) VALUES(438, 'WORN_OUT', 'IN_STOCK', 12, 210);
INSERT INTO BOOK(book_id, condition, state, edition_id, line_id) VALUES(439, 'PERFECT', 'REFURBISHMENT', 12, 145);
INSERT INTO BOOK(book_id, condition, state, edition_id, line_id) VALUES(440, 'PERFECT', 'IN_STOCK', 12, 209);
INSERT INTO BOOK(book_id, condition, state, edition_id, line_id) VALUES(441, 'PERFECT', 'REFURBISHMENT', 12, 3);
INSERT INTO BOOK(book_id, condition, state, edition_id, line_id) VALUES(442, 'PERFECT', 'IN_STOCK', 12, 352);
INSERT INTO BOOK(book_id, condition, state, edition_id, line_id) VALUES(443, 'PERFECT', 'IN_STOCK', 12, 53);
INSERT INTO BOOK(book_id, condition, state, edition_id, line_id) VALUES(444, 'PERFECT', 'IN_STOCK', 12, 230);
INSERT INTO BOOK(book_id, condition, state, edition_id, line_id) VALUES(445, 'PERFECT', 'IN_STOCK', 12, 279);
INSERT INTO BOOK(book_id, condition, state, edition_id, line_id) VALUES(446, 'PERFECT', 'IN_STOCK', 12, 13);
INSERT INTO BOOK(book_id, condition, state, edition_id, line_id) VALUES(447, 'DAMAGED', 'MISSING', 12, 335);
INSERT INTO BOOK(book_id, condition, state, edition_id, line_id) VALUES(448, 'PERFECT', 'REFURBISHMENT', 12, 301);
INSERT INTO BOOK(book_id, condition, state, edition_id, line_id) VALUES(449, 'DAMAGED', 'IN_STOCK', 12, 138);
INSERT INTO BOOK(book_id, condition, state, edition_id, line_id) VALUES(450, 'PERFECT', 'IN_STOCK', 12, 31);
INSERT INTO BOOK(book_id, condition, state, edition_id, line_id) VALUES(451, 'PERFECT', 'IN_STOCK', 12, 114);
INSERT INTO BOOK(book_id, condition, state, edition_id, line_id) VALUES(452, 'PERFECT', 'IN_STOCK', 12, 112);
INSERT INTO BOOK(book_id, condition, state, edition_id, line_id) VALUES(453, 'PERFECT', 'IN_STOCK', 12, 278);
INSERT INTO BOOK(book_id, condition, state, edition_id, line_id) VALUES(454, 'UNUSABLE', 'IN_STOCK', 12, 319);
INSERT INTO BOOK(book_id, condition, state, edition_id, line_id) VALUES(455, 'PERFECT', 'IN_STOCK', 12, 150);
INSERT INTO BOOK(book_id, condition, state, edition_id, line_id) VALUES(456, 'PERFECT', 'IN_STOCK', 12, 238);
INSERT INTO BOOK(book_id, condition, state, edition_id, line_id) VALUES(457, 'WORN_OUT', 'MISSING', 13, 36);
INSERT INTO BOOK(book_id, condition, state, edition_id, line_id) VALUES(458, 'PERFECT', 'MISSING', 13, 8);
INSERT INTO BOOK(book_id, condition, state, edition_id, line_id) VALUES(459, 'PERFECT', 'REFURBISHMENT', 13, 164);
INSERT INTO BOOK(book_id, condition, state, edition_id, line_id) VALUES(460, 'PERFECT', 'MISSING', 13, 29);
INSERT INTO BOOK(book_id, condition, state, edition_id, line_id) VALUES(461, 'PERFECT', 'IN_STOCK', 13, 72);
INSERT INTO BOOK(book_id, condition, state, edition_id, line_id) VALUES(462, 'PERFECT', 'IN_STOCK', 13, 201);
INSERT INTO BOOK(book_id, condition, state, edition_id, line_id) VALUES(463, 'PERFECT', 'MISSING', 13, 207);
INSERT INTO BOOK(book_id, condition, state, edition_id, line_id) VALUES(464, 'UNUSABLE', 'IN_STOCK', 13, 104);
INSERT INTO BOOK(book_id, condition, state, edition_id, line_id) VALUES(465, 'PERFECT', 'IN_STOCK', 13, 259);
INSERT INTO BOOK(book_id, condition, state, edition_id, line_id) VALUES(466, 'PERFECT', 'IN_STOCK', 13, 337);
INSERT INTO BOOK(book_id, condition, state, edition_id, line_id) VALUES(467, 'PERFECT', 'IN_STOCK', 13, 350);
INSERT INTO BOOK(book_id, condition, state, edition_id, line_id) VALUES(468, 'WORN_OUT', 'IN_STOCK', 13, 81);
INSERT INTO BOOK(book_id, condition, state, edition_id, line_id) VALUES(469, 'WORN_OUT', 'IN_STOCK', 13, 92);
INSERT INTO BOOK(book_id, condition, state, edition_id, line_id) VALUES(470, 'PERFECT', 'IN_STOCK', 13, 86);
INSERT INTO BOOK(book_id, condition, state, edition_id, line_id) VALUES(471, 'PERFECT', 'IN_STOCK', 13, 102);
INSERT INTO BOOK(book_id, condition, state, edition_id, line_id) VALUES(472, 'UNUSABLE', 'MISSING', 14, 189);
INSERT INTO BOOK(book_id, condition, state, edition_id, line_id) VALUES(473, 'PERFECT', 'REFURBISHMENT', 14, 61);
INSERT INTO BOOK(book_id, condition, state, edition_id, line_id) VALUES(474, 'PERFECT', 'IN_STOCK', 14, 203);
INSERT INTO BOOK(book_id, condition, state, edition_id, line_id) VALUES(475, 'PERFECT', 'IN_STOCK', 14, 295);
INSERT INTO BOOK(book_id, condition, state, edition_id, line_id) VALUES(476, 'WORN_OUT', 'IN_STOCK', 14, 329);
INSERT INTO BOOK(book_id, condition, state, edition_id, line_id) VALUES(477, 'WORN_OUT', 'IN_STOCK', 14, 255);
INSERT INTO BOOK(book_id, condition, state, edition_id, line_id) VALUES(478, 'PERFECT', 'REFURBISHMENT', 14, 269);
INSERT INTO BOOK(book_id, condition, state, edition_id, line_id) VALUES(479, 'PERFECT', 'IN_STOCK', 14, 171);
INSERT INTO BOOK(book_id, condition, state, edition_id, line_id) VALUES(480, 'PERFECT', 'IN_STOCK', 14, 275);
INSERT INTO BOOK(book_id, condition, state, edition_id, line_id) VALUES(481, 'PERFECT', 'REFURBISHMENT', 14, 159);
INSERT INTO BOOK(book_id, condition, state, edition_id, line_id) VALUES(482, 'PERFECT', 'IN_STOCK', 14, 103);
INSERT INTO BOOK(book_id, condition, state, edition_id, line_id) VALUES(483, 'UNUSABLE', 'IN_STOCK', 14, 228);
INSERT INTO BOOK(book_id, condition, state, edition_id, line_id) VALUES(484, 'DAMAGED', 'REFURBISHMENT', 14, 94);
INSERT INTO BOOK(book_id, condition, state, edition_id, line_id) VALUES(485, 'DAMAGED', 'IN_STOCK', 14, 74);
INSERT INTO BOOK(book_id, condition, state, edition_id, line_id) VALUES(486, 'PERFECT', 'IN_STOCK', 14, 237);
INSERT INTO BOOK(book_id, condition, state, edition_id, line_id) VALUES(487, 'PERFECT', 'IN_STOCK', 14, 124);
INSERT INTO BOOK(book_id, condition, state, edition_id, line_id) VALUES(488, 'PERFECT', 'IN_STOCK', 14, 169);
INSERT INTO BOOK(book_id, condition, state, edition_id, line_id) VALUES(489, 'UNUSABLE', 'IN_STOCK', 14, 89);
INSERT INTO BOOK(book_id, condition, state, edition_id, line_id) VALUES(490, 'PERFECT', 'MISSING', 14, 318);
INSERT INTO BOOK(book_id, condition, state, edition_id, line_id) VALUES(491, 'PERFECT', 'IN_STOCK', 14, 254);
INSERT INTO BOOK(book_id, condition, state, edition_id, line_id) VALUES(492, 'DAMAGED', 'IN_STOCK', 14, 73);
INSERT INTO BOOK(book_id, condition, state, edition_id, line_id) VALUES(493, 'UNUSABLE', 'IN_STOCK', 14, 184);
INSERT INTO BOOK(book_id, condition, state, edition_id, line_id) VALUES(494, 'DAMAGED', 'IN_STOCK', 14, 204);
INSERT INTO BOOK(book_id, condition, state, edition_id, line_id) VALUES(495, 'WORN_OUT', 'IN_STOCK', 14, 279);
INSERT INTO BOOK(book_id, condition, state, edition_id, line_id) VALUES(496, 'PERFECT', 'IN_STOCK', 14, 329);
INSERT INTO BOOK(book_id, condition, state, edition_id, line_id) VALUES(497, 'WORN_OUT', 'IN_STOCK', 14, 147);
INSERT INTO BOOK(book_id, condition, state, edition_id, line_id) VALUES(498, 'WORN_OUT', 'REFURBISHMENT', 14, 190);
INSERT INTO BOOK(book_id, condition, state, edition_id, line_id) VALUES(499, 'PERFECT', 'MISSING', 14, 113);
INSERT INTO BOOK(book_id, condition, state, edition_id, line_id) VALUES(500, 'PERFECT', 'REFURBISHMENT', 14, 258);
INSERT INTO BOOK(book_id, condition, state, edition_id, line_id) VALUES(501, 'PERFECT', 'IN_STOCK', 14, 63);
INSERT INTO BOOK(book_id, condition, state, edition_id, line_id) VALUES(502, 'WORN_OUT', 'IN_STOCK', 14, 347);
INSERT INTO BOOK(book_id, condition, state, edition_id, line_id) VALUES(503, 'PERFECT', 'IN_STOCK', 14, 273);
INSERT INTO BOOK(book_id, condition, state, edition_id, line_id) VALUES(504, 'PERFECT', 'IN_STOCK', 14, 227);
INSERT INTO BOOK(book_id, condition, state, edition_id, line_id) VALUES(505, 'UNUSABLE', 'IN_STOCK', 14, 23);
INSERT INTO BOOK(book_id, condition, state, edition_id, line_id) VALUES(506, 'PERFECT', 'IN_STOCK', 14, 56);
INSERT INTO BOOK(book_id, condition, state, edition_id, line_id) VALUES(507, 'PERFECT', 'REFURBISHMENT', 14, 85);
INSERT INTO BOOK(book_id, condition, state, edition_id, line_id) VALUES(508, 'PERFECT', 'IN_STOCK', 14, 168);
INSERT INTO BOOK(book_id, condition, state, edition_id, line_id) VALUES(509, 'DAMAGED', 'IN_STOCK', 14, 290);
INSERT INTO BOOK(book_id, condition, state, edition_id, line_id) VALUES(510, 'WORN_OUT', 'MISSING', 14, 35);
INSERT INTO BOOK(book_id, condition, state, edition_id, line_id) VALUES(511, 'DAMAGED', 'IN_STOCK', 14, 140);
INSERT INTO BOOK(book_id, condition, state, edition_id, line_id) VALUES(512, 'WORN_OUT', 'MISSING', 14, 228);
INSERT INTO BOOK(book_id, condition, state, edition_id, line_id) VALUES(513, 'PERFECT', 'IN_STOCK', 14, 91);
INSERT INTO BOOK(book_id, condition, state, edition_id, line_id) VALUES(514, 'PERFECT', 'IN_STOCK', 14, 16);
INSERT INTO BOOK(book_id, condition, state, edition_id, line_id) VALUES(515, 'PERFECT', 'IN_STOCK', 14, 271);
INSERT INTO BOOK(book_id, condition, state, edition_id, line_id) VALUES(516, 'PERFECT', 'IN_STOCK', 14, 67);
INSERT INTO BOOK(book_id, condition, state, edition_id, line_id) VALUES(517, 'PERFECT', 'IN_STOCK', 14, 239);
INSERT INTO BOOK(book_id, condition, state, edition_id, line_id) VALUES(518, 'WORN_OUT', 'IN_STOCK', 15, 76);
INSERT INTO BOOK(book_id, condition, state, edition_id, line_id) VALUES(519, 'PERFECT', 'IN_STOCK', 15, 242);
INSERT INTO BOOK(book_id, condition, state, edition_id, line_id) VALUES(520, 'UNUSABLE', 'IN_STOCK', 15, 298);
INSERT INTO BOOK(book_id, condition, state, edition_id, line_id) VALUES(521, 'PERFECT', 'IN_STOCK', 15, 20);
INSERT INTO BOOK(book_id, condition, state, edition_id, line_id) VALUES(522, 'PERFECT', 'IN_STOCK', 15, 133);
INSERT INTO BOOK(book_id, condition, state, edition_id, line_id) VALUES(523, 'PERFECT', 'IN_STOCK', 15, 291);
INSERT INTO BOOK(book_id, condition, state, edition_id, line_id) VALUES(524, 'WORN_OUT', 'IN_STOCK', 15, 78);
INSERT INTO BOOK(book_id, condition, state, edition_id, line_id) VALUES(525, 'PERFECT', 'IN_STOCK', 15, 269);
INSERT INTO BOOK(book_id, condition, state, edition_id, line_id) VALUES(526, 'UNUSABLE', 'IN_STOCK', 15, 9);
INSERT INTO BOOK(book_id, condition, state, edition_id, line_id) VALUES(527, 'WORN_OUT', 'IN_STOCK', 15, 267);
INSERT INTO BOOK(book_id, condition, state, edition_id, line_id) VALUES(528, 'DAMAGED', 'IN_STOCK', 15, 144);
INSERT INTO BOOK(book_id, condition, state, edition_id, line_id) VALUES(529, 'PERFECT', 'IN_STOCK', 15, 186);
INSERT INTO BOOK(book_id, condition, state, edition_id, line_id) VALUES(530, 'WORN_OUT', 'REFURBISHMENT', 15, 254);
INSERT INTO BOOK(book_id, condition, state, edition_id, line_id) VALUES(531, 'DAMAGED', 'REFURBISHMENT', 15, 287);
INSERT INTO BOOK(book_id, condition, state, edition_id, line_id) VALUES(532, 'PERFECT', 'MISSING', 15, 228);
INSERT INTO BOOK(book_id, condition, state, edition_id, line_id) VALUES(533, 'UNUSABLE', 'IN_STOCK', 15, 202);
INSERT INTO BOOK(book_id, condition, state, edition_id, line_id) VALUES(534, 'UNUSABLE', 'IN_STOCK', 15, 262);
INSERT INTO BOOK(book_id, condition, state, edition_id, line_id) VALUES(535, 'DAMAGED', 'MISSING', 15, 216);
INSERT INTO BOOK(book_id, condition, state, edition_id, line_id) VALUES(536, 'WORN_OUT', 'REFURBISHMENT', 15, 320);
INSERT INTO BOOK(book_id, condition, state, edition_id, line_id) VALUES(537, 'PERFECT', 'REFURBISHMENT', 15, 121);
INSERT INTO BOOK(book_id, condition, state, edition_id, line_id) VALUES(538, 'DAMAGED', 'REFURBISHMENT', 15, 159);
INSERT INTO BOOK(book_id, condition, state, edition_id, line_id) VALUES(539, 'PERFECT', 'IN_STOCK', 15, 349);
INSERT INTO BOOK(book_id, condition, state, edition_id, line_id) VALUES(540, 'PERFECT', 'IN_STOCK', 15, 123);
INSERT INTO BOOK(book_id, condition, state, edition_id, line_id) VALUES(541, 'PERFECT', 'IN_STOCK', 15, 122);
INSERT INTO BOOK(book_id, condition, state, edition_id, line_id) VALUES(542, 'PERFECT', 'IN_STOCK', 15, 199);
INSERT INTO BOOK(book_id, condition, state, edition_id, line_id) VALUES(543, 'WORN_OUT', 'REFURBISHMENT', 15, 161);
INSERT INTO BOOK(book_id, condition, state, edition_id, line_id) VALUES(544, 'DAMAGED', 'IN_STOCK', 15, 59);
INSERT INTO BOOK(book_id, condition, state, edition_id, line_id) VALUES(545, 'WORN_OUT', 'IN_STOCK', 15, 193);
INSERT INTO BOOK(book_id, condition, state, edition_id, line_id) VALUES(546, 'UNUSABLE', 'REFURBISHMENT', 15, 132);
INSERT INTO BOOK(book_id, condition, state, edition_id, line_id) VALUES(547, 'WORN_OUT', 'IN_STOCK', 15, 335);
INSERT INTO BOOK(book_id, condition, state, edition_id, line_id) VALUES(548, 'WORN_OUT', 'MISSING', 15, 17);
INSERT INTO BOOK(book_id, condition, state, edition_id, line_id) VALUES(549, 'PERFECT', 'IN_STOCK', 15, 125);
INSERT INTO BOOK(book_id, condition, state, edition_id, line_id) VALUES(550, 'PERFECT', 'IN_STOCK', 15, 273);
INSERT INTO BOOK(book_id, condition, state, edition_id, line_id) VALUES(551, 'PERFECT', 'IN_STOCK', 15, 59);
INSERT INTO BOOK(book_id, condition, state, edition_id, line_id) VALUES(552, 'PERFECT', 'IN_STOCK', 15, 203);
INSERT INTO BOOK(book_id, condition, state, edition_id, line_id) VALUES(553, 'PERFECT', 'IN_STOCK', 15, 79);
INSERT INTO BOOK(book_id, condition, state, edition_id, line_id) VALUES(554, 'DAMAGED', 'IN_STOCK', 15, 244);
INSERT INTO BOOK(book_id, condition, state, edition_id, line_id) VALUES(555, 'UNUSABLE', 'REFURBISHMENT', 15, 25);
INSERT INTO BOOK(book_id, condition, state, edition_id, line_id) VALUES(556, 'PERFECT', 'MISSING', 15, 355);
INSERT INTO BOOK(book_id, condition, state, edition_id, line_id) VALUES(557, 'PERFECT', 'IN_STOCK', 15, 329);
INSERT INTO BOOK(book_id, condition, state, edition_id, line_id) VALUES(558, 'PERFECT', 'IN_STOCK', 15, 125);
INSERT INTO BOOK(book_id, condition, state, edition_id, line_id) VALUES(559, 'PERFECT', 'IN_STOCK', 15, 313);
INSERT INTO BOOK(book_id, condition, state, edition_id, line_id) VALUES(560, 'WORN_OUT', 'IN_STOCK', 15, 37);
INSERT INTO BOOK(book_id, condition, state, edition_id, line_id) VALUES(561, 'PERFECT', 'IN_STOCK', 16, 362);
INSERT INTO BOOK(book_id, condition, state, edition_id, line_id) VALUES(562, 'WORN_OUT', 'IN_STOCK', 16, 21);
INSERT INTO BOOK(book_id, condition, state, edition_id, line_id) VALUES(563, 'UNUSABLE', 'IN_STOCK', 16, 208);
INSERT INTO BOOK(book_id, condition, state, edition_id, line_id) VALUES(564, 'PERFECT', 'IN_STOCK', 16, 338);
INSERT INTO BOOK(book_id, condition, state, edition_id, line_id) VALUES(565, 'PERFECT', 'IN_STOCK', 16, 260);
INSERT INTO BOOK(book_id, condition, state, edition_id, line_id) VALUES(566, 'WORN_OUT', 'IN_STOCK', 16, 313);
INSERT INTO BOOK(book_id, condition, state, edition_id, line_id) VALUES(567, 'PERFECT', 'IN_STOCK', 16, 1);
INSERT INTO BOOK(book_id, condition, state, edition_id, line_id) VALUES(568, 'WORN_OUT', 'REFURBISHMENT', 16, 243);
INSERT INTO BOOK(book_id, condition, state, edition_id, line_id) VALUES(569, 'PERFECT', 'IN_STOCK', 16, 296);
INSERT INTO BOOK(book_id, condition, state, edition_id, line_id) VALUES(570, 'PERFECT', 'IN_STOCK', 16, 339);
INSERT INTO BOOK(book_id, condition, state, edition_id, line_id) VALUES(571, 'WORN_OUT', 'IN_STOCK', 16, 206);
INSERT INTO BOOK(book_id, condition, state, edition_id, line_id) VALUES(572, 'DAMAGED', 'IN_STOCK', 16, 65);
INSERT INTO BOOK(book_id, condition, state, edition_id, line_id) VALUES(573, 'PERFECT', 'IN_STOCK', 17, 225);
INSERT INTO BOOK(book_id, condition, state, edition_id, line_id) VALUES(574, 'DAMAGED', 'IN_STOCK', 17, 44);
INSERT INTO BOOK(book_id, condition, state, edition_id, line_id) VALUES(575, 'PERFECT', 'REFURBISHMENT', 17, 203);
INSERT INTO BOOK(book_id, condition, state, edition_id, line_id) VALUES(576, 'WORN_OUT', 'IN_STOCK', 17, 284);
INSERT INTO BOOK(book_id, condition, state, edition_id, line_id) VALUES(577, 'WORN_OUT', 'REFURBISHMENT', 17, 275);
INSERT INTO BOOK(book_id, condition, state, edition_id, line_id) VALUES(578, 'WORN_OUT', 'IN_STOCK', 17, 222);
INSERT INTO BOOK(book_id, condition, state, edition_id, line_id) VALUES(579, 'PERFECT', 'IN_STOCK', 17, 51);
INSERT INTO BOOK(book_id, condition, state, edition_id, line_id) VALUES(580, 'WORN_OUT', 'IN_STOCK', 17, 110);
INSERT INTO BOOK(book_id, condition, state, edition_id, line_id) VALUES(581, 'PERFECT', 'IN_STOCK', 17, 112);
INSERT INTO BOOK(book_id, condition, state, edition_id, line_id) VALUES(582, 'PERFECT', 'MISSING', 17, 283);
INSERT INTO BOOK(book_id, condition, state, edition_id, line_id) VALUES(583, 'PERFECT', 'MISSING', 17, 239);
INSERT INTO BOOK(book_id, condition, state, edition_id, line_id) VALUES(584, 'PERFECT', 'REFURBISHMENT', 17, 31);
INSERT INTO BOOK(book_id, condition, state, edition_id, line_id) VALUES(585, 'WORN_OUT', 'IN_STOCK', 17, 293);
INSERT INTO BOOK(book_id, condition, state, edition_id, line_id) VALUES(586, 'WORN_OUT', 'IN_STOCK', 17, 23);
INSERT INTO BOOK(book_id, condition, state, edition_id, line_id) VALUES(587, 'PERFECT', 'REFURBISHMENT', 17, 244);
INSERT INTO BOOK(book_id, condition, state, edition_id, line_id) VALUES(588, 'UNUSABLE', 'IN_STOCK', 17, 186);
INSERT INTO BOOK(book_id, condition, state, edition_id, line_id) VALUES(589, 'WORN_OUT', 'IN_STOCK', 17, 324);
INSERT INTO BOOK(book_id, condition, state, edition_id, line_id) VALUES(590, 'PERFECT', 'IN_STOCK', 17, 346);
INSERT INTO BOOK(book_id, condition, state, edition_id, line_id) VALUES(591, 'PERFECT', 'IN_STOCK', 17, 351);
INSERT INTO BOOK(book_id, condition, state, edition_id, line_id) VALUES(592, 'PERFECT', 'IN_STOCK', 17, 25);
INSERT INTO BOOK(book_id, condition, state, edition_id, line_id) VALUES(593, 'PERFECT', 'IN_STOCK', 17, 4);
INSERT INTO BOOK(book_id, condition, state, edition_id, line_id) VALUES(594, 'PERFECT', 'IN_STOCK', 17, 52);
INSERT INTO BOOK(book_id, condition, state, edition_id, line_id) VALUES(595, 'WORN_OUT', 'IN_STOCK', 17, 54);
INSERT INTO BOOK(book_id, condition, state, edition_id, line_id) VALUES(596, 'PERFECT', 'REFURBISHMENT', 17, 158);
INSERT INTO BOOK(book_id, condition, state, edition_id, line_id) VALUES(597, 'PERFECT', 'IN_STOCK', 17, 173);
INSERT INTO BOOK(book_id, condition, state, edition_id, line_id) VALUES(598, 'WORN_OUT', 'REFURBISHMENT', 17, 89);
INSERT INTO BOOK(book_id, condition, state, edition_id, line_id) VALUES(599, 'PERFECT', 'IN_STOCK', 17, 138);
INSERT INTO BOOK(book_id, condition, state, edition_id, line_id) VALUES(600, 'DAMAGED', 'MISSING', 17, 350);
INSERT INTO BOOK(book_id, condition, state, edition_id, line_id) VALUES(601, 'UNUSABLE', 'IN_STOCK', 17, 72);
INSERT INTO BOOK(book_id, condition, state, edition_id, line_id) VALUES(602, 'DAMAGED', 'IN_STOCK', 18, 206);
INSERT INTO BOOK(book_id, condition, state, edition_id, line_id) VALUES(603, 'UNUSABLE', 'REFURBISHMENT', 18, 24);
INSERT INTO BOOK(book_id, condition, state, edition_id, line_id) VALUES(604, 'PERFECT', 'IN_STOCK', 18, 154);
INSERT INTO BOOK(book_id, condition, state, edition_id, line_id) VALUES(605, 'WORN_OUT', 'IN_STOCK', 18, 239);
INSERT INTO BOOK(book_id, condition, state, edition_id, line_id) VALUES(606, 'PERFECT', 'IN_STOCK', 18, 125);
INSERT INTO BOOK(book_id, condition, state, edition_id, line_id) VALUES(607, 'PERFECT', 'IN_STOCK', 18, 352);
INSERT INTO BOOK(book_id, condition, state, edition_id, line_id) VALUES(608, 'PERFECT', 'IN_STOCK', 18, 21);
INSERT INTO BOOK(book_id, condition, state, edition_id, line_id) VALUES(609, 'PERFECT', 'IN_STOCK', 18, 118);
INSERT INTO BOOK(book_id, condition, state, edition_id, line_id) VALUES(610, 'PERFECT', 'IN_STOCK', 18, 202);
INSERT INTO BOOK(book_id, condition, state, edition_id, line_id) VALUES(611, 'PERFECT', 'REFURBISHMENT', 18, 348);
INSERT INTO BOOK(book_id, condition, state, edition_id, line_id) VALUES(612, 'UNUSABLE', 'IN_STOCK', 18, 268);
INSERT INTO BOOK(book_id, condition, state, edition_id, line_id) VALUES(613, 'WORN_OUT', 'REFURBISHMENT', 18, 227);
INSERT INTO BOOK(book_id, condition, state, edition_id, line_id) VALUES(614, 'PERFECT', 'IN_STOCK', 18, 102);
INSERT INTO BOOK(book_id, condition, state, edition_id, line_id) VALUES(615, 'PERFECT', 'IN_STOCK', 18, 277);
INSERT INTO BOOK(book_id, condition, state, edition_id, line_id) VALUES(616, 'PERFECT', 'MISSING', 18, 180);
INSERT INTO BOOK(book_id, condition, state, edition_id, line_id) VALUES(617, 'WORN_OUT', 'REFURBISHMENT', 18, 337);
INSERT INTO BOOK(book_id, condition, state, edition_id, line_id) VALUES(618, 'PERFECT', 'IN_STOCK', 18, 170);
INSERT INTO BOOK(book_id, condition, state, edition_id, line_id) VALUES(619, 'PERFECT', 'MISSING', 18, 356);
INSERT INTO BOOK(book_id, condition, state, edition_id, line_id) VALUES(620, 'PERFECT', 'IN_STOCK', 18, 340);
INSERT INTO BOOK(book_id, condition, state, edition_id, line_id) VALUES(621, 'WORN_OUT', 'IN_STOCK', 18, 254);
INSERT INTO BOOK(book_id, condition, state, edition_id, line_id) VALUES(622, 'PERFECT', 'IN_STOCK', 18, 89);
INSERT INTO BOOK(book_id, condition, state, edition_id, line_id) VALUES(623, 'UNUSABLE', 'IN_STOCK', 18, 332);
INSERT INTO BOOK(book_id, condition, state, edition_id, line_id) VALUES(624, 'PERFECT', 'IN_STOCK', 18, 65);
INSERT INTO BOOK(book_id, condition, state, edition_id, line_id) VALUES(625, 'PERFECT', 'IN_STOCK', 18, 262);
INSERT INTO BOOK(book_id, condition, state, edition_id, line_id) VALUES(626, 'PERFECT', 'IN_STOCK', 18, 148);
INSERT INTO BOOK(book_id, condition, state, edition_id, line_id) VALUES(627, 'DAMAGED', 'IN_STOCK', 18, 108);
INSERT INTO BOOK(book_id, condition, state, edition_id, line_id) VALUES(628, 'UNUSABLE', 'REFURBISHMENT', 18, 290);
INSERT INTO BOOK(book_id, condition, state, edition_id, line_id) VALUES(629, 'WORN_OUT', 'IN_STOCK', 18, 127);
INSERT INTO BOOK(book_id, condition, state, edition_id, line_id) VALUES(630, 'PERFECT', 'IN_STOCK', 18, 102);
INSERT INTO BOOK(book_id, condition, state, edition_id, line_id) VALUES(631, 'PERFECT', 'IN_STOCK', 18, 267);
INSERT INTO BOOK(book_id, condition, state, edition_id, line_id) VALUES(632, 'PERFECT', 'REFURBISHMENT', 18, 269);
INSERT INTO BOOK(book_id, condition, state, edition_id, line_id) VALUES(633, 'WORN_OUT', 'IN_STOCK', 18, 229);
INSERT INTO BOOK(book_id, condition, state, edition_id, line_id) VALUES(634, 'DAMAGED', 'IN_STOCK', 18, 46);
INSERT INTO BOOK(book_id, condition, state, edition_id, line_id) VALUES(635, 'PERFECT', 'REFURBISHMENT', 18, 192);
INSERT INTO BOOK(book_id, condition, state, edition_id, line_id) VALUES(636, 'DAMAGED', 'IN_STOCK', 18, 52);
INSERT INTO BOOK(book_id, condition, state, edition_id, line_id) VALUES(637, 'DAMAGED', 'IN_STOCK', 18, 28);
INSERT INTO BOOK(book_id, condition, state, edition_id, line_id) VALUES(638, 'PERFECT', 'MISSING', 18, 9);
INSERT INTO BOOK(book_id, condition, state, edition_id, line_id) VALUES(639, 'WORN_OUT', 'MISSING', 19, 257);
INSERT INTO BOOK(book_id, condition, state, edition_id, line_id) VALUES(640, 'WORN_OUT', 'IN_STOCK', 19, 21);
INSERT INTO BOOK(book_id, condition, state, edition_id, line_id) VALUES(641, 'WORN_OUT', 'IN_STOCK', 19, 192);
INSERT INTO BOOK(book_id, condition, state, edition_id, line_id) VALUES(642, 'WORN_OUT', 'IN_STOCK', 19, 345);
INSERT INTO BOOK(book_id, condition, state, edition_id, line_id) VALUES(643, 'PERFECT', 'IN_STOCK', 19, 58);
INSERT INTO BOOK(book_id, condition, state, edition_id, line_id) VALUES(644, 'PERFECT', 'IN_STOCK', 19, 320);
INSERT INTO BOOK(book_id, condition, state, edition_id, line_id) VALUES(645, 'DAMAGED', 'IN_STOCK', 19, 162);
INSERT INTO BOOK(book_id, condition, state, edition_id, line_id) VALUES(646, 'PERFECT', 'IN_STOCK', 19, 238);
INSERT INTO BOOK(book_id, condition, state, edition_id, line_id) VALUES(647, 'PERFECT', 'IN_STOCK', 19, 137);
INSERT INTO BOOK(book_id, condition, state, edition_id, line_id) VALUES(648, 'PERFECT', 'MISSING', 19, 240);
INSERT INTO BOOK(book_id, condition, state, edition_id, line_id) VALUES(649, 'PERFECT', 'IN_STOCK', 19, 129);
INSERT INTO BOOK(book_id, condition, state, edition_id, line_id) VALUES(650, 'WORN_OUT', 'REFURBISHMENT', 19, 88);
INSERT INTO BOOK(book_id, condition, state, edition_id, line_id) VALUES(651, 'WORN_OUT', 'IN_STOCK', 19, 172);
INSERT INTO BOOK(book_id, condition, state, edition_id, line_id) VALUES(652, 'WORN_OUT', 'MISSING', 19, 121);
INSERT INTO BOOK(book_id, condition, state, edition_id, line_id) VALUES(653, 'PERFECT', 'IN_STOCK', 19, 137);
INSERT INTO BOOK(book_id, condition, state, edition_id, line_id) VALUES(654, 'PERFECT', 'IN_STOCK', 19, 185);
INSERT INTO BOOK(book_id, condition, state, edition_id, line_id) VALUES(655, 'WORN_OUT', 'IN_STOCK', 19, 39);
INSERT INTO BOOK(book_id, condition, state, edition_id, line_id) VALUES(656, 'PERFECT', 'IN_STOCK', 20, 134);
INSERT INTO BOOK(book_id, condition, state, edition_id, line_id) VALUES(657, 'PERFECT', 'IN_STOCK', 20, 6);
INSERT INTO BOOK(book_id, condition, state, edition_id, line_id) VALUES(658, 'PERFECT', 'IN_STOCK', 20, 140);
INSERT INTO BOOK(book_id, condition, state, edition_id, line_id) VALUES(659, 'PERFECT', 'IN_STOCK', 20, 277);
INSERT INTO BOOK(book_id, condition, state, edition_id, line_id) VALUES(660, 'PERFECT', 'IN_STOCK', 20, 144);
INSERT INTO BOOK(book_id, condition, state, edition_id, line_id) VALUES(661, 'PERFECT', 'MISSING', 20, 20);
INSERT INTO BOOK(book_id, condition, state, edition_id, line_id) VALUES(662, 'PERFECT', 'MISSING', 21, 94);
INSERT INTO BOOK(book_id, condition, state, edition_id, line_id) VALUES(663, 'PERFECT', 'IN_STOCK', 21, 300);
INSERT INTO BOOK(book_id, condition, state, edition_id, line_id) VALUES(664, 'WORN_OUT', 'IN_STOCK', 21, 247);
INSERT INTO BOOK(book_id, condition, state, edition_id, line_id) VALUES(665, 'PERFECT', 'IN_STOCK', 21, 96);
INSERT INTO BOOK(book_id, condition, state, edition_id, line_id) VALUES(666, 'PERFECT', 'IN_STOCK', 21, 240);
INSERT INTO BOOK(book_id, condition, state, edition_id, line_id) VALUES(667, 'PERFECT', 'IN_STOCK', 21, 215);
INSERT INTO BOOK(book_id, condition, state, edition_id, line_id) VALUES(668, 'WORN_OUT', 'IN_STOCK', 21, 322);
INSERT INTO BOOK(book_id, condition, state, edition_id, line_id) VALUES(669, 'PERFECT', 'IN_STOCK', 21, 171);
INSERT INTO BOOK(book_id, condition, state, edition_id, line_id) VALUES(670, 'UNUSABLE', 'IN_STOCK', 21, 219);
INSERT INTO BOOK(book_id, condition, state, edition_id, line_id) VALUES(671, 'PERFECT', 'IN_STOCK', 21, 62);
INSERT INTO BOOK(book_id, condition, state, edition_id, line_id) VALUES(672, 'PERFECT', 'IN_STOCK', 21, 37);
INSERT INTO BOOK(book_id, condition, state, edition_id, line_id) VALUES(673, 'UNUSABLE', 'IN_STOCK', 21, 193);
INSERT INTO BOOK(book_id, condition, state, edition_id, line_id) VALUES(674, 'DAMAGED', 'REFURBISHMENT', 21, 183);
INSERT INTO BOOK(book_id, condition, state, edition_id, line_id) VALUES(675, 'PERFECT', 'IN_STOCK', 21, 3);
INSERT INTO BOOK(book_id, condition, state, edition_id, line_id) VALUES(676, 'DAMAGED', 'REFURBISHMENT', 21, 231);
INSERT INTO BOOK(book_id, condition, state, edition_id, line_id) VALUES(677, 'PERFECT', 'IN_STOCK', 21, 244);
INSERT INTO BOOK(book_id, condition, state, edition_id, line_id) VALUES(678, 'PERFECT', 'IN_STOCK', 22, 225);
INSERT INTO BOOK(book_id, condition, state, edition_id, line_id) VALUES(679, 'DAMAGED', 'IN_STOCK', 22, 227);
INSERT INTO BOOK(book_id, condition, state, edition_id, line_id) VALUES(680, 'PERFECT', 'REFURBISHMENT', 22, 91);
INSERT INTO BOOK(book_id, condition, state, edition_id, line_id) VALUES(681, 'UNUSABLE', 'IN_STOCK', 22, 132);
INSERT INTO BOOK(book_id, condition, state, edition_id, line_id) VALUES(682, 'PERFECT', 'IN_STOCK', 22, 180);
INSERT INTO BOOK(book_id, condition, state, edition_id, line_id) VALUES(683, 'WORN_OUT', 'IN_STOCK', 22, 157);
INSERT INTO BOOK(book_id, condition, state, edition_id, line_id) VALUES(684, 'DAMAGED', 'REFURBISHMENT', 22, 33);
INSERT INTO BOOK(book_id, condition, state, edition_id, line_id) VALUES(685, 'WORN_OUT', 'IN_STOCK', 22, 251);
INSERT INTO BOOK(book_id, condition, state, edition_id, line_id) VALUES(686, 'UNUSABLE', 'IN_STOCK', 23, 340);
INSERT INTO BOOK(book_id, condition, state, edition_id, line_id) VALUES(687, 'DAMAGED', 'MISSING', 23, 37);
INSERT INTO BOOK(book_id, condition, state, edition_id, line_id) VALUES(688, 'PERFECT', 'REFURBISHMENT', 23, 197);
INSERT INTO BOOK(book_id, condition, state, edition_id, line_id) VALUES(689, 'PERFECT', 'MISSING', 23, 149);
INSERT INTO BOOK(book_id, condition, state, edition_id, line_id) VALUES(690, 'PERFECT', 'MISSING', 23, 359);
INSERT INTO BOOK(book_id, condition, state, edition_id, line_id) VALUES(691, 'UNUSABLE', 'IN_STOCK', 23, 155);
INSERT INTO BOOK(book_id, condition, state, edition_id, line_id) VALUES(692, 'DAMAGED', 'IN_STOCK', 23, 231);
INSERT INTO BOOK(book_id, condition, state, edition_id, line_id) VALUES(693, 'PERFECT', 'IN_STOCK', 23, 68);
INSERT INTO BOOK(book_id, condition, state, edition_id, line_id) VALUES(694, 'WORN_OUT', 'MISSING', 23, 8);
INSERT INTO BOOK(book_id, condition, state, edition_id, line_id) VALUES(695, 'WORN_OUT', 'IN_STOCK', 23, 323);
INSERT INTO BOOK(book_id, condition, state, edition_id, line_id) VALUES(696, 'PERFECT', 'IN_STOCK', 23, 73);
INSERT INTO BOOK(book_id, condition, state, edition_id, line_id) VALUES(697, 'DAMAGED', 'IN_STOCK', 23, 357);
INSERT INTO BOOK(book_id, condition, state, edition_id, line_id) VALUES(698, 'PERFECT', 'IN_STOCK', 23, 78);
INSERT INTO BOOK(book_id, condition, state, edition_id, line_id) VALUES(699, 'PERFECT', 'IN_STOCK', 23, 53);
INSERT INTO BOOK(book_id, condition, state, edition_id, line_id) VALUES(700, 'PERFECT', 'IN_STOCK', 23, 310);
INSERT INTO BOOK(book_id, condition, state, edition_id, line_id) VALUES(701, 'PERFECT', 'IN_STOCK', 23, 113);
INSERT INTO BOOK(book_id, condition, state, edition_id, line_id) VALUES(702, 'UNUSABLE', 'IN_STOCK', 23, 130);
INSERT INTO BOOK(book_id, condition, state, edition_id, line_id) VALUES(703, 'DAMAGED', 'MISSING', 23, 217);
INSERT INTO BOOK(book_id, condition, state, edition_id, line_id) VALUES(704, 'PERFECT', 'IN_STOCK', 23, 347);
INSERT INTO BOOK(book_id, condition, state, edition_id, line_id) VALUES(705, 'WORN_OUT', 'REFURBISHMENT', 23, 246);
INSERT INTO BOOK(book_id, condition, state, edition_id, line_id) VALUES(706, 'DAMAGED', 'IN_STOCK', 23, 79);
INSERT INTO BOOK(book_id, condition, state, edition_id, line_id) VALUES(707, 'DAMAGED', 'REFURBISHMENT', 23, 219);
INSERT INTO BOOK(book_id, condition, state, edition_id, line_id) VALUES(708, 'WORN_OUT', 'IN_STOCK', 23, 329);
INSERT INTO BOOK(book_id, condition, state, edition_id, line_id) VALUES(709, 'PERFECT', 'IN_STOCK', 24, 273);
INSERT INTO BOOK(book_id, condition, state, edition_id, line_id) VALUES(710, 'WORN_OUT', 'IN_STOCK', 24, 190);
INSERT INTO BOOK(book_id, condition, state, edition_id, line_id) VALUES(711, 'UNUSABLE', 'MISSING', 24, 207);
INSERT INTO BOOK(book_id, condition, state, edition_id, line_id) VALUES(712, 'PERFECT', 'IN_STOCK', 24, 185);
INSERT INTO BOOK(book_id, condition, state, edition_id, line_id) VALUES(713, 'PERFECT', 'IN_STOCK', 24, 99);
INSERT INTO BOOK(book_id, condition, state, edition_id, line_id) VALUES(714, 'WORN_OUT', 'IN_STOCK', 24, 35);
INSERT INTO BOOK(book_id, condition, state, edition_id, line_id) VALUES(715, 'PERFECT', 'IN_STOCK', 24, 71);
INSERT INTO BOOK(book_id, condition, state, edition_id, line_id) VALUES(716, 'PERFECT', 'IN_STOCK', 24, 214);
INSERT INTO BOOK(book_id, condition, state, edition_id, line_id) VALUES(717, 'PERFECT', 'MISSING', 24, 143);
INSERT INTO BOOK(book_id, condition, state, edition_id, line_id) VALUES(718, 'WORN_OUT', 'IN_STOCK', 24, 20);
INSERT INTO BOOK(book_id, condition, state, edition_id, line_id) VALUES(719, 'WORN_OUT', 'IN_STOCK', 24, 350);
INSERT INTO BOOK(book_id, condition, state, edition_id, line_id) VALUES(720, 'UNUSABLE', 'MISSING', 24, 278);
INSERT INTO BOOK(book_id, condition, state, edition_id, line_id) VALUES(721, 'PERFECT', 'IN_STOCK', 24, 79);
INSERT INTO BOOK(book_id, condition, state, edition_id, line_id) VALUES(722, 'DAMAGED', 'IN_STOCK', 24, 6);
INSERT INTO BOOK(book_id, condition, state, edition_id, line_id) VALUES(723, 'PERFECT', 'IN_STOCK', 24, 190);
INSERT INTO BOOK(book_id, condition, state, edition_id, line_id) VALUES(724, 'PERFECT', 'IN_STOCK', 24, 157);
INSERT INTO BOOK(book_id, condition, state, edition_id, line_id) VALUES(725, 'WORN_OUT', 'IN_STOCK', 24, 261);
INSERT INTO BOOK(book_id, condition, state, edition_id, line_id) VALUES(726, 'PERFECT', 'IN_STOCK', 24, 318);
INSERT INTO BOOK(book_id, condition, state, edition_id, line_id) VALUES(727, 'WORN_OUT', 'IN_STOCK', 24, 208);
INSERT INTO BOOK(book_id, condition, state, edition_id, line_id) VALUES(728, 'WORN_OUT', 'IN_STOCK', 24, 77);
INSERT INTO BOOK(book_id, condition, state, edition_id, line_id) VALUES(729, 'WORN_OUT', 'IN_STOCK', 25, 139);
INSERT INTO BOOK(book_id, condition, state, edition_id, line_id) VALUES(730, 'PERFECT', 'MISSING', 25, 73);
INSERT INTO BOOK(book_id, condition, state, edition_id, line_id) VALUES(731, 'DAMAGED', 'REFURBISHMENT', 25, 154);
INSERT INTO BOOK(book_id, condition, state, edition_id, line_id) VALUES(732, 'UNUSABLE', 'IN_STOCK', 25, 289);
INSERT INTO BOOK(book_id, condition, state, edition_id, line_id) VALUES(733, 'PERFECT', 'IN_STOCK', 25, 134);
INSERT INTO BOOK(book_id, condition, state, edition_id, line_id) VALUES(734, 'WORN_OUT', 'IN_STOCK', 25, 207);
INSERT INTO BOOK(book_id, condition, state, edition_id, line_id) VALUES(735, 'PERFECT', 'REFURBISHMENT', 25, 50);
INSERT INTO BOOK(book_id, condition, state, edition_id, line_id) VALUES(736, 'WORN_OUT', 'IN_STOCK', 25, 178);
INSERT INTO BOOK(book_id, condition, state, edition_id, line_id) VALUES(737, 'PERFECT', 'REFURBISHMENT', 25, 328);
INSERT INTO BOOK(book_id, condition, state, edition_id, line_id) VALUES(738, 'PERFECT', 'IN_STOCK', 25, 302);
INSERT INTO BOOK(book_id, condition, state, edition_id, line_id) VALUES(739, 'PERFECT', 'IN_STOCK', 25, 41);
INSERT INTO BOOK(book_id, condition, state, edition_id, line_id) VALUES(740, 'PERFECT', 'IN_STOCK', 25, 184);
INSERT INTO BOOK(book_id, condition, state, edition_id, line_id) VALUES(741, 'PERFECT', 'IN_STOCK', 25, 153);
INSERT INTO BOOK(book_id, condition, state, edition_id, line_id) VALUES(742, 'PERFECT', 'IN_STOCK', 25, 257);
INSERT INTO BOOK(book_id, condition, state, edition_id, line_id) VALUES(743, 'PERFECT', 'IN_STOCK', 25, 10);
INSERT INTO BOOK(book_id, condition, state, edition_id, line_id) VALUES(744, 'PERFECT', 'IN_STOCK', 25, 298);
INSERT INTO BOOK(book_id, condition, state, edition_id, line_id) VALUES(745, 'PERFECT', 'IN_STOCK', 25, 313);
INSERT INTO BOOK(book_id, condition, state, edition_id, line_id) VALUES(746, 'PERFECT', 'IN_STOCK', 25, 267);
INSERT INTO BOOK(book_id, condition, state, edition_id, line_id) VALUES(747, 'PERFECT', 'IN_STOCK', 25, 72);
INSERT INTO BOOK(book_id, condition, state, edition_id, line_id) VALUES(748, 'PERFECT', 'IN_STOCK', 25, 101);
INSERT INTO BOOK(book_id, condition, state, edition_id, line_id) VALUES(749, 'PERFECT', 'IN_STOCK', 25, 149);
INSERT INTO BOOK(book_id, condition, state, edition_id, line_id) VALUES(750, 'DAMAGED', 'MISSING', 25, 12);
INSERT INTO BOOK(book_id, condition, state, edition_id, line_id) VALUES(751, 'WORN_OUT', 'IN_STOCK', 25, 163);
INSERT INTO BOOK(book_id, condition, state, edition_id, line_id) VALUES(752, 'PERFECT', 'IN_STOCK', 25, 325);
INSERT INTO BOOK(book_id, condition, state, edition_id, line_id) VALUES(753, 'PERFECT', 'IN_STOCK', 25, 305);
INSERT INTO BOOK(book_id, condition, state, edition_id, line_id) VALUES(754, 'UNUSABLE', 'IN_STOCK', 25, 18);
INSERT INTO BOOK(book_id, condition, state, edition_id, line_id) VALUES(755, 'PERFECT', 'IN_STOCK', 25, 41);
INSERT INTO BOOK(book_id, condition, state, edition_id, line_id) VALUES(756, 'PERFECT', 'MISSING', 25, 181);
INSERT INTO BOOK(book_id, condition, state, edition_id, line_id) VALUES(757, 'PERFECT', 'MISSING', 25, 346);
INSERT INTO BOOK(book_id, condition, state, edition_id, line_id) VALUES(758, 'UNUSABLE', 'IN_STOCK', 25, 156);
INSERT INTO BOOK(book_id, condition, state, edition_id, line_id) VALUES(759, 'PERFECT', 'REFURBISHMENT', 25, 238);
INSERT INTO BOOK(book_id, condition, state, edition_id, line_id) VALUES(760, 'UNUSABLE', 'IN_STOCK', 25, 160);
INSERT INTO BOOK(book_id, condition, state, edition_id, line_id) VALUES(761, 'WORN_OUT', 'IN_STOCK', 25, 253);
INSERT INTO BOOK(book_id, condition, state, edition_id, line_id) VALUES(762, 'PERFECT', 'MISSING', 25, 202);
INSERT INTO BOOK(book_id, condition, state, edition_id, line_id) VALUES(763, 'WORN_OUT', 'IN_STOCK', 25, 140);
INSERT INTO BOOK(book_id, condition, state, edition_id, line_id) VALUES(764, 'PERFECT', 'IN_STOCK', 25, 209);
INSERT INTO BOOK(book_id, condition, state, edition_id, line_id) VALUES(765, 'WORN_OUT', 'REFURBISHMENT', 25, 222);
INSERT INTO BOOK(book_id, condition, state, edition_id, line_id) VALUES(766, 'DAMAGED', 'IN_STOCK', 25, 121);
INSERT INTO BOOK(book_id, condition, state, edition_id, line_id) VALUES(767, 'PERFECT', 'IN_STOCK', 25, 173);
INSERT INTO BOOK(book_id, condition, state, edition_id, line_id) VALUES(768, 'PERFECT', 'REFURBISHMENT', 25, 88);
INSERT INTO BOOK(book_id, condition, state, edition_id, line_id) VALUES(769, 'PERFECT', 'IN_STOCK', 25, 73);
INSERT INTO BOOK(book_id, condition, state, edition_id, line_id) VALUES(770, 'PERFECT', 'IN_STOCK', 25, 91);
INSERT INTO BOOK(book_id, condition, state, edition_id, line_id) VALUES(771, 'WORN_OUT', 'IN_STOCK', 25, 345);
INSERT INTO BOOK(book_id, condition, state, edition_id, line_id) VALUES(772, 'PERFECT', 'IN_STOCK', 25, 98);
INSERT INTO BOOK(book_id, condition, state, edition_id, line_id) VALUES(773, 'PERFECT', 'IN_STOCK', 25, 70);
INSERT INTO BOOK(book_id, condition, state, edition_id, line_id) VALUES(774, 'PERFECT', 'IN_STOCK', 25, 98);
INSERT INTO BOOK(book_id, condition, state, edition_id, line_id) VALUES(775, 'PERFECT', 'IN_STOCK', 25, 45);
INSERT INTO BOOK(book_id, condition, state, edition_id, line_id) VALUES(776, 'WORN_OUT', 'MISSING', 25, 18);
INSERT INTO BOOK(book_id, condition, state, edition_id, line_id) VALUES(777, 'PERFECT', 'IN_STOCK', 25, 45);
INSERT INTO BOOK(book_id, condition, state, edition_id, line_id) VALUES(778, 'PERFECT', 'REFURBISHMENT', 25, 262);
INSERT INTO BOOK(book_id, condition, state, edition_id, line_id) VALUES(779, 'UNUSABLE', 'IN_STOCK', 25, 292);
INSERT INTO BOOK(book_id, condition, state, edition_id, line_id) VALUES(780, 'DAMAGED', 'IN_STOCK', 25, 201);
INSERT INTO BOOK(book_id, condition, state, edition_id, line_id) VALUES(781, 'PERFECT', 'REFURBISHMENT', 25, 190);
INSERT INTO BOOK(book_id, condition, state, edition_id, line_id) VALUES(782, 'DAMAGED', 'IN_STOCK', 25, 326);
INSERT INTO BOOK(book_id, condition, state, edition_id, line_id) VALUES(783, 'UNUSABLE', 'MISSING', 25, 83);
INSERT INTO BOOK(book_id, condition, state, edition_id, line_id) VALUES(784, 'PERFECT', 'IN_STOCK', 25, 244);
INSERT INTO BOOK(book_id, condition, state, edition_id, line_id) VALUES(785, 'DAMAGED', 'REFURBISHMENT', 25, 122);
INSERT INTO BOOK(book_id, condition, state, edition_id, line_id) VALUES(786, 'PERFECT', 'MISSING', 25, 128);
INSERT INTO BOOK(book_id, condition, state, edition_id, line_id) VALUES(787, 'PERFECT', 'IN_STOCK', 25, 275);
INSERT INTO BOOK(book_id, condition, state, edition_id, line_id) VALUES(788, 'PERFECT', 'IN_STOCK', 25, 78);
INSERT INTO BOOK(book_id, condition, state, edition_id, line_id) VALUES(789, 'DAMAGED', 'IN_STOCK', 26, 283);
INSERT INTO BOOK(book_id, condition, state, edition_id, line_id) VALUES(790, 'PERFECT', 'IN_STOCK', 26, 136);
INSERT INTO BOOK(book_id, condition, state, edition_id, line_id) VALUES(791, 'PERFECT', 'IN_STOCK', 26, 238);
INSERT INTO BOOK(book_id, condition, state, edition_id, line_id) VALUES(792, 'PERFECT', 'IN_STOCK', 26, 91);
INSERT INTO BOOK(book_id, condition, state, edition_id, line_id) VALUES(793, 'PERFECT', 'IN_STOCK', 26, 240);
INSERT INTO BOOK(book_id, condition, state, edition_id, line_id) VALUES(794, 'DAMAGED', 'IN_STOCK', 26, 133);
INSERT INTO BOOK(book_id, condition, state, edition_id, line_id) VALUES(795, 'PERFECT', 'IN_STOCK', 26, 278);
INSERT INTO BOOK(book_id, condition, state, edition_id, line_id) VALUES(796, 'PERFECT', 'IN_STOCK', 26, 246);
INSERT INTO BOOK(book_id, condition, state, edition_id, line_id) VALUES(797, 'PERFECT', 'IN_STOCK', 26, 227);
INSERT INTO BOOK(book_id, condition, state, edition_id, line_id) VALUES(798, 'DAMAGED', 'IN_STOCK', 26, 303);
INSERT INTO BOOK(book_id, condition, state, edition_id, line_id) VALUES(799, 'PERFECT', 'IN_STOCK', 26, 64);
INSERT INTO BOOK(book_id, condition, state, edition_id, line_id) VALUES(800, 'PERFECT', 'IN_STOCK', 26, 88);
INSERT INTO BOOK(book_id, condition, state, edition_id, line_id) VALUES(801, 'DAMAGED', 'IN_STOCK', 26, 134);
INSERT INTO BOOK(book_id, condition, state, edition_id, line_id) VALUES(802, 'PERFECT', 'REFURBISHMENT', 26, 230);
INSERT INTO BOOK(book_id, condition, state, edition_id, line_id) VALUES(803, 'WORN_OUT', 'IN_STOCK', 26, 271);
INSERT INTO BOOK(book_id, condition, state, edition_id, line_id) VALUES(804, 'PERFECT', 'IN_STOCK', 26, 39);
INSERT INTO BOOK(book_id, condition, state, edition_id, line_id) VALUES(805, 'PERFECT', 'IN_STOCK', 26, 335);
INSERT INTO BOOK(book_id, condition, state, edition_id, line_id) VALUES(806, 'PERFECT', 'IN_STOCK', 26, 207);
INSERT INTO BOOK(book_id, condition, state, edition_id, line_id) VALUES(807, 'WORN_OUT', 'REFURBISHMENT', 26, 138);
INSERT INTO BOOK(book_id, condition, state, edition_id, line_id) VALUES(808, 'DAMAGED', 'IN_STOCK', 26, 152);
INSERT INTO BOOK(book_id, condition, state, edition_id, line_id) VALUES(809, 'PERFECT', 'MISSING', 26, 3);
INSERT INTO BOOK(book_id, condition, state, edition_id, line_id) VALUES(810, 'PERFECT', 'REFURBISHMENT', 26, 83);
INSERT INTO BOOK(book_id, condition, state, edition_id, line_id) VALUES(811, 'WORN_OUT', 'REFURBISHMENT', 26, 148);
INSERT INTO BOOK(book_id, condition, state, edition_id, line_id) VALUES(812, 'PERFECT', 'IN_STOCK', 26, 216);
INSERT INTO BOOK(book_id, condition, state, edition_id, line_id) VALUES(813, 'PERFECT', 'IN_STOCK', 26, 83);
INSERT INTO BOOK(book_id, condition, state, edition_id, line_id) VALUES(814, 'PERFECT', 'IN_STOCK', 26, 38);
INSERT INTO BOOK(book_id, condition, state, edition_id, line_id) VALUES(815, 'UNUSABLE', 'MISSING', 26, 213);
INSERT INTO BOOK(book_id, condition, state, edition_id, line_id) VALUES(816, 'PERFECT', 'IN_STOCK', 26, 249);
INSERT INTO BOOK(book_id, condition, state, edition_id, line_id) VALUES(817, 'WORN_OUT', 'IN_STOCK', 27, 27);
INSERT INTO BOOK(book_id, condition, state, edition_id, line_id) VALUES(818, 'UNUSABLE', 'IN_STOCK', 27, 162);
INSERT INTO BOOK(book_id, condition, state, edition_id, line_id) VALUES(819, 'WORN_OUT', 'IN_STOCK', 27, 262);
INSERT INTO BOOK(book_id, condition, state, edition_id, line_id) VALUES(820, 'PERFECT', 'IN_STOCK', 27, 109);
INSERT INTO BOOK(book_id, condition, state, edition_id, line_id) VALUES(821, 'PERFECT', 'IN_STOCK', 27, 298);
INSERT INTO BOOK(book_id, condition, state, edition_id, line_id) VALUES(822, 'PERFECT', 'IN_STOCK', 27, 24);
INSERT INTO BOOK(book_id, condition, state, edition_id, line_id) VALUES(823, 'WORN_OUT', 'IN_STOCK', 27, 311);
INSERT INTO BOOK(book_id, condition, state, edition_id, line_id) VALUES(824, 'PERFECT', 'MISSING', 27, 160);
INSERT INTO BOOK(book_id, condition, state, edition_id, line_id) VALUES(825, 'WORN_OUT', 'IN_STOCK', 27, 97);
INSERT INTO BOOK(book_id, condition, state, edition_id, line_id) VALUES(826, 'WORN_OUT', 'IN_STOCK', 27, 25);
INSERT INTO BOOK(book_id, condition, state, edition_id, line_id) VALUES(827, 'PERFECT', 'IN_STOCK', 27, 212);
INSERT INTO BOOK(book_id, condition, state, edition_id, line_id) VALUES(828, 'PERFECT', 'IN_STOCK', 27, 251);
INSERT INTO BOOK(book_id, condition, state, edition_id, line_id) VALUES(829, 'PERFECT', 'IN_STOCK', 27, 21);
INSERT INTO BOOK(book_id, condition, state, edition_id, line_id) VALUES(830, 'UNUSABLE', 'IN_STOCK', 27, 147);
INSERT INTO BOOK(book_id, condition, state, edition_id, line_id) VALUES(831, 'WORN_OUT', 'IN_STOCK', 27, 282);
INSERT INTO BOOK(book_id, condition, state, edition_id, line_id) VALUES(832, 'WORN_OUT', 'MISSING', 27, 206);
INSERT INTO BOOK(book_id, condition, state, edition_id, line_id) VALUES(833, 'PERFECT', 'MISSING', 27, 171);
INSERT INTO BOOK(book_id, condition, state, edition_id, line_id) VALUES(834, 'PERFECT', 'IN_STOCK', 27, 107);
INSERT INTO BOOK(book_id, condition, state, edition_id, line_id) VALUES(835, 'PERFECT', 'IN_STOCK', 27, 359);
INSERT INTO BOOK(book_id, condition, state, edition_id, line_id) VALUES(836, 'PERFECT', 'IN_STOCK', 27, 261);
INSERT INTO BOOK(book_id, condition, state, edition_id, line_id) VALUES(837, 'PERFECT', 'REFURBISHMENT', 27, 277);
INSERT INTO BOOK(book_id, condition, state, edition_id, line_id) VALUES(838, 'PERFECT', 'REFURBISHMENT', 27, 309);
INSERT INTO BOOK(book_id, condition, state, edition_id, line_id) VALUES(839, 'PERFECT', 'REFURBISHMENT', 27, 123);
INSERT INTO BOOK(book_id, condition, state, edition_id, line_id) VALUES(840, 'PERFECT', 'IN_STOCK', 27, 251);
INSERT INTO BOOK(book_id, condition, state, edition_id, line_id) VALUES(841, 'WORN_OUT', 'IN_STOCK', 27, 185);
INSERT INTO BOOK(book_id, condition, state, edition_id, line_id) VALUES(842, 'WORN_OUT', 'IN_STOCK', 27, 265);
INSERT INTO BOOK(book_id, condition, state, edition_id, line_id) VALUES(843, 'WORN_OUT', 'IN_STOCK', 28, 121);
INSERT INTO BOOK(book_id, condition, state, edition_id, line_id) VALUES(844, 'DAMAGED', 'IN_STOCK', 28, 252);
INSERT INTO BOOK(book_id, condition, state, edition_id, line_id) VALUES(845, 'WORN_OUT', 'IN_STOCK', 28, 217);
INSERT INTO BOOK(book_id, condition, state, edition_id, line_id) VALUES(846, 'DAMAGED', 'IN_STOCK', 28, 88);
INSERT INTO BOOK(book_id, condition, state, edition_id, line_id) VALUES(847, 'WORN_OUT', 'REFURBISHMENT', 28, 141);
INSERT INTO BOOK(book_id, condition, state, edition_id, line_id) VALUES(848, 'DAMAGED', 'IN_STOCK', 28, 235);
INSERT INTO BOOK(book_id, condition, state, edition_id, line_id) VALUES(849, 'WORN_OUT', 'IN_STOCK', 28, 2);
INSERT INTO BOOK(book_id, condition, state, edition_id, line_id) VALUES(850, 'PERFECT', 'IN_STOCK', 28, 193);
INSERT INTO BOOK(book_id, condition, state, edition_id, line_id) VALUES(851, 'PERFECT', 'IN_STOCK', 28, 236);
INSERT INTO BOOK(book_id, condition, state, edition_id, line_id) VALUES(852, 'PERFECT', 'IN_STOCK', 28, 265);
INSERT INTO BOOK(book_id, condition, state, edition_id, line_id) VALUES(853, 'WORN_OUT', 'IN_STOCK', 28, 90);
INSERT INTO BOOK(book_id, condition, state, edition_id, line_id) VALUES(854, 'UNUSABLE', 'IN_STOCK', 28, 104);
INSERT INTO BOOK(book_id, condition, state, edition_id, line_id) VALUES(855, 'WORN_OUT', 'MISSING', 28, 127);
INSERT INTO BOOK(book_id, condition, state, edition_id, line_id) VALUES(856, 'PERFECT', 'MISSING', 28, 86);
INSERT INTO BOOK(book_id, condition, state, edition_id, line_id) VALUES(857, 'WORN_OUT', 'MISSING', 28, 201);
INSERT INTO BOOK(book_id, condition, state, edition_id, line_id) VALUES(858, 'PERFECT', 'IN_STOCK', 28, 52);
INSERT INTO BOOK(book_id, condition, state, edition_id, line_id) VALUES(859, 'PERFECT', 'MISSING', 28, 37);
INSERT INTO BOOK(book_id, condition, state, edition_id, line_id) VALUES(860, 'PERFECT', 'IN_STOCK', 28, 252);
INSERT INTO BOOK(book_id, condition, state, edition_id, line_id) VALUES(861, 'PERFECT', 'IN_STOCK', 28, 102);
INSERT INTO BOOK(book_id, condition, state, edition_id, line_id) VALUES(862, 'PERFECT', 'IN_STOCK', 28, 69);
INSERT INTO BOOK(book_id, condition, state, edition_id, line_id) VALUES(863, 'WORN_OUT', 'IN_STOCK', 28, 145);
INSERT INTO BOOK(book_id, condition, state, edition_id, line_id) VALUES(864, 'PERFECT', 'REFURBISHMENT', 28, 215);
INSERT INTO BOOK(book_id, condition, state, edition_id, line_id) VALUES(865, 'PERFECT', 'REFURBISHMENT', 28, 333);
INSERT INTO BOOK(book_id, condition, state, edition_id, line_id) VALUES(866, 'PERFECT', 'IN_STOCK', 28, 243);
INSERT INTO BOOK(book_id, condition, state, edition_id, line_id) VALUES(867, 'PERFECT', 'IN_STOCK', 28, 290);
INSERT INTO BOOK(book_id, condition, state, edition_id, line_id) VALUES(868, 'WORN_OUT', 'REFURBISHMENT', 28, 158);
INSERT INTO BOOK(book_id, condition, state, edition_id, line_id) VALUES(869, 'WORN_OUT', 'IN_STOCK', 28, 214);
INSERT INTO BOOK(book_id, condition, state, edition_id, line_id) VALUES(870, 'PERFECT', 'IN_STOCK', 28, 176);
INSERT INTO BOOK(book_id, condition, state, edition_id, line_id) VALUES(871, 'PERFECT', 'IN_STOCK', 28, 245);
INSERT INTO BOOK(book_id, condition, state, edition_id, line_id) VALUES(872, 'UNUSABLE', 'IN_STOCK', 28, 206);
INSERT INTO BOOK(book_id, condition, state, edition_id, line_id) VALUES(873, 'PERFECT', 'IN_STOCK', 28, 177);
INSERT INTO BOOK(book_id, condition, state, edition_id, line_id) VALUES(874, 'PERFECT', 'IN_STOCK', 28, 205);
INSERT INTO BOOK(book_id, condition, state, edition_id, line_id) VALUES(875, 'PERFECT', 'IN_STOCK', 28, 133);
INSERT INTO BOOK(book_id, condition, state, edition_id, line_id) VALUES(876, 'PERFECT', 'REFURBISHMENT', 28, 61);
INSERT INTO BOOK(book_id, condition, state, edition_id, line_id) VALUES(877, 'PERFECT', 'IN_STOCK', 28, 39);
INSERT INTO BOOK(book_id, condition, state, edition_id, line_id) VALUES(878, 'WORN_OUT', 'IN_STOCK', 28, 54);
INSERT INTO BOOK(book_id, condition, state, edition_id, line_id) VALUES(879, 'WORN_OUT', 'MISSING', 28, 266);
INSERT INTO BOOK(book_id, condition, state, edition_id, line_id) VALUES(880, 'WORN_OUT', 'IN_STOCK', 28, 53);
INSERT INTO BOOK(book_id, condition, state, edition_id, line_id) VALUES(881, 'WORN_OUT', 'IN_STOCK', 28, 157);
INSERT INTO BOOK(book_id, condition, state, edition_id, line_id) VALUES(882, 'PERFECT', 'IN_STOCK', 28, 17);
INSERT INTO BOOK(book_id, condition, state, edition_id, line_id) VALUES(883, 'WORN_OUT', 'MISSING', 28, 161);
INSERT INTO BOOK(book_id, condition, state, edition_id, line_id) VALUES(884, 'UNUSABLE', 'REFURBISHMENT', 28, 153);
INSERT INTO BOOK(book_id, condition, state, edition_id, line_id) VALUES(885, 'PERFECT', 'IN_STOCK', 28, 235);
INSERT INTO BOOK(book_id, condition, state, edition_id, line_id) VALUES(886, 'PERFECT', 'IN_STOCK', 28, 165);
INSERT INTO BOOK(book_id, condition, state, edition_id, line_id) VALUES(887, 'PERFECT', 'IN_STOCK', 28, 146);
INSERT INTO BOOK(book_id, condition, state, edition_id, line_id) VALUES(888, 'PERFECT', 'IN_STOCK', 28, 24);
INSERT INTO BOOK(book_id, condition, state, edition_id, line_id) VALUES(889, 'DAMAGED', 'MISSING', 28, 147);
INSERT INTO BOOK(book_id, condition, state, edition_id, line_id) VALUES(890, 'WORN_OUT', 'MISSING', 28, 184);
INSERT INTO BOOK(book_id, condition, state, edition_id, line_id) VALUES(891, 'PERFECT', 'IN_STOCK', 28, 223);
INSERT INTO BOOK(book_id, condition, state, edition_id, line_id) VALUES(892, 'WORN_OUT', 'MISSING', 28, 238);
INSERT INTO BOOK(book_id, condition, state, edition_id, line_id) VALUES(893, 'PERFECT', 'MISSING', 28, 307);
INSERT INTO BOOK(book_id, condition, state, edition_id, line_id) VALUES(894, 'PERFECT', 'IN_STOCK', 28, 132);
INSERT INTO BOOK(book_id, condition, state, edition_id, line_id) VALUES(895, 'PERFECT', 'IN_STOCK', 28, 213);
INSERT INTO BOOK(book_id, condition, state, edition_id, line_id) VALUES(896, 'PERFECT', 'IN_STOCK', 28, 356);
INSERT INTO BOOK(book_id, condition, state, edition_id, line_id) VALUES(897, 'DAMAGED', 'IN_STOCK', 28, 172);
INSERT INTO BOOK(book_id, condition, state, edition_id, line_id) VALUES(898, 'PERFECT', 'MISSING', 28, 59);
INSERT INTO BOOK(book_id, condition, state, edition_id, line_id) VALUES(899, 'PERFECT', 'IN_STOCK', 28, 300);
INSERT INTO BOOK(book_id, condition, state, edition_id, line_id) VALUES(900, 'PERFECT', 'IN_STOCK', 28, 15);
INSERT INTO BOOK(book_id, condition, state, edition_id, line_id) VALUES(901, 'PERFECT', 'IN_STOCK', 28, 285);
INSERT INTO BOOK(book_id, condition, state, edition_id, line_id) VALUES(902, 'PERFECT', 'IN_STOCK', 28, 47);
INSERT INTO BOOK(book_id, condition, state, edition_id, line_id) VALUES(903, 'PERFECT', 'IN_STOCK', 29, 349);
INSERT INTO BOOK(book_id, condition, state, edition_id, line_id) VALUES(904, 'PERFECT', 'IN_STOCK', 29, 152);
INSERT INTO BOOK(book_id, condition, state, edition_id, line_id) VALUES(905, 'PERFECT', 'IN_STOCK', 29, 111);
INSERT INTO BOOK(book_id, condition, state, edition_id, line_id) VALUES(906, 'PERFECT', 'IN_STOCK', 29, 222);
INSERT INTO BOOK(book_id, condition, state, edition_id, line_id) VALUES(907, 'PERFECT', 'IN_STOCK', 29, 251);
INSERT INTO BOOK(book_id, condition, state, edition_id, line_id) VALUES(908, 'DAMAGED', 'IN_STOCK', 29, 140);
INSERT INTO BOOK(book_id, condition, state, edition_id, line_id) VALUES(909, 'WORN_OUT', 'IN_STOCK', 29, 265);
INSERT INTO BOOK(book_id, condition, state, edition_id, line_id) VALUES(910, 'PERFECT', 'REFURBISHMENT', 29, 47);
INSERT INTO BOOK(book_id, condition, state, edition_id, line_id) VALUES(911, 'WORN_OUT', 'IN_STOCK', 29, 104);
INSERT INTO BOOK(book_id, condition, state, edition_id, line_id) VALUES(912, 'PERFECT', 'MISSING', 29, 92);
INSERT INTO BOOK(book_id, condition, state, edition_id, line_id) VALUES(913, 'PERFECT', 'IN_STOCK', 29, 304);
INSERT INTO BOOK(book_id, condition, state, edition_id, line_id) VALUES(914, 'DAMAGED', 'IN_STOCK', 29, 94);
INSERT INTO BOOK(book_id, condition, state, edition_id, line_id) VALUES(915, 'DAMAGED', 'REFURBISHMENT', 29, 157);
INSERT INTO BOOK(book_id, condition, state, edition_id, line_id) VALUES(916, 'DAMAGED', 'MISSING', 29, 321);
INSERT INTO BOOK(book_id, condition, state, edition_id, line_id) VALUES(917, 'PERFECT', 'MISSING', 29, 248);
INSERT INTO BOOK(book_id, condition, state, edition_id, line_id) VALUES(918, 'PERFECT', 'REFURBISHMENT', 29, 303);
INSERT INTO BOOK(book_id, condition, state, edition_id, line_id) VALUES(919, 'WORN_OUT', 'IN_STOCK', 29, 184);
INSERT INTO BOOK(book_id, condition, state, edition_id, line_id) VALUES(920, 'PERFECT', 'MISSING', 29, 166);
INSERT INTO BOOK(book_id, condition, state, edition_id, line_id) VALUES(921, 'WORN_OUT', 'IN_STOCK', 29, 65);
INSERT INTO BOOK(book_id, condition, state, edition_id, line_id) VALUES(922, 'DAMAGED', 'IN_STOCK', 29, 159);
INSERT INTO BOOK(book_id, condition, state, edition_id, line_id) VALUES(923, 'PERFECT', 'MISSING', 29, 337);
INSERT INTO BOOK(book_id, condition, state, edition_id, line_id) VALUES(924, 'PERFECT', 'REFURBISHMENT', 29, 261);
INSERT INTO BOOK(book_id, condition, state, edition_id, line_id) VALUES(925, 'PERFECT', 'MISSING', 29, 330);
INSERT INTO BOOK(book_id, condition, state, edition_id, line_id) VALUES(926, 'PERFECT', 'IN_STOCK', 29, 264);
INSERT INTO BOOK(book_id, condition, state, edition_id, line_id) VALUES(927, 'DAMAGED', 'IN_STOCK', 29, 353);
INSERT INTO BOOK(book_id, condition, state, edition_id, line_id) VALUES(928, 'UNUSABLE', 'REFURBISHMENT', 29, 341);
INSERT INTO BOOK(book_id, condition, state, edition_id, line_id) VALUES(929, 'PERFECT', 'IN_STOCK', 29, 289);
INSERT INTO BOOK(book_id, condition, state, edition_id, line_id) VALUES(930, 'PERFECT', 'MISSING', 29, 12);
INSERT INTO BOOK(book_id, condition, state, edition_id, line_id) VALUES(931, 'WORN_OUT', 'IN_STOCK', 29, 67);
INSERT INTO BOOK(book_id, condition, state, edition_id, line_id) VALUES(932, 'WORN_OUT', 'IN_STOCK', 29, 137);
INSERT INTO BOOK(book_id, condition, state, edition_id, line_id) VALUES(933, 'PERFECT', 'IN_STOCK', 29, 252);
INSERT INTO BOOK(book_id, condition, state, edition_id, line_id) VALUES(934, 'PERFECT', 'IN_STOCK', 29, 80);
INSERT INTO BOOK(book_id, condition, state, edition_id, line_id) VALUES(935, 'WORN_OUT', 'IN_STOCK', 29, 246);
INSERT INTO BOOK(book_id, condition, state, edition_id, line_id) VALUES(936, 'UNUSABLE', 'IN_STOCK', 29, 204);
INSERT INTO BOOK(book_id, condition, state, edition_id, line_id) VALUES(937, 'WORN_OUT', 'MISSING', 29, 35);
INSERT INTO BOOK(book_id, condition, state, edition_id, line_id) VALUES(938, 'PERFECT', 'IN_STOCK', 29, 28);
INSERT INTO BOOK(book_id, condition, state, edition_id, line_id) VALUES(939, 'PERFECT', 'IN_STOCK', 29, 189);
INSERT INTO BOOK(book_id, condition, state, edition_id, line_id) VALUES(940, 'PERFECT', 'IN_STOCK', 29, 115);
INSERT INTO BOOK(book_id, condition, state, edition_id, line_id) VALUES(941, 'PERFECT', 'MISSING', 29, 240);
INSERT INTO BOOK(book_id, condition, state, edition_id, line_id) VALUES(942, 'PERFECT', 'MISSING', 29, 300);
INSERT INTO BOOK(book_id, condition, state, edition_id, line_id) VALUES(943, 'PERFECT', 'IN_STOCK', 29, 157);
INSERT INTO BOOK(book_id, condition, state, edition_id, line_id) VALUES(944, 'UNUSABLE', 'REFURBISHMENT', 29, 354);
INSERT INTO BOOK(book_id, condition, state, edition_id, line_id) VALUES(945, 'PERFECT', 'IN_STOCK', 29, 309);
INSERT INTO BOOK(book_id, condition, state, edition_id, line_id) VALUES(946, 'PERFECT', 'IN_STOCK', 29, 339);
INSERT INTO BOOK(book_id, condition, state, edition_id, line_id) VALUES(947, 'PERFECT', 'IN_STOCK', 29, 270);
INSERT INTO BOOK(book_id, condition, state, edition_id, line_id) VALUES(948, 'WORN_OUT', 'IN_STOCK', 29, 298);
INSERT INTO BOOK(book_id, condition, state, edition_id, line_id) VALUES(949, 'WORN_OUT', 'REFURBISHMENT', 29, 26);
INSERT INTO BOOK(book_id, condition, state, edition_id, line_id) VALUES(950, 'WORN_OUT', 'IN_STOCK', 29, 160);
INSERT INTO BOOK(book_id, condition, state, edition_id, line_id) VALUES(951, 'UNUSABLE', 'IN_STOCK', 29, 248);
INSERT INTO BOOK(book_id, condition, state, edition_id, line_id) VALUES(952, 'UNUSABLE', 'IN_STOCK', 29, 127);
INSERT INTO BOOK(book_id, condition, state, edition_id, line_id) VALUES(953, 'PERFECT', 'IN_STOCK', 30, 114);
INSERT INTO BOOK(book_id, condition, state, edition_id, line_id) VALUES(954, 'WORN_OUT', 'IN_STOCK', 30, 88);
INSERT INTO BOOK(book_id, condition, state, edition_id, line_id) VALUES(955, 'PERFECT', 'IN_STOCK', 30, 220);
INSERT INTO BOOK(book_id, condition, state, edition_id, line_id) VALUES(956, 'DAMAGED', 'MISSING', 30, 221);
INSERT INTO BOOK(book_id, condition, state, edition_id, line_id) VALUES(957, 'UNUSABLE', 'IN_STOCK', 30, 90);
INSERT INTO BOOK(book_id, condition, state, edition_id, line_id) VALUES(958, 'PERFECT', 'IN_STOCK', 30, 278);
INSERT INTO BOOK(book_id, condition, state, edition_id, line_id) VALUES(959, 'DAMAGED', 'REFURBISHMENT', 30, 213);
INSERT INTO BOOK(book_id, condition, state, edition_id, line_id) VALUES(960, 'PERFECT', 'REFURBISHMENT', 30, 123);
INSERT INTO BOOK(book_id, condition, state, edition_id, line_id) VALUES(961, 'PERFECT', 'IN_STOCK', 30, 23);
INSERT INTO BOOK(book_id, condition, state, edition_id, line_id) VALUES(962, 'UNUSABLE', 'REFURBISHMENT', 30, 14);
INSERT INTO BOOK(book_id, condition, state, edition_id, line_id) VALUES(963, 'PERFECT', 'IN_STOCK', 30, 157);
INSERT INTO BOOK(book_id, condition, state, edition_id, line_id) VALUES(964, 'WORN_OUT', 'IN_STOCK', 30, 128);
INSERT INTO BOOK(book_id, condition, state, edition_id, line_id) VALUES(965, 'PERFECT', 'IN_STOCK', 30, 53);
INSERT INTO BOOK(book_id, condition, state, edition_id, line_id) VALUES(966, 'PERFECT', 'IN_STOCK', 30, 19);
INSERT INTO BOOK(book_id, condition, state, edition_id, line_id) VALUES(967, 'WORN_OUT', 'REFURBISHMENT', 30, 268);
INSERT INTO BOOK(book_id, condition, state, edition_id, line_id) VALUES(968, 'PERFECT', 'MISSING', 30, 39);
INSERT INTO BOOK(book_id, condition, state, edition_id, line_id) VALUES(969, 'DAMAGED', 'MISSING', 30, 58);
INSERT INTO BOOK(book_id, condition, state, edition_id, line_id) VALUES(970, 'PERFECT', 'IN_STOCK', 30, 62);
INSERT INTO BOOK(book_id, condition, state, edition_id, line_id) VALUES(971, 'UNUSABLE', 'IN_STOCK', 30, 46);
INSERT INTO BOOK(book_id, condition, state, edition_id, line_id) VALUES(972, 'PERFECT', 'IN_STOCK', 30, 143);
INSERT INTO BOOK(book_id, condition, state, edition_id, line_id) VALUES(973, 'PERFECT', 'REFURBISHMENT', 30, 265);
INSERT INTO BOOK(book_id, condition, state, edition_id, line_id) VALUES(974, 'PERFECT', 'IN_STOCK', 30, 18);
INSERT INTO BOOK(book_id, condition, state, edition_id, line_id) VALUES(975, 'DAMAGED', 'IN_STOCK', 30, 276);
INSERT INTO BOOK(book_id, condition, state, edition_id, line_id) VALUES(976, 'PERFECT', 'MISSING', 30, 161);
INSERT INTO BOOK(book_id, condition, state, edition_id, line_id) VALUES(977, 'PERFECT', 'IN_STOCK', 30, 360);
INSERT INTO BOOK(book_id, condition, state, edition_id, line_id) VALUES(978, 'PERFECT', 'REFURBISHMENT', 30, 10);
INSERT INTO BOOK(book_id, condition, state, edition_id, line_id) VALUES(979, 'WORN_OUT', 'IN_STOCK', 30, 12);
INSERT INTO BOOK(book_id, condition, state, edition_id, line_id) VALUES(980, 'WORN_OUT', 'REFURBISHMENT', 30, 71);
INSERT INTO BOOK(book_id, condition, state, edition_id, line_id) VALUES(981, 'UNUSABLE', 'REFURBISHMENT', 30, 240);
INSERT INTO BOOK(book_id, condition, state, edition_id, line_id) VALUES(982, 'DAMAGED', 'IN_STOCK', 30, 275);
INSERT INTO BOOK(book_id, condition, state, edition_id, line_id) VALUES(983, 'WORN_OUT', 'REFURBISHMENT', 30, 221);
INSERT INTO BOOK(book_id, condition, state, edition_id, line_id) VALUES(984, 'PERFECT', 'REFURBISHMENT', 30, 4);
INSERT INTO BOOK(book_id, condition, state, edition_id, line_id) VALUES(985, 'WORN_OUT', 'IN_STOCK', 30, 43);
INSERT INTO BOOK(book_id, condition, state, edition_id, line_id) VALUES(986, 'DAMAGED', 'IN_STOCK', 30, 320);
INSERT INTO BOOK(book_id, condition, state, edition_id, line_id) VALUES(987, 'PERFECT', 'REFURBISHMENT', 30, 330);
INSERT INTO BOOK(book_id, condition, state, edition_id, line_id) VALUES(988, 'UNUSABLE', 'IN_STOCK', 30, 258);
INSERT INTO BOOK(book_id, condition, state, edition_id, line_id) VALUES(989, 'PERFECT', 'IN_STOCK', 30, 319);
INSERT INTO BOOK(book_id, condition, state, edition_id, line_id) VALUES(990, 'PERFECT', 'IN_STOCK', 30, 93);
INSERT INTO BOOK(book_id, condition, state, edition_id, line_id) VALUES(991, 'PERFECT', 'IN_STOCK', 30, 202);
INSERT INTO BOOK(book_id, condition, state, edition_id, line_id) VALUES(992, 'PERFECT', 'IN_STOCK', 30, 348);
INSERT INTO BOOK(book_id, condition, state, edition_id, line_id) VALUES(993, 'PERFECT', 'IN_STOCK', 30, 25);
INSERT INTO BOOK(book_id, condition, state, edition_id, line_id) VALUES(994, 'UNUSABLE', 'IN_STOCK', 30, 105);
INSERT INTO BOOK(book_id, condition, state, edition_id, line_id) VALUES(995, 'WORN_OUT', 'IN_STOCK', 30, 75);
INSERT INTO BOOK(book_id, condition, state, edition_id, line_id) VALUES(996, 'WORN_OUT', 'IN_STOCK', 30, 20);
INSERT INTO BOOK(book_id, condition, state, edition_id, line_id) VALUES(997, 'UNUSABLE', 'IN_STOCK', 30, 334);
INSERT INTO BOOK(book_id, condition, state, edition_id, line_id) VALUES(998, 'UNUSABLE', 'IN_STOCK', 30, 229);
INSERT INTO BOOK(book_id, condition, state, edition_id, line_id) VALUES(999, 'UNUSABLE', 'IN_STOCK', 30, 298);
INSERT INTO BOOK(book_id, condition, state, edition_id, line_id) VALUES(1000, 'PERFECT', 'MISSING', 30, 164);
INSERT INTO BOOK(book_id, condition, state, edition_id, line_id) VALUES(1001, 'WORN_OUT', 'MISSING', 30, 199);
INSERT INTO BOOK(book_id, condition, state, edition_id, line_id) VALUES(1002, 'PERFECT', 'IN_STOCK', 30, 64);
INSERT INTO BOOK(book_id, condition, state, edition_id, line_id) VALUES(1003, 'PERFECT', 'IN_STOCK', 30, 208);
INSERT INTO BOOK(book_id, condition, state, edition_id, line_id) VALUES(1004, 'WORN_OUT', 'IN_STOCK', 31, 262);
INSERT INTO BOOK(book_id, condition, state, edition_id, line_id) VALUES(1005, 'WORN_OUT', 'IN_STOCK', 31, 74);
INSERT INTO BOOK(book_id, condition, state, edition_id, line_id) VALUES(1006, 'WORN_OUT', 'IN_STOCK', 31, 333);
INSERT INTO BOOK(book_id, condition, state, edition_id, line_id) VALUES(1007, 'WORN_OUT', 'IN_STOCK', 31, 224);
INSERT INTO BOOK(book_id, condition, state, edition_id, line_id) VALUES(1008, 'PERFECT', 'IN_STOCK', 31, 173);
INSERT INTO BOOK(book_id, condition, state, edition_id, line_id) VALUES(1009, 'DAMAGED', 'IN_STOCK', 31, 200);
INSERT INTO BOOK(book_id, condition, state, edition_id, line_id) VALUES(1010, 'PERFECT', 'IN_STOCK', 31, 23);
INSERT INTO BOOK(book_id, condition, state, edition_id, line_id) VALUES(1011, 'WORN_OUT', 'MISSING', 31, 74);
INSERT INTO BOOK(book_id, condition, state, edition_id, line_id) VALUES(1012, 'PERFECT', 'REFURBISHMENT', 31, 68);
INSERT INTO BOOK(book_id, condition, state, edition_id, line_id) VALUES(1013, 'WORN_OUT', 'IN_STOCK', 31, 158);
INSERT INTO BOOK(book_id, condition, state, edition_id, line_id) VALUES(1014, 'PERFECT', 'MISSING', 31, 274);
INSERT INTO BOOK(book_id, condition, state, edition_id, line_id) VALUES(1015, 'PERFECT', 'IN_STOCK', 31, 70);
INSERT INTO BOOK(book_id, condition, state, edition_id, line_id) VALUES(1016, 'PERFECT', 'IN_STOCK', 31, 46);
INSERT INTO BOOK(book_id, condition, state, edition_id, line_id) VALUES(1017, 'WORN_OUT', 'IN_STOCK', 31, 352);
INSERT INTO BOOK(book_id, condition, state, edition_id, line_id) VALUES(1018, 'PERFECT', 'IN_STOCK', 32, 280);
INSERT INTO BOOK(book_id, condition, state, edition_id, line_id) VALUES(1019, 'PERFECT', 'IN_STOCK', 32, 40);
INSERT INTO BOOK(book_id, condition, state, edition_id, line_id) VALUES(1020, 'PERFECT', 'REFURBISHMENT', 32, 266);
INSERT INTO BOOK(book_id, condition, state, edition_id, line_id) VALUES(1021, 'PERFECT', 'IN_STOCK', 32, 55);
INSERT INTO BOOK(book_id, condition, state, edition_id, line_id) VALUES(1022, 'WORN_OUT', 'IN_STOCK', 32, 348);
INSERT INTO BOOK(book_id, condition, state, edition_id, line_id) VALUES(1023, 'DAMAGED', 'IN_STOCK', 32, 20);
INSERT INTO BOOK(book_id, condition, state, edition_id, line_id) VALUES(1024, 'WORN_OUT', 'IN_STOCK', 32, 185);
INSERT INTO BOOK(book_id, condition, state, edition_id, line_id) VALUES(1025, 'PERFECT', 'IN_STOCK', 32, 141);
INSERT INTO BOOK(book_id, condition, state, edition_id, line_id) VALUES(1026, 'PERFECT', 'IN_STOCK', 32, 118);
INSERT INTO BOOK(book_id, condition, state, edition_id, line_id) VALUES(1027, 'DAMAGED', 'MISSING', 32, 310);
INSERT INTO BOOK(book_id, condition, state, edition_id, line_id) VALUES(1028, 'WORN_OUT', 'IN_STOCK', 32, 56);
INSERT INTO BOOK(book_id, condition, state, edition_id, line_id) VALUES(1029, 'PERFECT', 'IN_STOCK', 32, 268);
INSERT INTO BOOK(book_id, condition, state, edition_id, line_id) VALUES(1030, 'PERFECT', 'IN_STOCK', 32, 97);
INSERT INTO BOOK(book_id, condition, state, edition_id, line_id) VALUES(1031, 'DAMAGED', 'IN_STOCK', 32, 302);
INSERT INTO BOOK(book_id, condition, state, edition_id, line_id) VALUES(1032, 'PERFECT', 'IN_STOCK', 32, 101);
INSERT INTO BOOK(book_id, condition, state, edition_id, line_id) VALUES(1033, 'PERFECT', 'REFURBISHMENT', 32, 325);
INSERT INTO BOOK(book_id, condition, state, edition_id, line_id) VALUES(1034, 'PERFECT', 'IN_STOCK', 32, 74);
INSERT INTO BOOK(book_id, condition, state, edition_id, line_id) VALUES(1035, 'PERFECT', 'IN_STOCK', 32, 160);
INSERT INTO BOOK(book_id, condition, state, edition_id, line_id) VALUES(1036, 'PERFECT', 'IN_STOCK', 32, 205);
INSERT INTO BOOK(book_id, condition, state, edition_id, line_id) VALUES(1037, 'DAMAGED', 'MISSING', 32, 266);
INSERT INTO BOOK(book_id, condition, state, edition_id, line_id) VALUES(1038, 'DAMAGED', 'IN_STOCK', 32, 40);
INSERT INTO BOOK(book_id, condition, state, edition_id, line_id) VALUES(1039, 'PERFECT', 'IN_STOCK', 32, 39);
INSERT INTO BOOK(book_id, condition, state, edition_id, line_id) VALUES(1040, 'WORN_OUT', 'IN_STOCK', 32, 65);
INSERT INTO BOOK(book_id, condition, state, edition_id, line_id) VALUES(1041, 'WORN_OUT', 'MISSING', 32, 247);
INSERT INTO BOOK(book_id, condition, state, edition_id, line_id) VALUES(1042, 'PERFECT', 'IN_STOCK', 32, 237);
INSERT INTO BOOK(book_id, condition, state, edition_id, line_id) VALUES(1043, 'PERFECT', 'IN_STOCK', 32, 336);
INSERT INTO BOOK(book_id, condition, state, edition_id, line_id) VALUES(1044, 'DAMAGED', 'IN_STOCK', 32, 189);
INSERT INTO BOOK(book_id, condition, state, edition_id, line_id) VALUES(1045, 'PERFECT', 'IN_STOCK', 32, 311);
INSERT INTO BOOK(book_id, condition, state, edition_id, line_id) VALUES(1046, 'WORN_OUT', 'REFURBISHMENT', 32, 150);
INSERT INTO BOOK(book_id, condition, state, edition_id, line_id) VALUES(1047, 'WORN_OUT', 'REFURBISHMENT', 32, 317);
INSERT INTO BOOK(book_id, condition, state, edition_id, line_id) VALUES(1048, 'WORN_OUT', 'REFURBISHMENT', 32, 280);
INSERT INTO BOOK(book_id, condition, state, edition_id, line_id) VALUES(1049, 'WORN_OUT', 'IN_STOCK', 32, 113);
INSERT INTO BOOK(book_id, condition, state, edition_id, line_id) VALUES(1050, 'PERFECT', 'REFURBISHMENT', 32, 204);
INSERT INTO BOOK(book_id, condition, state, edition_id, line_id) VALUES(1051, 'UNUSABLE', 'IN_STOCK', 32, 346);
INSERT INTO BOOK(book_id, condition, state, edition_id, line_id) VALUES(1052, 'WORN_OUT', 'REFURBISHMENT', 32, 304);
INSERT INTO BOOK(book_id, condition, state, edition_id, line_id) VALUES(1053, 'UNUSABLE', 'MISSING', 32, 0);
INSERT INTO BOOK(book_id, condition, state, edition_id, line_id) VALUES(1054, 'DAMAGED', 'MISSING', 32, 353);
INSERT INTO BOOK(book_id, condition, state, edition_id, line_id) VALUES(1055, 'DAMAGED', 'IN_STOCK', 32, 252);
INSERT INTO BOOK(book_id, condition, state, edition_id, line_id) VALUES(1056, 'PERFECT', 'IN_STOCK', 32, 45);
INSERT INTO BOOK(book_id, condition, state, edition_id, line_id) VALUES(1057, 'WORN_OUT', 'IN_STOCK', 32, 37);
INSERT INTO BOOK(book_id, condition, state, edition_id, line_id) VALUES(1058, 'WORN_OUT', 'IN_STOCK', 32, 333);
INSERT INTO BOOK(book_id, condition, state, edition_id, line_id) VALUES(1059, 'WORN_OUT', 'IN_STOCK', 32, 142);
INSERT INTO BOOK(book_id, condition, state, edition_id, line_id) VALUES(1060, 'DAMAGED', 'IN_STOCK', 32, 151);
INSERT INTO BOOK(book_id, condition, state, edition_id, line_id) VALUES(1061, 'PERFECT', 'MISSING', 32, 234);
INSERT INTO BOOK(book_id, condition, state, edition_id, line_id) VALUES(1062, 'PERFECT', 'MISSING', 32, 297);
INSERT INTO BOOK(book_id, condition, state, edition_id, line_id) VALUES(1063, 'UNUSABLE', 'IN_STOCK', 32, 68);
INSERT INTO BOOK(book_id, condition, state, edition_id, line_id) VALUES(1064, 'UNUSABLE', 'IN_STOCK', 32, 352);
INSERT INTO BOOK(book_id, condition, state, edition_id, line_id) VALUES(1065, 'PERFECT', 'IN_STOCK', 32, 23);
INSERT INTO BOOK(book_id, condition, state, edition_id, line_id) VALUES(1066, 'PERFECT', 'REFURBISHMENT', 32, 342);
INSERT INTO BOOK(book_id, condition, state, edition_id, line_id) VALUES(1067, 'DAMAGED', 'IN_STOCK', 32, 218);
INSERT INTO BOOK(book_id, condition, state, edition_id, line_id) VALUES(1068, 'WORN_OUT', 'IN_STOCK', 32, 116);
INSERT INTO BOOK(book_id, condition, state, edition_id, line_id) VALUES(1069, 'UNUSABLE', 'IN_STOCK', 32, 211);
INSERT INTO BOOK(book_id, condition, state, edition_id, line_id) VALUES(1070, 'UNUSABLE', 'REFURBISHMENT', 33, 89);
INSERT INTO BOOK(book_id, condition, state, edition_id, line_id) VALUES(1071, 'PERFECT', 'IN_STOCK', 33, 209);
INSERT INTO BOOK(book_id, condition, state, edition_id, line_id) VALUES(1072, 'PERFECT', 'IN_STOCK', 33, 195);
INSERT INTO BOOK(book_id, condition, state, edition_id, line_id) VALUES(1073, 'PERFECT', 'IN_STOCK', 33, 237);
INSERT INTO BOOK(book_id, condition, state, edition_id, line_id) VALUES(1074, 'PERFECT', 'IN_STOCK', 33, 137);
INSERT INTO BOOK(book_id, condition, state, edition_id, line_id) VALUES(1075, 'PERFECT', 'IN_STOCK', 33, 272);
INSERT INTO BOOK(book_id, condition, state, edition_id, line_id) VALUES(1076, 'UNUSABLE', 'IN_STOCK', 33, 251);
INSERT INTO BOOK(book_id, condition, state, edition_id, line_id) VALUES(1077, 'PERFECT', 'REFURBISHMENT', 33, 229);
INSERT INTO BOOK(book_id, condition, state, edition_id, line_id) VALUES(1078, 'PERFECT', 'IN_STOCK', 33, 339);
INSERT INTO BOOK(book_id, condition, state, edition_id, line_id) VALUES(1079, 'WORN_OUT', 'IN_STOCK', 33, 15);
INSERT INTO BOOK(book_id, condition, state, edition_id, line_id) VALUES(1080, 'PERFECT', 'IN_STOCK', 33, 201);
INSERT INTO BOOK(book_id, condition, state, edition_id, line_id) VALUES(1081, 'WORN_OUT', 'IN_STOCK', 33, 142);
INSERT INTO BOOK(book_id, condition, state, edition_id, line_id) VALUES(1082, 'DAMAGED', 'MISSING', 33, 62);
INSERT INTO BOOK(book_id, condition, state, edition_id, line_id) VALUES(1083, 'PERFECT', 'IN_STOCK', 33, 210);
INSERT INTO BOOK(book_id, condition, state, edition_id, line_id) VALUES(1084, 'PERFECT', 'IN_STOCK', 33, 282);
INSERT INTO BOOK(book_id, condition, state, edition_id, line_id) VALUES(1085, 'PERFECT', 'IN_STOCK', 33, 332);
INSERT INTO BOOK(book_id, condition, state, edition_id, line_id) VALUES(1086, 'WORN_OUT', 'IN_STOCK', 33, 209);
INSERT INTO BOOK(book_id, condition, state, edition_id, line_id) VALUES(1087, 'PERFECT', 'IN_STOCK', 33, 192);
INSERT INTO BOOK(book_id, condition, state, edition_id, line_id) VALUES(1088, 'PERFECT', 'IN_STOCK', 33, 214);
INSERT INTO BOOK(book_id, condition, state, edition_id, line_id) VALUES(1089, 'UNUSABLE', 'IN_STOCK', 33, 159);
INSERT INTO BOOK(book_id, condition, state, edition_id, line_id) VALUES(1090, 'UNUSABLE', 'IN_STOCK', 33, 220);
INSERT INTO BOOK(book_id, condition, state, edition_id, line_id) VALUES(1091, 'PERFECT', 'IN_STOCK', 33, 282);
INSERT INTO BOOK(book_id, condition, state, edition_id, line_id) VALUES(1092, 'PERFECT', 'REFURBISHMENT', 33, 286);
INSERT INTO BOOK(book_id, condition, state, edition_id, line_id) VALUES(1093, 'PERFECT', 'IN_STOCK', 33, 65);
INSERT INTO BOOK(book_id, condition, state, edition_id, line_id) VALUES(1094, 'WORN_OUT', 'REFURBISHMENT', 33, 74);
INSERT INTO BOOK(book_id, condition, state, edition_id, line_id) VALUES(1095, 'WORN_OUT', 'IN_STOCK', 33, 211);
INSERT INTO BOOK(book_id, condition, state, edition_id, line_id) VALUES(1096, 'PERFECT', 'IN_STOCK', 33, 127);
INSERT INTO BOOK(book_id, condition, state, edition_id, line_id) VALUES(1097, 'PERFECT', 'IN_STOCK', 33, 61);
INSERT INTO BOOK(book_id, condition, state, edition_id, line_id) VALUES(1098, 'PERFECT', 'IN_STOCK', 33, 90);
INSERT INTO BOOK(book_id, condition, state, edition_id, line_id) VALUES(1099, 'UNUSABLE', 'IN_STOCK', 33, 272);
INSERT INTO BOOK(book_id, condition, state, edition_id, line_id) VALUES(1100, 'PERFECT', 'MISSING', 33, 138);
INSERT INTO BOOK(book_id, condition, state, edition_id, line_id) VALUES(1101, 'PERFECT', 'IN_STOCK', 33, 87);
INSERT INTO BOOK(book_id, condition, state, edition_id, line_id) VALUES(1102, 'PERFECT', 'MISSING', 33, 112);
INSERT INTO BOOK(book_id, condition, state, edition_id, line_id) VALUES(1103, 'PERFECT', 'MISSING', 33, 206);
INSERT INTO BOOK(book_id, condition, state, edition_id, line_id) VALUES(1104, 'PERFECT', 'REFURBISHMENT', 33, 240);
INSERT INTO BOOK(book_id, condition, state, edition_id, line_id) VALUES(1105, 'WORN_OUT', 'IN_STOCK', 33, 237);
INSERT INTO BOOK(book_id, condition, state, edition_id, line_id) VALUES(1106, 'PERFECT', 'IN_STOCK', 33, 296);
INSERT INTO BOOK(book_id, condition, state, edition_id, line_id) VALUES(1107, 'PERFECT', 'REFURBISHMENT', 33, 248);
INSERT INTO BOOK(book_id, condition, state, edition_id, line_id) VALUES(1108, 'WORN_OUT', 'REFURBISHMENT', 33, 292);
INSERT INTO BOOK(book_id, condition, state, edition_id, line_id) VALUES(1109, 'PERFECT', 'MISSING', 33, 238);
INSERT INTO BOOK(book_id, condition, state, edition_id, line_id) VALUES(1110, 'PERFECT', 'IN_STOCK', 33, 273);
INSERT INTO BOOK(book_id, condition, state, edition_id, line_id) VALUES(1111, 'PERFECT', 'MISSING', 33, 210);
INSERT INTO BOOK(book_id, condition, state, edition_id, line_id) VALUES(1112, 'UNUSABLE', 'IN_STOCK', 33, 72);
INSERT INTO BOOK(book_id, condition, state, edition_id, line_id) VALUES(1113, 'PERFECT', 'IN_STOCK', 33, 313);
INSERT INTO BOOK(book_id, condition, state, edition_id, line_id) VALUES(1114, 'PERFECT', 'IN_STOCK', 33, 295);
INSERT INTO BOOK(book_id, condition, state, edition_id, line_id) VALUES(1115, 'PERFECT', 'IN_STOCK', 33, 140);
INSERT INTO BOOK(book_id, condition, state, edition_id, line_id) VALUES(1116, 'PERFECT', 'MISSING', 33, 322);
INSERT INTO BOOK(book_id, condition, state, edition_id, line_id) VALUES(1117, 'PERFECT', 'IN_STOCK', 33, 212);
INSERT INTO BOOK(book_id, condition, state, edition_id, line_id) VALUES(1118, 'UNUSABLE', 'IN_STOCK', 33, 133);
INSERT INTO BOOK(book_id, condition, state, edition_id, line_id) VALUES(1119, 'PERFECT', 'IN_STOCK', 33, 121);
INSERT INTO BOOK(book_id, condition, state, edition_id, line_id) VALUES(1120, 'DAMAGED', 'IN_STOCK', 33, 272);
INSERT INTO BOOK(book_id, condition, state, edition_id, line_id) VALUES(1121, 'WORN_OUT', 'REFURBISHMENT', 33, 308);
INSERT INTO BOOK(book_id, condition, state, edition_id, line_id) VALUES(1122, 'WORN_OUT', 'REFURBISHMENT', 33, 96);
INSERT INTO BOOK(book_id, condition, state, edition_id, line_id) VALUES(1123, 'WORN_OUT', 'IN_STOCK', 34, 12);
INSERT INTO BOOK(book_id, condition, state, edition_id, line_id) VALUES(1124, 'PERFECT', 'MISSING', 34, 331);
INSERT INTO BOOK(book_id, condition, state, edition_id, line_id) VALUES(1125, 'UNUSABLE', 'IN_STOCK', 34, 326);
INSERT INTO BOOK(book_id, condition, state, edition_id, line_id) VALUES(1126, 'PERFECT', 'REFURBISHMENT', 34, 238);
INSERT INTO BOOK(book_id, condition, state, edition_id, line_id) VALUES(1127, 'WORN_OUT', 'MISSING', 34, 115);
INSERT INTO BOOK(book_id, condition, state, edition_id, line_id) VALUES(1128, 'PERFECT', 'REFURBISHMENT', 34, 232);
INSERT INTO BOOK(book_id, condition, state, edition_id, line_id) VALUES(1129, 'PERFECT', 'REFURBISHMENT', 34, 302);
INSERT INTO BOOK(book_id, condition, state, edition_id, line_id) VALUES(1130, 'PERFECT', 'IN_STOCK', 34, 45);
INSERT INTO BOOK(book_id, condition, state, edition_id, line_id) VALUES(1131, 'PERFECT', 'IN_STOCK', 34, 4);
INSERT INTO BOOK(book_id, condition, state, edition_id, line_id) VALUES(1132, 'PERFECT', 'REFURBISHMENT', 34, 1);
INSERT INTO BOOK(book_id, condition, state, edition_id, line_id) VALUES(1133, 'PERFECT', 'IN_STOCK', 34, 166);
INSERT INTO BOOK(book_id, condition, state, edition_id, line_id) VALUES(1134, 'WORN_OUT', 'IN_STOCK', 34, 29);
INSERT INTO BOOK(book_id, condition, state, edition_id, line_id) VALUES(1135, 'PERFECT', 'IN_STOCK', 34, 243);
INSERT INTO BOOK(book_id, condition, state, edition_id, line_id) VALUES(1136, 'WORN_OUT', 'IN_STOCK', 34, 167);
INSERT INTO BOOK(book_id, condition, state, edition_id, line_id) VALUES(1137, 'UNUSABLE', 'IN_STOCK', 34, 329);
INSERT INTO BOOK(book_id, condition, state, edition_id, line_id) VALUES(1138, 'WORN_OUT', 'REFURBISHMENT', 34, 67);
INSERT INTO BOOK(book_id, condition, state, edition_id, line_id) VALUES(1139, 'WORN_OUT', 'IN_STOCK', 34, 362);
INSERT INTO BOOK(book_id, condition, state, edition_id, line_id) VALUES(1140, 'PERFECT', 'REFURBISHMENT', 34, 0);
INSERT INTO BOOK(book_id, condition, state, edition_id, line_id) VALUES(1141, 'UNUSABLE', 'IN_STOCK', 34, 138);
INSERT INTO BOOK(book_id, condition, state, edition_id, line_id) VALUES(1142, 'PERFECT', 'REFURBISHMENT', 34, 3);
INSERT INTO BOOK(book_id, condition, state, edition_id, line_id) VALUES(1143, 'UNUSABLE', 'IN_STOCK', 34, 56);
INSERT INTO BOOK(book_id, condition, state, edition_id, line_id) VALUES(1144, 'PERFECT', 'IN_STOCK', 34, 343);
INSERT INTO BOOK(book_id, condition, state, edition_id, line_id) VALUES(1145, 'PERFECT', 'IN_STOCK', 34, 281);
INSERT INTO BOOK(book_id, condition, state, edition_id, line_id) VALUES(1146, 'PERFECT', 'IN_STOCK', 34, 229);
INSERT INTO BOOK(book_id, condition, state, edition_id, line_id) VALUES(1147, 'PERFECT', 'IN_STOCK', 34, 176);
INSERT INTO BOOK(book_id, condition, state, edition_id, line_id) VALUES(1148, 'WORN_OUT', 'IN_STOCK', 34, 350);
INSERT INTO BOOK(book_id, condition, state, edition_id, line_id) VALUES(1149, 'DAMAGED', 'IN_STOCK', 34, 149);
INSERT INTO BOOK(book_id, condition, state, edition_id, line_id) VALUES(1150, 'DAMAGED', 'IN_STOCK', 34, 274);
INSERT INTO BOOK(book_id, condition, state, edition_id, line_id) VALUES(1151, 'DAMAGED', 'IN_STOCK', 34, 298);
INSERT INTO BOOK(book_id, condition, state, edition_id, line_id) VALUES(1152, 'PERFECT', 'IN_STOCK', 34, 210);
INSERT INTO BOOK(book_id, condition, state, edition_id, line_id) VALUES(1153, 'PERFECT', 'REFURBISHMENT', 34, 78);
INSERT INTO BOOK(book_id, condition, state, edition_id, line_id) VALUES(1154, 'PERFECT', 'IN_STOCK', 34, 197);
INSERT INTO BOOK(book_id, condition, state, edition_id, line_id) VALUES(1155, 'WORN_OUT', 'MISSING', 34, 328);
INSERT INTO BOOK(book_id, condition, state, edition_id, line_id) VALUES(1156, 'WORN_OUT', 'IN_STOCK', 34, 247);
INSERT INTO BOOK(book_id, condition, state, edition_id, line_id) VALUES(1157, 'UNUSABLE', 'MISSING', 34, 235);
INSERT INTO BOOK(book_id, condition, state, edition_id, line_id) VALUES(1158, 'PERFECT', 'IN_STOCK', 34, 293);
INSERT INTO BOOK(book_id, condition, state, edition_id, line_id) VALUES(1159, 'WORN_OUT', 'IN_STOCK', 34, 252);
INSERT INTO BOOK(book_id, condition, state, edition_id, line_id) VALUES(1160, 'PERFECT', 'IN_STOCK', 34, 277);
INSERT INTO BOOK(book_id, condition, state, edition_id, line_id) VALUES(1161, 'DAMAGED', 'IN_STOCK', 34, 54);
INSERT INTO BOOK(book_id, condition, state, edition_id, line_id) VALUES(1162, 'UNUSABLE', 'REFURBISHMENT', 34, 345);
INSERT INTO BOOK(book_id, condition, state, edition_id, line_id) VALUES(1163, 'PERFECT', 'IN_STOCK', 34, 336);
INSERT INTO BOOK(book_id, condition, state, edition_id, line_id) VALUES(1164, 'DAMAGED', 'IN_STOCK', 34, 247);
INSERT INTO BOOK(book_id, condition, state, edition_id, line_id) VALUES(1165, 'PERFECT', 'REFURBISHMENT', 35, 312);
INSERT INTO BOOK(book_id, condition, state, edition_id, line_id) VALUES(1166, 'PERFECT', 'IN_STOCK', 35, 359);
INSERT INTO BOOK(book_id, condition, state, edition_id, line_id) VALUES(1167, 'UNUSABLE', 'IN_STOCK', 35, 207);
INSERT INTO BOOK(book_id, condition, state, edition_id, line_id) VALUES(1168, 'PERFECT', 'REFURBISHMENT', 35, 35);
INSERT INTO BOOK(book_id, condition, state, edition_id, line_id) VALUES(1169, 'PERFECT', 'IN_STOCK', 35, 159);
INSERT INTO BOOK(book_id, condition, state, edition_id, line_id) VALUES(1170, 'PERFECT', 'IN_STOCK', 35, 328);
INSERT INTO BOOK(book_id, condition, state, edition_id, line_id) VALUES(1171, 'PERFECT', 'REFURBISHMENT', 35, 187);
INSERT INTO BOOK(book_id, condition, state, edition_id, line_id) VALUES(1172, 'PERFECT', 'IN_STOCK', 35, 170);
INSERT INTO BOOK(book_id, condition, state, edition_id, line_id) VALUES(1173, 'DAMAGED', 'MISSING', 35, 117);
INSERT INTO BOOK(book_id, condition, state, edition_id, line_id) VALUES(1174, 'PERFECT', 'IN_STOCK', 35, 181);
INSERT INTO BOOK(book_id, condition, state, edition_id, line_id) VALUES(1175, 'DAMAGED', 'IN_STOCK', 35, 248);
INSERT INTO BOOK(book_id, condition, state, edition_id, line_id) VALUES(1176, 'PERFECT', 'IN_STOCK', 35, 125);
INSERT INTO BOOK(book_id, condition, state, edition_id, line_id) VALUES(1177, 'PERFECT', 'MISSING', 35, 82);
INSERT INTO BOOK(book_id, condition, state, edition_id, line_id) VALUES(1178, 'PERFECT', 'REFURBISHMENT', 35, 94);
INSERT INTO BOOK(book_id, condition, state, edition_id, line_id) VALUES(1179, 'PERFECT', 'IN_STOCK', 35, 344);
INSERT INTO BOOK(book_id, condition, state, edition_id, line_id) VALUES(1180, 'WORN_OUT', 'IN_STOCK', 35, 89);
INSERT INTO BOOK(book_id, condition, state, edition_id, line_id) VALUES(1181, 'PERFECT', 'IN_STOCK', 35, 46);
INSERT INTO BOOK(book_id, condition, state, edition_id, line_id) VALUES(1182, 'PERFECT', 'IN_STOCK', 35, 354);
INSERT INTO BOOK(book_id, condition, state, edition_id, line_id) VALUES(1183, 'PERFECT', 'IN_STOCK', 35, 105);
INSERT INTO BOOK(book_id, condition, state, edition_id, line_id) VALUES(1184, 'UNUSABLE', 'IN_STOCK', 35, 57);
INSERT INTO BOOK(book_id, condition, state, edition_id, line_id) VALUES(1185, 'WORN_OUT', 'IN_STOCK', 35, 144);
INSERT INTO BOOK(book_id, condition, state, edition_id, line_id) VALUES(1186, 'PERFECT', 'IN_STOCK', 35, 239);
INSERT INTO BOOK(book_id, condition, state, edition_id, line_id) VALUES(1187, 'PERFECT', 'IN_STOCK', 35, 113);
INSERT INTO BOOK(book_id, condition, state, edition_id, line_id) VALUES(1188, 'PERFECT', 'MISSING', 35, 4);
INSERT INTO BOOK(book_id, condition, state, edition_id, line_id) VALUES(1189, 'WORN_OUT', 'MISSING', 35, 354);
INSERT INTO BOOK(book_id, condition, state, edition_id, line_id) VALUES(1190, 'WORN_OUT', 'MISSING', 35, 24);
INSERT INTO BOOK(book_id, condition, state, edition_id, line_id) VALUES(1191, 'PERFECT', 'IN_STOCK', 35, 196);
INSERT INTO BOOK(book_id, condition, state, edition_id, line_id) VALUES(1192, 'PERFECT', 'IN_STOCK', 35, 305);
INSERT INTO BOOK(book_id, condition, state, edition_id, line_id) VALUES(1193, 'PERFECT', 'IN_STOCK', 35, 324);
INSERT INTO BOOK(book_id, condition, state, edition_id, line_id) VALUES(1194, 'PERFECT', 'IN_STOCK', 35, 298);
INSERT INTO BOOK(book_id, condition, state, edition_id, line_id) VALUES(1195, 'WORN_OUT', 'IN_STOCK', 35, 360);
INSERT INTO BOOK(book_id, condition, state, edition_id, line_id) VALUES(1196, 'DAMAGED', 'MISSING', 35, 96);
INSERT INTO BOOK(book_id, condition, state, edition_id, line_id) VALUES(1197, 'PERFECT', 'MISSING', 35, 266);
INSERT INTO BOOK(book_id, condition, state, edition_id, line_id) VALUES(1198, 'DAMAGED', 'IN_STOCK', 35, 44);
INSERT INTO BOOK(book_id, condition, state, edition_id, line_id) VALUES(1199, 'DAMAGED', 'IN_STOCK', 35, 264);
INSERT INTO BOOK(book_id, condition, state, edition_id, line_id) VALUES(1200, 'PERFECT', 'REFURBISHMENT', 35, 197);
INSERT INTO BOOK(book_id, condition, state, edition_id, line_id) VALUES(1201, 'WORN_OUT', 'REFURBISHMENT', 35, 181);
INSERT INTO BOOK(book_id, condition, state, edition_id, line_id) VALUES(1202, 'UNUSABLE', 'IN_STOCK', 35, 117);
INSERT INTO BOOK(book_id, condition, state, edition_id, line_id) VALUES(1203, 'PERFECT', 'IN_STOCK', 35, 195);
INSERT INTO BOOK(book_id, condition, state, edition_id, line_id) VALUES(1204, 'WORN_OUT', 'MISSING', 35, 348);
INSERT INTO BOOK(book_id, condition, state, edition_id, line_id) VALUES(1205, 'DAMAGED', 'IN_STOCK', 35, 222);
INSERT INTO BOOK(book_id, condition, state, edition_id, line_id) VALUES(1206, 'DAMAGED', 'IN_STOCK', 35, 242);
INSERT INTO BOOK(book_id, condition, state, edition_id, line_id) VALUES(1207, 'WORN_OUT', 'IN_STOCK', 35, 89);
INSERT INTO BOOK(book_id, condition, state, edition_id, line_id) VALUES(1208, 'PERFECT', 'MISSING', 35, 234);
INSERT INTO BOOK(book_id, condition, state, edition_id, line_id) VALUES(1209, 'PERFECT', 'IN_STOCK', 35, 75);
INSERT INTO BOOK(book_id, condition, state, edition_id, line_id) VALUES(1210, 'PERFECT', 'MISSING', 35, 157);
INSERT INTO BOOK(book_id, condition, state, edition_id, line_id) VALUES(1211, 'PERFECT', 'IN_STOCK', 36, 325);
INSERT INTO BOOK(book_id, condition, state, edition_id, line_id) VALUES(1212, 'WORN_OUT', 'IN_STOCK', 36, 316);
INSERT INTO BOOK(book_id, condition, state, edition_id, line_id) VALUES(1213, 'WORN_OUT', 'REFURBISHMENT', 36, 139);
INSERT INTO BOOK(book_id, condition, state, edition_id, line_id) VALUES(1214, 'WORN_OUT', 'IN_STOCK', 36, 85);
INSERT INTO BOOK(book_id, condition, state, edition_id, line_id) VALUES(1215, 'PERFECT', 'IN_STOCK', 36, 142);
INSERT INTO BOOK(book_id, condition, state, edition_id, line_id) VALUES(1216, 'PERFECT', 'IN_STOCK', 36, 223);
INSERT INTO BOOK(book_id, condition, state, edition_id, line_id) VALUES(1217, 'PERFECT', 'IN_STOCK', 36, 237);
INSERT INTO BOOK(book_id, condition, state, edition_id, line_id) VALUES(1218, 'PERFECT', 'REFURBISHMENT', 36, 14);
INSERT INTO BOOK(book_id, condition, state, edition_id, line_id) VALUES(1219, 'PERFECT', 'MISSING', 36, 237);
INSERT INTO BOOK(book_id, condition, state, edition_id, line_id) VALUES(1220, 'WORN_OUT', 'MISSING', 36, 304);
INSERT INTO BOOK(book_id, condition, state, edition_id, line_id) VALUES(1221, 'PERFECT', 'REFURBISHMENT', 36, 218);
INSERT INTO BOOK(book_id, condition, state, edition_id, line_id) VALUES(1222, 'PERFECT', 'REFURBISHMENT', 36, 36);
INSERT INTO BOOK(book_id, condition, state, edition_id, line_id) VALUES(1223, 'DAMAGED', 'IN_STOCK', 36, 15);
INSERT INTO BOOK(book_id, condition, state, edition_id, line_id) VALUES(1224, 'PERFECT', 'IN_STOCK', 36, 137);
INSERT INTO BOOK(book_id, condition, state, edition_id, line_id) VALUES(1225, 'PERFECT', 'REFURBISHMENT', 36, 9);
INSERT INTO BOOK(book_id, condition, state, edition_id, line_id) VALUES(1226, 'PERFECT', 'IN_STOCK', 36, 230);
INSERT INTO BOOK(book_id, condition, state, edition_id, line_id) VALUES(1227, 'UNUSABLE', 'IN_STOCK', 36, 302);
INSERT INTO BOOK(book_id, condition, state, edition_id, line_id) VALUES(1228, 'UNUSABLE', 'IN_STOCK', 36, 257);
INSERT INTO BOOK(book_id, condition, state, edition_id, line_id) VALUES(1229, 'PERFECT', 'REFURBISHMENT', 36, 117);
INSERT INTO BOOK(book_id, condition, state, edition_id, line_id) VALUES(1230, 'PERFECT', 'IN_STOCK', 36, 99);
INSERT INTO BOOK(book_id, condition, state, edition_id, line_id) VALUES(1231, 'DAMAGED', 'IN_STOCK', 36, 353);
INSERT INTO BOOK(book_id, condition, state, edition_id, line_id) VALUES(1232, 'PERFECT', 'IN_STOCK', 36, 5);
INSERT INTO BOOK(book_id, condition, state, edition_id, line_id) VALUES(1233, 'PERFECT', 'IN_STOCK', 36, 1);
INSERT INTO BOOK(book_id, condition, state, edition_id, line_id) VALUES(1234, 'PERFECT', 'IN_STOCK', 36, 54);
INSERT INTO BOOK(book_id, condition, state, edition_id, line_id) VALUES(1235, 'PERFECT', 'IN_STOCK', 36, 308);
INSERT INTO BOOK(book_id, condition, state, edition_id, line_id) VALUES(1236, 'PERFECT', 'MISSING', 36, 231);
INSERT INTO BOOK(book_id, condition, state, edition_id, line_id) VALUES(1237, 'PERFECT', 'IN_STOCK', 36, 11);
INSERT INTO BOOK(book_id, condition, state, edition_id, line_id) VALUES(1238, 'WORN_OUT', 'REFURBISHMENT', 36, 137);
INSERT INTO BOOK(book_id, condition, state, edition_id, line_id) VALUES(1239, 'WORN_OUT', 'IN_STOCK', 36, 156);
INSERT INTO BOOK(book_id, condition, state, edition_id, line_id) VALUES(1240, 'WORN_OUT', 'REFURBISHMENT', 36, 218);
INSERT INTO BOOK(book_id, condition, state, edition_id, line_id) VALUES(1241, 'WORN_OUT', 'MISSING', 36, 163);
INSERT INTO BOOK(book_id, condition, state, edition_id, line_id) VALUES(1242, 'PERFECT', 'MISSING', 36, 262);
INSERT INTO BOOK(book_id, condition, state, edition_id, line_id) VALUES(1243, 'WORN_OUT', 'IN_STOCK', 36, 244);
INSERT INTO BOOK(book_id, condition, state, edition_id, line_id) VALUES(1244, 'PERFECT', 'MISSING', 36, 309);
INSERT INTO BOOK(book_id, condition, state, edition_id, line_id) VALUES(1245, 'PERFECT', 'IN_STOCK', 36, 242);
INSERT INTO BOOK(book_id, condition, state, edition_id, line_id) VALUES(1246, 'PERFECT', 'MISSING', 36, 251);
INSERT INTO BOOK(book_id, condition, state, edition_id, line_id) VALUES(1247, 'PERFECT', 'IN_STOCK', 37, 115);
INSERT INTO BOOK(book_id, condition, state, edition_id, line_id) VALUES(1248, 'PERFECT', 'IN_STOCK', 37, 18);
INSERT INTO BOOK(book_id, condition, state, edition_id, line_id) VALUES(1249, 'UNUSABLE', 'IN_STOCK', 37, 285);
INSERT INTO BOOK(book_id, condition, state, edition_id, line_id) VALUES(1250, 'UNUSABLE', 'IN_STOCK', 37, 121);
INSERT INTO BOOK(book_id, condition, state, edition_id, line_id) VALUES(1251, 'PERFECT', 'IN_STOCK', 37, 163);
INSERT INTO BOOK(book_id, condition, state, edition_id, line_id) VALUES(1252, 'DAMAGED', 'REFURBISHMENT', 37, 360);
INSERT INTO BOOK(book_id, condition, state, edition_id, line_id) VALUES(1253, 'PERFECT', 'IN_STOCK', 37, 262);
INSERT INTO BOOK(book_id, condition, state, edition_id, line_id) VALUES(1254, 'WORN_OUT', 'IN_STOCK', 37, 155);
INSERT INTO BOOK(book_id, condition, state, edition_id, line_id) VALUES(1255, 'PERFECT', 'IN_STOCK', 37, 213);
INSERT INTO BOOK(book_id, condition, state, edition_id, line_id) VALUES(1256, 'PERFECT', 'MISSING', 38, 218);
INSERT INTO BOOK(book_id, condition, state, edition_id, line_id) VALUES(1257, 'WORN_OUT', 'IN_STOCK', 38, 131);
INSERT INTO BOOK(book_id, condition, state, edition_id, line_id) VALUES(1258, 'WORN_OUT', 'IN_STOCK', 38, 102);
INSERT INTO BOOK(book_id, condition, state, edition_id, line_id) VALUES(1259, 'PERFECT', 'IN_STOCK', 38, 205);
INSERT INTO BOOK(book_id, condition, state, edition_id, line_id) VALUES(1260, 'DAMAGED', 'REFURBISHMENT', 38, 140);
INSERT INTO BOOK(book_id, condition, state, edition_id, line_id) VALUES(1261, 'WORN_OUT', 'REFURBISHMENT', 38, 342);
INSERT INTO BOOK(book_id, condition, state, edition_id, line_id) VALUES(1262, 'WORN_OUT', 'IN_STOCK', 38, 107);
INSERT INTO BOOK(book_id, condition, state, edition_id, line_id) VALUES(1263, 'PERFECT', 'IN_STOCK', 38, 105);
INSERT INTO BOOK(book_id, condition, state, edition_id, line_id) VALUES(1264, 'DAMAGED', 'MISSING', 38, 345);
INSERT INTO BOOK(book_id, condition, state, edition_id, line_id) VALUES(1265, 'UNUSABLE', 'REFURBISHMENT', 38, 74);
INSERT INTO BOOK(book_id, condition, state, edition_id, line_id) VALUES(1266, 'PERFECT', 'MISSING', 38, 347);
INSERT INTO BOOK(book_id, condition, state, edition_id, line_id) VALUES(1267, 'PERFECT', 'IN_STOCK', 38, 248);
INSERT INTO BOOK(book_id, condition, state, edition_id, line_id) VALUES(1268, 'PERFECT', 'REFURBISHMENT', 38, 224);
INSERT INTO BOOK(book_id, condition, state, edition_id, line_id) VALUES(1269, 'PERFECT', 'IN_STOCK', 38, 3);
INSERT INTO BOOK(book_id, condition, state, edition_id, line_id) VALUES(1270, 'PERFECT', 'IN_STOCK', 38, 23);
INSERT INTO BOOK(book_id, condition, state, edition_id, line_id) VALUES(1271, 'WORN_OUT', 'MISSING', 38, 308);
INSERT INTO BOOK(book_id, condition, state, edition_id, line_id) VALUES(1272, 'PERFECT', 'MISSING', 38, 90);
INSERT INTO BOOK(book_id, condition, state, edition_id, line_id) VALUES(1273, 'PERFECT', 'IN_STOCK', 38, 328);
INSERT INTO BOOK(book_id, condition, state, edition_id, line_id) VALUES(1274, 'PERFECT', 'IN_STOCK', 38, 240);
INSERT INTO BOOK(book_id, condition, state, edition_id, line_id) VALUES(1275, 'DAMAGED', 'IN_STOCK', 38, 213);
INSERT INTO BOOK(book_id, condition, state, edition_id, line_id) VALUES(1276, 'PERFECT', 'IN_STOCK', 38, 59);
INSERT INTO BOOK(book_id, condition, state, edition_id, line_id) VALUES(1277, 'UNUSABLE', 'IN_STOCK', 39, 117);
INSERT INTO BOOK(book_id, condition, state, edition_id, line_id) VALUES(1278, 'PERFECT', 'IN_STOCK', 39, 84);
INSERT INTO BOOK(book_id, condition, state, edition_id, line_id) VALUES(1279, 'DAMAGED', 'IN_STOCK', 39, 133);
INSERT INTO BOOK(book_id, condition, state, edition_id, line_id) VALUES(1280, 'PERFECT', 'REFURBISHMENT', 39, 35);
INSERT INTO BOOK(book_id, condition, state, edition_id, line_id) VALUES(1281, 'PERFECT', 'IN_STOCK', 39, 65);
INSERT INTO BOOK(book_id, condition, state, edition_id, line_id) VALUES(1282, 'DAMAGED', 'REFURBISHMENT', 39, 91);
INSERT INTO BOOK(book_id, condition, state, edition_id, line_id) VALUES(1283, 'PERFECT', 'IN_STOCK', 39, 133);
INSERT INTO BOOK(book_id, condition, state, edition_id, line_id) VALUES(1284, 'PERFECT', 'IN_STOCK', 40, 56);
INSERT INTO BOOK(book_id, condition, state, edition_id, line_id) VALUES(1285, 'PERFECT', 'IN_STOCK', 40, 214);
INSERT INTO BOOK(book_id, condition, state, edition_id, line_id) VALUES(1286, 'WORN_OUT', 'REFURBISHMENT', 40, 354);
INSERT INTO BOOK(book_id, condition, state, edition_id, line_id) VALUES(1287, 'PERFECT', 'IN_STOCK', 40, 18);
INSERT INTO BOOK(book_id, condition, state, edition_id, line_id) VALUES(1288, 'PERFECT', 'IN_STOCK', 40, 194);
INSERT INTO BOOK(book_id, condition, state, edition_id, line_id) VALUES(1289, 'PERFECT', 'IN_STOCK', 40, 338);
INSERT INTO BOOK(book_id, condition, state, edition_id, line_id) VALUES(1290, 'DAMAGED', 'IN_STOCK', 40, 190);
INSERT INTO BOOK(book_id, condition, state, edition_id, line_id) VALUES(1291, 'PERFECT', 'IN_STOCK', 40, 19);
INSERT INTO BOOK(book_id, condition, state, edition_id, line_id) VALUES(1292, 'PERFECT', 'REFURBISHMENT', 40, 210);
INSERT INTO BOOK(book_id, condition, state, edition_id, line_id) VALUES(1293, 'PERFECT', 'IN_STOCK', 40, 200);
INSERT INTO BOOK(book_id, condition, state, edition_id, line_id) VALUES(1294, 'WORN_OUT', 'IN_STOCK', 40, 51);
INSERT INTO BOOK(book_id, condition, state, edition_id, line_id) VALUES(1295, 'PERFECT', 'IN_STOCK', 40, 268);
INSERT INTO BOOK(book_id, condition, state, edition_id, line_id) VALUES(1296, 'DAMAGED', 'IN_STOCK', 40, 184);
INSERT INTO BOOK(book_id, condition, state, edition_id, line_id) VALUES(1297, 'DAMAGED', 'IN_STOCK', 40, 226);
INSERT INTO BOOK(book_id, condition, state, edition_id, line_id) VALUES(1298, 'UNUSABLE', 'IN_STOCK', 40, 183);
INSERT INTO BOOK(book_id, condition, state, edition_id, line_id) VALUES(1299, 'PERFECT', 'IN_STOCK', 40, 169);
INSERT INTO BOOK(book_id, condition, state, edition_id, line_id) VALUES(1300, 'UNUSABLE', 'MISSING', 40, 167);
INSERT INTO BOOK(book_id, condition, state, edition_id, line_id) VALUES(1301, 'PERFECT', 'IN_STOCK', 40, 191);
INSERT INTO BOOK(book_id, condition, state, edition_id, line_id) VALUES(1302, 'PERFECT', 'IN_STOCK', 40, 65);
INSERT INTO BOOK(book_id, condition, state, edition_id, line_id) VALUES(1303, 'PERFECT', 'REFURBISHMENT', 40, 356);
INSERT INTO BOOK(book_id, condition, state, edition_id, line_id) VALUES(1304, 'PERFECT', 'IN_STOCK', 40, 252);
INSERT INTO BOOK(book_id, condition, state, edition_id, line_id) VALUES(1305, 'PERFECT', 'IN_STOCK', 40, 60);
INSERT INTO BOOK(book_id, condition, state, edition_id, line_id) VALUES(1306, 'PERFECT', 'REFURBISHMENT', 40, 188);
INSERT INTO BOOK(book_id, condition, state, edition_id, line_id) VALUES(1307, 'PERFECT', 'IN_STOCK', 40, 243);
INSERT INTO BOOK(book_id, condition, state, edition_id, line_id) VALUES(1308, 'PERFECT', 'REFURBISHMENT', 40, 264);
INSERT INTO BOOK(book_id, condition, state, edition_id, line_id) VALUES(1309, 'WORN_OUT', 'IN_STOCK', 40, 218);
INSERT INTO BOOK(book_id, condition, state, edition_id, line_id) VALUES(1310, 'PERFECT', 'IN_STOCK', 40, 146);
INSERT INTO BOOK(book_id, condition, state, edition_id, line_id) VALUES(1311, 'PERFECT', 'MISSING', 40, 37);
INSERT INTO BOOK(book_id, condition, state, edition_id, line_id) VALUES(1312, 'PERFECT', 'REFURBISHMENT', 40, 64);
INSERT INTO BOOK(book_id, condition, state, edition_id, line_id) VALUES(1313, 'WORN_OUT', 'IN_STOCK', 40, 7);
INSERT INTO BOOK(book_id, condition, state, edition_id, line_id) VALUES(1314, 'WORN_OUT', 'IN_STOCK', 41, 237);
INSERT INTO BOOK(book_id, condition, state, edition_id, line_id) VALUES(1315, 'PERFECT', 'IN_STOCK', 41, 290);
INSERT INTO BOOK(book_id, condition, state, edition_id, line_id) VALUES(1316, 'PERFECT', 'IN_STOCK', 41, 301);
INSERT INTO BOOK(book_id, condition, state, edition_id, line_id) VALUES(1317, 'WORN_OUT', 'REFURBISHMENT', 41, 134);
INSERT INTO BOOK(book_id, condition, state, edition_id, line_id) VALUES(1318, 'PERFECT', 'REFURBISHMENT', 41, 17);
INSERT INTO BOOK(book_id, condition, state, edition_id, line_id) VALUES(1319, 'DAMAGED', 'IN_STOCK', 41, 297);
INSERT INTO BOOK(book_id, condition, state, edition_id, line_id) VALUES(1320, 'PERFECT', 'IN_STOCK', 41, 114);
INSERT INTO BOOK(book_id, condition, state, edition_id, line_id) VALUES(1321, 'WORN_OUT', 'IN_STOCK', 41, 282);
INSERT INTO BOOK(book_id, condition, state, edition_id, line_id) VALUES(1322, 'PERFECT', 'IN_STOCK', 41, 42);
INSERT INTO BOOK(book_id, condition, state, edition_id, line_id) VALUES(1323, 'PERFECT', 'IN_STOCK', 41, 237);
INSERT INTO BOOK(book_id, condition, state, edition_id, line_id) VALUES(1324, 'PERFECT', 'IN_STOCK', 41, 193);
INSERT INTO BOOK(book_id, condition, state, edition_id, line_id) VALUES(1325, 'WORN_OUT', 'REFURBISHMENT', 41, 108);
INSERT INTO BOOK(book_id, condition, state, edition_id, line_id) VALUES(1326, 'UNUSABLE', 'IN_STOCK', 41, 154);
INSERT INTO BOOK(book_id, condition, state, edition_id, line_id) VALUES(1327, 'DAMAGED', 'REFURBISHMENT', 41, 78);
INSERT INTO BOOK(book_id, condition, state, edition_id, line_id) VALUES(1328, 'PERFECT', 'IN_STOCK', 41, 346);
INSERT INTO BOOK(book_id, condition, state, edition_id, line_id) VALUES(1329, 'PERFECT', 'REFURBISHMENT', 41, 360);
INSERT INTO BOOK(book_id, condition, state, edition_id, line_id) VALUES(1330, 'WORN_OUT', 'IN_STOCK', 41, 59);
INSERT INTO BOOK(book_id, condition, state, edition_id, line_id) VALUES(1331, 'DAMAGED', 'IN_STOCK', 41, 344);
INSERT INTO BOOK(book_id, condition, state, edition_id, line_id) VALUES(1332, 'DAMAGED', 'MISSING', 41, 125);
INSERT INTO BOOK(book_id, condition, state, edition_id, line_id) VALUES(1333, 'PERFECT', 'IN_STOCK', 41, 12);
INSERT INTO BOOK(book_id, condition, state, edition_id, line_id) VALUES(1334, 'PERFECT', 'REFURBISHMENT', 41, 341);
INSERT INTO BOOK(book_id, condition, state, edition_id, line_id) VALUES(1335, 'PERFECT', 'IN_STOCK', 41, 291);
INSERT INTO BOOK(book_id, condition, state, edition_id, line_id) VALUES(1336, 'PERFECT', 'REFURBISHMENT', 41, 106);
INSERT INTO BOOK(book_id, condition, state, edition_id, line_id) VALUES(1337, 'PERFECT', 'IN_STOCK', 41, 1);
INSERT INTO BOOK(book_id, condition, state, edition_id, line_id) VALUES(1338, 'WORN_OUT', 'IN_STOCK', 41, 219);
INSERT INTO BOOK(book_id, condition, state, edition_id, line_id) VALUES(1339, 'PERFECT', 'IN_STOCK', 41, 173);
INSERT INTO BOOK(book_id, condition, state, edition_id, line_id) VALUES(1340, 'PERFECT', 'REFURBISHMENT', 41, 210);
INSERT INTO BOOK(book_id, condition, state, edition_id, line_id) VALUES(1341, 'PERFECT', 'REFURBISHMENT', 41, 315);
INSERT INTO BOOK(book_id, condition, state, edition_id, line_id) VALUES(1342, 'PERFECT', 'IN_STOCK', 41, 207);
INSERT INTO BOOK(book_id, condition, state, edition_id, line_id) VALUES(1343, 'UNUSABLE', 'IN_STOCK', 41, 311);
INSERT INTO BOOK(book_id, condition, state, edition_id, line_id) VALUES(1344, 'PERFECT', 'IN_STOCK', 41, 358);
INSERT INTO BOOK(book_id, condition, state, edition_id, line_id) VALUES(1345, 'PERFECT', 'MISSING', 41, 192);
INSERT INTO BOOK(book_id, condition, state, edition_id, line_id) VALUES(1346, 'PERFECT', 'REFURBISHMENT', 41, 231);
INSERT INTO BOOK(book_id, condition, state, edition_id, line_id) VALUES(1347, 'PERFECT', 'IN_STOCK', 41, 232);
INSERT INTO BOOK(book_id, condition, state, edition_id, line_id) VALUES(1348, 'DAMAGED', 'IN_STOCK', 41, 19);
INSERT INTO BOOK(book_id, condition, state, edition_id, line_id) VALUES(1349, 'PERFECT', 'IN_STOCK', 41, 205);
INSERT INTO BOOK(book_id, condition, state, edition_id, line_id) VALUES(1350, 'PERFECT', 'MISSING', 42, 311);
INSERT INTO BOOK(book_id, condition, state, edition_id, line_id) VALUES(1351, 'DAMAGED', 'REFURBISHMENT', 42, 326);
INSERT INTO BOOK(book_id, condition, state, edition_id, line_id) VALUES(1352, 'PERFECT', 'IN_STOCK', 42, 97);
INSERT INTO BOOK(book_id, condition, state, edition_id, line_id) VALUES(1353, 'PERFECT', 'REFURBISHMENT', 42, 311);
INSERT INTO BOOK(book_id, condition, state, edition_id, line_id) VALUES(1354, 'PERFECT', 'IN_STOCK', 42, 71);
INSERT INTO BOOK(book_id, condition, state, edition_id, line_id) VALUES(1355, 'WORN_OUT', 'IN_STOCK', 42, 105);
INSERT INTO BOOK(book_id, condition, state, edition_id, line_id) VALUES(1356, 'PERFECT', 'REFURBISHMENT', 42, 121);
INSERT INTO BOOK(book_id, condition, state, edition_id, line_id) VALUES(1357, 'WORN_OUT', 'IN_STOCK', 42, 165);
INSERT INTO BOOK(book_id, condition, state, edition_id, line_id) VALUES(1358, 'WORN_OUT', 'MISSING', 42, 320);
INSERT INTO BOOK(book_id, condition, state, edition_id, line_id) VALUES(1359, 'WORN_OUT', 'MISSING', 42, 203);
INSERT INTO BOOK(book_id, condition, state, edition_id, line_id) VALUES(1360, 'PERFECT', 'IN_STOCK', 42, 89);
INSERT INTO BOOK(book_id, condition, state, edition_id, line_id) VALUES(1361, 'PERFECT', 'IN_STOCK', 42, 166);
INSERT INTO BOOK(book_id, condition, state, edition_id, line_id) VALUES(1362, 'PERFECT', 'IN_STOCK', 42, 362);
INSERT INTO BOOK(book_id, condition, state, edition_id, line_id) VALUES(1363, 'WORN_OUT', 'IN_STOCK', 42, 35);
INSERT INTO BOOK(book_id, condition, state, edition_id, line_id) VALUES(1364, 'PERFECT', 'IN_STOCK', 42, 136);
INSERT INTO BOOK(book_id, condition, state, edition_id, line_id) VALUES(1365, 'DAMAGED', 'MISSING', 42, 312);
INSERT INTO BOOK(book_id, condition, state, edition_id, line_id) VALUES(1366, 'PERFECT', 'IN_STOCK', 42, 332);
INSERT INTO BOOK(book_id, condition, state, edition_id, line_id) VALUES(1367, 'PERFECT', 'IN_STOCK', 42, 2);
INSERT INTO BOOK(book_id, condition, state, edition_id, line_id) VALUES(1368, 'PERFECT', 'IN_STOCK', 42, 146);
INSERT INTO BOOK(book_id, condition, state, edition_id, line_id) VALUES(1369, 'PERFECT', 'IN_STOCK', 42, 354);
INSERT INTO BOOK(book_id, condition, state, edition_id, line_id) VALUES(1370, 'WORN_OUT', 'IN_STOCK', 42, 261);
INSERT INTO BOOK(book_id, condition, state, edition_id, line_id) VALUES(1371, 'WORN_OUT', 'IN_STOCK', 42, 207);
INSERT INTO BOOK(book_id, condition, state, edition_id, line_id) VALUES(1372, 'WORN_OUT', 'IN_STOCK', 42, 4);
INSERT INTO BOOK(book_id, condition, state, edition_id, line_id) VALUES(1373, 'WORN_OUT', 'IN_STOCK', 42, 204);
INSERT INTO BOOK(book_id, condition, state, edition_id, line_id) VALUES(1374, 'PERFECT', 'IN_STOCK', 42, 280);
INSERT INTO BOOK(book_id, condition, state, edition_id, line_id) VALUES(1375, 'WORN_OUT', 'IN_STOCK', 42, 219);
INSERT INTO BOOK(book_id, condition, state, edition_id, line_id) VALUES(1376, 'PERFECT', 'IN_STOCK', 42, 173);
INSERT INTO BOOK(book_id, condition, state, edition_id, line_id) VALUES(1377, 'PERFECT', 'IN_STOCK', 42, 312);
INSERT INTO BOOK(book_id, condition, state, edition_id, line_id) VALUES(1378, 'DAMAGED', 'IN_STOCK', 42, 199);
INSERT INTO BOOK(book_id, condition, state, edition_id, line_id) VALUES(1379, 'PERFECT', 'IN_STOCK', 42, 285);
INSERT INTO BOOK(book_id, condition, state, edition_id, line_id) VALUES(1380, 'PERFECT', 'IN_STOCK', 42, 352);
INSERT INTO BOOK(book_id, condition, state, edition_id, line_id) VALUES(1381, 'PERFECT', 'IN_STOCK', 42, 165);
INSERT INTO BOOK(book_id, condition, state, edition_id, line_id) VALUES(1382, 'PERFECT', 'IN_STOCK', 42, 68);
INSERT INTO BOOK(book_id, condition, state, edition_id, line_id) VALUES(1383, 'PERFECT', 'REFURBISHMENT', 42, 198);
INSERT INTO BOOK(book_id, condition, state, edition_id, line_id) VALUES(1384, 'DAMAGED', 'IN_STOCK', 42, 40);
INSERT INTO BOOK(book_id, condition, state, edition_id, line_id) VALUES(1385, 'PERFECT', 'IN_STOCK', 42, 246);
INSERT INTO BOOK(book_id, condition, state, edition_id, line_id) VALUES(1386, 'PERFECT', 'IN_STOCK', 42, 161);
INSERT INTO BOOK(book_id, condition, state, edition_id, line_id) VALUES(1387, 'PERFECT', 'IN_STOCK', 42, 154);
INSERT INTO BOOK(book_id, condition, state, edition_id, line_id) VALUES(1388, 'DAMAGED', 'IN_STOCK', 42, 243);
INSERT INTO BOOK(book_id, condition, state, edition_id, line_id) VALUES(1389, 'WORN_OUT', 'MISSING', 43, 9);
INSERT INTO BOOK(book_id, condition, state, edition_id, line_id) VALUES(1390, 'PERFECT', 'IN_STOCK', 43, 259);
INSERT INTO BOOK(book_id, condition, state, edition_id, line_id) VALUES(1391, 'WORN_OUT', 'IN_STOCK', 43, 152);
INSERT INTO BOOK(book_id, condition, state, edition_id, line_id) VALUES(1392, 'PERFECT', 'IN_STOCK', 43, 304);
INSERT INTO BOOK(book_id, condition, state, edition_id, line_id) VALUES(1393, 'PERFECT', 'IN_STOCK', 43, 67);
INSERT INTO BOOK(book_id, condition, state, edition_id, line_id) VALUES(1394, 'WORN_OUT', 'IN_STOCK', 43, 226);
INSERT INTO BOOK(book_id, condition, state, edition_id, line_id) VALUES(1395, 'UNUSABLE', 'IN_STOCK', 43, 270);
INSERT INTO BOOK(book_id, condition, state, edition_id, line_id) VALUES(1396, 'PERFECT', 'IN_STOCK', 43, 145);
INSERT INTO BOOK(book_id, condition, state, edition_id, line_id) VALUES(1397, 'WORN_OUT', 'MISSING', 43, 205);
INSERT INTO BOOK(book_id, condition, state, edition_id, line_id) VALUES(1398, 'DAMAGED', 'REFURBISHMENT', 43, 99);
INSERT INTO BOOK(book_id, condition, state, edition_id, line_id) VALUES(1399, 'WORN_OUT', 'IN_STOCK', 43, 272);
INSERT INTO BOOK(book_id, condition, state, edition_id, line_id) VALUES(1400, 'PERFECT', 'MISSING', 43, 290);
INSERT INTO BOOK(book_id, condition, state, edition_id, line_id) VALUES(1401, 'WORN_OUT', 'MISSING', 43, 75);
INSERT INTO BOOK(book_id, condition, state, edition_id, line_id) VALUES(1402, 'PERFECT', 'MISSING', 43, 76);
INSERT INTO BOOK(book_id, condition, state, edition_id, line_id) VALUES(1403, 'WORN_OUT', 'IN_STOCK', 43, 14);
INSERT INTO BOOK(book_id, condition, state, edition_id, line_id) VALUES(1404, 'PERFECT', 'IN_STOCK', 43, 199);
INSERT INTO BOOK(book_id, condition, state, edition_id, line_id) VALUES(1405, 'PERFECT', 'MISSING', 43, 120);
INSERT INTO BOOK(book_id, condition, state, edition_id, line_id) VALUES(1406, 'PERFECT', 'IN_STOCK', 43, 321);
INSERT INTO BOOK(book_id, condition, state, edition_id, line_id) VALUES(1407, 'PERFECT', 'MISSING', 43, 299);
INSERT INTO BOOK(book_id, condition, state, edition_id, line_id) VALUES(1408, 'PERFECT', 'IN_STOCK', 43, 144);
INSERT INTO BOOK(book_id, condition, state, edition_id, line_id) VALUES(1409, 'WORN_OUT', 'REFURBISHMENT', 43, 239);
INSERT INTO BOOK(book_id, condition, state, edition_id, line_id) VALUES(1410, 'PERFECT', 'REFURBISHMENT', 43, 150);
INSERT INTO BOOK(book_id, condition, state, edition_id, line_id) VALUES(1411, 'PERFECT', 'IN_STOCK', 43, 207);
INSERT INTO BOOK(book_id, condition, state, edition_id, line_id) VALUES(1412, 'WORN_OUT', 'MISSING', 43, 32);
INSERT INTO BOOK(book_id, condition, state, edition_id, line_id) VALUES(1413, 'UNUSABLE', 'IN_STOCK', 43, 13);
INSERT INTO BOOK(book_id, condition, state, edition_id, line_id) VALUES(1414, 'WORN_OUT', 'IN_STOCK', 43, 2);
INSERT INTO BOOK(book_id, condition, state, edition_id, line_id) VALUES(1415, 'PERFECT', 'IN_STOCK', 43, 127);
INSERT INTO BOOK(book_id, condition, state, edition_id, line_id) VALUES(1416, 'PERFECT', 'IN_STOCK', 43, 333);
INSERT INTO BOOK(book_id, condition, state, edition_id, line_id) VALUES(1417, 'DAMAGED', 'IN_STOCK', 43, 306);
INSERT INTO BOOK(book_id, condition, state, edition_id, line_id) VALUES(1418, 'PERFECT', 'IN_STOCK', 43, 153);
INSERT INTO BOOK(book_id, condition, state, edition_id, line_id) VALUES(1419, 'UNUSABLE', 'IN_STOCK', 43, 139);
INSERT INTO BOOK(book_id, condition, state, edition_id, line_id) VALUES(1420, 'WORN_OUT', 'IN_STOCK', 43, 154);
INSERT INTO BOOK(book_id, condition, state, edition_id, line_id) VALUES(1421, 'WORN_OUT', 'REFURBISHMENT', 43, 181);
INSERT INTO BOOK(book_id, condition, state, edition_id, line_id) VALUES(1422, 'WORN_OUT', 'IN_STOCK', 43, 230);
INSERT INTO BOOK(book_id, condition, state, edition_id, line_id) VALUES(1423, 'UNUSABLE', 'MISSING', 43, 298);
INSERT INTO BOOK(book_id, condition, state, edition_id, line_id) VALUES(1424, 'PERFECT', 'IN_STOCK', 43, 102);
INSERT INTO BOOK(book_id, condition, state, edition_id, line_id) VALUES(1425, 'PERFECT', 'IN_STOCK', 43, 296);
INSERT INTO BOOK(book_id, condition, state, edition_id, line_id) VALUES(1426, 'WORN_OUT', 'REFURBISHMENT', 43, 200);
INSERT INTO BOOK(book_id, condition, state, edition_id, line_id) VALUES(1427, 'PERFECT', 'IN_STOCK', 43, 202);
INSERT INTO BOOK(book_id, condition, state, edition_id, line_id) VALUES(1428, 'WORN_OUT', 'IN_STOCK', 43, 189);
INSERT INTO BOOK(book_id, condition, state, edition_id, line_id) VALUES(1429, 'PERFECT', 'IN_STOCK', 43, 63);
INSERT INTO BOOK(book_id, condition, state, edition_id, line_id) VALUES(1430, 'WORN_OUT', 'IN_STOCK', 43, 117);
INSERT INTO BOOK(book_id, condition, state, edition_id, line_id) VALUES(1431, 'PERFECT', 'IN_STOCK', 43, 224);
INSERT INTO BOOK(book_id, condition, state, edition_id, line_id) VALUES(1432, 'WORN_OUT', 'IN_STOCK', 43, 227);
INSERT INTO BOOK(book_id, condition, state, edition_id, line_id) VALUES(1433, 'PERFECT', 'REFURBISHMENT', 43, 274);
INSERT INTO BOOK(book_id, condition, state, edition_id, line_id) VALUES(1434, 'UNUSABLE', 'IN_STOCK', 43, 135);
INSERT INTO BOOK(book_id, condition, state, edition_id, line_id) VALUES(1435, 'PERFECT', 'IN_STOCK', 43, 128);
INSERT INTO BOOK(book_id, condition, state, edition_id, line_id) VALUES(1436, 'UNUSABLE', 'IN_STOCK', 43, 134);
INSERT INTO BOOK(book_id, condition, state, edition_id, line_id) VALUES(1437, 'WORN_OUT', 'IN_STOCK', 43, 264);
INSERT INTO BOOK(book_id, condition, state, edition_id, line_id) VALUES(1438, 'PERFECT', 'IN_STOCK', 43, 122);
INSERT INTO BOOK(book_id, condition, state, edition_id, line_id) VALUES(1439, 'WORN_OUT', 'IN_STOCK', 43, 113);
INSERT INTO BOOK(book_id, condition, state, edition_id, line_id) VALUES(1440, 'WORN_OUT', 'MISSING', 43, 261);
INSERT INTO BOOK(book_id, condition, state, edition_id, line_id) VALUES(1441, 'UNUSABLE', 'IN_STOCK', 43, 54);
INSERT INTO BOOK(book_id, condition, state, edition_id, line_id) VALUES(1442, 'UNUSABLE', 'IN_STOCK', 43, 347);
INSERT INTO BOOK(book_id, condition, state, edition_id, line_id) VALUES(1443, 'WORN_OUT', 'IN_STOCK', 44, 36);
INSERT INTO BOOK(book_id, condition, state, edition_id, line_id) VALUES(1444, 'PERFECT', 'IN_STOCK', 44, 217);
INSERT INTO BOOK(book_id, condition, state, edition_id, line_id) VALUES(1445, 'WORN_OUT', 'MISSING', 44, 141);
INSERT INTO BOOK(book_id, condition, state, edition_id, line_id) VALUES(1446, 'WORN_OUT', 'IN_STOCK', 44, 198);
INSERT INTO BOOK(book_id, condition, state, edition_id, line_id) VALUES(1447, 'PERFECT', 'IN_STOCK', 44, 299);
INSERT INTO BOOK(book_id, condition, state, edition_id, line_id) VALUES(1448, 'PERFECT', 'IN_STOCK', 44, 195);
INSERT INTO BOOK(book_id, condition, state, edition_id, line_id) VALUES(1449, 'WORN_OUT', 'IN_STOCK', 44, 86);
INSERT INTO BOOK(book_id, condition, state, edition_id, line_id) VALUES(1450, 'DAMAGED', 'IN_STOCK', 44, 153);
INSERT INTO BOOK(book_id, condition, state, edition_id, line_id) VALUES(1451, 'PERFECT', 'MISSING', 44, 120);
INSERT INTO BOOK(book_id, condition, state, edition_id, line_id) VALUES(1452, 'UNUSABLE', 'IN_STOCK', 44, 1);
INSERT INTO BOOK(book_id, condition, state, edition_id, line_id) VALUES(1453, 'PERFECT', 'IN_STOCK', 44, 293);
INSERT INTO BOOK(book_id, condition, state, edition_id, line_id) VALUES(1454, 'WORN_OUT', 'IN_STOCK', 44, 109);
INSERT INTO BOOK(book_id, condition, state, edition_id, line_id) VALUES(1455, 'PERFECT', 'REFURBISHMENT', 44, 358);
INSERT INTO BOOK(book_id, condition, state, edition_id, line_id) VALUES(1456, 'UNUSABLE', 'IN_STOCK', 44, 55);
INSERT INTO BOOK(book_id, condition, state, edition_id, line_id) VALUES(1457, 'PERFECT', 'IN_STOCK', 44, 57);
INSERT INTO BOOK(book_id, condition, state, edition_id, line_id) VALUES(1458, 'PERFECT', 'IN_STOCK', 44, 142);
INSERT INTO BOOK(book_id, condition, state, edition_id, line_id) VALUES(1459, 'DAMAGED', 'IN_STOCK', 44, 208);
INSERT INTO BOOK(book_id, condition, state, edition_id, line_id) VALUES(1460, 'PERFECT', 'IN_STOCK', 44, 32);
INSERT INTO BOOK(book_id, condition, state, edition_id, line_id) VALUES(1461, 'PERFECT', 'IN_STOCK', 44, 182);
INSERT INTO BOOK(book_id, condition, state, edition_id, line_id) VALUES(1462, 'PERFECT', 'MISSING', 44, 197);
INSERT INTO BOOK(book_id, condition, state, edition_id, line_id) VALUES(1463, 'DAMAGED', 'IN_STOCK', 44, 287);
INSERT INTO BOOK(book_id, condition, state, edition_id, line_id) VALUES(1464, 'UNUSABLE', 'IN_STOCK', 44, 325);
INSERT INTO BOOK(book_id, condition, state, edition_id, line_id) VALUES(1465, 'UNUSABLE', 'IN_STOCK', 44, 91);
INSERT INTO BOOK(book_id, condition, state, edition_id, line_id) VALUES(1466, 'PERFECT', 'REFURBISHMENT', 44, 286);
INSERT INTO BOOK(book_id, condition, state, edition_id, line_id) VALUES(1467, 'PERFECT', 'MISSING', 44, 220);
INSERT INTO BOOK(book_id, condition, state, edition_id, line_id) VALUES(1468, 'PERFECT', 'IN_STOCK', 44, 360);
INSERT INTO BOOK(book_id, condition, state, edition_id, line_id) VALUES(1469, 'PERFECT', 'IN_STOCK', 44, 92);
INSERT INTO BOOK(book_id, condition, state, edition_id, line_id) VALUES(1470, 'PERFECT', 'MISSING', 44, 239);
INSERT INTO BOOK(book_id, condition, state, edition_id, line_id) VALUES(1471, 'UNUSABLE', 'IN_STOCK', 44, 11);
INSERT INTO BOOK(book_id, condition, state, edition_id, line_id) VALUES(1472, 'PERFECT', 'IN_STOCK', 44, 113);
INSERT INTO BOOK(book_id, condition, state, edition_id, line_id) VALUES(1473, 'DAMAGED', 'IN_STOCK', 44, 33);
INSERT INTO BOOK(book_id, condition, state, edition_id, line_id) VALUES(1474, 'PERFECT', 'IN_STOCK', 44, 336);
INSERT INTO BOOK(book_id, condition, state, edition_id, line_id) VALUES(1475, 'PERFECT', 'REFURBISHMENT', 44, 99);
INSERT INTO BOOK(book_id, condition, state, edition_id, line_id) VALUES(1476, 'WORN_OUT', 'IN_STOCK', 44, 227);
INSERT INTO BOOK(book_id, condition, state, edition_id, line_id) VALUES(1477, 'PERFECT', 'IN_STOCK', 44, 235);
INSERT INTO BOOK(book_id, condition, state, edition_id, line_id) VALUES(1478, 'PERFECT', 'IN_STOCK', 44, 226);
INSERT INTO BOOK(book_id, condition, state, edition_id, line_id) VALUES(1479, 'PERFECT', 'IN_STOCK', 44, 330);
INSERT INTO BOOK(book_id, condition, state, edition_id, line_id) VALUES(1480, 'PERFECT', 'IN_STOCK', 44, 189);
INSERT INTO BOOK(book_id, condition, state, edition_id, line_id) VALUES(1481, 'PERFECT', 'REFURBISHMENT', 44, 157);
INSERT INTO BOOK(book_id, condition, state, edition_id, line_id) VALUES(1482, 'PERFECT', 'IN_STOCK', 44, 154);
INSERT INTO BOOK(book_id, condition, state, edition_id, line_id) VALUES(1483, 'WORN_OUT', 'IN_STOCK', 44, 307);
INSERT INTO BOOK(book_id, condition, state, edition_id, line_id) VALUES(1484, 'PERFECT', 'IN_STOCK', 44, 287);
INSERT INTO BOOK(book_id, condition, state, edition_id, line_id) VALUES(1485, 'WORN_OUT', 'IN_STOCK', 44, 98);
INSERT INTO BOOK(book_id, condition, state, edition_id, line_id) VALUES(1486, 'DAMAGED', 'IN_STOCK', 44, 93);
INSERT INTO BOOK(book_id, condition, state, edition_id, line_id) VALUES(1487, 'PERFECT', 'IN_STOCK', 44, 83);
INSERT INTO BOOK(book_id, condition, state, edition_id, line_id) VALUES(1488, 'UNUSABLE', 'IN_STOCK', 44, 328);
INSERT INTO BOOK(book_id, condition, state, edition_id, line_id) VALUES(1489, 'PERFECT', 'IN_STOCK', 44, 245);
INSERT INTO BOOK(book_id, condition, state, edition_id, line_id) VALUES(1490, 'PERFECT', 'IN_STOCK', 44, 125);
INSERT INTO BOOK(book_id, condition, state, edition_id, line_id) VALUES(1491, 'WORN_OUT', 'IN_STOCK', 44, 80);
INSERT INTO BOOK(book_id, condition, state, edition_id, line_id) VALUES(1492, 'PERFECT', 'IN_STOCK', 44, 33);
INSERT INTO BOOK(book_id, condition, state, edition_id, line_id) VALUES(1493, 'DAMAGED', 'IN_STOCK', 44, 141);
INSERT INTO BOOK(book_id, condition, state, edition_id, line_id) VALUES(1494, 'PERFECT', 'MISSING', 45, 144);
INSERT INTO BOOK(book_id, condition, state, edition_id, line_id) VALUES(1495, 'PERFECT', 'IN_STOCK', 45, 325);
INSERT INTO BOOK(book_id, condition, state, edition_id, line_id) VALUES(1496, 'PERFECT', 'REFURBISHMENT', 45, 2);
INSERT INTO BOOK(book_id, condition, state, edition_id, line_id) VALUES(1497, 'WORN_OUT', 'REFURBISHMENT', 45, 55);
INSERT INTO BOOK(book_id, condition, state, edition_id, line_id) VALUES(1498, 'PERFECT', 'IN_STOCK', 45, 39);
INSERT INTO BOOK(book_id, condition, state, edition_id, line_id) VALUES(1499, 'PERFECT', 'IN_STOCK', 45, 205);
INSERT INTO BOOK(book_id, condition, state, edition_id, line_id) VALUES(1500, 'WORN_OUT', 'IN_STOCK', 45, 20);
INSERT INTO BOOK(book_id, condition, state, edition_id, line_id) VALUES(1501, 'PERFECT', 'IN_STOCK', 45, 49);
INSERT INTO BOOK(book_id, condition, state, edition_id, line_id) VALUES(1502, 'UNUSABLE', 'IN_STOCK', 45, 66);
INSERT INTO BOOK(book_id, condition, state, edition_id, line_id) VALUES(1503, 'PERFECT', 'IN_STOCK', 45, 23);
INSERT INTO BOOK(book_id, condition, state, edition_id, line_id) VALUES(1504, 'PERFECT', 'REFURBISHMENT', 45, 29);
INSERT INTO BOOK(book_id, condition, state, edition_id, line_id) VALUES(1505, 'UNUSABLE', 'IN_STOCK', 45, 283);
INSERT INTO BOOK(book_id, condition, state, edition_id, line_id) VALUES(1506, 'PERFECT', 'MISSING', 45, 90);
INSERT INTO BOOK(book_id, condition, state, edition_id, line_id) VALUES(1507, 'WORN_OUT', 'IN_STOCK', 45, 180);
INSERT INTO BOOK(book_id, condition, state, edition_id, line_id) VALUES(1508, 'UNUSABLE', 'IN_STOCK', 45, 137);
INSERT INTO BOOK(book_id, condition, state, edition_id, line_id) VALUES(1509, 'PERFECT', 'IN_STOCK', 45, 194);
INSERT INTO BOOK(book_id, condition, state, edition_id, line_id) VALUES(1510, 'DAMAGED', 'IN_STOCK', 45, 222);
INSERT INTO BOOK(book_id, condition, state, edition_id, line_id) VALUES(1511, 'DAMAGED', 'IN_STOCK', 46, 252);
INSERT INTO BOOK(book_id, condition, state, edition_id, line_id) VALUES(1512, 'UNUSABLE', 'IN_STOCK', 46, 17);
INSERT INTO BOOK(book_id, condition, state, edition_id, line_id) VALUES(1513, 'PERFECT', 'IN_STOCK', 46, 46);
INSERT INTO BOOK(book_id, condition, state, edition_id, line_id) VALUES(1514, 'PERFECT', 'IN_STOCK', 46, 283);
INSERT INTO BOOK(book_id, condition, state, edition_id, line_id) VALUES(1515, 'PERFECT', 'IN_STOCK', 46, 265);
INSERT INTO BOOK(book_id, condition, state, edition_id, line_id) VALUES(1516, 'WORN_OUT', 'REFURBISHMENT', 46, 364);
INSERT INTO BOOK(book_id, condition, state, edition_id, line_id) VALUES(1517, 'WORN_OUT', 'IN_STOCK', 46, 152);
INSERT INTO BOOK(book_id, condition, state, edition_id, line_id) VALUES(1518, 'WORN_OUT', 'IN_STOCK', 46, 127);
INSERT INTO BOOK(book_id, condition, state, edition_id, line_id) VALUES(1519, 'WORN_OUT', 'REFURBISHMENT', 46, 198);
INSERT INTO BOOK(book_id, condition, state, edition_id, line_id) VALUES(1520, 'DAMAGED', 'IN_STOCK', 46, 251);
INSERT INTO BOOK(book_id, condition, state, edition_id, line_id) VALUES(1521, 'PERFECT', 'IN_STOCK', 46, 28);
INSERT INTO BOOK(book_id, condition, state, edition_id, line_id) VALUES(1522, 'UNUSABLE', 'IN_STOCK', 46, 329);
INSERT INTO BOOK(book_id, condition, state, edition_id, line_id) VALUES(1523, 'PERFECT', 'IN_STOCK', 46, 242);
INSERT INTO BOOK(book_id, condition, state, edition_id, line_id) VALUES(1524, 'PERFECT', 'IN_STOCK', 46, 123);
INSERT INTO BOOK(book_id, condition, state, edition_id, line_id) VALUES(1525, 'PERFECT', 'IN_STOCK', 46, 274);
INSERT INTO BOOK(book_id, condition, state, edition_id, line_id) VALUES(1526, 'PERFECT', 'MISSING', 46, 7);
INSERT INTO BOOK(book_id, condition, state, edition_id, line_id) VALUES(1527, 'PERFECT', 'IN_STOCK', 46, 174);
INSERT INTO BOOK(book_id, condition, state, edition_id, line_id) VALUES(1528, 'PERFECT', 'IN_STOCK', 46, 64);
INSERT INTO BOOK(book_id, condition, state, edition_id, line_id) VALUES(1529, 'PERFECT', 'MISSING', 46, 13);
INSERT INTO BOOK(book_id, condition, state, edition_id, line_id) VALUES(1530, 'PERFECT', 'IN_STOCK', 46, 265);
INSERT INTO BOOK(book_id, condition, state, edition_id, line_id) VALUES(1531, 'PERFECT', 'IN_STOCK', 46, 48);
INSERT INTO BOOK(book_id, condition, state, edition_id, line_id) VALUES(1532, 'WORN_OUT', 'IN_STOCK', 46, 267);
INSERT INTO BOOK(book_id, condition, state, edition_id, line_id) VALUES(1533, 'PERFECT', 'IN_STOCK', 46, 318);
INSERT INTO BOOK(book_id, condition, state, edition_id, line_id) VALUES(1534, 'PERFECT', 'IN_STOCK', 46, 286);
INSERT INTO BOOK(book_id, condition, state, edition_id, line_id) VALUES(1535, 'UNUSABLE', 'IN_STOCK', 46, 144);
INSERT INTO BOOK(book_id, condition, state, edition_id, line_id) VALUES(1536, 'WORN_OUT', 'IN_STOCK', 46, 315);
INSERT INTO BOOK(book_id, condition, state, edition_id, line_id) VALUES(1537, 'WORN_OUT', 'IN_STOCK', 46, 241);
INSERT INTO BOOK(book_id, condition, state, edition_id, line_id) VALUES(1538, 'WORN_OUT', 'REFURBISHMENT', 46, 56);
INSERT INTO BOOK(book_id, condition, state, edition_id, line_id) VALUES(1539, 'PERFECT', 'IN_STOCK', 46, 254);
INSERT INTO BOOK(book_id, condition, state, edition_id, line_id) VALUES(1540, 'WORN_OUT', 'REFURBISHMENT', 46, 131);
INSERT INTO BOOK(book_id, condition, state, edition_id, line_id) VALUES(1541, 'WORN_OUT', 'MISSING', 46, 65);
INSERT INTO BOOK(book_id, condition, state, edition_id, line_id) VALUES(1542, 'PERFECT', 'IN_STOCK', 46, 325);
INSERT INTO BOOK(book_id, condition, state, edition_id, line_id) VALUES(1543, 'PERFECT', 'IN_STOCK', 46, 213);
INSERT INTO BOOK(book_id, condition, state, edition_id, line_id) VALUES(1544, 'PERFECT', 'IN_STOCK', 46, 125);
INSERT INTO BOOK(book_id, condition, state, edition_id, line_id) VALUES(1545, 'DAMAGED', 'MISSING', 46, 186);
INSERT INTO BOOK(book_id, condition, state, edition_id, line_id) VALUES(1546, 'PERFECT', 'REFURBISHMENT', 46, 208);
INSERT INTO BOOK(book_id, condition, state, edition_id, line_id) VALUES(1547, 'PERFECT', 'REFURBISHMENT', 46, 2);
INSERT INTO BOOK(book_id, condition, state, edition_id, line_id) VALUES(1548, 'WORN_OUT', 'IN_STOCK', 46, 347);
INSERT INTO BOOK(book_id, condition, state, edition_id, line_id) VALUES(1549, 'PERFECT', 'IN_STOCK', 46, 14);
INSERT INTO BOOK(book_id, condition, state, edition_id, line_id) VALUES(1550, 'DAMAGED', 'IN_STOCK', 46, 340);
INSERT INTO BOOK(book_id, condition, state, edition_id, line_id) VALUES(1551, 'DAMAGED', 'IN_STOCK', 46, 305);
INSERT INTO BOOK(book_id, condition, state, edition_id, line_id) VALUES(1552, 'UNUSABLE', 'IN_STOCK', 46, 217);
INSERT INTO BOOK(book_id, condition, state, edition_id, line_id) VALUES(1553, 'WORN_OUT', 'MISSING', 46, 243);
INSERT INTO BOOK(book_id, condition, state, edition_id, line_id) VALUES(1554, 'PERFECT', 'IN_STOCK', 46, 212);
INSERT INTO BOOK(book_id, condition, state, edition_id, line_id) VALUES(1555, 'WORN_OUT', 'IN_STOCK', 46, 304);
INSERT INTO BOOK(book_id, condition, state, edition_id, line_id) VALUES(1556, 'PERFECT', 'MISSING', 46, 20);
INSERT INTO BOOK(book_id, condition, state, edition_id, line_id) VALUES(1557, 'DAMAGED', 'IN_STOCK', 47, 57);
INSERT INTO BOOK(book_id, condition, state, edition_id, line_id) VALUES(1558, 'WORN_OUT', 'IN_STOCK', 47, 146);
INSERT INTO BOOK(book_id, condition, state, edition_id, line_id) VALUES(1559, 'PERFECT', 'IN_STOCK', 47, 179);
INSERT INTO BOOK(book_id, condition, state, edition_id, line_id) VALUES(1560, 'WORN_OUT', 'IN_STOCK', 47, 163);
INSERT INTO BOOK(book_id, condition, state, edition_id, line_id) VALUES(1561, 'PERFECT', 'IN_STOCK', 47, 258);
INSERT INTO BOOK(book_id, condition, state, edition_id, line_id) VALUES(1562, 'WORN_OUT', 'IN_STOCK', 47, 83);
INSERT INTO BOOK(book_id, condition, state, edition_id, line_id) VALUES(1563, 'PERFECT', 'IN_STOCK', 47, 105);
INSERT INTO BOOK(book_id, condition, state, edition_id, line_id) VALUES(1564, 'UNUSABLE', 'REFURBISHMENT', 47, 308);
INSERT INTO BOOK(book_id, condition, state, edition_id, line_id) VALUES(1565, 'PERFECT', 'IN_STOCK', 47, 331);
INSERT INTO BOOK(book_id, condition, state, edition_id, line_id) VALUES(1566, 'PERFECT', 'IN_STOCK', 47, 53);
INSERT INTO BOOK(book_id, condition, state, edition_id, line_id) VALUES(1567, 'WORN_OUT', 'REFURBISHMENT', 47, 186);
INSERT INTO BOOK(book_id, condition, state, edition_id, line_id) VALUES(1568, 'PERFECT', 'IN_STOCK', 47, 296);
INSERT INTO BOOK(book_id, condition, state, edition_id, line_id) VALUES(1569, 'WORN_OUT', 'IN_STOCK', 47, 134);
INSERT INTO BOOK(book_id, condition, state, edition_id, line_id) VALUES(1570, 'PERFECT', 'IN_STOCK', 47, 217);
INSERT INTO BOOK(book_id, condition, state, edition_id, line_id) VALUES(1571, 'WORN_OUT', 'IN_STOCK', 47, 120);
INSERT INTO BOOK(book_id, condition, state, edition_id, line_id) VALUES(1572, 'WORN_OUT', 'IN_STOCK', 47, 73);
INSERT INTO BOOK(book_id, condition, state, edition_id, line_id) VALUES(1573, 'PERFECT', 'REFURBISHMENT', 47, 211);
INSERT INTO BOOK(book_id, condition, state, edition_id, line_id) VALUES(1574, 'PERFECT', 'IN_STOCK', 47, 72);
INSERT INTO BOOK(book_id, condition, state, edition_id, line_id) VALUES(1575, 'PERFECT', 'REFURBISHMENT', 47, 170);
INSERT INTO BOOK(book_id, condition, state, edition_id, line_id) VALUES(1576, 'DAMAGED', 'IN_STOCK', 47, 177);
INSERT INTO BOOK(book_id, condition, state, edition_id, line_id) VALUES(1577, 'WORN_OUT', 'REFURBISHMENT', 47, 167);
INSERT INTO BOOK(book_id, condition, state, edition_id, line_id) VALUES(1578, 'PERFECT', 'IN_STOCK', 47, 335);
INSERT INTO BOOK(book_id, condition, state, edition_id, line_id) VALUES(1579, 'PERFECT', 'REFURBISHMENT', 47, 316);
INSERT INTO BOOK(book_id, condition, state, edition_id, line_id) VALUES(1580, 'DAMAGED', 'MISSING', 47, 0);
INSERT INTO BOOK(book_id, condition, state, edition_id, line_id) VALUES(1581, 'PERFECT', 'IN_STOCK', 47, 91);
INSERT INTO BOOK(book_id, condition, state, edition_id, line_id) VALUES(1582, 'PERFECT', 'IN_STOCK', 47, 88);
INSERT INTO BOOK(book_id, condition, state, edition_id, line_id) VALUES(1583, 'UNUSABLE', 'MISSING', 48, 157);
INSERT INTO BOOK(book_id, condition, state, edition_id, line_id) VALUES(1584, 'PERFECT', 'IN_STOCK', 48, 7);
INSERT INTO BOOK(book_id, condition, state, edition_id, line_id) VALUES(1585, 'PERFECT', 'REFURBISHMENT', 48, 105);
INSERT INTO BOOK(book_id, condition, state, edition_id, line_id) VALUES(1586, 'WORN_OUT', 'IN_STOCK', 48, 184);
INSERT INTO BOOK(book_id, condition, state, edition_id, line_id) VALUES(1587, 'PERFECT', 'IN_STOCK', 48, 17);
INSERT INTO BOOK(book_id, condition, state, edition_id, line_id) VALUES(1588, 'PERFECT', 'REFURBISHMENT', 48, 220);
INSERT INTO BOOK(book_id, condition, state, edition_id, line_id) VALUES(1589, 'WORN_OUT', 'IN_STOCK', 48, 36);
INSERT INTO BOOK(book_id, condition, state, edition_id, line_id) VALUES(1590, 'PERFECT', 'IN_STOCK', 48, 264);
INSERT INTO BOOK(book_id, condition, state, edition_id, line_id) VALUES(1591, 'WORN_OUT', 'IN_STOCK', 48, 227);
INSERT INTO BOOK(book_id, condition, state, edition_id, line_id) VALUES(1592, 'PERFECT', 'REFURBISHMENT', 48, 67);
INSERT INTO BOOK(book_id, condition, state, edition_id, line_id) VALUES(1593, 'PERFECT', 'REFURBISHMENT', 48, 279);
INSERT INTO BOOK(book_id, condition, state, edition_id, line_id) VALUES(1594, 'WORN_OUT', 'MISSING', 48, 14);
INSERT INTO BOOK(book_id, condition, state, edition_id, line_id) VALUES(1595, 'WORN_OUT', 'IN_STOCK', 48, 93);
INSERT INTO BOOK(book_id, condition, state, edition_id, line_id) VALUES(1596, 'PERFECT', 'REFURBISHMENT', 48, 289);
INSERT INTO BOOK(book_id, condition, state, edition_id, line_id) VALUES(1597, 'PERFECT', 'IN_STOCK', 48, 283);
INSERT INTO BOOK(book_id, condition, state, edition_id, line_id) VALUES(1598, 'PERFECT', 'IN_STOCK', 48, 158);
INSERT INTO BOOK(book_id, condition, state, edition_id, line_id) VALUES(1599, 'PERFECT', 'REFURBISHMENT', 48, 202);
INSERT INTO BOOK(book_id, condition, state, edition_id, line_id) VALUES(1600, 'UNUSABLE', 'MISSING', 48, 16);
INSERT INTO BOOK(book_id, condition, state, edition_id, line_id) VALUES(1601, 'UNUSABLE', 'MISSING', 49, 65);
INSERT INTO BOOK(book_id, condition, state, edition_id, line_id) VALUES(1602, 'PERFECT', 'REFURBISHMENT', 49, 126);
INSERT INTO BOOK(book_id, condition, state, edition_id, line_id) VALUES(1603, 'WORN_OUT', 'MISSING', 49, 299);
INSERT INTO BOOK(book_id, condition, state, edition_id, line_id) VALUES(1604, 'PERFECT', 'IN_STOCK', 49, 63);
INSERT INTO BOOK(book_id, condition, state, edition_id, line_id) VALUES(1605, 'UNUSABLE', 'IN_STOCK', 49, 215);
INSERT INTO BOOK(book_id, condition, state, edition_id, line_id) VALUES(1606, 'PERFECT', 'IN_STOCK', 49, 299);
INSERT INTO BOOK(book_id, condition, state, edition_id, line_id) VALUES(1607, 'PERFECT', 'MISSING', 49, 17);
INSERT INTO BOOK(book_id, condition, state, edition_id, line_id) VALUES(1608, 'WORN_OUT', 'MISSING', 49, 234);
INSERT INTO BOOK(book_id, condition, state, edition_id, line_id) VALUES(1609, 'DAMAGED', 'IN_STOCK', 49, 30);
INSERT INTO BOOK(book_id, condition, state, edition_id, line_id) VALUES(1610, 'UNUSABLE', 'REFURBISHMENT', 49, 76);
INSERT INTO BOOK(book_id, condition, state, edition_id, line_id) VALUES(1611, 'UNUSABLE', 'IN_STOCK', 49, 221);
INSERT INTO BOOK(book_id, condition, state, edition_id, line_id) VALUES(1612, 'PERFECT', 'MISSING', 50, 100);
INSERT INTO BOOK(book_id, condition, state, edition_id, line_id) VALUES(1613, 'WORN_OUT', 'IN_STOCK', 50, 269);
INSERT INTO BOOK(book_id, condition, state, edition_id, line_id) VALUES(1614, 'WORN_OUT', 'IN_STOCK', 50, 218);
INSERT INTO BOOK(book_id, condition, state, edition_id, line_id) VALUES(1615, 'DAMAGED', 'IN_STOCK', 50, 8);
INSERT INTO BOOK(book_id, condition, state, edition_id, line_id) VALUES(1616, 'PERFECT', 'MISSING', 50, 271);
INSERT INTO BOOK(book_id, condition, state, edition_id, line_id) VALUES(1617, 'PERFECT', 'MISSING', 50, 343);
INSERT INTO BOOK(book_id, condition, state, edition_id, line_id) VALUES(1618, 'UNUSABLE', 'IN_STOCK', 50, 37);
INSERT INTO BOOK(book_id, condition, state, edition_id, line_id) VALUES(1619, 'DAMAGED', 'IN_STOCK', 50, 212);
INSERT INTO BOOK(book_id, condition, state, edition_id, line_id) VALUES(1620, 'WORN_OUT', 'IN_STOCK', 50, 200);
INSERT INTO BOOK(book_id, condition, state, edition_id, line_id) VALUES(1621, 'PERFECT', 'IN_STOCK', 50, 82);
INSERT INTO BOOK(book_id, condition, state, edition_id, line_id) VALUES(1622, 'PERFECT', 'IN_STOCK', 50, 187);
INSERT INTO BOOK(book_id, condition, state, edition_id, line_id) VALUES(1623, 'WORN_OUT', 'IN_STOCK', 50, 273);
INSERT INTO BOOK(book_id, condition, state, edition_id, line_id) VALUES(1624, 'PERFECT', 'IN_STOCK', 50, 29);
INSERT INTO BOOK(book_id, condition, state, edition_id, line_id) VALUES(1625, 'WORN_OUT', 'REFURBISHMENT', 50, 134);
INSERT INTO BOOK(book_id, condition, state, edition_id, line_id) VALUES(1626, 'PERFECT', 'IN_STOCK', 51, 308);
INSERT INTO BOOK(book_id, condition, state, edition_id, line_id) VALUES(1627, 'PERFECT', 'IN_STOCK', 51, 69);
INSERT INTO BOOK(book_id, condition, state, edition_id, line_id) VALUES(1628, 'UNUSABLE', 'REFURBISHMENT', 51, 108);
INSERT INTO BOOK(book_id, condition, state, edition_id, line_id) VALUES(1629, 'PERFECT', 'IN_STOCK', 51, 349);
INSERT INTO BOOK(book_id, condition, state, edition_id, line_id) VALUES(1630, 'PERFECT', 'IN_STOCK', 51, 298);
INSERT INTO BOOK(book_id, condition, state, edition_id, line_id) VALUES(1631, 'PERFECT', 'REFURBISHMENT', 51, 83);
INSERT INTO BOOK(book_id, condition, state, edition_id, line_id) VALUES(1632, 'WORN_OUT', 'IN_STOCK', 51, 43);
INSERT INTO BOOK(book_id, condition, state, edition_id, line_id) VALUES(1633, 'PERFECT', 'IN_STOCK', 51, 348);
INSERT INTO BOOK(book_id, condition, state, edition_id, line_id) VALUES(1634, 'PERFECT', 'IN_STOCK', 51, 297);
INSERT INTO BOOK(book_id, condition, state, edition_id, line_id) VALUES(1635, 'WORN_OUT', 'IN_STOCK', 51, 265);
INSERT INTO BOOK(book_id, condition, state, edition_id, line_id) VALUES(1636, 'PERFECT', 'IN_STOCK', 51, 285);
INSERT INTO BOOK(book_id, condition, state, edition_id, line_id) VALUES(1637, 'PERFECT', 'REFURBISHMENT', 51, 144);
INSERT INTO BOOK(book_id, condition, state, edition_id, line_id) VALUES(1638, 'PERFECT', 'MISSING', 52, 85);
INSERT INTO BOOK(book_id, condition, state, edition_id, line_id) VALUES(1639, 'PERFECT', 'IN_STOCK', 52, 217);
INSERT INTO BOOK(book_id, condition, state, edition_id, line_id) VALUES(1640, 'WORN_OUT', 'IN_STOCK', 52, 272);
INSERT INTO BOOK(book_id, condition, state, edition_id, line_id) VALUES(1641, 'PERFECT', 'IN_STOCK', 52, 337);
INSERT INTO BOOK(book_id, condition, state, edition_id, line_id) VALUES(1642, 'DAMAGED', 'IN_STOCK', 52, 308);
INSERT INTO BOOK(book_id, condition, state, edition_id, line_id) VALUES(1643, 'PERFECT', 'IN_STOCK', 52, 82);
INSERT INTO BOOK(book_id, condition, state, edition_id, line_id) VALUES(1644, 'PERFECT', 'REFURBISHMENT', 52, 215);
INSERT INTO BOOK(book_id, condition, state, edition_id, line_id) VALUES(1645, 'UNUSABLE', 'IN_STOCK', 52, 267);
INSERT INTO BOOK(book_id, condition, state, edition_id, line_id) VALUES(1646, 'PERFECT', 'IN_STOCK', 52, 175);
INSERT INTO BOOK(book_id, condition, state, edition_id, line_id) VALUES(1647, 'WORN_OUT', 'IN_STOCK', 52, 121);
INSERT INTO BOOK(book_id, condition, state, edition_id, line_id) VALUES(1648, 'WORN_OUT', 'IN_STOCK', 52, 59);
INSERT INTO BOOK(book_id, condition, state, edition_id, line_id) VALUES(1649, 'WORN_OUT', 'REFURBISHMENT', 52, 287);
INSERT INTO BOOK(book_id, condition, state, edition_id, line_id) VALUES(1650, 'DAMAGED', 'IN_STOCK', 52, 1);
INSERT INTO BOOK(book_id, condition, state, edition_id, line_id) VALUES(1651, 'UNUSABLE', 'MISSING', 52, 242);
INSERT INTO BOOK(book_id, condition, state, edition_id, line_id) VALUES(1652, 'DAMAGED', 'IN_STOCK', 52, 231);
INSERT INTO BOOK(book_id, condition, state, edition_id, line_id) VALUES(1653, 'PERFECT', 'REFURBISHMENT', 52, 211);
INSERT INTO BOOK(book_id, condition, state, edition_id, line_id) VALUES(1654, 'PERFECT', 'IN_STOCK', 52, 259);
INSERT INTO BOOK(book_id, condition, state, edition_id, line_id) VALUES(1655, 'UNUSABLE', 'IN_STOCK', 52, 346);
INSERT INTO BOOK(book_id, condition, state, edition_id, line_id) VALUES(1656, 'PERFECT', 'IN_STOCK', 52, 313);
INSERT INTO BOOK(book_id, condition, state, edition_id, line_id) VALUES(1657, 'DAMAGED', 'IN_STOCK', 52, 261);
INSERT INTO BOOK(book_id, condition, state, edition_id, line_id) VALUES(1658, 'WORN_OUT', 'IN_STOCK', 52, 210);
INSERT INTO BOOK(book_id, condition, state, edition_id, line_id) VALUES(1659, 'UNUSABLE', 'IN_STOCK', 52, 204);
INSERT INTO BOOK(book_id, condition, state, edition_id, line_id) VALUES(1660, 'WORN_OUT', 'IN_STOCK', 52, 325);
INSERT INTO BOOK(book_id, condition, state, edition_id, line_id) VALUES(1661, 'WORN_OUT', 'IN_STOCK', 52, 229);
INSERT INTO BOOK(book_id, condition, state, edition_id, line_id) VALUES(1662, 'PERFECT', 'IN_STOCK', 52, 48);
INSERT INTO BOOK(book_id, condition, state, edition_id, line_id) VALUES(1663, 'UNUSABLE', 'REFURBISHMENT', 52, 317);
INSERT INTO BOOK(book_id, condition, state, edition_id, line_id) VALUES(1664, 'PERFECT', 'IN_STOCK', 52, 243);
INSERT INTO BOOK(book_id, condition, state, edition_id, line_id) VALUES(1665, 'PERFECT', 'IN_STOCK', 52, 224);
INSERT INTO BOOK(book_id, condition, state, edition_id, line_id) VALUES(1666, 'PERFECT', 'MISSING', 52, 248);
INSERT INTO BOOK(book_id, condition, state, edition_id, line_id) VALUES(1667, 'PERFECT', 'IN_STOCK', 52, 229);
INSERT INTO BOOK(book_id, condition, state, edition_id, line_id) VALUES(1668, 'PERFECT', 'IN_STOCK', 52, 350);
INSERT INTO BOOK(book_id, condition, state, edition_id, line_id) VALUES(1669, 'PERFECT', 'IN_STOCK', 52, 147);
INSERT INTO BOOK(book_id, condition, state, edition_id, line_id) VALUES(1670, 'WORN_OUT', 'REFURBISHMENT', 52, 120);
INSERT INTO BOOK(book_id, condition, state, edition_id, line_id) VALUES(1671, 'PERFECT', 'IN_STOCK', 52, 63);
INSERT INTO BOOK(book_id, condition, state, edition_id, line_id) VALUES(1672, 'PERFECT', 'IN_STOCK', 52, 137);
INSERT INTO BOOK(book_id, condition, state, edition_id, line_id) VALUES(1673, 'DAMAGED', 'MISSING', 52, 5);
INSERT INTO BOOK(book_id, condition, state, edition_id, line_id) VALUES(1674, 'PERFECT', 'REFURBISHMENT', 52, 141);
INSERT INTO BOOK(book_id, condition, state, edition_id, line_id) VALUES(1675, 'PERFECT', 'IN_STOCK', 52, 155);
INSERT INTO BOOK(book_id, condition, state, edition_id, line_id) VALUES(1676, 'UNUSABLE', 'IN_STOCK', 52, 132);
INSERT INTO BOOK(book_id, condition, state, edition_id, line_id) VALUES(1677, 'DAMAGED', 'IN_STOCK', 52, 361);
INSERT INTO BOOK(book_id, condition, state, edition_id, line_id) VALUES(1678, 'PERFECT', 'IN_STOCK', 52, 72);
INSERT INTO BOOK(book_id, condition, state, edition_id, line_id) VALUES(1679, 'PERFECT', 'IN_STOCK', 52, 348);
INSERT INTO BOOK(book_id, condition, state, edition_id, line_id) VALUES(1680, 'PERFECT', 'IN_STOCK', 52, 103);
INSERT INTO BOOK(book_id, condition, state, edition_id, line_id) VALUES(1681, 'PERFECT', 'IN_STOCK', 52, 339);
INSERT INTO BOOK(book_id, condition, state, edition_id, line_id) VALUES(1682, 'PERFECT', 'IN_STOCK', 52, 228);
INSERT INTO BOOK(book_id, condition, state, edition_id, line_id) VALUES(1683, 'DAMAGED', 'REFURBISHMENT', 52, 15);
INSERT INTO BOOK(book_id, condition, state, edition_id, line_id) VALUES(1684, 'WORN_OUT', 'IN_STOCK', 52, 47);
INSERT INTO BOOK(book_id, condition, state, edition_id, line_id) VALUES(1685, 'PERFECT', 'REFURBISHMENT', 52, 1);
INSERT INTO BOOK(book_id, condition, state, edition_id, line_id) VALUES(1686, 'PERFECT', 'REFURBISHMENT', 52, 270);
INSERT INTO BOOK(book_id, condition, state, edition_id, line_id) VALUES(1687, 'DAMAGED', 'IN_STOCK', 52, 278);
INSERT INTO BOOK(book_id, condition, state, edition_id, line_id) VALUES(1688, 'PERFECT', 'IN_STOCK', 52, 57);
INSERT INTO BOOK(book_id, condition, state, edition_id, line_id) VALUES(1689, 'UNUSABLE', 'IN_STOCK', 52, 334);
INSERT INTO BOOK(book_id, condition, state, edition_id, line_id) VALUES(1690, 'WORN_OUT', 'IN_STOCK', 52, 328);
INSERT INTO BOOK(book_id, condition, state, edition_id, line_id) VALUES(1691, 'DAMAGED', 'MISSING', 52, 290);
INSERT INTO BOOK(book_id, condition, state, edition_id, line_id) VALUES(1692, 'PERFECT', 'IN_STOCK', 52, 109);
INSERT INTO BOOK(book_id, condition, state, edition_id, line_id) VALUES(1693, 'PERFECT', 'REFURBISHMENT', 52, 249);
INSERT INTO BOOK(book_id, condition, state, edition_id, line_id) VALUES(1694, 'PERFECT', 'IN_STOCK', 52, 213);
INSERT INTO BOOK(book_id, condition, state, edition_id, line_id) VALUES(1695, 'WORN_OUT', 'REFURBISHMENT', 52, 88);
INSERT INTO BOOK(book_id, condition, state, edition_id, line_id) VALUES(1696, 'PERFECT', 'REFURBISHMENT', 52, 89);
INSERT INTO BOOK(book_id, condition, state, edition_id, line_id) VALUES(1697, 'WORN_OUT', 'IN_STOCK', 53, 81);
INSERT INTO BOOK(book_id, condition, state, edition_id, line_id) VALUES(1698, 'WORN_OUT', 'IN_STOCK', 53, 263);
INSERT INTO BOOK(book_id, condition, state, edition_id, line_id) VALUES(1699, 'DAMAGED', 'IN_STOCK', 53, 285);
INSERT INTO BOOK(book_id, condition, state, edition_id, line_id) VALUES(1700, 'PERFECT', 'IN_STOCK', 53, 291);
INSERT INTO BOOK(book_id, condition, state, edition_id, line_id) VALUES(1701, 'PERFECT', 'IN_STOCK', 53, 205);
INSERT INTO BOOK(book_id, condition, state, edition_id, line_id) VALUES(1702, 'PERFECT', 'IN_STOCK', 53, 142);
INSERT INTO BOOK(book_id, condition, state, edition_id, line_id) VALUES(1703, 'WORN_OUT', 'IN_STOCK', 53, 228);
INSERT INTO BOOK(book_id, condition, state, edition_id, line_id) VALUES(1704, 'UNUSABLE', 'IN_STOCK', 53, 149);
INSERT INTO BOOK(book_id, condition, state, edition_id, line_id) VALUES(1705, 'PERFECT', 'MISSING', 53, 205);
INSERT INTO BOOK(book_id, condition, state, edition_id, line_id) VALUES(1706, 'PERFECT', 'IN_STOCK', 53, 297);
INSERT INTO BOOK(book_id, condition, state, edition_id, line_id) VALUES(1707, 'WORN_OUT', 'IN_STOCK', 53, 0);
INSERT INTO BOOK(book_id, condition, state, edition_id, line_id) VALUES(1708, 'PERFECT', 'REFURBISHMENT', 53, 310);
INSERT INTO BOOK(book_id, condition, state, edition_id, line_id) VALUES(1709, 'DAMAGED', 'MISSING', 53, 136);
INSERT INTO BOOK(book_id, condition, state, edition_id, line_id) VALUES(1710, 'PERFECT', 'IN_STOCK', 53, 339);
INSERT INTO BOOK(book_id, condition, state, edition_id, line_id) VALUES(1711, 'DAMAGED', 'IN_STOCK', 53, 109);
INSERT INTO BOOK(book_id, condition, state, edition_id, line_id) VALUES(1712, 'WORN_OUT', 'REFURBISHMENT', 53, 166);
INSERT INTO BOOK(book_id, condition, state, edition_id, line_id) VALUES(1713, 'UNUSABLE', 'IN_STOCK', 53, 191);
INSERT INTO BOOK(book_id, condition, state, edition_id, line_id) VALUES(1714, 'PERFECT', 'IN_STOCK', 53, 43);
INSERT INTO BOOK(book_id, condition, state, edition_id, line_id) VALUES(1715, 'PERFECT', 'IN_STOCK', 53, 4);
INSERT INTO BOOK(book_id, condition, state, edition_id, line_id) VALUES(1716, 'DAMAGED', 'IN_STOCK', 53, 277);
INSERT INTO BOOK(book_id, condition, state, edition_id, line_id) VALUES(1717, 'PERFECT', 'IN_STOCK', 53, 361);
INSERT INTO BOOK(book_id, condition, state, edition_id, line_id) VALUES(1718, 'WORN_OUT', 'IN_STOCK', 53, 318);
INSERT INTO BOOK(book_id, condition, state, edition_id, line_id) VALUES(1719, 'WORN_OUT', 'IN_STOCK', 53, 318);
INSERT INTO BOOK(book_id, condition, state, edition_id, line_id) VALUES(1720, 'UNUSABLE', 'REFURBISHMENT', 53, 30);
INSERT INTO BOOK(book_id, condition, state, edition_id, line_id) VALUES(1721, 'PERFECT', 'IN_STOCK', 53, 303);
INSERT INTO BOOK(book_id, condition, state, edition_id, line_id) VALUES(1722, 'UNUSABLE', 'IN_STOCK', 53, 279);
INSERT INTO BOOK(book_id, condition, state, edition_id, line_id) VALUES(1723, 'PERFECT', 'IN_STOCK', 53, 88);
INSERT INTO BOOK(book_id, condition, state, edition_id, line_id) VALUES(1724, 'PERFECT', 'IN_STOCK', 53, 145);
INSERT INTO BOOK(book_id, condition, state, edition_id, line_id) VALUES(1725, 'WORN_OUT', 'IN_STOCK', 53, 326);
INSERT INTO BOOK(book_id, condition, state, edition_id, line_id) VALUES(1726, 'WORN_OUT', 'IN_STOCK', 53, 244);
INSERT INTO BOOK(book_id, condition, state, edition_id, line_id) VALUES(1727, 'PERFECT', 'IN_STOCK', 53, 348);
INSERT INTO BOOK(book_id, condition, state, edition_id, line_id) VALUES(1728, 'PERFECT', 'IN_STOCK', 53, 109);
INSERT INTO BOOK(book_id, condition, state, edition_id, line_id) VALUES(1729, 'PERFECT', 'IN_STOCK', 53, 250);
INSERT INTO BOOK(book_id, condition, state, edition_id, line_id) VALUES(1730, 'UNUSABLE', 'IN_STOCK', 53, 3);
INSERT INTO BOOK(book_id, condition, state, edition_id, line_id) VALUES(1731, 'PERFECT', 'IN_STOCK', 53, 152);
INSERT INTO BOOK(book_id, condition, state, edition_id, line_id) VALUES(1732, 'PERFECT', 'IN_STOCK', 53, 289);
INSERT INTO BOOK(book_id, condition, state, edition_id, line_id) VALUES(1733, 'PERFECT', 'IN_STOCK', 53, 158);
INSERT INTO BOOK(book_id, condition, state, edition_id, line_id) VALUES(1734, 'PERFECT', 'IN_STOCK', 53, 146);
INSERT INTO BOOK(book_id, condition, state, edition_id, line_id) VALUES(1735, 'PERFECT', 'IN_STOCK', 53, 319);
INSERT INTO BOOK(book_id, condition, state, edition_id, line_id) VALUES(1736, 'PERFECT', 'MISSING', 53, 127);
INSERT INTO BOOK(book_id, condition, state, edition_id, line_id) VALUES(1737, 'WORN_OUT', 'IN_STOCK', 53, 345);
INSERT INTO BOOK(book_id, condition, state, edition_id, line_id) VALUES(1738, 'DAMAGED', 'IN_STOCK', 53, 151);
INSERT INTO BOOK(book_id, condition, state, edition_id, line_id) VALUES(1739, 'DAMAGED', 'IN_STOCK', 53, 103);
INSERT INTO BOOK(book_id, condition, state, edition_id, line_id) VALUES(1740, 'DAMAGED', 'REFURBISHMENT', 54, 186);
INSERT INTO BOOK(book_id, condition, state, edition_id, line_id) VALUES(1741, 'WORN_OUT', 'IN_STOCK', 54, 306);
INSERT INTO BOOK(book_id, condition, state, edition_id, line_id) VALUES(1742, 'UNUSABLE', 'IN_STOCK', 54, 230);
INSERT INTO BOOK(book_id, condition, state, edition_id, line_id) VALUES(1743, 'PERFECT', 'IN_STOCK', 54, 302);
INSERT INTO BOOK(book_id, condition, state, edition_id, line_id) VALUES(1744, 'WORN_OUT', 'IN_STOCK', 54, 289);
INSERT INTO BOOK(book_id, condition, state, edition_id, line_id) VALUES(1745, 'PERFECT', 'MISSING', 54, 236);
INSERT INTO BOOK(book_id, condition, state, edition_id, line_id) VALUES(1746, 'PERFECT', 'IN_STOCK', 54, 209);
INSERT INTO BOOK(book_id, condition, state, edition_id, line_id) VALUES(1747, 'PERFECT', 'IN_STOCK', 54, 158);
INSERT INTO BOOK(book_id, condition, state, edition_id, line_id) VALUES(1748, 'PERFECT', 'IN_STOCK', 54, 62);
INSERT INTO BOOK(book_id, condition, state, edition_id, line_id) VALUES(1749, 'PERFECT', 'IN_STOCK', 54, 347);
INSERT INTO BOOK(book_id, condition, state, edition_id, line_id) VALUES(1750, 'WORN_OUT', 'MISSING', 54, 106);
INSERT INTO BOOK(book_id, condition, state, edition_id, line_id) VALUES(1751, 'DAMAGED', 'IN_STOCK', 54, 98);
INSERT INTO BOOK(book_id, condition, state, edition_id, line_id) VALUES(1752, 'PERFECT', 'IN_STOCK', 54, 85);
INSERT INTO BOOK(book_id, condition, state, edition_id, line_id) VALUES(1753, 'WORN_OUT', 'REFURBISHMENT', 54, 338);
INSERT INTO BOOK(book_id, condition, state, edition_id, line_id) VALUES(1754, 'PERFECT', 'IN_STOCK', 54, 312);
INSERT INTO BOOK(book_id, condition, state, edition_id, line_id) VALUES(1755, 'PERFECT', 'IN_STOCK', 54, 193);
INSERT INTO BOOK(book_id, condition, state, edition_id, line_id) VALUES(1756, 'PERFECT', 'MISSING', 54, 336);
INSERT INTO BOOK(book_id, condition, state, edition_id, line_id) VALUES(1757, 'PERFECT', 'MISSING', 54, 321);
INSERT INTO BOOK(book_id, condition, state, edition_id, line_id) VALUES(1758, 'UNUSABLE', 'MISSING', 55, 341);
INSERT INTO BOOK(book_id, condition, state, edition_id, line_id) VALUES(1759, 'WORN_OUT', 'IN_STOCK', 55, 100);
INSERT INTO BOOK(book_id, condition, state, edition_id, line_id) VALUES(1760, 'PERFECT', 'REFURBISHMENT', 55, 274);
INSERT INTO BOOK(book_id, condition, state, edition_id, line_id) VALUES(1761, 'PERFECT', 'REFURBISHMENT', 55, 250);
INSERT INTO BOOK(book_id, condition, state, edition_id, line_id) VALUES(1762, 'PERFECT', 'MISSING', 55, 58);
INSERT INTO BOOK(book_id, condition, state, edition_id, line_id) VALUES(1763, 'PERFECT', 'REFURBISHMENT', 55, 159);
INSERT INTO BOOK(book_id, condition, state, edition_id, line_id) VALUES(1764, 'PERFECT', 'IN_STOCK', 55, 52);
INSERT INTO BOOK(book_id, condition, state, edition_id, line_id) VALUES(1765, 'WORN_OUT', 'REFURBISHMENT', 55, 360);
INSERT INTO BOOK(book_id, condition, state, edition_id, line_id) VALUES(1766, 'PERFECT', 'MISSING', 55, 195);
INSERT INTO BOOK(book_id, condition, state, edition_id, line_id) VALUES(1767, 'PERFECT', 'MISSING', 55, 272);
INSERT INTO BOOK(book_id, condition, state, edition_id, line_id) VALUES(1768, 'WORN_OUT', 'IN_STOCK', 55, 42);
INSERT INTO BOOK(book_id, condition, state, edition_id, line_id) VALUES(1769, 'PERFECT', 'IN_STOCK', 55, 308);
INSERT INTO BOOK(book_id, condition, state, edition_id, line_id) VALUES(1770, 'DAMAGED', 'REFURBISHMENT', 55, 202);
INSERT INTO BOOK(book_id, condition, state, edition_id, line_id) VALUES(1771, 'PERFECT', 'IN_STOCK', 55, 170);
INSERT INTO BOOK(book_id, condition, state, edition_id, line_id) VALUES(1772, 'PERFECT', 'IN_STOCK', 55, 52);
INSERT INTO BOOK(book_id, condition, state, edition_id, line_id) VALUES(1773, 'DAMAGED', 'IN_STOCK', 55, 351);
INSERT INTO BOOK(book_id, condition, state, edition_id, line_id) VALUES(1774, 'WORN_OUT', 'IN_STOCK', 55, 231);
INSERT INTO BOOK(book_id, condition, state, edition_id, line_id) VALUES(1775, 'PERFECT', 'IN_STOCK', 55, 259);
INSERT INTO BOOK(book_id, condition, state, edition_id, line_id) VALUES(1776, 'PERFECT', 'IN_STOCK', 55, 21);
INSERT INTO BOOK(book_id, condition, state, edition_id, line_id) VALUES(1777, 'PERFECT', 'IN_STOCK', 55, 63);
INSERT INTO BOOK(book_id, condition, state, edition_id, line_id) VALUES(1778, 'PERFECT', 'REFURBISHMENT', 55, 239);
INSERT INTO BOOK(book_id, condition, state, edition_id, line_id) VALUES(1779, 'PERFECT', 'REFURBISHMENT', 55, 169);
INSERT INTO BOOK(book_id, condition, state, edition_id, line_id) VALUES(1780, 'PERFECT', 'IN_STOCK', 55, 170);
INSERT INTO BOOK(book_id, condition, state, edition_id, line_id) VALUES(1781, 'DAMAGED', 'IN_STOCK', 55, 2);
INSERT INTO BOOK(book_id, condition, state, edition_id, line_id) VALUES(1782, 'PERFECT', 'REFURBISHMENT', 55, 233);
INSERT INTO BOOK(book_id, condition, state, edition_id, line_id) VALUES(1783, 'DAMAGED', 'IN_STOCK', 55, 163);
INSERT INTO BOOK(book_id, condition, state, edition_id, line_id) VALUES(1784, 'DAMAGED', 'REFURBISHMENT', 55, 304);
INSERT INTO BOOK(book_id, condition, state, edition_id, line_id) VALUES(1785, 'WORN_OUT', 'IN_STOCK', 55, 91);
INSERT INTO BOOK(book_id, condition, state, edition_id, line_id) VALUES(1786, 'PERFECT', 'IN_STOCK', 55, 289);
INSERT INTO BOOK(book_id, condition, state, edition_id, line_id) VALUES(1787, 'WORN_OUT', 'IN_STOCK', 55, 302);
INSERT INTO BOOK(book_id, condition, state, edition_id, line_id) VALUES(1788, 'PERFECT', 'IN_STOCK', 55, 47);
INSERT INTO BOOK(book_id, condition, state, edition_id, line_id) VALUES(1789, 'PERFECT', 'IN_STOCK', 55, 102);
INSERT INTO BOOK(book_id, condition, state, edition_id, line_id) VALUES(1790, 'DAMAGED', 'IN_STOCK', 55, 111);
INSERT INTO BOOK(book_id, condition, state, edition_id, line_id) VALUES(1791, 'PERFECT', 'REFURBISHMENT', 55, 287);
INSERT INTO BOOK(book_id, condition, state, edition_id, line_id) VALUES(1792, 'PERFECT', 'IN_STOCK', 55, 131);
INSERT INTO BOOK(book_id, condition, state, edition_id, line_id) VALUES(1793, 'DAMAGED', 'IN_STOCK', 55, 177);
INSERT INTO BOOK(book_id, condition, state, edition_id, line_id) VALUES(1794, 'PERFECT', 'IN_STOCK', 55, 131);
INSERT INTO BOOK(book_id, condition, state, edition_id, line_id) VALUES(1795, 'PERFECT', 'REFURBISHMENT', 55, 197);
INSERT INTO BOOK(book_id, condition, state, edition_id, line_id) VALUES(1796, 'DAMAGED', 'IN_STOCK', 55, 247);
INSERT INTO BOOK(book_id, condition, state, edition_id, line_id) VALUES(1797, 'PERFECT', 'REFURBISHMENT', 55, 94);
INSERT INTO BOOK(book_id, condition, state, edition_id, line_id) VALUES(1798, 'PERFECT', 'IN_STOCK', 55, 333);
INSERT INTO BOOK(book_id, condition, state, edition_id, line_id) VALUES(1799, 'WORN_OUT', 'IN_STOCK', 55, 36);
INSERT INTO BOOK(book_id, condition, state, edition_id, line_id) VALUES(1800, 'PERFECT', 'IN_STOCK', 55, 152);
INSERT INTO BOOK(book_id, condition, state, edition_id, line_id) VALUES(1801, 'DAMAGED', 'MISSING', 55, 101);
INSERT INTO BOOK(book_id, condition, state, edition_id, line_id) VALUES(1802, 'PERFECT', 'IN_STOCK', 55, 352);
INSERT INTO BOOK(book_id, condition, state, edition_id, line_id) VALUES(1803, 'PERFECT', 'MISSING', 55, 185);
INSERT INTO BOOK(book_id, condition, state, edition_id, line_id) VALUES(1804, 'WORN_OUT', 'IN_STOCK', 55, 223);
INSERT INTO BOOK(book_id, condition, state, edition_id, line_id) VALUES(1805, 'PERFECT', 'MISSING', 55, 356);
INSERT INTO BOOK(book_id, condition, state, edition_id, line_id) VALUES(1806, 'DAMAGED', 'IN_STOCK', 55, 89);
INSERT INTO BOOK(book_id, condition, state, edition_id, line_id) VALUES(1807, 'WORN_OUT', 'IN_STOCK', 55, 229);
INSERT INTO BOOK(book_id, condition, state, edition_id, line_id) VALUES(1808, 'WORN_OUT', 'REFURBISHMENT', 55, 123);
INSERT INTO BOOK(book_id, condition, state, edition_id, line_id) VALUES(1809, 'PERFECT', 'MISSING', 55, 185);
INSERT INTO BOOK(book_id, condition, state, edition_id, line_id) VALUES(1810, 'PERFECT', 'IN_STOCK', 56, 24);
INSERT INTO BOOK(book_id, condition, state, edition_id, line_id) VALUES(1811, 'WORN_OUT', 'MISSING', 56, 280);
INSERT INTO BOOK(book_id, condition, state, edition_id, line_id) VALUES(1812, 'WORN_OUT', 'IN_STOCK', 56, 39);
INSERT INTO BOOK(book_id, condition, state, edition_id, line_id) VALUES(1813, 'WORN_OUT', 'IN_STOCK', 56, 44);
INSERT INTO BOOK(book_id, condition, state, edition_id, line_id) VALUES(1814, 'PERFECT', 'REFURBISHMENT', 56, 289);
INSERT INTO BOOK(book_id, condition, state, edition_id, line_id) VALUES(1815, 'WORN_OUT', 'REFURBISHMENT', 56, 228);
INSERT INTO BOOK(book_id, condition, state, edition_id, line_id) VALUES(1816, 'UNUSABLE', 'IN_STOCK', 56, 202);
INSERT INTO BOOK(book_id, condition, state, edition_id, line_id) VALUES(1817, 'PERFECT', 'IN_STOCK', 56, 144);
INSERT INTO BOOK(book_id, condition, state, edition_id, line_id) VALUES(1818, 'WORN_OUT', 'IN_STOCK', 56, 317);
INSERT INTO BOOK(book_id, condition, state, edition_id, line_id) VALUES(1819, 'PERFECT', 'IN_STOCK', 56, 125);
INSERT INTO BOOK(book_id, condition, state, edition_id, line_id) VALUES(1820, 'PERFECT', 'IN_STOCK', 56, 23);
INSERT INTO BOOK(book_id, condition, state, edition_id, line_id) VALUES(1821, 'PERFECT', 'IN_STOCK', 56, 23);
INSERT INTO BOOK(book_id, condition, state, edition_id, line_id) VALUES(1822, 'WORN_OUT', 'IN_STOCK', 56, 174);
INSERT INTO BOOK(book_id, condition, state, edition_id, line_id) VALUES(1823, 'PERFECT', 'REFURBISHMENT', 56, 325);
INSERT INTO BOOK(book_id, condition, state, edition_id, line_id) VALUES(1824, 'WORN_OUT', 'IN_STOCK', 56, 318);
INSERT INTO BOOK(book_id, condition, state, edition_id, line_id) VALUES(1825, 'WORN_OUT', 'REFURBISHMENT', 56, 92);
INSERT INTO BOOK(book_id, condition, state, edition_id, line_id) VALUES(1826, 'WORN_OUT', 'MISSING', 56, 211);
INSERT INTO BOOK(book_id, condition, state, edition_id, line_id) VALUES(1827, 'WORN_OUT', 'IN_STOCK', 56, 363);
INSERT INTO BOOK(book_id, condition, state, edition_id, line_id) VALUES(1828, 'PERFECT', 'IN_STOCK', 56, 137);
INSERT INTO BOOK(book_id, condition, state, edition_id, line_id) VALUES(1829, 'PERFECT', 'IN_STOCK', 56, 37);
INSERT INTO BOOK(book_id, condition, state, edition_id, line_id) VALUES(1830, 'PERFECT', 'MISSING', 56, 4);
INSERT INTO BOOK(book_id, condition, state, edition_id, line_id) VALUES(1831, 'WORN_OUT', 'MISSING', 56, 331);
INSERT INTO BOOK(book_id, condition, state, edition_id, line_id) VALUES(1832, 'WORN_OUT', 'IN_STOCK', 56, 239);
INSERT INTO BOOK(book_id, condition, state, edition_id, line_id) VALUES(1833, 'DAMAGED', 'IN_STOCK', 56, 73);
INSERT INTO BOOK(book_id, condition, state, edition_id, line_id) VALUES(1834, 'DAMAGED', 'IN_STOCK', 57, 232);
INSERT INTO BOOK(book_id, condition, state, edition_id, line_id) VALUES(1835, 'WORN_OUT', 'IN_STOCK', 57, 180);
INSERT INTO BOOK(book_id, condition, state, edition_id, line_id) VALUES(1836, 'PERFECT', 'IN_STOCK', 57, 223);
INSERT INTO BOOK(book_id, condition, state, edition_id, line_id) VALUES(1837, 'UNUSABLE', 'MISSING', 57, 202);
INSERT INTO BOOK(book_id, condition, state, edition_id, line_id) VALUES(1838, 'PERFECT', 'IN_STOCK', 57, 112);
INSERT INTO BOOK(book_id, condition, state, edition_id, line_id) VALUES(1839, 'PERFECT', 'IN_STOCK', 57, 347);
INSERT INTO BOOK(book_id, condition, state, edition_id, line_id) VALUES(1840, 'PERFECT', 'MISSING', 57, 261);
INSERT INTO BOOK(book_id, condition, state, edition_id, line_id) VALUES(1841, 'PERFECT', 'MISSING', 57, 283);
INSERT INTO BOOK(book_id, condition, state, edition_id, line_id) VALUES(1842, 'PERFECT', 'IN_STOCK', 57, 170);
INSERT INTO BOOK(book_id, condition, state, edition_id, line_id) VALUES(1843, 'WORN_OUT', 'IN_STOCK', 57, 81);
INSERT INTO BOOK(book_id, condition, state, edition_id, line_id) VALUES(1844, 'PERFECT', 'REFURBISHMENT', 57, 321);
INSERT INTO BOOK(book_id, condition, state, edition_id, line_id) VALUES(1845, 'UNUSABLE', 'REFURBISHMENT', 57, 199);
INSERT INTO BOOK(book_id, condition, state, edition_id, line_id) VALUES(1846, 'WORN_OUT', 'MISSING', 57, 148);
INSERT INTO BOOK(book_id, condition, state, edition_id, line_id) VALUES(1847, 'PERFECT', 'IN_STOCK', 57, 53);
INSERT INTO BOOK(book_id, condition, state, edition_id, line_id) VALUES(1848, 'UNUSABLE', 'IN_STOCK', 57, 301);
INSERT INTO BOOK(book_id, condition, state, edition_id, line_id) VALUES(1849, 'DAMAGED', 'MISSING', 57, 352);
INSERT INTO BOOK(book_id, condition, state, edition_id, line_id) VALUES(1850, 'WORN_OUT', 'IN_STOCK', 57, 327);
INSERT INTO BOOK(book_id, condition, state, edition_id, line_id) VALUES(1851, 'DAMAGED', 'REFURBISHMENT', 57, 342);
INSERT INTO BOOK(book_id, condition, state, edition_id, line_id) VALUES(1852, 'UNUSABLE', 'IN_STOCK', 57, 83);
INSERT INTO BOOK(book_id, condition, state, edition_id, line_id) VALUES(1853, 'PERFECT', 'REFURBISHMENT', 57, 125);
INSERT INTO BOOK(book_id, condition, state, edition_id, line_id) VALUES(1854, 'UNUSABLE', 'IN_STOCK', 57, 279);
INSERT INTO BOOK(book_id, condition, state, edition_id, line_id) VALUES(1855, 'UNUSABLE', 'IN_STOCK', 57, 55);
INSERT INTO BOOK(book_id, condition, state, edition_id, line_id) VALUES(1856, 'PERFECT', 'IN_STOCK', 57, 278);
INSERT INTO BOOK(book_id, condition, state, edition_id, line_id) VALUES(1857, 'PERFECT', 'IN_STOCK', 57, 234);
INSERT INTO BOOK(book_id, condition, state, edition_id, line_id) VALUES(1858, 'WORN_OUT', 'IN_STOCK', 57, 13);
INSERT INTO BOOK(book_id, condition, state, edition_id, line_id) VALUES(1859, 'UNUSABLE', 'IN_STOCK', 57, 125);
INSERT INTO BOOK(book_id, condition, state, edition_id, line_id) VALUES(1860, 'PERFECT', 'IN_STOCK', 57, 285);
INSERT INTO BOOK(book_id, condition, state, edition_id, line_id) VALUES(1861, 'PERFECT', 'IN_STOCK', 57, 214);
INSERT INTO BOOK(book_id, condition, state, edition_id, line_id) VALUES(1862, 'WORN_OUT', 'IN_STOCK', 57, 360);
INSERT INTO BOOK(book_id, condition, state, edition_id, line_id) VALUES(1863, 'WORN_OUT', 'REFURBISHMENT', 57, 32);
INSERT INTO BOOK(book_id, condition, state, edition_id, line_id) VALUES(1864, 'PERFECT', 'IN_STOCK', 57, 360);
INSERT INTO BOOK(book_id, condition, state, edition_id, line_id) VALUES(1865, 'DAMAGED', 'IN_STOCK', 57, 67);
INSERT INTO BOOK(book_id, condition, state, edition_id, line_id) VALUES(1866, 'PERFECT', 'IN_STOCK', 57, 102);
INSERT INTO BOOK(book_id, condition, state, edition_id, line_id) VALUES(1867, 'PERFECT', 'IN_STOCK', 57, 33);
INSERT INTO BOOK(book_id, condition, state, edition_id, line_id) VALUES(1868, 'WORN_OUT', 'IN_STOCK', 57, 10);
INSERT INTO BOOK(book_id, condition, state, edition_id, line_id) VALUES(1869, 'PERFECT', 'IN_STOCK', 57, 334);
INSERT INTO BOOK(book_id, condition, state, edition_id, line_id) VALUES(1870, 'PERFECT', 'MISSING', 57, 57);
INSERT INTO BOOK(book_id, condition, state, edition_id, line_id) VALUES(1871, 'UNUSABLE', 'MISSING', 57, 48);
INSERT INTO BOOK(book_id, condition, state, edition_id, line_id) VALUES(1872, 'PERFECT', 'IN_STOCK', 57, 79);
INSERT INTO BOOK(book_id, condition, state, edition_id, line_id) VALUES(1873, 'DAMAGED', 'REFURBISHMENT', 57, 94);
INSERT INTO BOOK(book_id, condition, state, edition_id, line_id) VALUES(1874, 'PERFECT', 'IN_STOCK', 57, 237);
INSERT INTO BOOK(book_id, condition, state, edition_id, line_id) VALUES(1875, 'PERFECT', 'IN_STOCK', 57, 237);
INSERT INTO BOOK(book_id, condition, state, edition_id, line_id) VALUES(1876, 'PERFECT', 'REFURBISHMENT', 57, 74);
INSERT INTO BOOK(book_id, condition, state, edition_id, line_id) VALUES(1877, 'PERFECT', 'IN_STOCK', 57, 95);
INSERT INTO BOOK(book_id, condition, state, edition_id, line_id) VALUES(1878, 'PERFECT', 'MISSING', 57, 154);
INSERT INTO BOOK(book_id, condition, state, edition_id, line_id) VALUES(1879, 'PERFECT', 'REFURBISHMENT', 57, 186);
INSERT INTO BOOK(book_id, condition, state, edition_id, line_id) VALUES(1880, 'PERFECT', 'REFURBISHMENT', 57, 217);
INSERT INTO BOOK(book_id, condition, state, edition_id, line_id) VALUES(1881, 'PERFECT', 'MISSING', 57, 15);
INSERT INTO BOOK(book_id, condition, state, edition_id, line_id) VALUES(1882, 'PERFECT', 'REFURBISHMENT', 57, 40);
INSERT INTO BOOK(book_id, condition, state, edition_id, line_id) VALUES(1883, 'PERFECT', 'MISSING', 57, 7);
INSERT INTO BOOK(book_id, condition, state, edition_id, line_id) VALUES(1884, 'PERFECT', 'REFURBISHMENT', 57, 156);
INSERT INTO BOOK(book_id, condition, state, edition_id, line_id) VALUES(1885, 'WORN_OUT', 'IN_STOCK', 58, 106);
INSERT INTO BOOK(book_id, condition, state, edition_id, line_id) VALUES(1886, 'PERFECT', 'IN_STOCK', 58, 309);
INSERT INTO BOOK(book_id, condition, state, edition_id, line_id) VALUES(1887, 'UNUSABLE', 'REFURBISHMENT', 58, 180);
INSERT INTO BOOK(book_id, condition, state, edition_id, line_id) VALUES(1888, 'UNUSABLE', 'IN_STOCK', 58, 270);
INSERT INTO BOOK(book_id, condition, state, edition_id, line_id) VALUES(1889, 'WORN_OUT', 'IN_STOCK', 58, 154);
INSERT INTO BOOK(book_id, condition, state, edition_id, line_id) VALUES(1890, 'PERFECT', 'REFURBISHMENT', 58, 304);
INSERT INTO BOOK(book_id, condition, state, edition_id, line_id) VALUES(1891, 'UNUSABLE', 'IN_STOCK', 58, 339);
INSERT INTO BOOK(book_id, condition, state, edition_id, line_id) VALUES(1892, 'PERFECT', 'MISSING', 58, 131);
INSERT INTO BOOK(book_id, condition, state, edition_id, line_id) VALUES(1893, 'UNUSABLE', 'IN_STOCK', 58, 41);
INSERT INTO BOOK(book_id, condition, state, edition_id, line_id) VALUES(1894, 'PERFECT', 'IN_STOCK', 58, 31);
INSERT INTO BOOK(book_id, condition, state, edition_id, line_id) VALUES(1895, 'UNUSABLE', 'IN_STOCK', 58, 151);
INSERT INTO BOOK(book_id, condition, state, edition_id, line_id) VALUES(1896, 'WORN_OUT', 'REFURBISHMENT', 58, 114);
INSERT INTO BOOK(book_id, condition, state, edition_id, line_id) VALUES(1897, 'UNUSABLE', 'IN_STOCK', 58, 287);
INSERT INTO BOOK(book_id, condition, state, edition_id, line_id) VALUES(1898, 'DAMAGED', 'IN_STOCK', 58, 75);
INSERT INTO BOOK(book_id, condition, state, edition_id, line_id) VALUES(1899, 'WORN_OUT', 'IN_STOCK', 58, 4);
INSERT INTO BOOK(book_id, condition, state, edition_id, line_id) VALUES(1900, 'WORN_OUT', 'IN_STOCK', 58, 347);
INSERT INTO BOOK(book_id, condition, state, edition_id, line_id) VALUES(1901, 'PERFECT', 'MISSING', 58, 223);
INSERT INTO BOOK(book_id, condition, state, edition_id, line_id) VALUES(1902, 'WORN_OUT', 'IN_STOCK', 58, 349);
INSERT INTO BOOK(book_id, condition, state, edition_id, line_id) VALUES(1903, 'DAMAGED', 'REFURBISHMENT', 58, 22);
INSERT INTO BOOK(book_id, condition, state, edition_id, line_id) VALUES(1904, 'DAMAGED', 'IN_STOCK', 58, 100);
INSERT INTO BOOK(book_id, condition, state, edition_id, line_id) VALUES(1905, 'PERFECT', 'MISSING', 58, 210);
INSERT INTO BOOK(book_id, condition, state, edition_id, line_id) VALUES(1906, 'WORN_OUT', 'IN_STOCK', 58, 291);
INSERT INTO BOOK(book_id, condition, state, edition_id, line_id) VALUES(1907, 'WORN_OUT', 'IN_STOCK', 58, 52);
INSERT INTO BOOK(book_id, condition, state, edition_id, line_id) VALUES(1908, 'PERFECT', 'IN_STOCK', 58, 121);
INSERT INTO BOOK(book_id, condition, state, edition_id, line_id) VALUES(1909, 'WORN_OUT', 'IN_STOCK', 58, 233);
INSERT INTO BOOK(book_id, condition, state, edition_id, line_id) VALUES(1910, 'PERFECT', 'IN_STOCK', 58, 7);
INSERT INTO BOOK(book_id, condition, state, edition_id, line_id) VALUES(1911, 'PERFECT', 'REFURBISHMENT', 58, 212);
INSERT INTO BOOK(book_id, condition, state, edition_id, line_id) VALUES(1912, 'UNUSABLE', 'IN_STOCK', 58, 289);
INSERT INTO BOOK(book_id, condition, state, edition_id, line_id) VALUES(1913, 'PERFECT', 'REFURBISHMENT', 58, 277);
INSERT INTO BOOK(book_id, condition, state, edition_id, line_id) VALUES(1914, 'WORN_OUT', 'IN_STOCK', 58, 124);
INSERT INTO BOOK(book_id, condition, state, edition_id, line_id) VALUES(1915, 'PERFECT', 'IN_STOCK', 58, 256);
INSERT INTO BOOK(book_id, condition, state, edition_id, line_id) VALUES(1916, 'DAMAGED', 'IN_STOCK', 58, 3);
INSERT INTO BOOK(book_id, condition, state, edition_id, line_id) VALUES(1917, 'PERFECT', 'IN_STOCK', 58, 142);
INSERT INTO BOOK(book_id, condition, state, edition_id, line_id) VALUES(1918, 'WORN_OUT', 'IN_STOCK', 58, 228);
INSERT INTO BOOK(book_id, condition, state, edition_id, line_id) VALUES(1919, 'PERFECT', 'IN_STOCK', 58, 156);
INSERT INTO BOOK(book_id, condition, state, edition_id, line_id) VALUES(1920, 'DAMAGED', 'IN_STOCK', 58, 37);
INSERT INTO BOOK(book_id, condition, state, edition_id, line_id) VALUES(1921, 'PERFECT', 'MISSING', 58, 351);
INSERT INTO BOOK(book_id, condition, state, edition_id, line_id) VALUES(1922, 'PERFECT', 'REFURBISHMENT', 58, 328);
INSERT INTO BOOK(book_id, condition, state, edition_id, line_id) VALUES(1923, 'PERFECT', 'IN_STOCK', 58, 321);
INSERT INTO BOOK(book_id, condition, state, edition_id, line_id) VALUES(1924, 'DAMAGED', 'IN_STOCK', 58, 162);
INSERT INTO BOOK(book_id, condition, state, edition_id, line_id) VALUES(1925, 'DAMAGED', 'IN_STOCK', 58, 191);
INSERT INTO BOOK(book_id, condition, state, edition_id, line_id) VALUES(1926, 'PERFECT', 'IN_STOCK', 58, 105);
INSERT INTO BOOK(book_id, condition, state, edition_id, line_id) VALUES(1927, 'WORN_OUT', 'REFURBISHMENT', 58, 364);
INSERT INTO BOOK(book_id, condition, state, edition_id, line_id) VALUES(1928, 'PERFECT', 'IN_STOCK', 58, 279);
INSERT INTO BOOK(book_id, condition, state, edition_id, line_id) VALUES(1929, 'WORN_OUT', 'IN_STOCK', 58, 261);
INSERT INTO BOOK(book_id, condition, state, edition_id, line_id) VALUES(1930, 'PERFECT', 'IN_STOCK', 58, 264);
INSERT INTO BOOK(book_id, condition, state, edition_id, line_id) VALUES(1931, 'WORN_OUT', 'IN_STOCK', 58, 145);
INSERT INTO BOOK(book_id, condition, state, edition_id, line_id) VALUES(1932, 'DAMAGED', 'IN_STOCK', 58, 260);
INSERT INTO BOOK(book_id, condition, state, edition_id, line_id) VALUES(1933, 'PERFECT', 'IN_STOCK', 58, 35);
INSERT INTO BOOK(book_id, condition, state, edition_id, line_id) VALUES(1934, 'PERFECT', 'IN_STOCK', 58, 96);
INSERT INTO BOOK(book_id, condition, state, edition_id, line_id) VALUES(1935, 'PERFECT', 'REFURBISHMENT', 58, 194);
INSERT INTO BOOK(book_id, condition, state, edition_id, line_id) VALUES(1936, 'PERFECT', 'IN_STOCK', 58, 100);
INSERT INTO BOOK(book_id, condition, state, edition_id, line_id) VALUES(1937, 'PERFECT', 'IN_STOCK', 59, 171);
INSERT INTO BOOK(book_id, condition, state, edition_id, line_id) VALUES(1938, 'PERFECT', 'IN_STOCK', 59, 163);
INSERT INTO BOOK(book_id, condition, state, edition_id, line_id) VALUES(1939, 'PERFECT', 'REFURBISHMENT', 59, 222);
INSERT INTO BOOK(book_id, condition, state, edition_id, line_id) VALUES(1940, 'UNUSABLE', 'IN_STOCK', 59, 250);
INSERT INTO BOOK(book_id, condition, state, edition_id, line_id) VALUES(1941, 'PERFECT', 'IN_STOCK', 59, 180);
INSERT INTO BOOK(book_id, condition, state, edition_id, line_id) VALUES(1942, 'WORN_OUT', 'REFURBISHMENT', 59, 30);
INSERT INTO BOOK(book_id, condition, state, edition_id, line_id) VALUES(1943, 'PERFECT', 'IN_STOCK', 59, 337);
INSERT INTO BOOK(book_id, condition, state, edition_id, line_id) VALUES(1944, 'PERFECT', 'MISSING', 59, 139);
INSERT INTO BOOK(book_id, condition, state, edition_id, line_id) VALUES(1945, 'WORN_OUT', 'IN_STOCK', 59, 175);
INSERT INTO BOOK(book_id, condition, state, edition_id, line_id) VALUES(1946, 'WORN_OUT', 'IN_STOCK', 59, 315);
INSERT INTO BOOK(book_id, condition, state, edition_id, line_id) VALUES(1947, 'PERFECT', 'IN_STOCK', 60, 290);
INSERT INTO BOOK(book_id, condition, state, edition_id, line_id) VALUES(1948, 'PERFECT', 'REFURBISHMENT', 60, 190);
INSERT INTO BOOK(book_id, condition, state, edition_id, line_id) VALUES(1949, 'PERFECT', 'IN_STOCK', 60, 114);
INSERT INTO BOOK(book_id, condition, state, edition_id, line_id) VALUES(1950, 'UNUSABLE', 'REFURBISHMENT', 60, 315);
INSERT INTO BOOK(book_id, condition, state, edition_id, line_id) VALUES(1951, 'PERFECT', 'IN_STOCK', 60, 306);
INSERT INTO BOOK(book_id, condition, state, edition_id, line_id) VALUES(1952, 'WORN_OUT', 'IN_STOCK', 60, 337);
INSERT INTO BOOK(book_id, condition, state, edition_id, line_id) VALUES(1953, 'WORN_OUT', 'IN_STOCK', 60, 139);
INSERT INTO BOOK(book_id, condition, state, edition_id, line_id) VALUES(1954, 'DAMAGED', 'MISSING', 60, 138);
INSERT INTO BOOK(book_id, condition, state, edition_id, line_id) VALUES(1955, 'DAMAGED', 'MISSING', 60, 32);
INSERT INTO BOOK(book_id, condition, state, edition_id, line_id) VALUES(1956, 'PERFECT', 'MISSING', 60, 190);
INSERT INTO BOOK(book_id, condition, state, edition_id, line_id) VALUES(1957, 'PERFECT', 'IN_STOCK', 60, 327);
INSERT INTO BOOK(book_id, condition, state, edition_id, line_id) VALUES(1958, 'WORN_OUT', 'IN_STOCK', 60, 349);
INSERT INTO BOOK(book_id, condition, state, edition_id, line_id) VALUES(1959, 'PERFECT', 'REFURBISHMENT', 60, 243);
INSERT INTO BOOK(book_id, condition, state, edition_id, line_id) VALUES(1960, 'PERFECT', 'REFURBISHMENT', 60, 25);
INSERT INTO BOOK(book_id, condition, state, edition_id, line_id) VALUES(1961, 'PERFECT', 'IN_STOCK', 60, 60);
INSERT INTO BOOK(book_id, condition, state, edition_id, line_id) VALUES(1962, 'WORN_OUT', 'IN_STOCK', 60, 86);
INSERT INTO BOOK(book_id, condition, state, edition_id, line_id) VALUES(1963, 'PERFECT', 'IN_STOCK', 60, 203);
INSERT INTO BOOK(book_id, condition, state, edition_id, line_id) VALUES(1964, 'PERFECT', 'IN_STOCK', 60, 290);
INSERT INTO BOOK(book_id, condition, state, edition_id, line_id) VALUES(1965, 'WORN_OUT', 'MISSING', 60, 1);
INSERT INTO BOOK(book_id, condition, state, edition_id, line_id) VALUES(1966, 'PERFECT', 'IN_STOCK', 60, 197);
INSERT INTO BOOK(book_id, condition, state, edition_id, line_id) VALUES(1967, 'PERFECT', 'IN_STOCK', 60, 101);
INSERT INTO BOOK(book_id, condition, state, edition_id, line_id) VALUES(1968, 'PERFECT', 'IN_STOCK', 60, 136);
INSERT INTO BOOK(book_id, condition, state, edition_id, line_id) VALUES(1969, 'WORN_OUT', 'IN_STOCK', 60, 0);
INSERT INTO BOOK(book_id, condition, state, edition_id, line_id) VALUES(1970, 'WORN_OUT', 'MISSING', 60, 88);
INSERT INTO BOOK(book_id, condition, state, edition_id, line_id) VALUES(1971, 'PERFECT', 'IN_STOCK', 60, 64);
INSERT INTO BOOK(book_id, condition, state, edition_id, line_id) VALUES(1972, 'PERFECT', 'REFURBISHMENT', 60, 265);
INSERT INTO BOOK(book_id, condition, state, edition_id, line_id) VALUES(1973, 'DAMAGED', 'IN_STOCK', 60, 157);
INSERT INTO BOOK(book_id, condition, state, edition_id, line_id) VALUES(1974, 'WORN_OUT', 'REFURBISHMENT', 60, 289);
INSERT INTO BOOK(book_id, condition, state, edition_id, line_id) VALUES(1975, 'DAMAGED', 'MISSING', 60, 338);
INSERT INTO BOOK(book_id, condition, state, edition_id, line_id) VALUES(1976, 'PERFECT', 'IN_STOCK', 60, 60);
INSERT INTO BOOK(book_id, condition, state, edition_id, line_id) VALUES(1977, 'PERFECT', 'IN_STOCK', 60, 217);
INSERT INTO BOOK(book_id, condition, state, edition_id, line_id) VALUES(1978, 'PERFECT', 'IN_STOCK', 60, 158);
INSERT INTO BOOK(book_id, condition, state, edition_id, line_id) VALUES(1979, 'PERFECT', 'IN_STOCK', 60, 153);
INSERT INTO BOOK(book_id, condition, state, edition_id, line_id) VALUES(1980, 'UNUSABLE', 'MISSING', 60, 355);
INSERT INTO BOOK(book_id, condition, state, edition_id, line_id) VALUES(1981, 'WORN_OUT', 'REFURBISHMENT', 60, 204);
INSERT INTO BOOK(book_id, condition, state, edition_id, line_id) VALUES(1982, 'DAMAGED', 'IN_STOCK', 60, 197);
INSERT INTO BOOK(book_id, condition, state, edition_id, line_id) VALUES(1983, 'UNUSABLE', 'IN_STOCK', 60, 264);
INSERT INTO BOOK(book_id, condition, state, edition_id, line_id) VALUES(1984, 'WORN_OUT', 'IN_STOCK', 60, 14);
INSERT INTO BOOK(book_id, condition, state, edition_id, line_id) VALUES(1985, 'UNUSABLE', 'IN_STOCK', 60, 280);
INSERT INTO BOOK(book_id, condition, state, edition_id, line_id) VALUES(1986, 'PERFECT', 'MISSING', 60, 146);
INSERT INTO BOOK(book_id, condition, state, edition_id, line_id) VALUES(1987, 'PERFECT', 'MISSING', 60, 91);
INSERT INTO BOOK(book_id, condition, state, edition_id, line_id) VALUES(1988, 'WORN_OUT', 'IN_STOCK', 61, 332);
INSERT INTO BOOK(book_id, condition, state, edition_id, line_id) VALUES(1989, 'PERFECT', 'IN_STOCK', 61, 118);
INSERT INTO BOOK(book_id, condition, state, edition_id, line_id) VALUES(1990, 'PERFECT', 'IN_STOCK', 61, 127);
INSERT INTO BOOK(book_id, condition, state, edition_id, line_id) VALUES(1991, 'DAMAGED', 'MISSING', 61, 9);
INSERT INTO BOOK(book_id, condition, state, edition_id, line_id) VALUES(1992, 'DAMAGED', 'IN_STOCK', 61, 242);
INSERT INTO BOOK(book_id, condition, state, edition_id, line_id) VALUES(1993, 'PERFECT', 'IN_STOCK', 62, 357);
INSERT INTO BOOK(book_id, condition, state, edition_id, line_id) VALUES(1994, 'PERFECT', 'IN_STOCK', 62, 181);
INSERT INTO BOOK(book_id, condition, state, edition_id, line_id) VALUES(1995, 'PERFECT', 'IN_STOCK', 62, 66);
INSERT INTO BOOK(book_id, condition, state, edition_id, line_id) VALUES(1996, 'PERFECT', 'REFURBISHMENT', 62, 342);
INSERT INTO BOOK(book_id, condition, state, edition_id, line_id) VALUES(1997, 'PERFECT', 'IN_STOCK', 62, 105);
INSERT INTO BOOK(book_id, condition, state, edition_id, line_id) VALUES(1998, 'PERFECT', 'IN_STOCK', 62, 28);
INSERT INTO BOOK(book_id, condition, state, edition_id, line_id) VALUES(1999, 'UNUSABLE', 'IN_STOCK', 62, 136);
INSERT INTO BOOK(book_id, condition, state, edition_id, line_id) VALUES(2000, 'PERFECT', 'IN_STOCK', 62, 261);
INSERT INTO BOOK(book_id, condition, state, edition_id, line_id) VALUES(2001, 'PERFECT', 'IN_STOCK', 62, 52);
INSERT INTO BOOK(book_id, condition, state, edition_id, line_id) VALUES(2002, 'WORN_OUT', 'IN_STOCK', 62, 10);
INSERT INTO BOOK(book_id, condition, state, edition_id, line_id) VALUES(2003, 'DAMAGED', 'IN_STOCK', 62, 99);
INSERT INTO BOOK(book_id, condition, state, edition_id, line_id) VALUES(2004, 'WORN_OUT', 'IN_STOCK', 62, 3);
INSERT INTO BOOK(book_id, condition, state, edition_id, line_id) VALUES(2005, 'UNUSABLE', 'IN_STOCK', 62, 302);
INSERT INTO BOOK(book_id, condition, state, edition_id, line_id) VALUES(2006, 'PERFECT', 'IN_STOCK', 62, 25);
INSERT INTO BOOK(book_id, condition, state, edition_id, line_id) VALUES(2007, 'PERFECT', 'REFURBISHMENT', 62, 285);
INSERT INTO BOOK(book_id, condition, state, edition_id, line_id) VALUES(2008, 'PERFECT', 'IN_STOCK', 62, 306);
INSERT INTO BOOK(book_id, condition, state, edition_id, line_id) VALUES(2009, 'WORN_OUT', 'IN_STOCK', 62, 266);
INSERT INTO BOOK(book_id, condition, state, edition_id, line_id) VALUES(2010, 'PERFECT', 'IN_STOCK', 62, 267);
INSERT INTO BOOK(book_id, condition, state, edition_id, line_id) VALUES(2011, 'PERFECT', 'IN_STOCK', 62, 352);
INSERT INTO BOOK(book_id, condition, state, edition_id, line_id) VALUES(2012, 'UNUSABLE', 'IN_STOCK', 62, 148);
INSERT INTO BOOK(book_id, condition, state, edition_id, line_id) VALUES(2013, 'UNUSABLE', 'IN_STOCK', 63, 129);
INSERT INTO BOOK(book_id, condition, state, edition_id, line_id) VALUES(2014, 'PERFECT', 'IN_STOCK', 63, 336);
INSERT INTO BOOK(book_id, condition, state, edition_id, line_id) VALUES(2015, 'WORN_OUT', 'IN_STOCK', 63, 270);
INSERT INTO BOOK(book_id, condition, state, edition_id, line_id) VALUES(2016, 'WORN_OUT', 'REFURBISHMENT', 63, 162);
INSERT INTO BOOK(book_id, condition, state, edition_id, line_id) VALUES(2017, 'UNUSABLE', 'MISSING', 63, 229);
INSERT INTO BOOK(book_id, condition, state, edition_id, line_id) VALUES(2018, 'PERFECT', 'MISSING', 63, 107);
INSERT INTO BOOK(book_id, condition, state, edition_id, line_id) VALUES(2019, 'PERFECT', 'IN_STOCK', 63, 72);
INSERT INTO BOOK(book_id, condition, state, edition_id, line_id) VALUES(2020, 'WORN_OUT', 'REFURBISHMENT', 63, 147);
INSERT INTO BOOK(book_id, condition, state, edition_id, line_id) VALUES(2021, 'PERFECT', 'IN_STOCK', 63, 179);
INSERT INTO BOOK(book_id, condition, state, edition_id, line_id) VALUES(2022, 'PERFECT', 'MISSING', 63, 117);
INSERT INTO BOOK(book_id, condition, state, edition_id, line_id) VALUES(2023, 'PERFECT', 'IN_STOCK', 63, 304);
INSERT INTO BOOK(book_id, condition, state, edition_id, line_id) VALUES(2024, 'UNUSABLE', 'IN_STOCK', 63, 137);
INSERT INTO BOOK(book_id, condition, state, edition_id, line_id) VALUES(2025, 'PERFECT', 'REFURBISHMENT', 63, 116);
INSERT INTO BOOK(book_id, condition, state, edition_id, line_id) VALUES(2026, 'PERFECT', 'IN_STOCK', 63, 21);
INSERT INTO BOOK(book_id, condition, state, edition_id, line_id) VALUES(2027, 'WORN_OUT', 'IN_STOCK', 63, 361);
INSERT INTO BOOK(book_id, condition, state, edition_id, line_id) VALUES(2028, 'DAMAGED', 'IN_STOCK', 63, 284);
INSERT INTO BOOK(book_id, condition, state, edition_id, line_id) VALUES(2029, 'PERFECT', 'IN_STOCK', 63, 135);
INSERT INTO BOOK(book_id, condition, state, edition_id, line_id) VALUES(2030, 'WORN_OUT', 'REFURBISHMENT', 63, 84);
INSERT INTO BOOK(book_id, condition, state, edition_id, line_id) VALUES(2031, 'PERFECT', 'IN_STOCK', 63, 364);
INSERT INTO BOOK(book_id, condition, state, edition_id, line_id) VALUES(2032, 'DAMAGED', 'IN_STOCK', 63, 107);
INSERT INTO BOOK(book_id, condition, state, edition_id, line_id) VALUES(2033, 'PERFECT', 'REFURBISHMENT', 63, 360);
INSERT INTO BOOK(book_id, condition, state, edition_id, line_id) VALUES(2034, 'PERFECT', 'IN_STOCK', 63, 191);
INSERT INTO BOOK(book_id, condition, state, edition_id, line_id) VALUES(2035, 'PERFECT', 'IN_STOCK', 63, 142);
INSERT INTO BOOK(book_id, condition, state, edition_id, line_id) VALUES(2036, 'WORN_OUT', 'IN_STOCK', 63, 324);
INSERT INTO BOOK(book_id, condition, state, edition_id, line_id) VALUES(2037, 'PERFECT', 'IN_STOCK', 63, 23);
INSERT INTO BOOK(book_id, condition, state, edition_id, line_id) VALUES(2038, 'PERFECT', 'IN_STOCK', 63, 90);
INSERT INTO BOOK(book_id, condition, state, edition_id, line_id) VALUES(2039, 'PERFECT', 'IN_STOCK', 63, 50);
INSERT INTO BOOK(book_id, condition, state, edition_id, line_id) VALUES(2040, 'WORN_OUT', 'IN_STOCK', 63, 84);
INSERT INTO BOOK(book_id, condition, state, edition_id, line_id) VALUES(2041, 'UNUSABLE', 'IN_STOCK', 63, 195);
INSERT INTO BOOK(book_id, condition, state, edition_id, line_id) VALUES(2042, 'WORN_OUT', 'MISSING', 63, 301);
INSERT INTO BOOK(book_id, condition, state, edition_id, line_id) VALUES(2043, 'UNUSABLE', 'IN_STOCK', 63, 55);
INSERT INTO BOOK(book_id, condition, state, edition_id, line_id) VALUES(2044, 'PERFECT', 'IN_STOCK', 63, 238);
INSERT INTO BOOK(book_id, condition, state, edition_id, line_id) VALUES(2045, 'PERFECT', 'IN_STOCK', 63, 267);
INSERT INTO BOOK(book_id, condition, state, edition_id, line_id) VALUES(2046, 'UNUSABLE', 'MISSING', 63, 201);
INSERT INTO BOOK(book_id, condition, state, edition_id, line_id) VALUES(2047, 'UNUSABLE', 'IN_STOCK', 63, 98);
INSERT INTO BOOK(book_id, condition, state, edition_id, line_id) VALUES(2048, 'PERFECT', 'IN_STOCK', 63, 309);
INSERT INTO BOOK(book_id, condition, state, edition_id, line_id) VALUES(2049, 'PERFECT', 'REFURBISHMENT', 63, 263);
INSERT INTO BOOK(book_id, condition, state, edition_id, line_id) VALUES(2050, 'PERFECT', 'MISSING', 63, 137);
INSERT INTO BOOK(book_id, condition, state, edition_id, line_id) VALUES(2051, 'PERFECT', 'IN_STOCK', 64, 130);
INSERT INTO BOOK(book_id, condition, state, edition_id, line_id) VALUES(2052, 'PERFECT', 'IN_STOCK', 64, 278);
INSERT INTO BOOK(book_id, condition, state, edition_id, line_id) VALUES(2053, 'PERFECT', 'IN_STOCK', 64, 103);
INSERT INTO BOOK(book_id, condition, state, edition_id, line_id) VALUES(2054, 'UNUSABLE', 'IN_STOCK', 64, 329);
INSERT INTO BOOK(book_id, condition, state, edition_id, line_id) VALUES(2055, 'PERFECT', 'IN_STOCK', 64, 203);
INSERT INTO BOOK(book_id, condition, state, edition_id, line_id) VALUES(2056, 'UNUSABLE', 'REFURBISHMENT', 64, 352);
INSERT INTO BOOK(book_id, condition, state, edition_id, line_id) VALUES(2057, 'WORN_OUT', 'IN_STOCK', 64, 281);
INSERT INTO BOOK(book_id, condition, state, edition_id, line_id) VALUES(2058, 'PERFECT', 'IN_STOCK', 64, 128);
INSERT INTO BOOK(book_id, condition, state, edition_id, line_id) VALUES(2059, 'PERFECT', 'REFURBISHMENT', 64, 44);
INSERT INTO BOOK(book_id, condition, state, edition_id, line_id) VALUES(2060, 'PERFECT', 'IN_STOCK', 64, 349);
INSERT INTO BOOK(book_id, condition, state, edition_id, line_id) VALUES(2061, 'PERFECT', 'IN_STOCK', 64, 69);
INSERT INTO BOOK(book_id, condition, state, edition_id, line_id) VALUES(2062, 'DAMAGED', 'IN_STOCK', 64, 230);
INSERT INTO BOOK(book_id, condition, state, edition_id, line_id) VALUES(2063, 'UNUSABLE', 'IN_STOCK', 64, 22);
INSERT INTO BOOK(book_id, condition, state, edition_id, line_id) VALUES(2064, 'DAMAGED', 'IN_STOCK', 64, 228);
INSERT INTO BOOK(book_id, condition, state, edition_id, line_id) VALUES(2065, 'WORN_OUT', 'IN_STOCK', 64, 35);
INSERT INTO BOOK(book_id, condition, state, edition_id, line_id) VALUES(2066, 'DAMAGED', 'IN_STOCK', 64, 226);
INSERT INTO BOOK(book_id, condition, state, edition_id, line_id) VALUES(2067, 'PERFECT', 'IN_STOCK', 64, 31);
INSERT INTO BOOK(book_id, condition, state, edition_id, line_id) VALUES(2068, 'UNUSABLE', 'REFURBISHMENT', 64, 99);
INSERT INTO BOOK(book_id, condition, state, edition_id, line_id) VALUES(2069, 'PERFECT', 'IN_STOCK', 64, 20);
INSERT INTO BOOK(book_id, condition, state, edition_id, line_id) VALUES(2070, 'PERFECT', 'IN_STOCK', 64, 130);
INSERT INTO BOOK(book_id, condition, state, edition_id, line_id) VALUES(2071, 'PERFECT', 'IN_STOCK', 64, 108);
INSERT INTO BOOK(book_id, condition, state, edition_id, line_id) VALUES(2072, 'WORN_OUT', 'IN_STOCK', 64, 308);
INSERT INTO BOOK(book_id, condition, state, edition_id, line_id) VALUES(2073, 'WORN_OUT', 'REFURBISHMENT', 64, 180);
INSERT INTO BOOK(book_id, condition, state, edition_id, line_id) VALUES(2074, 'PERFECT', 'IN_STOCK', 64, 79);
INSERT INTO BOOK(book_id, condition, state, edition_id, line_id) VALUES(2075, 'PERFECT', 'IN_STOCK', 64, 30);
INSERT INTO BOOK(book_id, condition, state, edition_id, line_id) VALUES(2076, 'PERFECT', 'IN_STOCK', 64, 98);
INSERT INTO BOOK(book_id, condition, state, edition_id, line_id) VALUES(2077, 'PERFECT', 'IN_STOCK', 64, 119);
INSERT INTO BOOK(book_id, condition, state, edition_id, line_id) VALUES(2078, 'PERFECT', 'IN_STOCK', 64, 364);
INSERT INTO BOOK(book_id, condition, state, edition_id, line_id) VALUES(2079, 'PERFECT', 'MISSING', 64, 66);
INSERT INTO BOOK(book_id, condition, state, edition_id, line_id) VALUES(2080, 'PERFECT', 'MISSING', 64, 171);
INSERT INTO BOOK(book_id, condition, state, edition_id, line_id) VALUES(2081, 'PERFECT', 'IN_STOCK', 64, 238);
INSERT INTO BOOK(book_id, condition, state, edition_id, line_id) VALUES(2082, 'PERFECT', 'REFURBISHMENT', 64, 125);
INSERT INTO BOOK(book_id, condition, state, edition_id, line_id) VALUES(2083, 'PERFECT', 'IN_STOCK', 64, 33);
INSERT INTO BOOK(book_id, condition, state, edition_id, line_id) VALUES(2084, 'WORN_OUT', 'IN_STOCK', 64, 71);
INSERT INTO BOOK(book_id, condition, state, edition_id, line_id) VALUES(2085, 'UNUSABLE', 'IN_STOCK', 64, 315);
INSERT INTO BOOK(book_id, condition, state, edition_id, line_id) VALUES(2086, 'PERFECT', 'IN_STOCK', 64, 329);
INSERT INTO BOOK(book_id, condition, state, edition_id, line_id) VALUES(2087, 'WORN_OUT', 'IN_STOCK', 64, 216);
INSERT INTO BOOK(book_id, condition, state, edition_id, line_id) VALUES(2088, 'WORN_OUT', 'IN_STOCK', 64, 321);
INSERT INTO BOOK(book_id, condition, state, edition_id, line_id) VALUES(2089, 'PERFECT', 'REFURBISHMENT', 64, 317);
INSERT INTO BOOK(book_id, condition, state, edition_id, line_id) VALUES(2090, 'UNUSABLE', 'MISSING', 64, 253);
INSERT INTO BOOK(book_id, condition, state, edition_id, line_id) VALUES(2091, 'WORN_OUT', 'IN_STOCK', 64, 242);
INSERT INTO BOOK(book_id, condition, state, edition_id, line_id) VALUES(2092, 'DAMAGED', 'IN_STOCK', 64, 58);
INSERT INTO BOOK(book_id, condition, state, edition_id, line_id) VALUES(2093, 'DAMAGED', 'IN_STOCK', 64, 179);
INSERT INTO BOOK(book_id, condition, state, edition_id, line_id) VALUES(2094, 'PERFECT', 'IN_STOCK', 64, 324);
INSERT INTO BOOK(book_id, condition, state, edition_id, line_id) VALUES(2095, 'PERFECT', 'MISSING', 64, 297);
INSERT INTO BOOK(book_id, condition, state, edition_id, line_id) VALUES(2096, 'PERFECT', 'IN_STOCK', 64, 159);
INSERT INTO BOOK(book_id, condition, state, edition_id, line_id) VALUES(2097, 'PERFECT', 'IN_STOCK', 64, 321);
INSERT INTO BOOK(book_id, condition, state, edition_id, line_id) VALUES(2098, 'PERFECT', 'MISSING', 64, 154);
INSERT INTO BOOK(book_id, condition, state, edition_id, line_id) VALUES(2099, 'PERFECT', 'REFURBISHMENT', 64, 259);
INSERT INTO BOOK(book_id, condition, state, edition_id, line_id) VALUES(2100, 'PERFECT', 'MISSING', 64, 48);
INSERT INTO BOOK(book_id, condition, state, edition_id, line_id) VALUES(2101, 'PERFECT', 'IN_STOCK', 64, 315);
INSERT INTO BOOK(book_id, condition, state, edition_id, line_id) VALUES(2102, 'PERFECT', 'IN_STOCK', 64, 311);
INSERT INTO BOOK(book_id, condition, state, edition_id, line_id) VALUES(2103, 'PERFECT', 'IN_STOCK', 64, 281);
INSERT INTO BOOK(book_id, condition, state, edition_id, line_id) VALUES(2104, 'DAMAGED', 'IN_STOCK', 65, 363);
INSERT INTO BOOK(book_id, condition, state, edition_id, line_id) VALUES(2105, 'DAMAGED', 'REFURBISHMENT', 65, 212);
INSERT INTO BOOK(book_id, condition, state, edition_id, line_id) VALUES(2106, 'PERFECT', 'REFURBISHMENT', 65, 363);
INSERT INTO BOOK(book_id, condition, state, edition_id, line_id) VALUES(2107, 'DAMAGED', 'IN_STOCK', 65, 90);
INSERT INTO BOOK(book_id, condition, state, edition_id, line_id) VALUES(2108, 'WORN_OUT', 'REFURBISHMENT', 65, 256);
INSERT INTO BOOK(book_id, condition, state, edition_id, line_id) VALUES(2109, 'PERFECT', 'MISSING', 65, 127);
INSERT INTO BOOK(book_id, condition, state, edition_id, line_id) VALUES(2110, 'PERFECT', 'MISSING', 65, 264);
INSERT INTO BOOK(book_id, condition, state, edition_id, line_id) VALUES(2111, 'PERFECT', 'IN_STOCK', 65, 129);
INSERT INTO BOOK(book_id, condition, state, edition_id, line_id) VALUES(2112, 'UNUSABLE', 'IN_STOCK', 65, 184);
INSERT INTO BOOK(book_id, condition, state, edition_id, line_id) VALUES(2113, 'PERFECT', 'IN_STOCK', 65, 119);
INSERT INTO BOOK(book_id, condition, state, edition_id, line_id) VALUES(2114, 'PERFECT', 'IN_STOCK', 65, 134);
INSERT INTO BOOK(book_id, condition, state, edition_id, line_id) VALUES(2115, 'PERFECT', 'IN_STOCK', 65, 105);
INSERT INTO BOOK(book_id, condition, state, edition_id, line_id) VALUES(2116, 'PERFECT', 'IN_STOCK', 66, 211);
INSERT INTO BOOK(book_id, condition, state, edition_id, line_id) VALUES(2117, 'WORN_OUT', 'IN_STOCK', 66, 296);
INSERT INTO BOOK(book_id, condition, state, edition_id, line_id) VALUES(2118, 'WORN_OUT', 'REFURBISHMENT', 66, 45);
INSERT INTO BOOK(book_id, condition, state, edition_id, line_id) VALUES(2119, 'WORN_OUT', 'MISSING', 66, 364);
INSERT INTO BOOK(book_id, condition, state, edition_id, line_id) VALUES(2120, 'DAMAGED', 'REFURBISHMENT', 66, 270);
INSERT INTO BOOK(book_id, condition, state, edition_id, line_id) VALUES(2121, 'PERFECT', 'IN_STOCK', 66, 230);
INSERT INTO BOOK(book_id, condition, state, edition_id, line_id) VALUES(2122, 'UNUSABLE', 'IN_STOCK', 66, 262);
INSERT INTO BOOK(book_id, condition, state, edition_id, line_id) VALUES(2123, 'DAMAGED', 'IN_STOCK', 66, 137);
INSERT INTO BOOK(book_id, condition, state, edition_id, line_id) VALUES(2124, 'PERFECT', 'IN_STOCK', 66, 340);
INSERT INTO BOOK(book_id, condition, state, edition_id, line_id) VALUES(2125, 'UNUSABLE', 'IN_STOCK', 66, 279);
INSERT INTO BOOK(book_id, condition, state, edition_id, line_id) VALUES(2126, 'PERFECT', 'IN_STOCK', 66, 199);
INSERT INTO BOOK(book_id, condition, state, edition_id, line_id) VALUES(2127, 'PERFECT', 'IN_STOCK', 66, 238);
INSERT INTO BOOK(book_id, condition, state, edition_id, line_id) VALUES(2128, 'UNUSABLE', 'IN_STOCK', 66, 89);
INSERT INTO BOOK(book_id, condition, state, edition_id, line_id) VALUES(2129, 'WORN_OUT', 'MISSING', 66, 226);
INSERT INTO BOOK(book_id, condition, state, edition_id, line_id) VALUES(2130, 'PERFECT', 'IN_STOCK', 66, 38);
INSERT INTO BOOK(book_id, condition, state, edition_id, line_id) VALUES(2131, 'PERFECT', 'IN_STOCK', 66, 334);
INSERT INTO BOOK(book_id, condition, state, edition_id, line_id) VALUES(2132, 'PERFECT', 'IN_STOCK', 66, 165);
INSERT INTO BOOK(book_id, condition, state, edition_id, line_id) VALUES(2133, 'PERFECT', 'IN_STOCK', 66, 67);
INSERT INTO BOOK(book_id, condition, state, edition_id, line_id) VALUES(2134, 'PERFECT', 'IN_STOCK', 66, 274);
INSERT INTO BOOK(book_id, condition, state, edition_id, line_id) VALUES(2135, 'DAMAGED', 'REFURBISHMENT', 66, 51);
INSERT INTO BOOK(book_id, condition, state, edition_id, line_id) VALUES(2136, 'PERFECT', 'IN_STOCK', 66, 133);
INSERT INTO BOOK(book_id, condition, state, edition_id, line_id) VALUES(2137, 'UNUSABLE', 'REFURBISHMENT', 66, 288);
INSERT INTO BOOK(book_id, condition, state, edition_id, line_id) VALUES(2138, 'PERFECT', 'IN_STOCK', 66, 166);
INSERT INTO BOOK(book_id, condition, state, edition_id, line_id) VALUES(2139, 'UNUSABLE', 'MISSING', 66, 101);
INSERT INTO BOOK(book_id, condition, state, edition_id, line_id) VALUES(2140, 'PERFECT', 'IN_STOCK', 66, 114);
INSERT INTO BOOK(book_id, condition, state, edition_id, line_id) VALUES(2141, 'UNUSABLE', 'IN_STOCK', 66, 70);
INSERT INTO BOOK(book_id, condition, state, edition_id, line_id) VALUES(2142, 'PERFECT', 'MISSING', 66, 300);
INSERT INTO BOOK(book_id, condition, state, edition_id, line_id) VALUES(2143, 'PERFECT', 'IN_STOCK', 66, 63);
INSERT INTO BOOK(book_id, condition, state, edition_id, line_id) VALUES(2144, 'UNUSABLE', 'IN_STOCK', 66, 177);
INSERT INTO BOOK(book_id, condition, state, edition_id, line_id) VALUES(2145, 'WORN_OUT', 'IN_STOCK', 66, 331);
INSERT INTO BOOK(book_id, condition, state, edition_id, line_id) VALUES(2146, 'PERFECT', 'MISSING', 66, 50);
INSERT INTO BOOK(book_id, condition, state, edition_id, line_id) VALUES(2147, 'PERFECT', 'IN_STOCK', 66, 184);
INSERT INTO BOOK(book_id, condition, state, edition_id, line_id) VALUES(2148, 'UNUSABLE', 'IN_STOCK', 66, 263);
INSERT INTO BOOK(book_id, condition, state, edition_id, line_id) VALUES(2149, 'PERFECT', 'IN_STOCK', 66, 351);
INSERT INTO BOOK(book_id, condition, state, edition_id, line_id) VALUES(2150, 'UNUSABLE', 'IN_STOCK', 66, 226);
INSERT INTO BOOK(book_id, condition, state, edition_id, line_id) VALUES(2151, 'PERFECT', 'IN_STOCK', 66, 86);
INSERT INTO BOOK(book_id, condition, state, edition_id, line_id) VALUES(2152, 'DAMAGED', 'IN_STOCK', 66, 73);
INSERT INTO BOOK(book_id, condition, state, edition_id, line_id) VALUES(2153, 'WORN_OUT', 'IN_STOCK', 66, 67);
INSERT INTO BOOK(book_id, condition, state, edition_id, line_id) VALUES(2154, 'PERFECT', 'IN_STOCK', 66, 20);
INSERT INTO BOOK(book_id, condition, state, edition_id, line_id) VALUES(2155, 'PERFECT', 'IN_STOCK', 66, 77);
INSERT INTO BOOK(book_id, condition, state, edition_id, line_id) VALUES(2156, 'WORN_OUT', 'IN_STOCK', 66, 266);
INSERT INTO BOOK(book_id, condition, state, edition_id, line_id) VALUES(2157, 'PERFECT', 'IN_STOCK', 66, 294);
INSERT INTO BOOK(book_id, condition, state, edition_id, line_id) VALUES(2158, 'PERFECT', 'IN_STOCK', 66, 212);
INSERT INTO BOOK(book_id, condition, state, edition_id, line_id) VALUES(2159, 'WORN_OUT', 'IN_STOCK', 66, 126);
INSERT INTO BOOK(book_id, condition, state, edition_id, line_id) VALUES(2160, 'UNUSABLE', 'IN_STOCK', 66, 337);
INSERT INTO BOOK(book_id, condition, state, edition_id, line_id) VALUES(2161, 'WORN_OUT', 'MISSING', 66, 39);
INSERT INTO BOOK(book_id, condition, state, edition_id, line_id) VALUES(2162, 'DAMAGED', 'IN_STOCK', 66, 71);
INSERT INTO BOOK(book_id, condition, state, edition_id, line_id) VALUES(2163, 'PERFECT', 'IN_STOCK', 66, 222);
INSERT INTO BOOK(book_id, condition, state, edition_id, line_id) VALUES(2164, 'WORN_OUT', 'IN_STOCK', 66, 112);
INSERT INTO BOOK(book_id, condition, state, edition_id, line_id) VALUES(2165, 'DAMAGED', 'IN_STOCK', 66, 293);
INSERT INTO BOOK(book_id, condition, state, edition_id, line_id) VALUES(2166, 'PERFECT', 'IN_STOCK', 66, 113);
INSERT INTO BOOK(book_id, condition, state, edition_id, line_id) VALUES(2167, 'PERFECT', 'MISSING', 66, 356);
INSERT INTO BOOK(book_id, condition, state, edition_id, line_id) VALUES(2168, 'DAMAGED', 'IN_STOCK', 66, 33);
INSERT INTO BOOK(book_id, condition, state, edition_id, line_id) VALUES(2169, 'WORN_OUT', 'IN_STOCK', 66, 3);
INSERT INTO BOOK(book_id, condition, state, edition_id, line_id) VALUES(2170, 'DAMAGED', 'IN_STOCK', 66, 354);
INSERT INTO BOOK(book_id, condition, state, edition_id, line_id) VALUES(2171, 'UNUSABLE', 'IN_STOCK', 66, 12);
INSERT INTO BOOK(book_id, condition, state, edition_id, line_id) VALUES(2172, 'WORN_OUT', 'MISSING', 66, 4);
INSERT INTO BOOK(book_id, condition, state, edition_id, line_id) VALUES(2173, 'PERFECT', 'MISSING', 66, 58);
INSERT INTO BOOK(book_id, condition, state, edition_id, line_id) VALUES(2174, 'WORN_OUT', 'IN_STOCK', 66, 214);
INSERT INTO BOOK(book_id, condition, state, edition_id, line_id) VALUES(2175, 'PERFECT', 'IN_STOCK', 67, 358);
INSERT INTO BOOK(book_id, condition, state, edition_id, line_id) VALUES(2176, 'PERFECT', 'IN_STOCK', 67, 342);
INSERT INTO BOOK(book_id, condition, state, edition_id, line_id) VALUES(2177, 'PERFECT', 'IN_STOCK', 67, 305);
INSERT INTO BOOK(book_id, condition, state, edition_id, line_id) VALUES(2178, 'PERFECT', 'MISSING', 67, 12);
INSERT INTO BOOK(book_id, condition, state, edition_id, line_id) VALUES(2179, 'PERFECT', 'MISSING', 67, 304);
INSERT INTO BOOK(book_id, condition, state, edition_id, line_id) VALUES(2180, 'PERFECT', 'REFURBISHMENT', 67, 149);
INSERT INTO BOOK(book_id, condition, state, edition_id, line_id) VALUES(2181, 'WORN_OUT', 'IN_STOCK', 67, 55);
INSERT INTO BOOK(book_id, condition, state, edition_id, line_id) VALUES(2182, 'WORN_OUT', 'REFURBISHMENT', 67, 100);
INSERT INTO BOOK(book_id, condition, state, edition_id, line_id) VALUES(2183, 'UNUSABLE', 'IN_STOCK', 67, 199);
INSERT INTO BOOK(book_id, condition, state, edition_id, line_id) VALUES(2184, 'PERFECT', 'REFURBISHMENT', 67, 313);
INSERT INTO BOOK(book_id, condition, state, edition_id, line_id) VALUES(2185, 'PERFECT', 'IN_STOCK', 67, 316);
INSERT INTO BOOK(book_id, condition, state, edition_id, line_id) VALUES(2186, 'PERFECT', 'MISSING', 67, 97);
INSERT INTO BOOK(book_id, condition, state, edition_id, line_id) VALUES(2187, 'UNUSABLE', 'IN_STOCK', 67, 266);
INSERT INTO BOOK(book_id, condition, state, edition_id, line_id) VALUES(2188, 'PERFECT', 'IN_STOCK', 67, 289);
INSERT INTO BOOK(book_id, condition, state, edition_id, line_id) VALUES(2189, 'PERFECT', 'IN_STOCK', 67, 306);
INSERT INTO BOOK(book_id, condition, state, edition_id, line_id) VALUES(2190, 'PERFECT', 'IN_STOCK', 67, 94);
INSERT INTO BOOK(book_id, condition, state, edition_id, line_id) VALUES(2191, 'PERFECT', 'IN_STOCK', 67, 101);
INSERT INTO BOOK(book_id, condition, state, edition_id, line_id) VALUES(2192, 'WORN_OUT', 'IN_STOCK', 67, 165);
INSERT INTO BOOK(book_id, condition, state, edition_id, line_id) VALUES(2193, 'UNUSABLE', 'IN_STOCK', 67, 358);
INSERT INTO BOOK(book_id, condition, state, edition_id, line_id) VALUES(2194, 'DAMAGED', 'IN_STOCK', 67, 10);
INSERT INTO BOOK(book_id, condition, state, edition_id, line_id) VALUES(2195, 'PERFECT', 'IN_STOCK', 67, 238);
INSERT INTO BOOK(book_id, condition, state, edition_id, line_id) VALUES(2196, 'PERFECT', 'IN_STOCK', 67, 146);
INSERT INTO BOOK(book_id, condition, state, edition_id, line_id) VALUES(2197, 'PERFECT', 'IN_STOCK', 67, 352);
INSERT INTO BOOK(book_id, condition, state, edition_id, line_id) VALUES(2198, 'PERFECT', 'IN_STOCK', 67, 281);
INSERT INTO BOOK(book_id, condition, state, edition_id, line_id) VALUES(2199, 'PERFECT', 'REFURBISHMENT', 67, 25);
INSERT INTO BOOK(book_id, condition, state, edition_id, line_id) VALUES(2200, 'WORN_OUT', 'REFURBISHMENT', 67, 321);
INSERT INTO BOOK(book_id, condition, state, edition_id, line_id) VALUES(2201, 'PERFECT', 'IN_STOCK', 67, 114);
INSERT INTO BOOK(book_id, condition, state, edition_id, line_id) VALUES(2202, 'PERFECT', 'IN_STOCK', 67, 176);
INSERT INTO BOOK(book_id, condition, state, edition_id, line_id) VALUES(2203, 'WORN_OUT', 'REFURBISHMENT', 67, 89);
INSERT INTO BOOK(book_id, condition, state, edition_id, line_id) VALUES(2204, 'PERFECT', 'IN_STOCK', 67, 209);
INSERT INTO BOOK(book_id, condition, state, edition_id, line_id) VALUES(2205, 'PERFECT', 'IN_STOCK', 67, 36);
INSERT INTO BOOK(book_id, condition, state, edition_id, line_id) VALUES(2206, 'UNUSABLE', 'IN_STOCK', 67, 184);
INSERT INTO BOOK(book_id, condition, state, edition_id, line_id) VALUES(2207, 'PERFECT', 'IN_STOCK', 67, 320);
INSERT INTO BOOK(book_id, condition, state, edition_id, line_id) VALUES(2208, 'WORN_OUT', 'IN_STOCK', 67, 81);
INSERT INTO BOOK(book_id, condition, state, edition_id, line_id) VALUES(2209, 'WORN_OUT', 'IN_STOCK', 67, 245);
INSERT INTO BOOK(book_id, condition, state, edition_id, line_id) VALUES(2210, 'PERFECT', 'REFURBISHMENT', 67, 113);
INSERT INTO BOOK(book_id, condition, state, edition_id, line_id) VALUES(2211, 'PERFECT', 'IN_STOCK', 67, 6);
INSERT INTO BOOK(book_id, condition, state, edition_id, line_id) VALUES(2212, 'PERFECT', 'IN_STOCK', 67, 37);
INSERT INTO BOOK(book_id, condition, state, edition_id, line_id) VALUES(2213, 'WORN_OUT', 'IN_STOCK', 67, 283);
INSERT INTO BOOK(book_id, condition, state, edition_id, line_id) VALUES(2214, 'PERFECT', 'IN_STOCK', 67, 252);
INSERT INTO BOOK(book_id, condition, state, edition_id, line_id) VALUES(2215, 'PERFECT', 'MISSING', 67, 233);
INSERT INTO BOOK(book_id, condition, state, edition_id, line_id) VALUES(2216, 'WORN_OUT', 'REFURBISHMENT', 67, 315);
INSERT INTO BOOK(book_id, condition, state, edition_id, line_id) VALUES(2217, 'UNUSABLE', 'MISSING', 68, 241);
INSERT INTO BOOK(book_id, condition, state, edition_id, line_id) VALUES(2218, 'PERFECT', 'IN_STOCK', 68, 295);
INSERT INTO BOOK(book_id, condition, state, edition_id, line_id) VALUES(2219, 'UNUSABLE', 'IN_STOCK', 68, 43);
INSERT INTO BOOK(book_id, condition, state, edition_id, line_id) VALUES(2220, 'WORN_OUT', 'IN_STOCK', 68, 85);
INSERT INTO BOOK(book_id, condition, state, edition_id, line_id) VALUES(2221, 'UNUSABLE', 'IN_STOCK', 68, 296);
INSERT INTO BOOK(book_id, condition, state, edition_id, line_id) VALUES(2222, 'PERFECT', 'REFURBISHMENT', 68, 121);
INSERT INTO BOOK(book_id, condition, state, edition_id, line_id) VALUES(2223, 'WORN_OUT', 'IN_STOCK', 68, 326);
INSERT INTO BOOK(book_id, condition, state, edition_id, line_id) VALUES(2224, 'PERFECT', 'IN_STOCK', 68, 106);
INSERT INTO BOOK(book_id, condition, state, edition_id, line_id) VALUES(2225, 'UNUSABLE', 'REFURBISHMENT', 68, 236);
INSERT INTO BOOK(book_id, condition, state, edition_id, line_id) VALUES(2226, 'PERFECT', 'REFURBISHMENT', 68, 147);
INSERT INTO BOOK(book_id, condition, state, edition_id, line_id) VALUES(2227, 'UNUSABLE', 'IN_STOCK', 68, 287);
INSERT INTO BOOK(book_id, condition, state, edition_id, line_id) VALUES(2228, 'PERFECT', 'IN_STOCK', 68, 297);
INSERT INTO BOOK(book_id, condition, state, edition_id, line_id) VALUES(2229, 'UNUSABLE', 'IN_STOCK', 68, 351);
INSERT INTO BOOK(book_id, condition, state, edition_id, line_id) VALUES(2230, 'PERFECT', 'IN_STOCK', 68, 328);
INSERT INTO BOOK(book_id, condition, state, edition_id, line_id) VALUES(2231, 'DAMAGED', 'IN_STOCK', 68, 250);
INSERT INTO BOOK(book_id, condition, state, edition_id, line_id) VALUES(2232, 'DAMAGED', 'IN_STOCK', 68, 39);
INSERT INTO BOOK(book_id, condition, state, edition_id, line_id) VALUES(2233, 'PERFECT', 'IN_STOCK', 68, 300);
INSERT INTO BOOK(book_id, condition, state, edition_id, line_id) VALUES(2234, 'PERFECT', 'IN_STOCK', 68, 151);
INSERT INTO BOOK(book_id, condition, state, edition_id, line_id) VALUES(2235, 'PERFECT', 'IN_STOCK', 68, 277);
INSERT INTO BOOK(book_id, condition, state, edition_id, line_id) VALUES(2236, 'DAMAGED', 'IN_STOCK', 68, 150);
INSERT INTO BOOK(book_id, condition, state, edition_id, line_id) VALUES(2237, 'PERFECT', 'IN_STOCK', 68, 263);
INSERT INTO BOOK(book_id, condition, state, edition_id, line_id) VALUES(2238, 'UNUSABLE', 'IN_STOCK', 68, 133);
INSERT INTO BOOK(book_id, condition, state, edition_id, line_id) VALUES(2239, 'PERFECT', 'MISSING', 68, 351);
INSERT INTO BOOK(book_id, condition, state, edition_id, line_id) VALUES(2240, 'WORN_OUT', 'IN_STOCK', 68, 251);
INSERT INTO BOOK(book_id, condition, state, edition_id, line_id) VALUES(2241, 'DAMAGED', 'MISSING', 68, 269);
INSERT INTO BOOK(book_id, condition, state, edition_id, line_id) VALUES(2242, 'PERFECT', 'IN_STOCK', 68, 21);
INSERT INTO BOOK(book_id, condition, state, edition_id, line_id) VALUES(2243, 'UNUSABLE', 'IN_STOCK', 68, 356);
INSERT INTO BOOK(book_id, condition, state, edition_id, line_id) VALUES(2244, 'WORN_OUT', 'IN_STOCK', 68, 320);
INSERT INTO BOOK(book_id, condition, state, edition_id, line_id) VALUES(2245, 'PERFECT', 'IN_STOCK', 68, 42);
INSERT INTO BOOK(book_id, condition, state, edition_id, line_id) VALUES(2246, 'PERFECT', 'IN_STOCK', 68, 191);
INSERT INTO BOOK(book_id, condition, state, edition_id, line_id) VALUES(2247, 'PERFECT', 'REFURBISHMENT', 68, 308);
INSERT INTO BOOK(book_id, condition, state, edition_id, line_id) VALUES(2248, 'PERFECT', 'REFURBISHMENT', 68, 37);
INSERT INTO BOOK(book_id, condition, state, edition_id, line_id) VALUES(2249, 'PERFECT', 'IN_STOCK', 68, 14);
INSERT INTO BOOK(book_id, condition, state, edition_id, line_id) VALUES(2250, 'PERFECT', 'IN_STOCK', 68, 328);
INSERT INTO BOOK(book_id, condition, state, edition_id, line_id) VALUES(2251, 'WORN_OUT', 'IN_STOCK', 68, 83);
INSERT INTO BOOK(book_id, condition, state, edition_id, line_id) VALUES(2252, 'PERFECT', 'IN_STOCK', 68, 241);
INSERT INTO BOOK(book_id, condition, state, edition_id, line_id) VALUES(2253, 'WORN_OUT', 'IN_STOCK', 68, 277);
INSERT INTO BOOK(book_id, condition, state, edition_id, line_id) VALUES(2254, 'DAMAGED', 'IN_STOCK', 68, 49);
INSERT INTO BOOK(book_id, condition, state, edition_id, line_id) VALUES(2255, 'PERFECT', 'MISSING', 68, 106);
INSERT INTO BOOK(book_id, condition, state, edition_id, line_id) VALUES(2256, 'WORN_OUT', 'IN_STOCK', 68, 114);
INSERT INTO BOOK(book_id, condition, state, edition_id, line_id) VALUES(2257, 'DAMAGED', 'REFURBISHMENT', 69, 128);
INSERT INTO BOOK(book_id, condition, state, edition_id, line_id) VALUES(2258, 'WORN_OUT', 'MISSING', 69, 301);
INSERT INTO BOOK(book_id, condition, state, edition_id, line_id) VALUES(2259, 'PERFECT', 'REFURBISHMENT', 69, 79);
INSERT INTO BOOK(book_id, condition, state, edition_id, line_id) VALUES(2260, 'PERFECT', 'REFURBISHMENT', 69, 15);
INSERT INTO BOOK(book_id, condition, state, edition_id, line_id) VALUES(2261, 'PERFECT', 'REFURBISHMENT', 69, 40);
INSERT INTO BOOK(book_id, condition, state, edition_id, line_id) VALUES(2262, 'WORN_OUT', 'IN_STOCK', 69, 362);
INSERT INTO BOOK(book_id, condition, state, edition_id, line_id) VALUES(2263, 'WORN_OUT', 'REFURBISHMENT', 69, 137);
INSERT INTO BOOK(book_id, condition, state, edition_id, line_id) VALUES(2264, 'DAMAGED', 'REFURBISHMENT', 69, 133);
INSERT INTO BOOK(book_id, condition, state, edition_id, line_id) VALUES(2265, 'PERFECT', 'IN_STOCK', 69, 250);
INSERT INTO BOOK(book_id, condition, state, edition_id, line_id) VALUES(2266, 'PERFECT', 'REFURBISHMENT', 69, 170);
INSERT INTO BOOK(book_id, condition, state, edition_id, line_id) VALUES(2267, 'PERFECT', 'REFURBISHMENT', 69, 99);
INSERT INTO BOOK(book_id, condition, state, edition_id, line_id) VALUES(2268, 'PERFECT', 'IN_STOCK', 69, 19);
INSERT INTO BOOK(book_id, condition, state, edition_id, line_id) VALUES(2269, 'PERFECT', 'IN_STOCK', 69, 216);
INSERT INTO BOOK(book_id, condition, state, edition_id, line_id) VALUES(2270, 'DAMAGED', 'IN_STOCK', 69, 205);
INSERT INTO BOOK(book_id, condition, state, edition_id, line_id) VALUES(2271, 'WORN_OUT', 'REFURBISHMENT', 69, 68);
INSERT INTO BOOK(book_id, condition, state, edition_id, line_id) VALUES(2272, 'PERFECT', 'IN_STOCK', 69, 27);
INSERT INTO BOOK(book_id, condition, state, edition_id, line_id) VALUES(2273, 'PERFECT', 'MISSING', 69, 59);
INSERT INTO BOOK(book_id, condition, state, edition_id, line_id) VALUES(2274, 'UNUSABLE', 'IN_STOCK', 69, 314);
INSERT INTO BOOK(book_id, condition, state, edition_id, line_id) VALUES(2275, 'PERFECT', 'IN_STOCK', 69, 158);
INSERT INTO BOOK(book_id, condition, state, edition_id, line_id) VALUES(2276, 'PERFECT', 'IN_STOCK', 69, 100);
INSERT INTO BOOK(book_id, condition, state, edition_id, line_id) VALUES(2277, 'PERFECT', 'IN_STOCK', 69, 20);
INSERT INTO BOOK(book_id, condition, state, edition_id, line_id) VALUES(2278, 'PERFECT', 'IN_STOCK', 69, 272);
INSERT INTO BOOK(book_id, condition, state, edition_id, line_id) VALUES(2279, 'PERFECT', 'IN_STOCK', 69, 303);
INSERT INTO BOOK(book_id, condition, state, edition_id, line_id) VALUES(2280, 'PERFECT', 'IN_STOCK', 69, 204);
INSERT INTO BOOK(book_id, condition, state, edition_id, line_id) VALUES(2281, 'UNUSABLE', 'IN_STOCK', 69, 73);
INSERT INTO BOOK(book_id, condition, state, edition_id, line_id) VALUES(2282, 'PERFECT', 'IN_STOCK', 69, 147);
INSERT INTO BOOK(book_id, condition, state, edition_id, line_id) VALUES(2283, 'PERFECT', 'IN_STOCK', 69, 48);
INSERT INTO BOOK(book_id, condition, state, edition_id, line_id) VALUES(2284, 'PERFECT', 'IN_STOCK', 69, 286);
INSERT INTO BOOK(book_id, condition, state, edition_id, line_id) VALUES(2285, 'PERFECT', 'IN_STOCK', 69, 305);
INSERT INTO BOOK(book_id, condition, state, edition_id, line_id) VALUES(2286, 'PERFECT', 'IN_STOCK', 69, 175);
INSERT INTO BOOK(book_id, condition, state, edition_id, line_id) VALUES(2287, 'DAMAGED', 'IN_STOCK', 69, 32);
INSERT INTO BOOK(book_id, condition, state, edition_id, line_id) VALUES(2288, 'PERFECT', 'IN_STOCK', 69, 149);
INSERT INTO BOOK(book_id, condition, state, edition_id, line_id) VALUES(2289, 'PERFECT', 'IN_STOCK', 69, 31);
INSERT INTO BOOK(book_id, condition, state, edition_id, line_id) VALUES(2290, 'PERFECT', 'MISSING', 69, 258);
INSERT INTO BOOK(book_id, condition, state, edition_id, line_id) VALUES(2291, 'PERFECT', 'REFURBISHMENT', 69, 211);
INSERT INTO BOOK(book_id, condition, state, edition_id, line_id) VALUES(2292, 'PERFECT', 'IN_STOCK', 69, 40);
INSERT INTO BOOK(book_id, condition, state, edition_id, line_id) VALUES(2293, 'PERFECT', 'REFURBISHMENT', 69, 327);
INSERT INTO BOOK(book_id, condition, state, edition_id, line_id) VALUES(2294, 'PERFECT', 'IN_STOCK', 69, 216);
INSERT INTO BOOK(book_id, condition, state, edition_id, line_id) VALUES(2295, 'PERFECT', 'REFURBISHMENT', 70, 316);
INSERT INTO BOOK(book_id, condition, state, edition_id, line_id) VALUES(2296, 'PERFECT', 'MISSING', 70, 264);
INSERT INTO BOOK(book_id, condition, state, edition_id, line_id) VALUES(2297, 'PERFECT', 'MISSING', 70, 133);
INSERT INTO BOOK(book_id, condition, state, edition_id, line_id) VALUES(2298, 'WORN_OUT', 'IN_STOCK', 70, 264);
INSERT INTO BOOK(book_id, condition, state, edition_id, line_id) VALUES(2299, 'WORN_OUT', 'IN_STOCK', 70, 334);
INSERT INTO BOOK(book_id, condition, state, edition_id, line_id) VALUES(2300, 'PERFECT', 'REFURBISHMENT', 70, 209);
INSERT INTO BOOK(book_id, condition, state, edition_id, line_id) VALUES(2301, 'PERFECT', 'IN_STOCK', 70, 15);
INSERT INTO BOOK(book_id, condition, state, edition_id, line_id) VALUES(2302, 'PERFECT', 'IN_STOCK', 70, 294);
INSERT INTO BOOK(book_id, condition, state, edition_id, line_id) VALUES(2303, 'UNUSABLE', 'IN_STOCK', 70, 347);
INSERT INTO BOOK(book_id, condition, state, edition_id, line_id) VALUES(2304, 'WORN_OUT', 'IN_STOCK', 70, 225);
INSERT INTO BOOK(book_id, condition, state, edition_id, line_id) VALUES(2305, 'PERFECT', 'IN_STOCK', 70, 108);
INSERT INTO BOOK(book_id, condition, state, edition_id, line_id) VALUES(2306, 'PERFECT', 'IN_STOCK', 70, 346);
INSERT INTO BOOK(book_id, condition, state, edition_id, line_id) VALUES(2307, 'PERFECT', 'IN_STOCK', 70, 284);
INSERT INTO BOOK(book_id, condition, state, edition_id, line_id) VALUES(2308, 'UNUSABLE', 'IN_STOCK', 70, 67);
INSERT INTO BOOK(book_id, condition, state, edition_id, line_id) VALUES(2309, 'PERFECT', 'MISSING', 70, 152);
INSERT INTO BOOK(book_id, condition, state, edition_id, line_id) VALUES(2310, 'PERFECT', 'MISSING', 70, 59);
INSERT INTO BOOK(book_id, condition, state, edition_id, line_id) VALUES(2311, 'WORN_OUT', 'MISSING', 70, 245);
INSERT INTO BOOK(book_id, condition, state, edition_id, line_id) VALUES(2312, 'PERFECT', 'IN_STOCK', 70, 333);
INSERT INTO BOOK(book_id, condition, state, edition_id, line_id) VALUES(2313, 'PERFECT', 'IN_STOCK', 70, 0);
INSERT INTO BOOK(book_id, condition, state, edition_id, line_id) VALUES(2314, 'PERFECT', 'IN_STOCK', 70, 47);
INSERT INTO BOOK(book_id, condition, state, edition_id, line_id) VALUES(2315, 'PERFECT', 'IN_STOCK', 70, 48);
INSERT INTO BOOK(book_id, condition, state, edition_id, line_id) VALUES(2316, 'PERFECT', 'REFURBISHMENT', 70, 151);
INSERT INTO BOOK(book_id, condition, state, edition_id, line_id) VALUES(2317, 'UNUSABLE', 'IN_STOCK', 70, 355);
INSERT INTO BOOK(book_id, condition, state, edition_id, line_id) VALUES(2318, 'PERFECT', 'REFURBISHMENT', 70, 210);
INSERT INTO BOOK(book_id, condition, state, edition_id, line_id) VALUES(2319, 'DAMAGED', 'IN_STOCK', 70, 127);
INSERT INTO BOOK(book_id, condition, state, edition_id, line_id) VALUES(2320, 'DAMAGED', 'IN_STOCK', 70, 280);
INSERT INTO BOOK(book_id, condition, state, edition_id, line_id) VALUES(2321, 'PERFECT', 'MISSING', 70, 112);
INSERT INTO BOOK(book_id, condition, state, edition_id, line_id) VALUES(2322, 'UNUSABLE', 'IN_STOCK', 70, 220);
INSERT INTO BOOK(book_id, condition, state, edition_id, line_id) VALUES(2323, 'PERFECT', 'IN_STOCK', 70, 343);
INSERT INTO BOOK(book_id, condition, state, edition_id, line_id) VALUES(2324, 'DAMAGED', 'IN_STOCK', 70, 205);
INSERT INTO BOOK(book_id, condition, state, edition_id, line_id) VALUES(2325, 'WORN_OUT', 'IN_STOCK', 70, 40);
INSERT INTO BOOK(book_id, condition, state, edition_id, line_id) VALUES(2326, 'PERFECT', 'MISSING', 70, 174);
INSERT INTO BOOK(book_id, condition, state, edition_id, line_id) VALUES(2327, 'PERFECT', 'REFURBISHMENT', 70, 276);
INSERT INTO BOOK(book_id, condition, state, edition_id, line_id) VALUES(2328, 'PERFECT', 'MISSING', 70, 3);
INSERT INTO BOOK(book_id, condition, state, edition_id, line_id) VALUES(2329, 'WORN_OUT', 'IN_STOCK', 70, 118);
INSERT INTO BOOK(book_id, condition, state, edition_id, line_id) VALUES(2330, 'PERFECT', 'MISSING', 70, 181);
INSERT INTO BOOK(book_id, condition, state, edition_id, line_id) VALUES(2331, 'PERFECT', 'REFURBISHMENT', 70, 211);
INSERT INTO BOOK(book_id, condition, state, edition_id, line_id) VALUES(2332, 'PERFECT', 'IN_STOCK', 70, 309);
INSERT INTO BOOK(book_id, condition, state, edition_id, line_id) VALUES(2333, 'PERFECT', 'IN_STOCK', 70, 202);
INSERT INTO BOOK(book_id, condition, state, edition_id, line_id) VALUES(2334, 'DAMAGED', 'IN_STOCK', 70, 134);
INSERT INTO BOOK(book_id, condition, state, edition_id, line_id) VALUES(2335, 'PERFECT', 'IN_STOCK', 70, 194);
INSERT INTO BOOK(book_id, condition, state, edition_id, line_id) VALUES(2336, 'PERFECT', 'IN_STOCK', 70, 117);
INSERT INTO BOOK(book_id, condition, state, edition_id, line_id) VALUES(2337, 'WORN_OUT', 'IN_STOCK', 70, 133);
INSERT INTO BOOK(book_id, condition, state, edition_id, line_id) VALUES(2338, 'WORN_OUT', 'IN_STOCK', 71, 207);
INSERT INTO BOOK(book_id, condition, state, edition_id, line_id) VALUES(2339, 'PERFECT', 'IN_STOCK', 71, 226);
INSERT INTO BOOK(book_id, condition, state, edition_id, line_id) VALUES(2340, 'PERFECT', 'IN_STOCK', 71, 113);
INSERT INTO BOOK(book_id, condition, state, edition_id, line_id) VALUES(2341, 'WORN_OUT', 'IN_STOCK', 71, 128);
INSERT INTO BOOK(book_id, condition, state, edition_id, line_id) VALUES(2342, 'PERFECT', 'IN_STOCK', 71, 232);
INSERT INTO BOOK(book_id, condition, state, edition_id, line_id) VALUES(2343, 'PERFECT', 'IN_STOCK', 71, 38);
INSERT INTO BOOK(book_id, condition, state, edition_id, line_id) VALUES(2344, 'PERFECT', 'MISSING', 71, 159);
INSERT INTO BOOK(book_id, condition, state, edition_id, line_id) VALUES(2345, 'PERFECT', 'IN_STOCK', 71, 22);
INSERT INTO BOOK(book_id, condition, state, edition_id, line_id) VALUES(2346, 'DAMAGED', 'IN_STOCK', 71, 242);
INSERT INTO BOOK(book_id, condition, state, edition_id, line_id) VALUES(2347, 'PERFECT', 'IN_STOCK', 71, 124);
INSERT INTO BOOK(book_id, condition, state, edition_id, line_id) VALUES(2348, 'PERFECT', 'IN_STOCK', 71, 120);
INSERT INTO BOOK(book_id, condition, state, edition_id, line_id) VALUES(2349, 'PERFECT', 'IN_STOCK', 71, 358);
INSERT INTO BOOK(book_id, condition, state, edition_id, line_id) VALUES(2350, 'WORN_OUT', 'IN_STOCK', 71, 121);
INSERT INTO BOOK(book_id, condition, state, edition_id, line_id) VALUES(2351, 'DAMAGED', 'MISSING', 71, 240);
INSERT INTO BOOK(book_id, condition, state, edition_id, line_id) VALUES(2352, 'WORN_OUT', 'IN_STOCK', 71, 222);
INSERT INTO BOOK(book_id, condition, state, edition_id, line_id) VALUES(2353, 'WORN_OUT', 'MISSING', 71, 3);
INSERT INTO BOOK(book_id, condition, state, edition_id, line_id) VALUES(2354, 'PERFECT', 'IN_STOCK', 71, 90);
INSERT INTO BOOK(book_id, condition, state, edition_id, line_id) VALUES(2355, 'PERFECT', 'IN_STOCK', 71, 171);
INSERT INTO BOOK(book_id, condition, state, edition_id, line_id) VALUES(2356, 'WORN_OUT', 'IN_STOCK', 71, 24);
INSERT INTO BOOK(book_id, condition, state, edition_id, line_id) VALUES(2357, 'WORN_OUT', 'MISSING', 71, 47);
INSERT INTO BOOK(book_id, condition, state, edition_id, line_id) VALUES(2358, 'PERFECT', 'IN_STOCK', 71, 109);
INSERT INTO BOOK(book_id, condition, state, edition_id, line_id) VALUES(2359, 'PERFECT', 'IN_STOCK', 71, 234);
INSERT INTO BOOK(book_id, condition, state, edition_id, line_id) VALUES(2360, 'PERFECT', 'REFURBISHMENT', 71, 231);
INSERT INTO BOOK(book_id, condition, state, edition_id, line_id) VALUES(2361, 'UNUSABLE', 'IN_STOCK', 71, 52);
INSERT INTO BOOK(book_id, condition, state, edition_id, line_id) VALUES(2362, 'PERFECT', 'IN_STOCK', 71, 184);
INSERT INTO BOOK(book_id, condition, state, edition_id, line_id) VALUES(2363, 'WORN_OUT', 'IN_STOCK', 71, 89);
INSERT INTO BOOK(book_id, condition, state, edition_id, line_id) VALUES(2364, 'PERFECT', 'IN_STOCK', 71, 93);
INSERT INTO BOOK(book_id, condition, state, edition_id, line_id) VALUES(2365, 'PERFECT', 'IN_STOCK', 71, 38);
INSERT INTO BOOK(book_id, condition, state, edition_id, line_id) VALUES(2366, 'PERFECT', 'MISSING', 71, 347);
INSERT INTO BOOK(book_id, condition, state, edition_id, line_id) VALUES(2367, 'UNUSABLE', 'IN_STOCK', 71, 233);
INSERT INTO BOOK(book_id, condition, state, edition_id, line_id) VALUES(2368, 'PERFECT', 'IN_STOCK', 71, 209);
INSERT INTO BOOK(book_id, condition, state, edition_id, line_id) VALUES(2369, 'PERFECT', 'IN_STOCK', 71, 223);
INSERT INTO BOOK(book_id, condition, state, edition_id, line_id) VALUES(2370, 'PERFECT', 'IN_STOCK', 71, 321);
INSERT INTO BOOK(book_id, condition, state, edition_id, line_id) VALUES(2371, 'PERFECT', 'MISSING', 71, 248);
INSERT INTO BOOK(book_id, condition, state, edition_id, line_id) VALUES(2372, 'WORN_OUT', 'REFURBISHMENT', 71, 329);
INSERT INTO BOOK(book_id, condition, state, edition_id, line_id) VALUES(2373, 'PERFECT', 'IN_STOCK', 71, 0);
INSERT INTO BOOK(book_id, condition, state, edition_id, line_id) VALUES(2374, 'WORN_OUT', 'IN_STOCK', 71, 217);
INSERT INTO BOOK(book_id, condition, state, edition_id, line_id) VALUES(2375, 'PERFECT', 'IN_STOCK', 71, 297);
INSERT INTO BOOK(book_id, condition, state, edition_id, line_id) VALUES(2376, 'UNUSABLE', 'IN_STOCK', 71, 152);
INSERT INTO BOOK(book_id, condition, state, edition_id, line_id) VALUES(2377, 'PERFECT', 'MISSING', 71, 209);
INSERT INTO BOOK(book_id, condition, state, edition_id, line_id) VALUES(2378, 'PERFECT', 'IN_STOCK', 71, 124);
INSERT INTO BOOK(book_id, condition, state, edition_id, line_id) VALUES(2379, 'UNUSABLE', 'IN_STOCK', 71, 115);
INSERT INTO BOOK(book_id, condition, state, edition_id, line_id) VALUES(2380, 'UNUSABLE', 'MISSING', 71, 84);
INSERT INTO BOOK(book_id, condition, state, edition_id, line_id) VALUES(2381, 'PERFECT', 'IN_STOCK', 71, 346);
INSERT INTO BOOK(book_id, condition, state, edition_id, line_id) VALUES(2382, 'PERFECT', 'IN_STOCK', 71, 247);
INSERT INTO BOOK(book_id, condition, state, edition_id, line_id) VALUES(2383, 'PERFECT', 'IN_STOCK', 71, 121);
INSERT INTO BOOK(book_id, condition, state, edition_id, line_id) VALUES(2384, 'PERFECT', 'IN_STOCK', 72, 321);
INSERT INTO BOOK(book_id, condition, state, edition_id, line_id) VALUES(2385, 'PERFECT', 'IN_STOCK', 72, 129);
INSERT INTO BOOK(book_id, condition, state, edition_id, line_id) VALUES(2386, 'DAMAGED', 'IN_STOCK', 72, 20);
INSERT INTO BOOK(book_id, condition, state, edition_id, line_id) VALUES(2387, 'WORN_OUT', 'MISSING', 72, 222);
INSERT INTO BOOK(book_id, condition, state, edition_id, line_id) VALUES(2388, 'PERFECT', 'IN_STOCK', 72, 316);
INSERT INTO BOOK(book_id, condition, state, edition_id, line_id) VALUES(2389, 'PERFECT', 'IN_STOCK', 72, 243);
INSERT INTO BOOK(book_id, condition, state, edition_id, line_id) VALUES(2390, 'PERFECT', 'IN_STOCK', 72, 152);
INSERT INTO BOOK(book_id, condition, state, edition_id, line_id) VALUES(2391, 'WORN_OUT', 'REFURBISHMENT', 72, 192);
INSERT INTO BOOK(book_id, condition, state, edition_id, line_id) VALUES(2392, 'PERFECT', 'IN_STOCK', 72, 133);
INSERT INTO BOOK(book_id, condition, state, edition_id, line_id) VALUES(2393, 'PERFECT', 'REFURBISHMENT', 72, 51);
INSERT INTO BOOK(book_id, condition, state, edition_id, line_id) VALUES(2394, 'PERFECT', 'IN_STOCK', 72, 223);
INSERT INTO BOOK(book_id, condition, state, edition_id, line_id) VALUES(2395, 'WORN_OUT', 'REFURBISHMENT', 72, 29);
INSERT INTO BOOK(book_id, condition, state, edition_id, line_id) VALUES(2396, 'PERFECT', 'IN_STOCK', 72, 182);
INSERT INTO BOOK(book_id, condition, state, edition_id, line_id) VALUES(2397, 'PERFECT', 'IN_STOCK', 72, 101);
INSERT INTO BOOK(book_id, condition, state, edition_id, line_id) VALUES(2398, 'PERFECT', 'IN_STOCK', 72, 233);
INSERT INTO BOOK(book_id, condition, state, edition_id, line_id) VALUES(2399, 'PERFECT', 'IN_STOCK', 72, 99);
INSERT INTO BOOK(book_id, condition, state, edition_id, line_id) VALUES(2400, 'PERFECT', 'IN_STOCK', 72, 209);
INSERT INTO BOOK(book_id, condition, state, edition_id, line_id) VALUES(2401, 'PERFECT', 'IN_STOCK', 72, 119);
INSERT INTO BOOK(book_id, condition, state, edition_id, line_id) VALUES(2402, 'PERFECT', 'IN_STOCK', 72, 225);
INSERT INTO BOOK(book_id, condition, state, edition_id, line_id) VALUES(2403, 'UNUSABLE', 'IN_STOCK', 72, 279);
INSERT INTO BOOK(book_id, condition, state, edition_id, line_id) VALUES(2404, 'WORN_OUT', 'IN_STOCK', 72, 112);
INSERT INTO BOOK(book_id, condition, state, edition_id, line_id) VALUES(2405, 'PERFECT', 'IN_STOCK', 72, 317);
INSERT INTO BOOK(book_id, condition, state, edition_id, line_id) VALUES(2406, 'UNUSABLE', 'IN_STOCK', 72, 188);
INSERT INTO BOOK(book_id, condition, state, edition_id, line_id) VALUES(2407, 'PERFECT', 'IN_STOCK', 72, 330);
INSERT INTO BOOK(book_id, condition, state, edition_id, line_id) VALUES(2408, 'UNUSABLE', 'IN_STOCK', 72, 212);
INSERT INTO BOOK(book_id, condition, state, edition_id, line_id) VALUES(2409, 'PERFECT', 'IN_STOCK', 72, 87);
INSERT INTO BOOK(book_id, condition, state, edition_id, line_id) VALUES(2410, 'WORN_OUT', 'IN_STOCK', 72, 82);
INSERT INTO BOOK(book_id, condition, state, edition_id, line_id) VALUES(2411, 'PERFECT', 'MISSING', 72, 89);
INSERT INTO BOOK(book_id, condition, state, edition_id, line_id) VALUES(2412, 'DAMAGED', 'MISSING', 72, 48);
INSERT INTO BOOK(book_id, condition, state, edition_id, line_id) VALUES(2413, 'PERFECT', 'IN_STOCK', 73, 270);
INSERT INTO BOOK(book_id, condition, state, edition_id, line_id) VALUES(2414, 'PERFECT', 'REFURBISHMENT', 73, 2);
INSERT INTO BOOK(book_id, condition, state, edition_id, line_id) VALUES(2415, 'PERFECT', 'MISSING', 73, 14);
INSERT INTO BOOK(book_id, condition, state, edition_id, line_id) VALUES(2416, 'DAMAGED', 'IN_STOCK', 73, 97);
INSERT INTO BOOK(book_id, condition, state, edition_id, line_id) VALUES(2417, 'PERFECT', 'IN_STOCK', 73, 30);
INSERT INTO BOOK(book_id, condition, state, edition_id, line_id) VALUES(2418, 'PERFECT', 'IN_STOCK', 73, 165);
INSERT INTO BOOK(book_id, condition, state, edition_id, line_id) VALUES(2419, 'PERFECT', 'IN_STOCK', 73, 56);
INSERT INTO BOOK(book_id, condition, state, edition_id, line_id) VALUES(2420, 'PERFECT', 'IN_STOCK', 73, 169);
INSERT INTO BOOK(book_id, condition, state, edition_id, line_id) VALUES(2421, 'PERFECT', 'IN_STOCK', 73, 43);
INSERT INTO BOOK(book_id, condition, state, edition_id, line_id) VALUES(2422, 'PERFECT', 'REFURBISHMENT', 73, 148);
INSERT INTO BOOK(book_id, condition, state, edition_id, line_id) VALUES(2423, 'PERFECT', 'IN_STOCK', 73, 358);
INSERT INTO BOOK(book_id, condition, state, edition_id, line_id) VALUES(2424, 'UNUSABLE', 'IN_STOCK', 73, 313);
INSERT INTO BOOK(book_id, condition, state, edition_id, line_id) VALUES(2425, 'PERFECT', 'IN_STOCK', 73, 42);
INSERT INTO BOOK(book_id, condition, state, edition_id, line_id) VALUES(2426, 'PERFECT', 'IN_STOCK', 73, 53);
INSERT INTO BOOK(book_id, condition, state, edition_id, line_id) VALUES(2427, 'PERFECT', 'IN_STOCK', 73, 60);
INSERT INTO BOOK(book_id, condition, state, edition_id, line_id) VALUES(2428, 'DAMAGED', 'IN_STOCK', 73, 64);
INSERT INTO BOOK(book_id, condition, state, edition_id, line_id) VALUES(2429, 'WORN_OUT', 'IN_STOCK', 73, 188);
INSERT INTO BOOK(book_id, condition, state, edition_id, line_id) VALUES(2430, 'PERFECT', 'MISSING', 73, 154);
INSERT INTO BOOK(book_id, condition, state, edition_id, line_id) VALUES(2431, 'PERFECT', 'IN_STOCK', 73, 131);
INSERT INTO BOOK(book_id, condition, state, edition_id, line_id) VALUES(2432, 'DAMAGED', 'IN_STOCK', 73, 213);
INSERT INTO BOOK(book_id, condition, state, edition_id, line_id) VALUES(2433, 'DAMAGED', 'REFURBISHMENT', 73, 257);
INSERT INTO BOOK(book_id, condition, state, edition_id, line_id) VALUES(2434, 'PERFECT', 'MISSING', 73, 304);
INSERT INTO BOOK(book_id, condition, state, edition_id, line_id) VALUES(2435, 'DAMAGED', 'IN_STOCK', 73, 311);
INSERT INTO BOOK(book_id, condition, state, edition_id, line_id) VALUES(2436, 'PERFECT', 'IN_STOCK', 73, 120);
INSERT INTO BOOK(book_id, condition, state, edition_id, line_id) VALUES(2437, 'DAMAGED', 'IN_STOCK', 73, 0);
INSERT INTO BOOK(book_id, condition, state, edition_id, line_id) VALUES(2438, 'DAMAGED', 'IN_STOCK', 73, 329);
INSERT INTO BOOK(book_id, condition, state, edition_id, line_id) VALUES(2439, 'PERFECT', 'IN_STOCK', 73, 111);
INSERT INTO BOOK(book_id, condition, state, edition_id, line_id) VALUES(2440, 'PERFECT', 'IN_STOCK', 74, 110);
INSERT INTO BOOK(book_id, condition, state, edition_id, line_id) VALUES(2441, 'PERFECT', 'IN_STOCK', 74, 214);
INSERT INTO BOOK(book_id, condition, state, edition_id, line_id) VALUES(2442, 'PERFECT', 'IN_STOCK', 74, 148);
INSERT INTO BOOK(book_id, condition, state, edition_id, line_id) VALUES(2443, 'PERFECT', 'IN_STOCK', 74, 39);
INSERT INTO BOOK(book_id, condition, state, edition_id, line_id) VALUES(2444, 'PERFECT', 'MISSING', 74, 314);
INSERT INTO BOOK(book_id, condition, state, edition_id, line_id) VALUES(2445, 'PERFECT', 'IN_STOCK', 74, 239);
INSERT INTO BOOK(book_id, condition, state, edition_id, line_id) VALUES(2446, 'PERFECT', 'REFURBISHMENT', 74, 257);
INSERT INTO BOOK(book_id, condition, state, edition_id, line_id) VALUES(2447, 'PERFECT', 'REFURBISHMENT', 74, 207);
INSERT INTO BOOK(book_id, condition, state, edition_id, line_id) VALUES(2448, 'PERFECT', 'IN_STOCK', 74, 39);
INSERT INTO BOOK(book_id, condition, state, edition_id, line_id) VALUES(2449, 'PERFECT', 'IN_STOCK', 74, 320);
INSERT INTO BOOK(book_id, condition, state, edition_id, line_id) VALUES(2450, 'PERFECT', 'IN_STOCK', 74, 191);
INSERT INTO BOOK(book_id, condition, state, edition_id, line_id) VALUES(2451, 'PERFECT', 'REFURBISHMENT', 74, 2);
INSERT INTO BOOK(book_id, condition, state, edition_id, line_id) VALUES(2452, 'WORN_OUT', 'IN_STOCK', 74, 100);
INSERT INTO BOOK(book_id, condition, state, edition_id, line_id) VALUES(2453, 'DAMAGED', 'IN_STOCK', 74, 175);
INSERT INTO BOOK(book_id, condition, state, edition_id, line_id) VALUES(2454, 'PERFECT', 'REFURBISHMENT', 74, 10);
INSERT INTO BOOK(book_id, condition, state, edition_id, line_id) VALUES(2455, 'PERFECT', 'IN_STOCK', 74, 100);
INSERT INTO BOOK(book_id, condition, state, edition_id, line_id) VALUES(2456, 'WORN_OUT', 'IN_STOCK', 74, 273);
INSERT INTO BOOK(book_id, condition, state, edition_id, line_id) VALUES(2457, 'WORN_OUT', 'REFURBISHMENT', 74, 294);
INSERT INTO BOOK(book_id, condition, state, edition_id, line_id) VALUES(2458, 'PERFECT', 'IN_STOCK', 74, 79);
INSERT INTO BOOK(book_id, condition, state, edition_id, line_id) VALUES(2459, 'PERFECT', 'IN_STOCK', 74, 205);
INSERT INTO BOOK(book_id, condition, state, edition_id, line_id) VALUES(2460, 'PERFECT', 'IN_STOCK', 74, 263);
INSERT INTO BOOK(book_id, condition, state, edition_id, line_id) VALUES(2461, 'PERFECT', 'IN_STOCK', 74, 187);
INSERT INTO BOOK(book_id, condition, state, edition_id, line_id) VALUES(2462, 'PERFECT', 'IN_STOCK', 74, 349);
INSERT INTO BOOK(book_id, condition, state, edition_id, line_id) VALUES(2463, 'PERFECT', 'IN_STOCK', 74, 112);
INSERT INTO BOOK(book_id, condition, state, edition_id, line_id) VALUES(2464, 'PERFECT', 'IN_STOCK', 74, 330);
INSERT INTO BOOK(book_id, condition, state, edition_id, line_id) VALUES(2465, 'UNUSABLE', 'MISSING', 74, 222);
INSERT INTO BOOK(book_id, condition, state, edition_id, line_id) VALUES(2466, 'WORN_OUT', 'MISSING', 74, 10);
INSERT INTO BOOK(book_id, condition, state, edition_id, line_id) VALUES(2467, 'PERFECT', 'MISSING', 74, 252);
INSERT INTO BOOK(book_id, condition, state, edition_id, line_id) VALUES(2468, 'PERFECT', 'IN_STOCK', 74, 211);
INSERT INTO BOOK(book_id, condition, state, edition_id, line_id) VALUES(2469, 'PERFECT', 'IN_STOCK', 74, 364);
INSERT INTO BOOK(book_id, condition, state, edition_id, line_id) VALUES(2470, 'PERFECT', 'IN_STOCK', 74, 335);
INSERT INTO BOOK(book_id, condition, state, edition_id, line_id) VALUES(2471, 'PERFECT', 'IN_STOCK', 74, 85);
INSERT INTO BOOK(book_id, condition, state, edition_id, line_id) VALUES(2472, 'DAMAGED', 'IN_STOCK', 74, 187);
INSERT INTO BOOK(book_id, condition, state, edition_id, line_id) VALUES(2473, 'PERFECT', 'IN_STOCK', 74, 31);
INSERT INTO BOOK(book_id, condition, state, edition_id, line_id) VALUES(2474, 'DAMAGED', 'REFURBISHMENT', 74, 334);
INSERT INTO BOOK(book_id, condition, state, edition_id, line_id) VALUES(2475, 'PERFECT', 'IN_STOCK', 74, 27);
INSERT INTO BOOK(book_id, condition, state, edition_id, line_id) VALUES(2476, 'WORN_OUT', 'IN_STOCK', 74, 217);
INSERT INTO BOOK(book_id, condition, state, edition_id, line_id) VALUES(2477, 'WORN_OUT', 'IN_STOCK', 74, 197);
INSERT INTO BOOK(book_id, condition, state, edition_id, line_id) VALUES(2478, 'PERFECT', 'IN_STOCK', 74, 148);
INSERT INTO BOOK(book_id, condition, state, edition_id, line_id) VALUES(2479, 'WORN_OUT', 'IN_STOCK', 74, 122);
INSERT INTO BOOK(book_id, condition, state, edition_id, line_id) VALUES(2480, 'PERFECT', 'IN_STOCK', 74, 306);
INSERT INTO BOOK(book_id, condition, state, edition_id, line_id) VALUES(2481, 'WORN_OUT', 'IN_STOCK', 74, 81);
INSERT INTO BOOK(book_id, condition, state, edition_id, line_id) VALUES(2482, 'PERFECT', 'MISSING', 74, 322);
INSERT INTO BOOK(book_id, condition, state, edition_id, line_id) VALUES(2483, 'UNUSABLE', 'REFURBISHMENT', 74, 321);
INSERT INTO BOOK(book_id, condition, state, edition_id, line_id) VALUES(2484, 'PERFECT', 'IN_STOCK', 74, 75);
INSERT INTO BOOK(book_id, condition, state, edition_id, line_id) VALUES(2485, 'PERFECT', 'IN_STOCK', 74, 157);
INSERT INTO BOOK(book_id, condition, state, edition_id, line_id) VALUES(2486, 'PERFECT', 'REFURBISHMENT', 74, 118);
INSERT INTO BOOK(book_id, condition, state, edition_id, line_id) VALUES(2487, 'UNUSABLE', 'IN_STOCK', 74, 345);
INSERT INTO BOOK(book_id, condition, state, edition_id, line_id) VALUES(2488, 'WORN_OUT', 'IN_STOCK', 74, 228);
INSERT INTO BOOK(book_id, condition, state, edition_id, line_id) VALUES(2489, 'DAMAGED', 'MISSING', 74, 240);
INSERT INTO BOOK(book_id, condition, state, edition_id, line_id) VALUES(2490, 'DAMAGED', 'IN_STOCK', 74, 246);
INSERT INTO BOOK(book_id, condition, state, edition_id, line_id) VALUES(2491, 'WORN_OUT', 'IN_STOCK', 74, 294);
INSERT INTO BOOK(book_id, condition, state, edition_id, line_id) VALUES(2492, 'PERFECT', 'REFURBISHMENT', 74, 119);
INSERT INTO BOOK(book_id, condition, state, edition_id, line_id) VALUES(2493, 'PERFECT', 'IN_STOCK', 74, 232);
INSERT INTO BOOK(book_id, condition, state, edition_id, line_id) VALUES(2494, 'PERFECT', 'IN_STOCK', 74, 355);
INSERT INTO BOOK(book_id, condition, state, edition_id, line_id) VALUES(2495, 'PERFECT', 'IN_STOCK', 74, 210);
INSERT INTO BOOK(book_id, condition, state, edition_id, line_id) VALUES(2496, 'PERFECT', 'IN_STOCK', 74, 269);
INSERT INTO BOOK(book_id, condition, state, edition_id, line_id) VALUES(2497, 'DAMAGED', 'IN_STOCK', 74, 161);
INSERT INTO BOOK(book_id, condition, state, edition_id, line_id) VALUES(2498, 'PERFECT', 'IN_STOCK', 74, 133);
INSERT INTO BOOK(book_id, condition, state, edition_id, line_id) VALUES(2499, 'PERFECT', 'REFURBISHMENT', 75, 252);
INSERT INTO BOOK(book_id, condition, state, edition_id, line_id) VALUES(2500, 'WORN_OUT', 'IN_STOCK', 75, 32);
INSERT INTO BOOK(book_id, condition, state, edition_id, line_id) VALUES(2501, 'PERFECT', 'MISSING', 75, 287);
INSERT INTO BOOK(book_id, condition, state, edition_id, line_id) VALUES(2502, 'PERFECT', 'REFURBISHMENT', 75, 186);
INSERT INTO BOOK(book_id, condition, state, edition_id, line_id) VALUES(2503, 'PERFECT', 'IN_STOCK', 75, 28);
INSERT INTO BOOK(book_id, condition, state, edition_id, line_id) VALUES(2504, 'DAMAGED', 'IN_STOCK', 75, 39);
INSERT INTO BOOK(book_id, condition, state, edition_id, line_id) VALUES(2505, 'PERFECT', 'IN_STOCK', 75, 184);
INSERT INTO BOOK(book_id, condition, state, edition_id, line_id) VALUES(2506, 'PERFECT', 'IN_STOCK', 75, 212);
INSERT INTO BOOK(book_id, condition, state, edition_id, line_id) VALUES(2507, 'PERFECT', 'REFURBISHMENT', 75, 46);
INSERT INTO BOOK(book_id, condition, state, edition_id, line_id) VALUES(2508, 'WORN_OUT', 'IN_STOCK', 75, 294);
INSERT INTO BOOK(book_id, condition, state, edition_id, line_id) VALUES(2509, 'UNUSABLE', 'IN_STOCK', 75, 259);
INSERT INTO BOOK(book_id, condition, state, edition_id, line_id) VALUES(2510, 'WORN_OUT', 'IN_STOCK', 75, 2);
INSERT INTO BOOK(book_id, condition, state, edition_id, line_id) VALUES(2511, 'UNUSABLE', 'REFURBISHMENT', 75, 101);
INSERT INTO BOOK(book_id, condition, state, edition_id, line_id) VALUES(2512, 'PERFECT', 'IN_STOCK', 75, 42);
INSERT INTO BOOK(book_id, condition, state, edition_id, line_id) VALUES(2513, 'PERFECT', 'IN_STOCK', 75, 79);
INSERT INTO BOOK(book_id, condition, state, edition_id, line_id) VALUES(2514, 'PERFECT', 'IN_STOCK', 75, 211);
INSERT INTO BOOK(book_id, condition, state, edition_id, line_id) VALUES(2515, 'WORN_OUT', 'IN_STOCK', 75, 284);
INSERT INTO BOOK(book_id, condition, state, edition_id, line_id) VALUES(2516, 'PERFECT', 'IN_STOCK', 75, 303);
INSERT INTO BOOK(book_id, condition, state, edition_id, line_id) VALUES(2517, 'PERFECT', 'MISSING', 75, 122);
INSERT INTO BOOK(book_id, condition, state, edition_id, line_id) VALUES(2518, 'UNUSABLE', 'IN_STOCK', 75, 194);
INSERT INTO BOOK(book_id, condition, state, edition_id, line_id) VALUES(2519, 'WORN_OUT', 'IN_STOCK', 75, 80);
INSERT INTO BOOK(book_id, condition, state, edition_id, line_id) VALUES(2520, 'PERFECT', 'IN_STOCK', 75, 288);
INSERT INTO BOOK(book_id, condition, state, edition_id, line_id) VALUES(2521, 'DAMAGED', 'IN_STOCK', 75, 101);
INSERT INTO BOOK(book_id, condition, state, edition_id, line_id) VALUES(2522, 'WORN_OUT', 'MISSING', 75, 46);
INSERT INTO BOOK(book_id, condition, state, edition_id, line_id) VALUES(2523, 'PERFECT', 'IN_STOCK', 75, 128);
INSERT INTO BOOK(book_id, condition, state, edition_id, line_id) VALUES(2524, 'PERFECT', 'REFURBISHMENT', 75, 282);
INSERT INTO BOOK(book_id, condition, state, edition_id, line_id) VALUES(2525, 'PERFECT', 'IN_STOCK', 75, 161);
INSERT INTO BOOK(book_id, condition, state, edition_id, line_id) VALUES(2526, 'PERFECT', 'IN_STOCK', 75, 48);
INSERT INTO BOOK(book_id, condition, state, edition_id, line_id) VALUES(2527, 'UNUSABLE', 'IN_STOCK', 75, 334);
INSERT INTO BOOK(book_id, condition, state, edition_id, line_id) VALUES(2528, 'PERFECT', 'IN_STOCK', 75, 227);
INSERT INTO BOOK(book_id, condition, state, edition_id, line_id) VALUES(2529, 'PERFECT', 'IN_STOCK', 75, 83);
INSERT INTO BOOK(book_id, condition, state, edition_id, line_id) VALUES(2530, 'DAMAGED', 'IN_STOCK', 75, 154);
INSERT INTO BOOK(book_id, condition, state, edition_id, line_id) VALUES(2531, 'PERFECT', 'IN_STOCK', 75, 306);
INSERT INTO BOOK(book_id, condition, state, edition_id, line_id) VALUES(2532, 'PERFECT', 'MISSING', 75, 22);
INSERT INTO BOOK(book_id, condition, state, edition_id, line_id) VALUES(2533, 'UNUSABLE', 'IN_STOCK', 75, 115);
INSERT INTO BOOK(book_id, condition, state, edition_id, line_id) VALUES(2534, 'PERFECT', 'IN_STOCK', 75, 353);
INSERT INTO BOOK(book_id, condition, state, edition_id, line_id) VALUES(2535, 'UNUSABLE', 'IN_STOCK', 75, 125);
INSERT INTO BOOK(book_id, condition, state, edition_id, line_id) VALUES(2536, 'WORN_OUT', 'IN_STOCK', 75, 356);
INSERT INTO BOOK(book_id, condition, state, edition_id, line_id) VALUES(2537, 'UNUSABLE', 'IN_STOCK', 75, 190);
INSERT INTO BOOK(book_id, condition, state, edition_id, line_id) VALUES(2538, 'PERFECT', 'REFURBISHMENT', 75, 159);
INSERT INTO BOOK(book_id, condition, state, edition_id, line_id) VALUES(2539, 'PERFECT', 'IN_STOCK', 75, 173);
INSERT INTO BOOK(book_id, condition, state, edition_id, line_id) VALUES(2540, 'PERFECT', 'REFURBISHMENT', 75, 20);
INSERT INTO BOOK(book_id, condition, state, edition_id, line_id) VALUES(2541, 'UNUSABLE', 'MISSING', 75, 363);
INSERT INTO BOOK(book_id, condition, state, edition_id, line_id) VALUES(2542, 'PERFECT', 'IN_STOCK', 75, 299);
INSERT INTO BOOK(book_id, condition, state, edition_id, line_id) VALUES(2543, 'WORN_OUT', 'IN_STOCK', 75, 138);
INSERT INTO BOOK(book_id, condition, state, edition_id, line_id) VALUES(2544, 'PERFECT', 'IN_STOCK', 75, 27);
INSERT INTO BOOK(book_id, condition, state, edition_id, line_id) VALUES(2545, 'PERFECT', 'REFURBISHMENT', 75, 354);
INSERT INTO BOOK(book_id, condition, state, edition_id, line_id) VALUES(2546, 'PERFECT', 'IN_STOCK', 76, 118);
INSERT INTO BOOK(book_id, condition, state, edition_id, line_id) VALUES(2547, 'WORN_OUT', 'REFURBISHMENT', 76, 247);
INSERT INTO BOOK(book_id, condition, state, edition_id, line_id) VALUES(2548, 'DAMAGED', 'MISSING', 76, 94);
INSERT INTO BOOK(book_id, condition, state, edition_id, line_id) VALUES(2549, 'PERFECT', 'IN_STOCK', 76, 296);
INSERT INTO BOOK(book_id, condition, state, edition_id, line_id) VALUES(2550, 'PERFECT', 'IN_STOCK', 76, 306);
INSERT INTO BOOK(book_id, condition, state, edition_id, line_id) VALUES(2551, 'PERFECT', 'IN_STOCK', 76, 203);
INSERT INTO BOOK(book_id, condition, state, edition_id, line_id) VALUES(2552, 'WORN_OUT', 'IN_STOCK', 76, 280);
INSERT INTO BOOK(book_id, condition, state, edition_id, line_id) VALUES(2553, 'PERFECT', 'MISSING', 76, 170);
INSERT INTO BOOK(book_id, condition, state, edition_id, line_id) VALUES(2554, 'WORN_OUT', 'IN_STOCK', 76, 31);
INSERT INTO BOOK(book_id, condition, state, edition_id, line_id) VALUES(2555, 'DAMAGED', 'IN_STOCK', 76, 131);
INSERT INTO BOOK(book_id, condition, state, edition_id, line_id) VALUES(2556, 'DAMAGED', 'IN_STOCK', 76, 52);
INSERT INTO BOOK(book_id, condition, state, edition_id, line_id) VALUES(2557, 'WORN_OUT', 'IN_STOCK', 76, 343);
INSERT INTO BOOK(book_id, condition, state, edition_id, line_id) VALUES(2558, 'PERFECT', 'REFURBISHMENT', 76, 108);
INSERT INTO BOOK(book_id, condition, state, edition_id, line_id) VALUES(2559, 'PERFECT', 'MISSING', 76, 8);
INSERT INTO BOOK(book_id, condition, state, edition_id, line_id) VALUES(2560, 'WORN_OUT', 'IN_STOCK', 76, 336);
INSERT INTO BOOK(book_id, condition, state, edition_id, line_id) VALUES(2561, 'PERFECT', 'IN_STOCK', 76, 179);
INSERT INTO BOOK(book_id, condition, state, edition_id, line_id) VALUES(2562, 'PERFECT', 'IN_STOCK', 76, 68);
INSERT INTO BOOK(book_id, condition, state, edition_id, line_id) VALUES(2563, 'DAMAGED', 'MISSING', 76, 183);
INSERT INTO BOOK(book_id, condition, state, edition_id, line_id) VALUES(2564, 'WORN_OUT', 'MISSING', 76, 194);
INSERT INTO BOOK(book_id, condition, state, edition_id, line_id) VALUES(2565, 'PERFECT', 'MISSING', 76, 288);
INSERT INTO BOOK(book_id, condition, state, edition_id, line_id) VALUES(2566, 'WORN_OUT', 'IN_STOCK', 76, 26);
INSERT INTO BOOK(book_id, condition, state, edition_id, line_id) VALUES(2567, 'PERFECT', 'IN_STOCK', 76, 27);
INSERT INTO BOOK(book_id, condition, state, edition_id, line_id) VALUES(2568, 'WORN_OUT', 'IN_STOCK', 76, 324);
INSERT INTO BOOK(book_id, condition, state, edition_id, line_id) VALUES(2569, 'DAMAGED', 'IN_STOCK', 76, 160);
INSERT INTO BOOK(book_id, condition, state, edition_id, line_id) VALUES(2570, 'PERFECT', 'IN_STOCK', 76, 58);
INSERT INTO BOOK(book_id, condition, state, edition_id, line_id) VALUES(2571, 'PERFECT', 'IN_STOCK', 76, 197);
INSERT INTO BOOK(book_id, condition, state, edition_id, line_id) VALUES(2572, 'PERFECT', 'IN_STOCK', 76, 198);
INSERT INTO BOOK(book_id, condition, state, edition_id, line_id) VALUES(2573, 'PERFECT', 'REFURBISHMENT', 76, 86);
INSERT INTO BOOK(book_id, condition, state, edition_id, line_id) VALUES(2574, 'WORN_OUT', 'IN_STOCK', 76, 293);
INSERT INTO BOOK(book_id, condition, state, edition_id, line_id) VALUES(2575, 'PERFECT', 'IN_STOCK', 76, 154);
INSERT INTO BOOK(book_id, condition, state, edition_id, line_id) VALUES(2576, 'UNUSABLE', 'IN_STOCK', 76, 78);
INSERT INTO BOOK(book_id, condition, state, edition_id, line_id) VALUES(2577, 'WORN_OUT', 'IN_STOCK', 76, 228);
INSERT INTO BOOK(book_id, condition, state, edition_id, line_id) VALUES(2578, 'PERFECT', 'IN_STOCK', 76, 318);
INSERT INTO BOOK(book_id, condition, state, edition_id, line_id) VALUES(2579, 'UNUSABLE', 'IN_STOCK', 76, 17);
INSERT INTO BOOK(book_id, condition, state, edition_id, line_id) VALUES(2580, 'PERFECT', 'IN_STOCK', 76, 293);
INSERT INTO BOOK(book_id, condition, state, edition_id, line_id) VALUES(2581, 'PERFECT', 'IN_STOCK', 76, 12);
INSERT INTO BOOK(book_id, condition, state, edition_id, line_id) VALUES(2582, 'DAMAGED', 'IN_STOCK', 76, 234);
INSERT INTO BOOK(book_id, condition, state, edition_id, line_id) VALUES(2583, 'PERFECT', 'IN_STOCK', 76, 278);
INSERT INTO BOOK(book_id, condition, state, edition_id, line_id) VALUES(2584, 'UNUSABLE', 'REFURBISHMENT', 76, 44);
INSERT INTO BOOK(book_id, condition, state, edition_id, line_id) VALUES(2585, 'UNUSABLE', 'IN_STOCK', 76, 151);
INSERT INTO BOOK(book_id, condition, state, edition_id, line_id) VALUES(2586, 'PERFECT', 'IN_STOCK', 76, 3);
INSERT INTO BOOK(book_id, condition, state, edition_id, line_id) VALUES(2587, 'DAMAGED', 'IN_STOCK', 76, 323);
INSERT INTO BOOK(book_id, condition, state, edition_id, line_id) VALUES(2588, 'PERFECT', 'IN_STOCK', 76, 343);
INSERT INTO BOOK(book_id, condition, state, edition_id, line_id) VALUES(2589, 'PERFECT', 'IN_STOCK', 76, 186);
INSERT INTO BOOK(book_id, condition, state, edition_id, line_id) VALUES(2590, 'PERFECT', 'IN_STOCK', 76, 42);
INSERT INTO BOOK(book_id, condition, state, edition_id, line_id) VALUES(2591, 'WORN_OUT', 'IN_STOCK', 76, 173);
INSERT INTO BOOK(book_id, condition, state, edition_id, line_id) VALUES(2592, 'PERFECT', 'REFURBISHMENT', 76, 205);
INSERT INTO BOOK(book_id, condition, state, edition_id, line_id) VALUES(2593, 'PERFECT', 'IN_STOCK', 76, 86);
INSERT INTO BOOK(book_id, condition, state, edition_id, line_id) VALUES(2594, 'WORN_OUT', 'IN_STOCK', 76, 248);
INSERT INTO BOOK(book_id, condition, state, edition_id, line_id) VALUES(2595, 'UNUSABLE', 'IN_STOCK', 76, 119);
INSERT INTO BOOK(book_id, condition, state, edition_id, line_id) VALUES(2596, 'PERFECT', 'IN_STOCK', 76, 169);
INSERT INTO BOOK(book_id, condition, state, edition_id, line_id) VALUES(2597, 'UNUSABLE', 'IN_STOCK', 76, 359);
INSERT INTO BOOK(book_id, condition, state, edition_id, line_id) VALUES(2598, 'PERFECT', 'IN_STOCK', 77, 110);
INSERT INTO BOOK(book_id, condition, state, edition_id, line_id) VALUES(2599, 'PERFECT', 'MISSING', 77, 176);
INSERT INTO BOOK(book_id, condition, state, edition_id, line_id) VALUES(2600, 'PERFECT', 'IN_STOCK', 77, 98);
INSERT INTO BOOK(book_id, condition, state, edition_id, line_id) VALUES(2601, 'UNUSABLE', 'IN_STOCK', 77, 351);
INSERT INTO BOOK(book_id, condition, state, edition_id, line_id) VALUES(2602, 'PERFECT', 'REFURBISHMENT', 77, 364);
INSERT INTO BOOK(book_id, condition, state, edition_id, line_id) VALUES(2603, 'PERFECT', 'IN_STOCK', 77, 304);
INSERT INTO BOOK(book_id, condition, state, edition_id, line_id) VALUES(2604, 'DAMAGED', 'IN_STOCK', 77, 332);
INSERT INTO BOOK(book_id, condition, state, edition_id, line_id) VALUES(2605, 'UNUSABLE', 'REFURBISHMENT', 77, 154);
INSERT INTO BOOK(book_id, condition, state, edition_id, line_id) VALUES(2606, 'PERFECT', 'IN_STOCK', 77, 244);
INSERT INTO BOOK(book_id, condition, state, edition_id, line_id) VALUES(2607, 'PERFECT', 'IN_STOCK', 77, 285);
INSERT INTO BOOK(book_id, condition, state, edition_id, line_id) VALUES(2608, 'WORN_OUT', 'IN_STOCK', 77, 177);
INSERT INTO BOOK(book_id, condition, state, edition_id, line_id) VALUES(2609, 'PERFECT', 'IN_STOCK', 77, 130);
INSERT INTO BOOK(book_id, condition, state, edition_id, line_id) VALUES(2610, 'PERFECT', 'IN_STOCK', 77, 153);
INSERT INTO BOOK(book_id, condition, state, edition_id, line_id) VALUES(2611, 'PERFECT', 'IN_STOCK', 77, 20);
INSERT INTO BOOK(book_id, condition, state, edition_id, line_id) VALUES(2612, 'PERFECT', 'IN_STOCK', 77, 333);
INSERT INTO BOOK(book_id, condition, state, edition_id, line_id) VALUES(2613, 'WORN_OUT', 'IN_STOCK', 77, 177);
INSERT INTO BOOK(book_id, condition, state, edition_id, line_id) VALUES(2614, 'DAMAGED', 'IN_STOCK', 77, 229);
INSERT INTO BOOK(book_id, condition, state, edition_id, line_id) VALUES(2615, 'PERFECT', 'IN_STOCK', 77, 221);
INSERT INTO BOOK(book_id, condition, state, edition_id, line_id) VALUES(2616, 'PERFECT', 'IN_STOCK', 77, 26);
INSERT INTO BOOK(book_id, condition, state, edition_id, line_id) VALUES(2617, 'WORN_OUT', 'IN_STOCK', 77, 114);
INSERT INTO BOOK(book_id, condition, state, edition_id, line_id) VALUES(2618, 'PERFECT', 'REFURBISHMENT', 77, 281);
INSERT INTO BOOK(book_id, condition, state, edition_id, line_id) VALUES(2619, 'PERFECT', 'IN_STOCK', 77, 72);
INSERT INTO BOOK(book_id, condition, state, edition_id, line_id) VALUES(2620, 'WORN_OUT', 'REFURBISHMENT', 77, 92);
INSERT INTO BOOK(book_id, condition, state, edition_id, line_id) VALUES(2621, 'PERFECT', 'REFURBISHMENT', 77, 208);
INSERT INTO BOOK(book_id, condition, state, edition_id, line_id) VALUES(2622, 'PERFECT', 'IN_STOCK', 77, 57);
INSERT INTO BOOK(book_id, condition, state, edition_id, line_id) VALUES(2623, 'WORN_OUT', 'REFURBISHMENT', 77, 212);
INSERT INTO BOOK(book_id, condition, state, edition_id, line_id) VALUES(2624, 'PERFECT', 'IN_STOCK', 77, 80);
INSERT INTO BOOK(book_id, condition, state, edition_id, line_id) VALUES(2625, 'UNUSABLE', 'IN_STOCK', 77, 273);
INSERT INTO BOOK(book_id, condition, state, edition_id, line_id) VALUES(2626, 'PERFECT', 'IN_STOCK', 77, 123);
INSERT INTO BOOK(book_id, condition, state, edition_id, line_id) VALUES(2627, 'DAMAGED', 'IN_STOCK', 78, 173);
INSERT INTO BOOK(book_id, condition, state, edition_id, line_id) VALUES(2628, 'PERFECT', 'IN_STOCK', 78, 319);
INSERT INTO BOOK(book_id, condition, state, edition_id, line_id) VALUES(2629, 'UNUSABLE', 'IN_STOCK', 78, 49);
INSERT INTO BOOK(book_id, condition, state, edition_id, line_id) VALUES(2630, 'WORN_OUT', 'IN_STOCK', 78, 303);
INSERT INTO BOOK(book_id, condition, state, edition_id, line_id) VALUES(2631, 'PERFECT', 'REFURBISHMENT', 78, 303);
INSERT INTO BOOK(book_id, condition, state, edition_id, line_id) VALUES(2632, 'DAMAGED', 'IN_STOCK', 78, 362);
INSERT INTO BOOK(book_id, condition, state, edition_id, line_id) VALUES(2633, 'WORN_OUT', 'IN_STOCK', 78, 131);
INSERT INTO BOOK(book_id, condition, state, edition_id, line_id) VALUES(2634, 'DAMAGED', 'REFURBISHMENT', 78, 32);
INSERT INTO BOOK(book_id, condition, state, edition_id, line_id) VALUES(2635, 'PERFECT', 'REFURBISHMENT', 78, 113);
INSERT INTO BOOK(book_id, condition, state, edition_id, line_id) VALUES(2636, 'PERFECT', 'IN_STOCK', 78, 272);
INSERT INTO BOOK(book_id, condition, state, edition_id, line_id) VALUES(2637, 'WORN_OUT', 'IN_STOCK', 78, 2);
INSERT INTO BOOK(book_id, condition, state, edition_id, line_id) VALUES(2638, 'UNUSABLE', 'IN_STOCK', 78, 174);
INSERT INTO BOOK(book_id, condition, state, edition_id, line_id) VALUES(2639, 'PERFECT', 'IN_STOCK', 78, 23);
INSERT INTO BOOK(book_id, condition, state, edition_id, line_id) VALUES(2640, 'WORN_OUT', 'REFURBISHMENT', 78, 216);
INSERT INTO BOOK(book_id, condition, state, edition_id, line_id) VALUES(2641, 'PERFECT', 'IN_STOCK', 78, 87);
INSERT INTO BOOK(book_id, condition, state, edition_id, line_id) VALUES(2642, 'UNUSABLE', 'MISSING', 78, 224);
INSERT INTO BOOK(book_id, condition, state, edition_id, line_id) VALUES(2643, 'WORN_OUT', 'IN_STOCK', 78, 74);
INSERT INTO BOOK(book_id, condition, state, edition_id, line_id) VALUES(2644, 'WORN_OUT', 'IN_STOCK', 78, 59);
INSERT INTO BOOK(book_id, condition, state, edition_id, line_id) VALUES(2645, 'WORN_OUT', 'IN_STOCK', 78, 216);
INSERT INTO BOOK(book_id, condition, state, edition_id, line_id) VALUES(2646, 'PERFECT', 'IN_STOCK', 78, 23);
INSERT INTO BOOK(book_id, condition, state, edition_id, line_id) VALUES(2647, 'PERFECT', 'IN_STOCK', 78, 113);
INSERT INTO BOOK(book_id, condition, state, edition_id, line_id) VALUES(2648, 'PERFECT', 'IN_STOCK', 79, 312);
INSERT INTO BOOK(book_id, condition, state, edition_id, line_id) VALUES(2649, 'UNUSABLE', 'IN_STOCK', 79, 266);
INSERT INTO BOOK(book_id, condition, state, edition_id, line_id) VALUES(2650, 'PERFECT', 'REFURBISHMENT', 79, 279);
INSERT INTO BOOK(book_id, condition, state, edition_id, line_id) VALUES(2651, 'DAMAGED', 'IN_STOCK', 79, 267);
INSERT INTO BOOK(book_id, condition, state, edition_id, line_id) VALUES(2652, 'WORN_OUT', 'IN_STOCK', 79, 137);
INSERT INTO BOOK(book_id, condition, state, edition_id, line_id) VALUES(2653, 'PERFECT', 'IN_STOCK', 79, 342);
INSERT INTO BOOK(book_id, condition, state, edition_id, line_id) VALUES(2654, 'PERFECT', 'IN_STOCK', 79, 270);
INSERT INTO BOOK(book_id, condition, state, edition_id, line_id) VALUES(2655, 'PERFECT', 'IN_STOCK', 79, 155);
INSERT INTO BOOK(book_id, condition, state, edition_id, line_id) VALUES(2656, 'PERFECT', 'IN_STOCK', 79, 117);
INSERT INTO BOOK(book_id, condition, state, edition_id, line_id) VALUES(2657, 'DAMAGED', 'MISSING', 79, 289);
INSERT INTO BOOK(book_id, condition, state, edition_id, line_id) VALUES(2658, 'WORN_OUT', 'IN_STOCK', 79, 155);
INSERT INTO BOOK(book_id, condition, state, edition_id, line_id) VALUES(2659, 'DAMAGED', 'IN_STOCK', 79, 24);
INSERT INTO BOOK(book_id, condition, state, edition_id, line_id) VALUES(2660, 'PERFECT', 'IN_STOCK', 79, 122);
INSERT INTO BOOK(book_id, condition, state, edition_id, line_id) VALUES(2661, 'DAMAGED', 'IN_STOCK', 79, 15);
INSERT INTO BOOK(book_id, condition, state, edition_id, line_id) VALUES(2662, 'PERFECT', 'IN_STOCK', 79, 349);
INSERT INTO BOOK(book_id, condition, state, edition_id, line_id) VALUES(2663, 'PERFECT', 'IN_STOCK', 79, 239);
INSERT INTO BOOK(book_id, condition, state, edition_id, line_id) VALUES(2664, 'WORN_OUT', 'REFURBISHMENT', 79, 320);
INSERT INTO BOOK(book_id, condition, state, edition_id, line_id) VALUES(2665, 'UNUSABLE', 'MISSING', 79, 250);
INSERT INTO BOOK(book_id, condition, state, edition_id, line_id) VALUES(2666, 'PERFECT', 'IN_STOCK', 79, 334);
INSERT INTO BOOK(book_id, condition, state, edition_id, line_id) VALUES(2667, 'PERFECT', 'REFURBISHMENT', 79, 320);
INSERT INTO BOOK(book_id, condition, state, edition_id, line_id) VALUES(2668, 'PERFECT', 'IN_STOCK', 79, 220);
INSERT INTO BOOK(book_id, condition, state, edition_id, line_id) VALUES(2669, 'DAMAGED', 'IN_STOCK', 79, 156);
INSERT INTO BOOK(book_id, condition, state, edition_id, line_id) VALUES(2670, 'PERFECT', 'IN_STOCK', 79, 146);
INSERT INTO BOOK(book_id, condition, state, edition_id, line_id) VALUES(2671, 'PERFECT', 'IN_STOCK', 79, 152);
INSERT INTO BOOK(book_id, condition, state, edition_id, line_id) VALUES(2672, 'DAMAGED', 'IN_STOCK', 79, 48);
INSERT INTO BOOK(book_id, condition, state, edition_id, line_id) VALUES(2673, 'UNUSABLE', 'IN_STOCK', 79, 90);
INSERT INTO BOOK(book_id, condition, state, edition_id, line_id) VALUES(2674, 'PERFECT', 'IN_STOCK', 79, 221);
INSERT INTO BOOK(book_id, condition, state, edition_id, line_id) VALUES(2675, 'UNUSABLE', 'IN_STOCK', 79, 176);
INSERT INTO BOOK(book_id, condition, state, edition_id, line_id) VALUES(2676, 'PERFECT', 'IN_STOCK', 79, 224);
INSERT INTO BOOK(book_id, condition, state, edition_id, line_id) VALUES(2677, 'UNUSABLE', 'IN_STOCK', 79, 58);
INSERT INTO BOOK(book_id, condition, state, edition_id, line_id) VALUES(2678, 'PERFECT', 'REFURBISHMENT', 79, 160);
INSERT INTO BOOK(book_id, condition, state, edition_id, line_id) VALUES(2679, 'PERFECT', 'IN_STOCK', 79, 113);
INSERT INTO BOOK(book_id, condition, state, edition_id, line_id) VALUES(2680, 'UNUSABLE', 'IN_STOCK', 79, 62);
INSERT INTO BOOK(book_id, condition, state, edition_id, line_id) VALUES(2681, 'PERFECT', 'REFURBISHMENT', 79, 38);
INSERT INTO BOOK(book_id, condition, state, edition_id, line_id) VALUES(2682, 'PERFECT', 'IN_STOCK', 79, 239);
INSERT INTO BOOK(book_id, condition, state, edition_id, line_id) VALUES(2683, 'UNUSABLE', 'REFURBISHMENT', 79, 288);
INSERT INTO BOOK(book_id, condition, state, edition_id, line_id) VALUES(2684, 'PERFECT', 'IN_STOCK', 79, 94);
INSERT INTO BOOK(book_id, condition, state, edition_id, line_id) VALUES(2685, 'PERFECT', 'IN_STOCK', 79, 144);
INSERT INTO BOOK(book_id, condition, state, edition_id, line_id) VALUES(2686, 'PERFECT', 'REFURBISHMENT', 79, 192);
INSERT INTO BOOK(book_id, condition, state, edition_id, line_id) VALUES(2687, 'PERFECT', 'IN_STOCK', 79, 71);
INSERT INTO BOOK(book_id, condition, state, edition_id, line_id) VALUES(2688, 'DAMAGED', 'REFURBISHMENT', 79, 151);
INSERT INTO BOOK(book_id, condition, state, edition_id, line_id) VALUES(2689, 'PERFECT', 'REFURBISHMENT', 79, 233);
INSERT INTO BOOK(book_id, condition, state, edition_id, line_id) VALUES(2690, 'UNUSABLE', 'IN_STOCK', 79, 209);
INSERT INTO BOOK(book_id, condition, state, edition_id, line_id) VALUES(2691, 'PERFECT', 'IN_STOCK', 80, 273);
INSERT INTO BOOK(book_id, condition, state, edition_id, line_id) VALUES(2692, 'PERFECT', 'IN_STOCK', 80, 309);
INSERT INTO BOOK(book_id, condition, state, edition_id, line_id) VALUES(2693, 'UNUSABLE', 'IN_STOCK', 80, 156);
INSERT INTO BOOK(book_id, condition, state, edition_id, line_id) VALUES(2694, 'PERFECT', 'MISSING', 80, 100);
INSERT INTO BOOK(book_id, condition, state, edition_id, line_id) VALUES(2695, 'PERFECT', 'IN_STOCK', 80, 272);
INSERT INTO BOOK(book_id, condition, state, edition_id, line_id) VALUES(2696, 'DAMAGED', 'IN_STOCK', 80, 252);
INSERT INTO BOOK(book_id, condition, state, edition_id, line_id) VALUES(2697, 'DAMAGED', 'IN_STOCK', 80, 249);
INSERT INTO BOOK(book_id, condition, state, edition_id, line_id) VALUES(2698, 'PERFECT', 'REFURBISHMENT', 80, 69);
INSERT INTO BOOK(book_id, condition, state, edition_id, line_id) VALUES(2699, 'DAMAGED', 'IN_STOCK', 80, 196);
INSERT INTO BOOK(book_id, condition, state, edition_id, line_id) VALUES(2700, 'PERFECT', 'IN_STOCK', 80, 233);
INSERT INTO BOOK(book_id, condition, state, edition_id, line_id) VALUES(2701, 'PERFECT', 'IN_STOCK', 80, 146);
INSERT INTO BOOK(book_id, condition, state, edition_id, line_id) VALUES(2702, 'PERFECT', 'REFURBISHMENT', 80, 171);
INSERT INTO BOOK(book_id, condition, state, edition_id, line_id) VALUES(2703, 'PERFECT', 'MISSING', 80, 137);
INSERT INTO BOOK(book_id, condition, state, edition_id, line_id) VALUES(2704, 'UNUSABLE', 'IN_STOCK', 80, 236);
INSERT INTO BOOK(book_id, condition, state, edition_id, line_id) VALUES(2705, 'PERFECT', 'REFURBISHMENT', 80, 242);
INSERT INTO BOOK(book_id, condition, state, edition_id, line_id) VALUES(2706, 'WORN_OUT', 'IN_STOCK', 80, 258);
INSERT INTO BOOK(book_id, condition, state, edition_id, line_id) VALUES(2707, 'WORN_OUT', 'IN_STOCK', 80, 135);
INSERT INTO BOOK(book_id, condition, state, edition_id, line_id) VALUES(2708, 'WORN_OUT', 'IN_STOCK', 80, 273);
INSERT INTO BOOK(book_id, condition, state, edition_id, line_id) VALUES(2709, 'DAMAGED', 'IN_STOCK', 80, 77);
INSERT INTO BOOK(book_id, condition, state, edition_id, line_id) VALUES(2710, 'WORN_OUT', 'IN_STOCK', 80, 271);
INSERT INTO BOOK(book_id, condition, state, edition_id, line_id) VALUES(2711, 'PERFECT', 'IN_STOCK', 80, 33);
INSERT INTO BOOK(book_id, condition, state, edition_id, line_id) VALUES(2712, 'WORN_OUT', 'IN_STOCK', 80, 179);
INSERT INTO BOOK(book_id, condition, state, edition_id, line_id) VALUES(2713, 'PERFECT', 'IN_STOCK', 80, 353);
INSERT INTO BOOK(book_id, condition, state, edition_id, line_id) VALUES(2714, 'WORN_OUT', 'IN_STOCK', 80, 281);
INSERT INTO BOOK(book_id, condition, state, edition_id, line_id) VALUES(2715, 'PERFECT', 'IN_STOCK', 80, 333);
INSERT INTO BOOK(book_id, condition, state, edition_id, line_id) VALUES(2716, 'DAMAGED', 'REFURBISHMENT', 80, 64);
INSERT INTO BOOK(book_id, condition, state, edition_id, line_id) VALUES(2717, 'PERFECT', 'MISSING', 80, 331);
INSERT INTO BOOK(book_id, condition, state, edition_id, line_id) VALUES(2718, 'PERFECT', 'REFURBISHMENT', 80, 266);
INSERT INTO BOOK(book_id, condition, state, edition_id, line_id) VALUES(2719, 'PERFECT', 'IN_STOCK', 80, 212);
INSERT INTO BOOK(book_id, condition, state, edition_id, line_id) VALUES(2720, 'UNUSABLE', 'MISSING', 80, 177);
INSERT INTO BOOK(book_id, condition, state, edition_id, line_id) VALUES(2721, 'WORN_OUT', 'IN_STOCK', 80, 49);
INSERT INTO BOOK(book_id, condition, state, edition_id, line_id) VALUES(2722, 'PERFECT', 'IN_STOCK', 80, 43);
INSERT INTO BOOK(book_id, condition, state, edition_id, line_id) VALUES(2723, 'WORN_OUT', 'IN_STOCK', 80, 354);
INSERT INTO BOOK(book_id, condition, state, edition_id, line_id) VALUES(2724, 'WORN_OUT', 'IN_STOCK', 80, 58);
INSERT INTO BOOK(book_id, condition, state, edition_id, line_id) VALUES(2725, 'WORN_OUT', 'IN_STOCK', 80, 239);
INSERT INTO BOOK(book_id, condition, state, edition_id, line_id) VALUES(2726, 'PERFECT', 'IN_STOCK', 80, 144);
INSERT INTO BOOK(book_id, condition, state, edition_id, line_id) VALUES(2727, 'PERFECT', 'IN_STOCK', 80, 284);
INSERT INTO BOOK(book_id, condition, state, edition_id, line_id) VALUES(2728, 'PERFECT', 'MISSING', 80, 304);
INSERT INTO BOOK(book_id, condition, state, edition_id, line_id) VALUES(2729, 'PERFECT', 'IN_STOCK', 80, 214);
INSERT INTO BOOK(book_id, condition, state, edition_id, line_id) VALUES(2730, 'PERFECT', 'IN_STOCK', 80, 283);
INSERT INTO BOOK(book_id, condition, state, edition_id, line_id) VALUES(2731, 'DAMAGED', 'IN_STOCK', 80, 30);
INSERT INTO BOOK(book_id, condition, state, edition_id, line_id) VALUES(2732, 'PERFECT', 'MISSING', 80, 57);
INSERT INTO BOOK(book_id, condition, state, edition_id, line_id) VALUES(2733, 'PERFECT', 'IN_STOCK', 80, 177);
INSERT INTO BOOK(book_id, condition, state, edition_id, line_id) VALUES(2734, 'PERFECT', 'IN_STOCK', 81, 327);
INSERT INTO BOOK(book_id, condition, state, edition_id, line_id) VALUES(2735, 'PERFECT', 'IN_STOCK', 81, 188);
INSERT INTO BOOK(book_id, condition, state, edition_id, line_id) VALUES(2736, 'WORN_OUT', 'IN_STOCK', 81, 155);
INSERT INTO BOOK(book_id, condition, state, edition_id, line_id) VALUES(2737, 'PERFECT', 'IN_STOCK', 81, 360);
INSERT INTO BOOK(book_id, condition, state, edition_id, line_id) VALUES(2738, 'WORN_OUT', 'IN_STOCK', 81, 309);
INSERT INTO BOOK(book_id, condition, state, edition_id, line_id) VALUES(2739, 'PERFECT', 'MISSING', 81, 131);
INSERT INTO BOOK(book_id, condition, state, edition_id, line_id) VALUES(2740, 'PERFECT', 'IN_STOCK', 81, 83);
INSERT INTO BOOK(book_id, condition, state, edition_id, line_id) VALUES(2741, 'PERFECT', 'MISSING', 81, 274);
INSERT INTO BOOK(book_id, condition, state, edition_id, line_id) VALUES(2742, 'PERFECT', 'IN_STOCK', 81, 138);
INSERT INTO BOOK(book_id, condition, state, edition_id, line_id) VALUES(2743, 'PERFECT', 'MISSING', 81, 307);
INSERT INTO BOOK(book_id, condition, state, edition_id, line_id) VALUES(2744, 'WORN_OUT', 'REFURBISHMENT', 81, 110);
INSERT INTO BOOK(book_id, condition, state, edition_id, line_id) VALUES(2745, 'WORN_OUT', 'IN_STOCK', 81, 120);
INSERT INTO BOOK(book_id, condition, state, edition_id, line_id) VALUES(2746, 'DAMAGED', 'IN_STOCK', 81, 246);
INSERT INTO BOOK(book_id, condition, state, edition_id, line_id) VALUES(2747, 'WORN_OUT', 'IN_STOCK', 81, 3);
INSERT INTO BOOK(book_id, condition, state, edition_id, line_id) VALUES(2748, 'DAMAGED', 'IN_STOCK', 81, 301);
INSERT INTO BOOK(book_id, condition, state, edition_id, line_id) VALUES(2749, 'PERFECT', 'MISSING', 81, 134);
INSERT INTO BOOK(book_id, condition, state, edition_id, line_id) VALUES(2750, 'PERFECT', 'IN_STOCK', 81, 197);
INSERT INTO BOOK(book_id, condition, state, edition_id, line_id) VALUES(2751, 'WORN_OUT', 'IN_STOCK', 81, 20);
INSERT INTO BOOK(book_id, condition, state, edition_id, line_id) VALUES(2752, 'WORN_OUT', 'IN_STOCK', 81, 350);
INSERT INTO BOOK(book_id, condition, state, edition_id, line_id) VALUES(2753, 'PERFECT', 'IN_STOCK', 81, 44);
INSERT INTO BOOK(book_id, condition, state, edition_id, line_id) VALUES(2754, 'DAMAGED', 'IN_STOCK', 81, 242);
INSERT INTO BOOK(book_id, condition, state, edition_id, line_id) VALUES(2755, 'WORN_OUT', 'MISSING', 81, 332);
INSERT INTO BOOK(book_id, condition, state, edition_id, line_id) VALUES(2756, 'UNUSABLE', 'REFURBISHMENT', 81, 201);
INSERT INTO BOOK(book_id, condition, state, edition_id, line_id) VALUES(2757, 'WORN_OUT', 'IN_STOCK', 81, 303);
INSERT INTO BOOK(book_id, condition, state, edition_id, line_id) VALUES(2758, 'PERFECT', 'MISSING', 81, 324);
INSERT INTO BOOK(book_id, condition, state, edition_id, line_id) VALUES(2759, 'UNUSABLE', 'IN_STOCK', 81, 268);
INSERT INTO BOOK(book_id, condition, state, edition_id, line_id) VALUES(2760, 'WORN_OUT', 'IN_STOCK', 81, 204);
INSERT INTO BOOK(book_id, condition, state, edition_id, line_id) VALUES(2761, 'WORN_OUT', 'IN_STOCK', 81, 30);
INSERT INTO BOOK(book_id, condition, state, edition_id, line_id) VALUES(2762, 'DAMAGED', 'MISSING', 81, 361);
INSERT INTO BOOK(book_id, condition, state, edition_id, line_id) VALUES(2763, 'PERFECT', 'IN_STOCK', 81, 263);
INSERT INTO BOOK(book_id, condition, state, edition_id, line_id) VALUES(2764, 'DAMAGED', 'MISSING', 81, 127);
INSERT INTO BOOK(book_id, condition, state, edition_id, line_id) VALUES(2765, 'PERFECT', 'IN_STOCK', 81, 252);
INSERT INTO BOOK(book_id, condition, state, edition_id, line_id) VALUES(2766, 'PERFECT', 'IN_STOCK', 81, 300);
INSERT INTO BOOK(book_id, condition, state, edition_id, line_id) VALUES(2767, 'PERFECT', 'IN_STOCK', 81, 98);
INSERT INTO BOOK(book_id, condition, state, edition_id, line_id) VALUES(2768, 'PERFECT', 'MISSING', 81, 68);
INSERT INTO BOOK(book_id, condition, state, edition_id, line_id) VALUES(2769, 'WORN_OUT', 'MISSING', 81, 310);
INSERT INTO BOOK(book_id, condition, state, edition_id, line_id) VALUES(2770, 'PERFECT', 'REFURBISHMENT', 82, 218);
INSERT INTO BOOK(book_id, condition, state, edition_id, line_id) VALUES(2771, 'PERFECT', 'IN_STOCK', 82, 64);
INSERT INTO BOOK(book_id, condition, state, edition_id, line_id) VALUES(2772, 'WORN_OUT', 'IN_STOCK', 82, 1);
INSERT INTO BOOK(book_id, condition, state, edition_id, line_id) VALUES(2773, 'UNUSABLE', 'MISSING', 82, 220);
INSERT INTO BOOK(book_id, condition, state, edition_id, line_id) VALUES(2774, 'WORN_OUT', 'IN_STOCK', 82, 132);
INSERT INTO BOOK(book_id, condition, state, edition_id, line_id) VALUES(2775, 'WORN_OUT', 'IN_STOCK', 82, 81);
INSERT INTO BOOK(book_id, condition, state, edition_id, line_id) VALUES(2776, 'PERFECT', 'IN_STOCK', 82, 120);
INSERT INTO BOOK(book_id, condition, state, edition_id, line_id) VALUES(2777, 'WORN_OUT', 'IN_STOCK', 82, 318);
INSERT INTO BOOK(book_id, condition, state, edition_id, line_id) VALUES(2778, 'PERFECT', 'REFURBISHMENT', 82, 104);
INSERT INTO BOOK(book_id, condition, state, edition_id, line_id) VALUES(2779, 'PERFECT', 'IN_STOCK', 82, 269);
INSERT INTO BOOK(book_id, condition, state, edition_id, line_id) VALUES(2780, 'PERFECT', 'REFURBISHMENT', 82, 144);
INSERT INTO BOOK(book_id, condition, state, edition_id, line_id) VALUES(2781, 'PERFECT', 'REFURBISHMENT', 82, 115);
INSERT INTO BOOK(book_id, condition, state, edition_id, line_id) VALUES(2782, 'WORN_OUT', 'IN_STOCK', 82, 285);
INSERT INTO BOOK(book_id, condition, state, edition_id, line_id) VALUES(2783, 'PERFECT', 'REFURBISHMENT', 82, 251);
INSERT INTO BOOK(book_id, condition, state, edition_id, line_id) VALUES(2784, 'PERFECT', 'IN_STOCK', 82, 243);
INSERT INTO BOOK(book_id, condition, state, edition_id, line_id) VALUES(2785, 'UNUSABLE', 'IN_STOCK', 82, 264);
INSERT INTO BOOK(book_id, condition, state, edition_id, line_id) VALUES(2786, 'UNUSABLE', 'IN_STOCK', 82, 192);
INSERT INTO BOOK(book_id, condition, state, edition_id, line_id) VALUES(2787, 'WORN_OUT', 'MISSING', 82, 287);
INSERT INTO BOOK(book_id, condition, state, edition_id, line_id) VALUES(2788, 'PERFECT', 'IN_STOCK', 82, 293);
INSERT INTO BOOK(book_id, condition, state, edition_id, line_id) VALUES(2789, 'PERFECT', 'IN_STOCK', 82, 190);
INSERT INTO BOOK(book_id, condition, state, edition_id, line_id) VALUES(2790, 'WORN_OUT', 'IN_STOCK', 82, 360);
INSERT INTO BOOK(book_id, condition, state, edition_id, line_id) VALUES(2791, 'UNUSABLE', 'IN_STOCK', 82, 305);
INSERT INTO BOOK(book_id, condition, state, edition_id, line_id) VALUES(2792, 'PERFECT', 'IN_STOCK', 82, 298);
INSERT INTO BOOK(book_id, condition, state, edition_id, line_id) VALUES(2793, 'WORN_OUT', 'REFURBISHMENT', 83, 316);
INSERT INTO BOOK(book_id, condition, state, edition_id, line_id) VALUES(2794, 'PERFECT', 'IN_STOCK', 83, 33);
INSERT INTO BOOK(book_id, condition, state, edition_id, line_id) VALUES(2795, 'PERFECT', 'IN_STOCK', 83, 6);
INSERT INTO BOOK(book_id, condition, state, edition_id, line_id) VALUES(2796, 'PERFECT', 'IN_STOCK', 83, 81);
INSERT INTO BOOK(book_id, condition, state, edition_id, line_id) VALUES(2797, 'PERFECT', 'REFURBISHMENT', 83, 308);
INSERT INTO BOOK(book_id, condition, state, edition_id, line_id) VALUES(2798, 'WORN_OUT', 'IN_STOCK', 83, 262);
INSERT INTO BOOK(book_id, condition, state, edition_id, line_id) VALUES(2799, 'PERFECT', 'IN_STOCK', 83, 195);
INSERT INTO BOOK(book_id, condition, state, edition_id, line_id) VALUES(2800, 'PERFECT', 'MISSING', 83, 152);
INSERT INTO BOOK(book_id, condition, state, edition_id, line_id) VALUES(2801, 'PERFECT', 'IN_STOCK', 83, 274);
INSERT INTO BOOK(book_id, condition, state, edition_id, line_id) VALUES(2802, 'WORN_OUT', 'IN_STOCK', 83, 182);
INSERT INTO BOOK(book_id, condition, state, edition_id, line_id) VALUES(2803, 'PERFECT', 'IN_STOCK', 83, 27);
INSERT INTO BOOK(book_id, condition, state, edition_id, line_id) VALUES(2804, 'WORN_OUT', 'IN_STOCK', 83, 26);
INSERT INTO BOOK(book_id, condition, state, edition_id, line_id) VALUES(2805, 'UNUSABLE', 'IN_STOCK', 83, 348);
INSERT INTO BOOK(book_id, condition, state, edition_id, line_id) VALUES(2806, 'WORN_OUT', 'REFURBISHMENT', 83, 71);
INSERT INTO BOOK(book_id, condition, state, edition_id, line_id) VALUES(2807, 'PERFECT', 'IN_STOCK', 83, 361);
INSERT INTO BOOK(book_id, condition, state, edition_id, line_id) VALUES(2808, 'PERFECT', 'MISSING', 83, 75);
INSERT INTO BOOK(book_id, condition, state, edition_id, line_id) VALUES(2809, 'PERFECT', 'IN_STOCK', 83, 167);
INSERT INTO BOOK(book_id, condition, state, edition_id, line_id) VALUES(2810, 'PERFECT', 'IN_STOCK', 83, 119);
INSERT INTO BOOK(book_id, condition, state, edition_id, line_id) VALUES(2811, 'PERFECT', 'IN_STOCK', 83, 207);
INSERT INTO BOOK(book_id, condition, state, edition_id, line_id) VALUES(2812, 'PERFECT', 'IN_STOCK', 83, 258);
INSERT INTO BOOK(book_id, condition, state, edition_id, line_id) VALUES(2813, 'PERFECT', 'IN_STOCK', 83, 82);
INSERT INTO BOOK(book_id, condition, state, edition_id, line_id) VALUES(2814, 'UNUSABLE', 'MISSING', 83, 34);
INSERT INTO BOOK(book_id, condition, state, edition_id, line_id) VALUES(2815, 'PERFECT', 'IN_STOCK', 83, 82);
INSERT INTO BOOK(book_id, condition, state, edition_id, line_id) VALUES(2816, 'PERFECT', 'REFURBISHMENT', 83, 167);
INSERT INTO BOOK(book_id, condition, state, edition_id, line_id) VALUES(2817, 'PERFECT', 'IN_STOCK', 83, 65);
INSERT INTO BOOK(book_id, condition, state, edition_id, line_id) VALUES(2818, 'PERFECT', 'IN_STOCK', 83, 112);
INSERT INTO BOOK(book_id, condition, state, edition_id, line_id) VALUES(2819, 'DAMAGED', 'IN_STOCK', 83, 239);
INSERT INTO BOOK(book_id, condition, state, edition_id, line_id) VALUES(2820, 'DAMAGED', 'IN_STOCK', 83, 199);
INSERT INTO BOOK(book_id, condition, state, edition_id, line_id) VALUES(2821, 'PERFECT', 'IN_STOCK', 83, 286);
INSERT INTO BOOK(book_id, condition, state, edition_id, line_id) VALUES(2822, 'PERFECT', 'IN_STOCK', 84, 119);
INSERT INTO BOOK(book_id, condition, state, edition_id, line_id) VALUES(2823, 'WORN_OUT', 'IN_STOCK', 84, 260);
INSERT INTO BOOK(book_id, condition, state, edition_id, line_id) VALUES(2824, 'PERFECT', 'IN_STOCK', 84, 196);
INSERT INTO BOOK(book_id, condition, state, edition_id, line_id) VALUES(2825, 'PERFECT', 'IN_STOCK', 84, 161);
INSERT INTO BOOK(book_id, condition, state, edition_id, line_id) VALUES(2826, 'PERFECT', 'MISSING', 84, 199);
INSERT INTO BOOK(book_id, condition, state, edition_id, line_id) VALUES(2827, 'PERFECT', 'IN_STOCK', 84, 314);
INSERT INTO BOOK(book_id, condition, state, edition_id, line_id) VALUES(2828, 'DAMAGED', 'REFURBISHMENT', 84, 354);
INSERT INTO BOOK(book_id, condition, state, edition_id, line_id) VALUES(2829, 'PERFECT', 'IN_STOCK', 84, 219);
INSERT INTO BOOK(book_id, condition, state, edition_id, line_id) VALUES(2830, 'PERFECT', 'IN_STOCK', 84, 129);
INSERT INTO BOOK(book_id, condition, state, edition_id, line_id) VALUES(2831, 'UNUSABLE', 'IN_STOCK', 84, 252);
INSERT INTO BOOK(book_id, condition, state, edition_id, line_id) VALUES(2832, 'PERFECT', 'IN_STOCK', 84, 0);
INSERT INTO BOOK(book_id, condition, state, edition_id, line_id) VALUES(2833, 'WORN_OUT', 'IN_STOCK', 84, 351);
INSERT INTO BOOK(book_id, condition, state, edition_id, line_id) VALUES(2834, 'UNUSABLE', 'IN_STOCK', 84, 355);
INSERT INTO BOOK(book_id, condition, state, edition_id, line_id) VALUES(2835, 'UNUSABLE', 'IN_STOCK', 84, 173);
INSERT INTO BOOK(book_id, condition, state, edition_id, line_id) VALUES(2836, 'DAMAGED', 'IN_STOCK', 84, 208);
INSERT INTO BOOK(book_id, condition, state, edition_id, line_id) VALUES(2837, 'WORN_OUT', 'IN_STOCK', 84, 115);
INSERT INTO BOOK(book_id, condition, state, edition_id, line_id) VALUES(2838, 'DAMAGED', 'IN_STOCK', 84, 174);
INSERT INTO BOOK(book_id, condition, state, edition_id, line_id) VALUES(2839, 'PERFECT', 'IN_STOCK', 84, 104);
INSERT INTO BOOK(book_id, condition, state, edition_id, line_id) VALUES(2840, 'PERFECT', 'IN_STOCK', 84, 253);
INSERT INTO BOOK(book_id, condition, state, edition_id, line_id) VALUES(2841, 'PERFECT', 'IN_STOCK', 84, 47);
INSERT INTO BOOK(book_id, condition, state, edition_id, line_id) VALUES(2842, 'WORN_OUT', 'IN_STOCK', 84, 81);
INSERT INTO BOOK(book_id, condition, state, edition_id, line_id) VALUES(2843, 'PERFECT', 'IN_STOCK', 84, 127);
INSERT INTO BOOK(book_id, condition, state, edition_id, line_id) VALUES(2844, 'PERFECT', 'REFURBISHMENT', 84, 280);
INSERT INTO BOOK(book_id, condition, state, edition_id, line_id) VALUES(2845, 'UNUSABLE', 'IN_STOCK', 84, 164);
INSERT INTO BOOK(book_id, condition, state, edition_id, line_id) VALUES(2846, 'PERFECT', 'IN_STOCK', 84, 111);
INSERT INTO BOOK(book_id, condition, state, edition_id, line_id) VALUES(2847, 'PERFECT', 'IN_STOCK', 84, 20);
INSERT INTO BOOK(book_id, condition, state, edition_id, line_id) VALUES(2848, 'UNUSABLE', 'IN_STOCK', 84, 156);
INSERT INTO BOOK(book_id, condition, state, edition_id, line_id) VALUES(2849, 'UNUSABLE', 'IN_STOCK', 84, 190);
INSERT INTO BOOK(book_id, condition, state, edition_id, line_id) VALUES(2850, 'PERFECT', 'IN_STOCK', 84, 15);
INSERT INTO BOOK(book_id, condition, state, edition_id, line_id) VALUES(2851, 'PERFECT', 'IN_STOCK', 84, 151);
INSERT INTO BOOK(book_id, condition, state, edition_id, line_id) VALUES(2852, 'WORN_OUT', 'IN_STOCK', 84, 8);
INSERT INTO BOOK(book_id, condition, state, edition_id, line_id) VALUES(2853, 'PERFECT', 'IN_STOCK', 84, 140);
INSERT INTO BOOK(book_id, condition, state, edition_id, line_id) VALUES(2854, 'PERFECT', 'IN_STOCK', 84, 291);
INSERT INTO BOOK(book_id, condition, state, edition_id, line_id) VALUES(2855, 'PERFECT', 'IN_STOCK', 84, 92);
INSERT INTO BOOK(book_id, condition, state, edition_id, line_id) VALUES(2856, 'PERFECT', 'IN_STOCK', 84, 359);
INSERT INTO BOOK(book_id, condition, state, edition_id, line_id) VALUES(2857, 'UNUSABLE', 'IN_STOCK', 84, 75);
INSERT INTO BOOK(book_id, condition, state, edition_id, line_id) VALUES(2858, 'PERFECT', 'IN_STOCK', 84, 40);
INSERT INTO BOOK(book_id, condition, state, edition_id, line_id) VALUES(2859, 'UNUSABLE', 'IN_STOCK', 84, 147);
INSERT INTO BOOK(book_id, condition, state, edition_id, line_id) VALUES(2860, 'DAMAGED', 'IN_STOCK', 84, 40);
INSERT INTO BOOK(book_id, condition, state, edition_id, line_id) VALUES(2861, 'WORN_OUT', 'REFURBISHMENT', 84, 272);
INSERT INTO BOOK(book_id, condition, state, edition_id, line_id) VALUES(2862, 'PERFECT', 'MISSING', 84, 264);
INSERT INTO BOOK(book_id, condition, state, edition_id, line_id) VALUES(2863, 'WORN_OUT', 'IN_STOCK', 84, 69);
INSERT INTO BOOK(book_id, condition, state, edition_id, line_id) VALUES(2864, 'PERFECT', 'MISSING', 84, 203);
INSERT INTO BOOK(book_id, condition, state, edition_id, line_id) VALUES(2865, 'UNUSABLE', 'IN_STOCK', 84, 347);
INSERT INTO BOOK(book_id, condition, state, edition_id, line_id) VALUES(2866, 'PERFECT', 'IN_STOCK', 84, 297);
INSERT INTO BOOK(book_id, condition, state, edition_id, line_id) VALUES(2867, 'PERFECT', 'REFURBISHMENT', 84, 97);
INSERT INTO BOOK(book_id, condition, state, edition_id, line_id) VALUES(2868, 'PERFECT', 'IN_STOCK', 84, 173);
INSERT INTO BOOK(book_id, condition, state, edition_id, line_id) VALUES(2869, 'PERFECT', 'IN_STOCK', 84, 57);
INSERT INTO BOOK(book_id, condition, state, edition_id, line_id) VALUES(2870, 'DAMAGED', 'MISSING', 84, 344);
INSERT INTO BOOK(book_id, condition, state, edition_id, line_id) VALUES(2871, 'PERFECT', 'IN_STOCK', 84, 322);
INSERT INTO BOOK(book_id, condition, state, edition_id, line_id) VALUES(2872, 'DAMAGED', 'IN_STOCK', 84, 148);
INSERT INTO BOOK(book_id, condition, state, edition_id, line_id) VALUES(2873, 'PERFECT', 'IN_STOCK', 84, 333);
INSERT INTO BOOK(book_id, condition, state, edition_id, line_id) VALUES(2874, 'UNUSABLE', 'MISSING', 85, 118);
INSERT INTO BOOK(book_id, condition, state, edition_id, line_id) VALUES(2875, 'PERFECT', 'IN_STOCK', 85, 110);
INSERT INTO BOOK(book_id, condition, state, edition_id, line_id) VALUES(2876, 'WORN_OUT', 'REFURBISHMENT', 85, 106);
INSERT INTO BOOK(book_id, condition, state, edition_id, line_id) VALUES(2877, 'PERFECT', 'IN_STOCK', 85, 270);
INSERT INTO BOOK(book_id, condition, state, edition_id, line_id) VALUES(2878, 'PERFECT', 'IN_STOCK', 85, 313);
INSERT INTO BOOK(book_id, condition, state, edition_id, line_id) VALUES(2879, 'PERFECT', 'IN_STOCK', 85, 179);
INSERT INTO BOOK(book_id, condition, state, edition_id, line_id) VALUES(2880, 'WORN_OUT', 'MISSING', 85, 351);
INSERT INTO BOOK(book_id, condition, state, edition_id, line_id) VALUES(2881, 'PERFECT', 'IN_STOCK', 85, 30);
INSERT INTO BOOK(book_id, condition, state, edition_id, line_id) VALUES(2882, 'WORN_OUT', 'IN_STOCK', 85, 304);
INSERT INTO BOOK(book_id, condition, state, edition_id, line_id) VALUES(2883, 'DAMAGED', 'REFURBISHMENT', 85, 326);
INSERT INTO BOOK(book_id, condition, state, edition_id, line_id) VALUES(2884, 'DAMAGED', 'IN_STOCK', 85, 50);
INSERT INTO BOOK(book_id, condition, state, edition_id, line_id) VALUES(2885, 'WORN_OUT', 'REFURBISHMENT', 85, 54);
INSERT INTO BOOK(book_id, condition, state, edition_id, line_id) VALUES(2886, 'PERFECT', 'MISSING', 85, 173);
INSERT INTO BOOK(book_id, condition, state, edition_id, line_id) VALUES(2887, 'DAMAGED', 'IN_STOCK', 85, 197);
INSERT INTO BOOK(book_id, condition, state, edition_id, line_id) VALUES(2888, 'WORN_OUT', 'IN_STOCK', 85, 188);
INSERT INTO BOOK(book_id, condition, state, edition_id, line_id) VALUES(2889, 'UNUSABLE', 'MISSING', 85, 178);
INSERT INTO BOOK(book_id, condition, state, edition_id, line_id) VALUES(2890, 'PERFECT', 'IN_STOCK', 85, 6);
INSERT INTO BOOK(book_id, condition, state, edition_id, line_id) VALUES(2891, 'PERFECT', 'IN_STOCK', 85, 149);
INSERT INTO BOOK(book_id, condition, state, edition_id, line_id) VALUES(2892, 'PERFECT', 'IN_STOCK', 85, 352);
INSERT INTO BOOK(book_id, condition, state, edition_id, line_id) VALUES(2893, 'DAMAGED', 'IN_STOCK', 85, 103);
INSERT INTO BOOK(book_id, condition, state, edition_id, line_id) VALUES(2894, 'PERFECT', 'IN_STOCK', 85, 289);
INSERT INTO BOOK(book_id, condition, state, edition_id, line_id) VALUES(2895, 'PERFECT', 'IN_STOCK', 85, 349);
INSERT INTO BOOK(book_id, condition, state, edition_id, line_id) VALUES(2896, 'WORN_OUT', 'MISSING', 85, 198);
INSERT INTO BOOK(book_id, condition, state, edition_id, line_id) VALUES(2897, 'PERFECT', 'IN_STOCK', 85, 124);
INSERT INTO BOOK(book_id, condition, state, edition_id, line_id) VALUES(2898, 'WORN_OUT', 'REFURBISHMENT', 85, 313);
INSERT INTO BOOK(book_id, condition, state, edition_id, line_id) VALUES(2899, 'PERFECT', 'IN_STOCK', 85, 205);
INSERT INTO BOOK(book_id, condition, state, edition_id, line_id) VALUES(2900, 'PERFECT', 'IN_STOCK', 85, 253);
INSERT INTO BOOK(book_id, condition, state, edition_id, line_id) VALUES(2901, 'WORN_OUT', 'REFURBISHMENT', 85, 121);
INSERT INTO BOOK(book_id, condition, state, edition_id, line_id) VALUES(2902, 'PERFECT', 'IN_STOCK', 85, 172);
INSERT INTO BOOK(book_id, condition, state, edition_id, line_id) VALUES(2903, 'PERFECT', 'IN_STOCK', 85, 252);
INSERT INTO BOOK(book_id, condition, state, edition_id, line_id) VALUES(2904, 'PERFECT', 'IN_STOCK', 85, 190);
INSERT INTO BOOK(book_id, condition, state, edition_id, line_id) VALUES(2905, 'PERFECT', 'MISSING', 85, 119);
INSERT INTO BOOK(book_id, condition, state, edition_id, line_id) VALUES(2906, 'PERFECT', 'REFURBISHMENT', 85, 146);
INSERT INTO BOOK(book_id, condition, state, edition_id, line_id) VALUES(2907, 'PERFECT', 'MISSING', 85, 228);
INSERT INTO BOOK(book_id, condition, state, edition_id, line_id) VALUES(2908, 'WORN_OUT', 'IN_STOCK', 85, 164);
INSERT INTO BOOK(book_id, condition, state, edition_id, line_id) VALUES(2909, 'WORN_OUT', 'REFURBISHMENT', 85, 321);
INSERT INTO BOOK(book_id, condition, state, edition_id, line_id) VALUES(2910, 'PERFECT', 'IN_STOCK', 85, 351);
INSERT INTO BOOK(book_id, condition, state, edition_id, line_id) VALUES(2911, 'WORN_OUT', 'IN_STOCK', 85, 168);
INSERT INTO BOOK(book_id, condition, state, edition_id, line_id) VALUES(2912, 'WORN_OUT', 'IN_STOCK', 85, 137);
INSERT INTO BOOK(book_id, condition, state, edition_id, line_id) VALUES(2913, 'UNUSABLE', 'IN_STOCK', 85, 119);
INSERT INTO BOOK(book_id, condition, state, edition_id, line_id) VALUES(2914, 'PERFECT', 'IN_STOCK', 85, 27);
INSERT INTO BOOK(book_id, condition, state, edition_id, line_id) VALUES(2915, 'WORN_OUT', 'IN_STOCK', 85, 282);
INSERT INTO BOOK(book_id, condition, state, edition_id, line_id) VALUES(2916, 'WORN_OUT', 'REFURBISHMENT', 85, 110);
INSERT INTO BOOK(book_id, condition, state, edition_id, line_id) VALUES(2917, 'WORN_OUT', 'IN_STOCK', 85, 116);
INSERT INTO BOOK(book_id, condition, state, edition_id, line_id) VALUES(2918, 'DAMAGED', 'MISSING', 85, 244);
INSERT INTO BOOK(book_id, condition, state, edition_id, line_id) VALUES(2919, 'UNUSABLE', 'IN_STOCK', 85, 74);
INSERT INTO BOOK(book_id, condition, state, edition_id, line_id) VALUES(2920, 'WORN_OUT', 'REFURBISHMENT', 85, 188);
INSERT INTO BOOK(book_id, condition, state, edition_id, line_id) VALUES(2921, 'DAMAGED', 'IN_STOCK', 85, 342);
INSERT INTO BOOK(book_id, condition, state, edition_id, line_id) VALUES(2922, 'PERFECT', 'IN_STOCK', 85, 350);
INSERT INTO BOOK(book_id, condition, state, edition_id, line_id) VALUES(2923, 'PERFECT', 'IN_STOCK', 85, 21);
INSERT INTO BOOK(book_id, condition, state, edition_id, line_id) VALUES(2924, 'DAMAGED', 'IN_STOCK', 86, 147);
INSERT INTO BOOK(book_id, condition, state, edition_id, line_id) VALUES(2925, 'DAMAGED', 'MISSING', 86, 346);
INSERT INTO BOOK(book_id, condition, state, edition_id, line_id) VALUES(2926, 'PERFECT', 'IN_STOCK', 86, 53);
INSERT INTO BOOK(book_id, condition, state, edition_id, line_id) VALUES(2927, 'WORN_OUT', 'IN_STOCK', 86, 307);
INSERT INTO BOOK(book_id, condition, state, edition_id, line_id) VALUES(2928, 'WORN_OUT', 'IN_STOCK', 86, 63);
INSERT INTO BOOK(book_id, condition, state, edition_id, line_id) VALUES(2929, 'PERFECT', 'IN_STOCK', 86, 54);
INSERT INTO BOOK(book_id, condition, state, edition_id, line_id) VALUES(2930, 'WORN_OUT', 'IN_STOCK', 86, 344);
INSERT INTO BOOK(book_id, condition, state, edition_id, line_id) VALUES(2931, 'WORN_OUT', 'REFURBISHMENT', 86, 243);
INSERT INTO BOOK(book_id, condition, state, edition_id, line_id) VALUES(2932, 'PERFECT', 'IN_STOCK', 86, 342);
INSERT INTO BOOK(book_id, condition, state, edition_id, line_id) VALUES(2933, 'PERFECT', 'REFURBISHMENT', 86, 161);
INSERT INTO BOOK(book_id, condition, state, edition_id, line_id) VALUES(2934, 'PERFECT', 'IN_STOCK', 86, 361);
INSERT INTO BOOK(book_id, condition, state, edition_id, line_id) VALUES(2935, 'PERFECT', 'MISSING', 86, 322);
INSERT INTO BOOK(book_id, condition, state, edition_id, line_id) VALUES(2936, 'DAMAGED', 'IN_STOCK', 86, 292);
INSERT INTO BOOK(book_id, condition, state, edition_id, line_id) VALUES(2937, 'WORN_OUT', 'REFURBISHMENT', 86, 12);
INSERT INTO BOOK(book_id, condition, state, edition_id, line_id) VALUES(2938, 'DAMAGED', 'IN_STOCK', 86, 349);
INSERT INTO BOOK(book_id, condition, state, edition_id, line_id) VALUES(2939, 'UNUSABLE', 'REFURBISHMENT', 86, 33);
INSERT INTO BOOK(book_id, condition, state, edition_id, line_id) VALUES(2940, 'PERFECT', 'MISSING', 86, 140);
INSERT INTO BOOK(book_id, condition, state, edition_id, line_id) VALUES(2941, 'PERFECT', 'IN_STOCK', 86, 101);
INSERT INTO BOOK(book_id, condition, state, edition_id, line_id) VALUES(2942, 'PERFECT', 'MISSING', 86, 51);
INSERT INTO BOOK(book_id, condition, state, edition_id, line_id) VALUES(2943, 'WORN_OUT', 'REFURBISHMENT', 86, 190);
INSERT INTO BOOK(book_id, condition, state, edition_id, line_id) VALUES(2944, 'DAMAGED', 'IN_STOCK', 86, 262);
INSERT INTO BOOK(book_id, condition, state, edition_id, line_id) VALUES(2945, 'PERFECT', 'IN_STOCK', 86, 186);
INSERT INTO BOOK(book_id, condition, state, edition_id, line_id) VALUES(2946, 'DAMAGED', 'IN_STOCK', 86, 316);
INSERT INTO BOOK(book_id, condition, state, edition_id, line_id) VALUES(2947, 'UNUSABLE', 'MISSING', 86, 133);
INSERT INTO BOOK(book_id, condition, state, edition_id, line_id) VALUES(2948, 'PERFECT', 'IN_STOCK', 86, 104);
INSERT INTO BOOK(book_id, condition, state, edition_id, line_id) VALUES(2949, 'WORN_OUT', 'IN_STOCK', 86, 117);
INSERT INTO BOOK(book_id, condition, state, edition_id, line_id) VALUES(2950, 'DAMAGED', 'IN_STOCK', 86, 135);
INSERT INTO BOOK(book_id, condition, state, edition_id, line_id) VALUES(2951, 'PERFECT', 'IN_STOCK', 86, 99);
INSERT INTO BOOK(book_id, condition, state, edition_id, line_id) VALUES(2952, 'WORN_OUT', 'IN_STOCK', 86, 71);
INSERT INTO BOOK(book_id, condition, state, edition_id, line_id) VALUES(2953, 'PERFECT', 'REFURBISHMENT', 86, 83);
INSERT INTO BOOK(book_id, condition, state, edition_id, line_id) VALUES(2954, 'PERFECT', 'MISSING', 86, 28);
INSERT INTO BOOK(book_id, condition, state, edition_id, line_id) VALUES(2955, 'UNUSABLE', 'IN_STOCK', 86, 309);
INSERT INTO BOOK(book_id, condition, state, edition_id, line_id) VALUES(2956, 'PERFECT', 'IN_STOCK', 86, 202);
INSERT INTO BOOK(book_id, condition, state, edition_id, line_id) VALUES(2957, 'PERFECT', 'IN_STOCK', 86, 344);
INSERT INTO BOOK(book_id, condition, state, edition_id, line_id) VALUES(2958, 'PERFECT', 'IN_STOCK', 86, 74);
INSERT INTO BOOK(book_id, condition, state, edition_id, line_id) VALUES(2959, 'WORN_OUT', 'IN_STOCK', 86, 283);
INSERT INTO BOOK(book_id, condition, state, edition_id, line_id) VALUES(2960, 'PERFECT', 'IN_STOCK', 86, 87);
INSERT INTO BOOK(book_id, condition, state, edition_id, line_id) VALUES(2961, 'WORN_OUT', 'MISSING', 86, 110);
INSERT INTO BOOK(book_id, condition, state, edition_id, line_id) VALUES(2962, 'WORN_OUT', 'IN_STOCK', 86, 59);
INSERT INTO BOOK(book_id, condition, state, edition_id, line_id) VALUES(2963, 'WORN_OUT', 'MISSING', 86, 110);
INSERT INTO BOOK(book_id, condition, state, edition_id, line_id) VALUES(2964, 'WORN_OUT', 'IN_STOCK', 86, 254);
INSERT INTO BOOK(book_id, condition, state, edition_id, line_id) VALUES(2965, 'PERFECT', 'REFURBISHMENT', 86, 41);
INSERT INTO BOOK(book_id, condition, state, edition_id, line_id) VALUES(2966, 'DAMAGED', 'IN_STOCK', 86, 181);
INSERT INTO BOOK(book_id, condition, state, edition_id, line_id) VALUES(2967, 'PERFECT', 'IN_STOCK', 86, 304);
INSERT INTO BOOK(book_id, condition, state, edition_id, line_id) VALUES(2968, 'PERFECT', 'IN_STOCK', 86, 278);
INSERT INTO BOOK(book_id, condition, state, edition_id, line_id) VALUES(2969, 'PERFECT', 'IN_STOCK', 86, 22);
INSERT INTO BOOK(book_id, condition, state, edition_id, line_id) VALUES(2970, 'PERFECT', 'MISSING', 86, 38);
INSERT INTO BOOK(book_id, condition, state, edition_id, line_id) VALUES(2971, 'PERFECT', 'MISSING', 86, 43);
INSERT INTO BOOK(book_id, condition, state, edition_id, line_id) VALUES(2972, 'DAMAGED', 'IN_STOCK', 86, 127);
INSERT INTO BOOK(book_id, condition, state, edition_id, line_id) VALUES(2973, 'DAMAGED', 'MISSING', 86, 251);
INSERT INTO BOOK(book_id, condition, state, edition_id, line_id) VALUES(2974, 'PERFECT', 'IN_STOCK', 86, 108);
INSERT INTO BOOK(book_id, condition, state, edition_id, line_id) VALUES(2975, 'WORN_OUT', 'IN_STOCK', 86, 353);
INSERT INTO BOOK(book_id, condition, state, edition_id, line_id) VALUES(2976, 'PERFECT', 'REFURBISHMENT', 86, 34);
INSERT INTO BOOK(book_id, condition, state, edition_id, line_id) VALUES(2977, 'PERFECT', 'MISSING', 86, 311);
INSERT INTO BOOK(book_id, condition, state, edition_id, line_id) VALUES(2978, 'WORN_OUT', 'IN_STOCK', 86, 105);
INSERT INTO BOOK(book_id, condition, state, edition_id, line_id) VALUES(2979, 'PERFECT', 'IN_STOCK', 86, 3);
INSERT INTO BOOK(book_id, condition, state, edition_id, line_id) VALUES(2980, 'WORN_OUT', 'REFURBISHMENT', 86, 18);
INSERT INTO BOOK(book_id, condition, state, edition_id, line_id) VALUES(2981, 'PERFECT', 'IN_STOCK', 87, 51);
INSERT INTO BOOK(book_id, condition, state, edition_id, line_id) VALUES(2982, 'WORN_OUT', 'IN_STOCK', 87, 66);
INSERT INTO BOOK(book_id, condition, state, edition_id, line_id) VALUES(2983, 'UNUSABLE', 'REFURBISHMENT', 87, 274);
INSERT INTO BOOK(book_id, condition, state, edition_id, line_id) VALUES(2984, 'PERFECT', 'IN_STOCK', 87, 200);
INSERT INTO BOOK(book_id, condition, state, edition_id, line_id) VALUES(2985, 'PERFECT', 'IN_STOCK', 87, 193);
INSERT INTO BOOK(book_id, condition, state, edition_id, line_id) VALUES(2986, 'WORN_OUT', 'REFURBISHMENT', 87, 315);
INSERT INTO BOOK(book_id, condition, state, edition_id, line_id) VALUES(2987, 'WORN_OUT', 'IN_STOCK', 87, 311);
INSERT INTO BOOK(book_id, condition, state, edition_id, line_id) VALUES(2988, 'PERFECT', 'IN_STOCK', 87, 215);
INSERT INTO BOOK(book_id, condition, state, edition_id, line_id) VALUES(2989, 'PERFECT', 'MISSING', 87, 270);
INSERT INTO BOOK(book_id, condition, state, edition_id, line_id) VALUES(2990, 'PERFECT', 'IN_STOCK', 87, 120);
INSERT INTO BOOK(book_id, condition, state, edition_id, line_id) VALUES(2991, 'WORN_OUT', 'IN_STOCK', 87, 317);
INSERT INTO BOOK(book_id, condition, state, edition_id, line_id) VALUES(2992, 'PERFECT', 'MISSING', 87, 232);
INSERT INTO BOOK(book_id, condition, state, edition_id, line_id) VALUES(2993, 'PERFECT', 'IN_STOCK', 87, 62);
INSERT INTO BOOK(book_id, condition, state, edition_id, line_id) VALUES(2994, 'UNUSABLE', 'IN_STOCK', 87, 113);
INSERT INTO BOOK(book_id, condition, state, edition_id, line_id) VALUES(2995, 'PERFECT', 'IN_STOCK', 87, 344);
INSERT INTO BOOK(book_id, condition, state, edition_id, line_id) VALUES(2996, 'PERFECT', 'IN_STOCK', 87, 311);
INSERT INTO BOOK(book_id, condition, state, edition_id, line_id) VALUES(2997, 'WORN_OUT', 'IN_STOCK', 87, 355);
INSERT INTO BOOK(book_id, condition, state, edition_id, line_id) VALUES(2998, 'PERFECT', 'IN_STOCK', 87, 358);
INSERT INTO BOOK(book_id, condition, state, edition_id, line_id) VALUES(2999, 'PERFECT', 'IN_STOCK', 87, 97);
INSERT INTO BOOK(book_id, condition, state, edition_id, line_id) VALUES(3000, 'PERFECT', 'IN_STOCK', 87, 185);
INSERT INTO BOOK(book_id, condition, state, edition_id, line_id) VALUES(3001, 'PERFECT', 'IN_STOCK', 87, 97);
INSERT INTO BOOK(book_id, condition, state, edition_id, line_id) VALUES(3002, 'PERFECT', 'IN_STOCK', 87, 116);
INSERT INTO BOOK(book_id, condition, state, edition_id, line_id) VALUES(3003, 'WORN_OUT', 'REFURBISHMENT', 87, 237);
INSERT INTO BOOK(book_id, condition, state, edition_id, line_id) VALUES(3004, 'PERFECT', 'IN_STOCK', 87, 304);
INSERT INTO BOOK(book_id, condition, state, edition_id, line_id) VALUES(3005, 'WORN_OUT', 'MISSING', 87, 28);
INSERT INTO BOOK(book_id, condition, state, edition_id, line_id) VALUES(3006, 'WORN_OUT', 'IN_STOCK', 87, 219);
INSERT INTO BOOK(book_id, condition, state, edition_id, line_id) VALUES(3007, 'WORN_OUT', 'REFURBISHMENT', 87, 89);
INSERT INTO BOOK(book_id, condition, state, edition_id, line_id) VALUES(3008, 'UNUSABLE', 'REFURBISHMENT', 87, 353);
INSERT INTO BOOK(book_id, condition, state, edition_id, line_id) VALUES(3009, 'PERFECT', 'IN_STOCK', 87, 172);
INSERT INTO BOOK(book_id, condition, state, edition_id, line_id) VALUES(3010, 'WORN_OUT', 'MISSING', 88, 209);
INSERT INTO BOOK(book_id, condition, state, edition_id, line_id) VALUES(3011, 'PERFECT', 'IN_STOCK', 88, 57);
INSERT INTO BOOK(book_id, condition, state, edition_id, line_id) VALUES(3012, 'PERFECT', 'MISSING', 88, 270);
INSERT INTO BOOK(book_id, condition, state, edition_id, line_id) VALUES(3013, 'PERFECT', 'IN_STOCK', 88, 135);
INSERT INTO BOOK(book_id, condition, state, edition_id, line_id) VALUES(3014, 'PERFECT', 'REFURBISHMENT', 88, 323);
INSERT INTO BOOK(book_id, condition, state, edition_id, line_id) VALUES(3015, 'UNUSABLE', 'REFURBISHMENT', 88, 155);
INSERT INTO BOOK(book_id, condition, state, edition_id, line_id) VALUES(3016, 'WORN_OUT', 'IN_STOCK', 88, 175);
INSERT INTO BOOK(book_id, condition, state, edition_id, line_id) VALUES(3017, 'UNUSABLE', 'IN_STOCK', 88, 109);
INSERT INTO BOOK(book_id, condition, state, edition_id, line_id) VALUES(3018, 'PERFECT', 'IN_STOCK', 88, 279);
INSERT INTO BOOK(book_id, condition, state, edition_id, line_id) VALUES(3019, 'WORN_OUT', 'IN_STOCK', 88, 298);
INSERT INTO BOOK(book_id, condition, state, edition_id, line_id) VALUES(3020, 'PERFECT', 'MISSING', 88, 312);
INSERT INTO BOOK(book_id, condition, state, edition_id, line_id) VALUES(3021, 'WORN_OUT', 'REFURBISHMENT', 88, 238);
INSERT INTO BOOK(book_id, condition, state, edition_id, line_id) VALUES(3022, 'UNUSABLE', 'IN_STOCK', 88, 181);
INSERT INTO BOOK(book_id, condition, state, edition_id, line_id) VALUES(3023, 'WORN_OUT', 'IN_STOCK', 88, 78);
INSERT INTO BOOK(book_id, condition, state, edition_id, line_id) VALUES(3024, 'PERFECT', 'IN_STOCK', 88, 330);
INSERT INTO BOOK(book_id, condition, state, edition_id, line_id) VALUES(3025, 'PERFECT', 'IN_STOCK', 88, 10);
INSERT INTO BOOK(book_id, condition, state, edition_id, line_id) VALUES(3026, 'PERFECT', 'REFURBISHMENT', 88, 218);
INSERT INTO BOOK(book_id, condition, state, edition_id, line_id) VALUES(3027, 'PERFECT', 'IN_STOCK', 88, 187);
INSERT INTO BOOK(book_id, condition, state, edition_id, line_id) VALUES(3028, 'PERFECT', 'REFURBISHMENT', 88, 190);
INSERT INTO BOOK(book_id, condition, state, edition_id, line_id) VALUES(3029, 'WORN_OUT', 'REFURBISHMENT', 88, 254);
INSERT INTO BOOK(book_id, condition, state, edition_id, line_id) VALUES(3030, 'WORN_OUT', 'IN_STOCK', 88, 2);
INSERT INTO BOOK(book_id, condition, state, edition_id, line_id) VALUES(3031, 'PERFECT', 'IN_STOCK', 88, 99);
INSERT INTO BOOK(book_id, condition, state, edition_id, line_id) VALUES(3032, 'DAMAGED', 'REFURBISHMENT', 88, 229);
INSERT INTO BOOK(book_id, condition, state, edition_id, line_id) VALUES(3033, 'PERFECT', 'IN_STOCK', 88, 91);
INSERT INTO BOOK(book_id, condition, state, edition_id, line_id) VALUES(3034, 'PERFECT', 'IN_STOCK', 88, 256);
INSERT INTO BOOK(book_id, condition, state, edition_id, line_id) VALUES(3035, 'UNUSABLE', 'IN_STOCK', 88, 188);
INSERT INTO BOOK(book_id, condition, state, edition_id, line_id) VALUES(3036, 'UNUSABLE', 'IN_STOCK', 88, 201);
INSERT INTO BOOK(book_id, condition, state, edition_id, line_id) VALUES(3037, 'PERFECT', 'IN_STOCK', 88, 59);
INSERT INTO BOOK(book_id, condition, state, edition_id, line_id) VALUES(3038, 'PERFECT', 'IN_STOCK', 88, 98);
INSERT INTO BOOK(book_id, condition, state, edition_id, line_id) VALUES(3039, 'PERFECT', 'IN_STOCK', 88, 342);
INSERT INTO BOOK(book_id, condition, state, edition_id, line_id) VALUES(3040, 'WORN_OUT', 'IN_STOCK', 88, 0);
INSERT INTO BOOK(book_id, condition, state, edition_id, line_id) VALUES(3041, 'PERFECT', 'MISSING', 88, 253);
INSERT INTO BOOK(book_id, condition, state, edition_id, line_id) VALUES(3042, 'UNUSABLE', 'IN_STOCK', 88, 267);
INSERT INTO BOOK(book_id, condition, state, edition_id, line_id) VALUES(3043, 'WORN_OUT', 'IN_STOCK', 88, 42);
INSERT INTO BOOK(book_id, condition, state, edition_id, line_id) VALUES(3044, 'PERFECT', 'IN_STOCK', 88, 206);
INSERT INTO BOOK(book_id, condition, state, edition_id, line_id) VALUES(3045, 'PERFECT', 'IN_STOCK', 88, 112);
INSERT INTO BOOK(book_id, condition, state, edition_id, line_id) VALUES(3046, 'UNUSABLE', 'REFURBISHMENT', 88, 88);
INSERT INTO BOOK(book_id, condition, state, edition_id, line_id) VALUES(3047, 'PERFECT', 'IN_STOCK', 88, 14);
INSERT INTO BOOK(book_id, condition, state, edition_id, line_id) VALUES(3048, 'PERFECT', 'IN_STOCK', 88, 108);
INSERT INTO BOOK(book_id, condition, state, edition_id, line_id) VALUES(3049, 'PERFECT', 'IN_STOCK', 89, 319);
INSERT INTO BOOK(book_id, condition, state, edition_id, line_id) VALUES(3050, 'UNUSABLE', 'IN_STOCK', 89, 64);
INSERT INTO BOOK(book_id, condition, state, edition_id, line_id) VALUES(3051, 'WORN_OUT', 'MISSING', 89, 206);
INSERT INTO BOOK(book_id, condition, state, edition_id, line_id) VALUES(3052, 'PERFECT', 'MISSING', 89, 338);
INSERT INTO BOOK(book_id, condition, state, edition_id, line_id) VALUES(3053, 'UNUSABLE', 'IN_STOCK', 89, 334);
INSERT INTO BOOK(book_id, condition, state, edition_id, line_id) VALUES(3054, 'PERFECT', 'IN_STOCK', 89, 139);
INSERT INTO BOOK(book_id, condition, state, edition_id, line_id) VALUES(3055, 'PERFECT', 'MISSING', 89, 33);
INSERT INTO BOOK(book_id, condition, state, edition_id, line_id) VALUES(3056, 'PERFECT', 'REFURBISHMENT', 89, 346);
INSERT INTO BOOK(book_id, condition, state, edition_id, line_id) VALUES(3057, 'PERFECT', 'IN_STOCK', 89, 339);
INSERT INTO BOOK(book_id, condition, state, edition_id, line_id) VALUES(3058, 'PERFECT', 'REFURBISHMENT', 89, 71);
INSERT INTO BOOK(book_id, condition, state, edition_id, line_id) VALUES(3059, 'PERFECT', 'IN_STOCK', 89, 114);
INSERT INTO BOOK(book_id, condition, state, edition_id, line_id) VALUES(3060, 'PERFECT', 'MISSING', 89, 83);
INSERT INTO BOOK(book_id, condition, state, edition_id, line_id) VALUES(3061, 'PERFECT', 'MISSING', 89, 127);
INSERT INTO BOOK(book_id, condition, state, edition_id, line_id) VALUES(3062, 'PERFECT', 'MISSING', 89, 323);
INSERT INTO BOOK(book_id, condition, state, edition_id, line_id) VALUES(3063, 'WORN_OUT', 'MISSING', 89, 36);
INSERT INTO BOOK(book_id, condition, state, edition_id, line_id) VALUES(3064, 'WORN_OUT', 'IN_STOCK', 89, 194);
INSERT INTO BOOK(book_id, condition, state, edition_id, line_id) VALUES(3065, 'WORN_OUT', 'IN_STOCK', 89, 236);
INSERT INTO BOOK(book_id, condition, state, edition_id, line_id) VALUES(3066, 'WORN_OUT', 'REFURBISHMENT', 89, 315);
INSERT INTO BOOK(book_id, condition, state, edition_id, line_id) VALUES(3067, 'PERFECT', 'IN_STOCK', 89, 361);
INSERT INTO BOOK(book_id, condition, state, edition_id, line_id) VALUES(3068, 'PERFECT', 'IN_STOCK', 89, 169);
INSERT INTO BOOK(book_id, condition, state, edition_id, line_id) VALUES(3069, 'PERFECT', 'REFURBISHMENT', 89, 356);
INSERT INTO BOOK(book_id, condition, state, edition_id, line_id) VALUES(3070, 'WORN_OUT', 'REFURBISHMENT', 89, 318);
INSERT INTO BOOK(book_id, condition, state, edition_id, line_id) VALUES(3071, 'PERFECT', 'IN_STOCK', 89, 142);
INSERT INTO BOOK(book_id, condition, state, edition_id, line_id) VALUES(3072, 'WORN_OUT', 'MISSING', 89, 259);
INSERT INTO BOOK(book_id, condition, state, edition_id, line_id) VALUES(3073, 'WORN_OUT', 'IN_STOCK', 89, 93);
INSERT INTO BOOK(book_id, condition, state, edition_id, line_id) VALUES(3074, 'PERFECT', 'IN_STOCK', 89, 0);
INSERT INTO BOOK(book_id, condition, state, edition_id, line_id) VALUES(3075, 'WORN_OUT', 'IN_STOCK', 89, 346);
INSERT INTO BOOK(book_id, condition, state, edition_id, line_id) VALUES(3076, 'PERFECT', 'MISSING', 89, 31);
INSERT INTO BOOK(book_id, condition, state, edition_id, line_id) VALUES(3077, 'PERFECT', 'IN_STOCK', 89, 13);
INSERT INTO BOOK(book_id, condition, state, edition_id, line_id) VALUES(3078, 'UNUSABLE', 'IN_STOCK', 89, 335);
INSERT INTO BOOK(book_id, condition, state, edition_id, line_id) VALUES(3079, 'PERFECT', 'IN_STOCK', 89, 56);
INSERT INTO BOOK(book_id, condition, state, edition_id, line_id) VALUES(3080, 'WORN_OUT', 'IN_STOCK', 89, 95);
INSERT INTO BOOK(book_id, condition, state, edition_id, line_id) VALUES(3081, 'WORN_OUT', 'IN_STOCK', 89, 197);
INSERT INTO BOOK(book_id, condition, state, edition_id, line_id) VALUES(3082, 'PERFECT', 'IN_STOCK', 89, 102);
INSERT INTO BOOK(book_id, condition, state, edition_id, line_id) VALUES(3083, 'PERFECT', 'IN_STOCK', 89, 120);
INSERT INTO BOOK(book_id, condition, state, edition_id, line_id) VALUES(3084, 'UNUSABLE', 'MISSING', 89, 147);
INSERT INTO BOOK(book_id, condition, state, edition_id, line_id) VALUES(3085, 'PERFECT', 'IN_STOCK', 89, 76);
INSERT INTO BOOK(book_id, condition, state, edition_id, line_id) VALUES(3086, 'DAMAGED', 'IN_STOCK', 89, 44);
INSERT INTO BOOK(book_id, condition, state, edition_id, line_id) VALUES(3087, 'DAMAGED', 'MISSING', 89, 117);
INSERT INTO BOOK(book_id, condition, state, edition_id, line_id) VALUES(3088, 'WORN_OUT', 'IN_STOCK', 89, 331);
INSERT INTO BOOK(book_id, condition, state, edition_id, line_id) VALUES(3089, 'PERFECT', 'IN_STOCK', 89, 240);
INSERT INTO BOOK(book_id, condition, state, edition_id, line_id) VALUES(3090, 'PERFECT', 'REFURBISHMENT', 89, 208);
INSERT INTO BOOK(book_id, condition, state, edition_id, line_id) VALUES(3091, 'PERFECT', 'IN_STOCK', 89, 183);
INSERT INTO BOOK(book_id, condition, state, edition_id, line_id) VALUES(3092, 'PERFECT', 'IN_STOCK', 89, 11);
INSERT INTO BOOK(book_id, condition, state, edition_id, line_id) VALUES(3093, 'PERFECT', 'IN_STOCK', 89, 203);
INSERT INTO BOOK(book_id, condition, state, edition_id, line_id) VALUES(3094, 'PERFECT', 'REFURBISHMENT', 89, 188);
INSERT INTO BOOK(book_id, condition, state, edition_id, line_id) VALUES(3095, 'PERFECT', 'IN_STOCK', 89, 302);
INSERT INTO BOOK(book_id, condition, state, edition_id, line_id) VALUES(3096, 'WORN_OUT', 'MISSING', 90, 254);
INSERT INTO BOOK(book_id, condition, state, edition_id, line_id) VALUES(3097, 'PERFECT', 'REFURBISHMENT', 90, 101);
INSERT INTO BOOK(book_id, condition, state, edition_id, line_id) VALUES(3098, 'PERFECT', 'IN_STOCK', 90, 341);
INSERT INTO BOOK(book_id, condition, state, edition_id, line_id) VALUES(3099, 'PERFECT', 'IN_STOCK', 90, 298);
INSERT INTO BOOK(book_id, condition, state, edition_id, line_id) VALUES(3100, 'DAMAGED', 'MISSING', 90, 237);
INSERT INTO BOOK(book_id, condition, state, edition_id, line_id) VALUES(3101, 'DAMAGED', 'IN_STOCK', 90, 11);
INSERT INTO BOOK(book_id, condition, state, edition_id, line_id) VALUES(3102, 'PERFECT', 'IN_STOCK', 90, 193);
INSERT INTO BOOK(book_id, condition, state, edition_id, line_id) VALUES(3103, 'PERFECT', 'IN_STOCK', 90, 150);
INSERT INTO BOOK(book_id, condition, state, edition_id, line_id) VALUES(3104, 'PERFECT', 'REFURBISHMENT', 90, 126);
INSERT INTO BOOK(book_id, condition, state, edition_id, line_id) VALUES(3105, 'WORN_OUT', 'IN_STOCK', 90, 252);
INSERT INTO BOOK(book_id, condition, state, edition_id, line_id) VALUES(3106, 'PERFECT', 'MISSING', 90, 54);
INSERT INTO BOOK(book_id, condition, state, edition_id, line_id) VALUES(3107, 'WORN_OUT', 'IN_STOCK', 90, 76);
INSERT INTO BOOK(book_id, condition, state, edition_id, line_id) VALUES(3108, 'PERFECT', 'MISSING', 90, 106);
INSERT INTO BOOK(book_id, condition, state, edition_id, line_id) VALUES(3109, 'PERFECT', 'REFURBISHMENT', 90, 83);
INSERT INTO BOOK(book_id, condition, state, edition_id, line_id) VALUES(3110, 'PERFECT', 'IN_STOCK', 90, 218);
INSERT INTO BOOK(book_id, condition, state, edition_id, line_id) VALUES(3111, 'WORN_OUT', 'REFURBISHMENT', 90, 319);
INSERT INTO BOOK(book_id, condition, state, edition_id, line_id) VALUES(3112, 'PERFECT', 'REFURBISHMENT', 90, 329);
INSERT INTO BOOK(book_id, condition, state, edition_id, line_id) VALUES(3113, 'PERFECT', 'IN_STOCK', 90, 23);
INSERT INTO BOOK(book_id, condition, state, edition_id, line_id) VALUES(3114, 'PERFECT', 'IN_STOCK', 90, 303);
INSERT INTO BOOK(book_id, condition, state, edition_id, line_id) VALUES(3115, 'DAMAGED', 'REFURBISHMENT', 90, 148);
INSERT INTO BOOK(book_id, condition, state, edition_id, line_id) VALUES(3116, 'WORN_OUT', 'IN_STOCK', 91, 140);
INSERT INTO BOOK(book_id, condition, state, edition_id, line_id) VALUES(3117, 'PERFECT', 'MISSING', 91, 273);
INSERT INTO BOOK(book_id, condition, state, edition_id, line_id) VALUES(3118, 'PERFECT', 'IN_STOCK', 91, 0);
INSERT INTO BOOK(book_id, condition, state, edition_id, line_id) VALUES(3119, 'UNUSABLE', 'REFURBISHMENT', 91, 168);
INSERT INTO BOOK(book_id, condition, state, edition_id, line_id) VALUES(3120, 'PERFECT', 'IN_STOCK', 91, 0);
INSERT INTO BOOK(book_id, condition, state, edition_id, line_id) VALUES(3121, 'PERFECT', 'REFURBISHMENT', 91, 124);
INSERT INTO BOOK(book_id, condition, state, edition_id, line_id) VALUES(3122, 'PERFECT', 'IN_STOCK', 91, 291);
INSERT INTO BOOK(book_id, condition, state, edition_id, line_id) VALUES(3123, 'WORN_OUT', 'IN_STOCK', 91, 304);
INSERT INTO BOOK(book_id, condition, state, edition_id, line_id) VALUES(3124, 'PERFECT', 'MISSING', 91, 362);
INSERT INTO BOOK(book_id, condition, state, edition_id, line_id) VALUES(3125, 'WORN_OUT', 'IN_STOCK', 91, 187);
INSERT INTO BOOK(book_id, condition, state, edition_id, line_id) VALUES(3126, 'PERFECT', 'IN_STOCK', 91, 258);
INSERT INTO BOOK(book_id, condition, state, edition_id, line_id) VALUES(3127, 'UNUSABLE', 'MISSING', 91, 257);
INSERT INTO BOOK(book_id, condition, state, edition_id, line_id) VALUES(3128, 'PERFECT', 'IN_STOCK', 91, 302);
INSERT INTO BOOK(book_id, condition, state, edition_id, line_id) VALUES(3129, 'PERFECT', 'IN_STOCK', 91, 175);
INSERT INTO BOOK(book_id, condition, state, edition_id, line_id) VALUES(3130, 'PERFECT', 'IN_STOCK', 91, 168);
INSERT INTO BOOK(book_id, condition, state, edition_id, line_id) VALUES(3131, 'WORN_OUT', 'IN_STOCK', 91, 157);
INSERT INTO BOOK(book_id, condition, state, edition_id, line_id) VALUES(3132, 'PERFECT', 'IN_STOCK', 91, 177);
INSERT INTO BOOK(book_id, condition, state, edition_id, line_id) VALUES(3133, 'PERFECT', 'IN_STOCK', 91, 274);
INSERT INTO BOOK(book_id, condition, state, edition_id, line_id) VALUES(3134, 'WORN_OUT', 'IN_STOCK', 91, 325);
INSERT INTO BOOK(book_id, condition, state, edition_id, line_id) VALUES(3135, 'PERFECT', 'MISSING', 91, 0);
INSERT INTO BOOK(book_id, condition, state, edition_id, line_id) VALUES(3136, 'PERFECT', 'REFURBISHMENT', 91, 46);
INSERT INTO BOOK(book_id, condition, state, edition_id, line_id) VALUES(3137, 'PERFECT', 'REFURBISHMENT', 91, 285);
INSERT INTO BOOK(book_id, condition, state, edition_id, line_id) VALUES(3138, 'PERFECT', 'REFURBISHMENT', 91, 10);
INSERT INTO BOOK(book_id, condition, state, edition_id, line_id) VALUES(3139, 'PERFECT', 'IN_STOCK', 91, 163);
INSERT INTO BOOK(book_id, condition, state, edition_id, line_id) VALUES(3140, 'WORN_OUT', 'IN_STOCK', 91, 303);
INSERT INTO BOOK(book_id, condition, state, edition_id, line_id) VALUES(3141, 'UNUSABLE', 'IN_STOCK', 91, 43);
INSERT INTO BOOK(book_id, condition, state, edition_id, line_id) VALUES(3142, 'PERFECT', 'IN_STOCK', 91, 126);
INSERT INTO BOOK(book_id, condition, state, edition_id, line_id) VALUES(3143, 'WORN_OUT', 'IN_STOCK', 91, 168);
INSERT INTO BOOK(book_id, condition, state, edition_id, line_id) VALUES(3144, 'UNUSABLE', 'REFURBISHMENT', 91, 188);
INSERT INTO BOOK(book_id, condition, state, edition_id, line_id) VALUES(3145, 'PERFECT', 'IN_STOCK', 91, 209);
INSERT INTO BOOK(book_id, condition, state, edition_id, line_id) VALUES(3146, 'UNUSABLE', 'IN_STOCK', 91, 159);
INSERT INTO BOOK(book_id, condition, state, edition_id, line_id) VALUES(3147, 'WORN_OUT', 'IN_STOCK', 91, 235);
INSERT INTO BOOK(book_id, condition, state, edition_id, line_id) VALUES(3148, 'PERFECT', 'IN_STOCK', 91, 202);
INSERT INTO BOOK(book_id, condition, state, edition_id, line_id) VALUES(3149, 'PERFECT', 'MISSING', 91, 131);
INSERT INTO BOOK(book_id, condition, state, edition_id, line_id) VALUES(3150, 'PERFECT', 'REFURBISHMENT', 91, 121);
INSERT INTO BOOK(book_id, condition, state, edition_id, line_id) VALUES(3151, 'PERFECT', 'IN_STOCK', 91, 359);
INSERT INTO BOOK(book_id, condition, state, edition_id, line_id) VALUES(3152, 'PERFECT', 'REFURBISHMENT', 91, 41);
INSERT INTO BOOK(book_id, condition, state, edition_id, line_id) VALUES(3153, 'DAMAGED', 'IN_STOCK', 91, 362);
INSERT INTO BOOK(book_id, condition, state, edition_id, line_id) VALUES(3154, 'WORN_OUT', 'MISSING', 91, 111);
INSERT INTO BOOK(book_id, condition, state, edition_id, line_id) VALUES(3155, 'PERFECT', 'IN_STOCK', 91, 201);
INSERT INTO BOOK(book_id, condition, state, edition_id, line_id) VALUES(3156, 'DAMAGED', 'IN_STOCK', 91, 277);
INSERT INTO BOOK(book_id, condition, state, edition_id, line_id) VALUES(3157, 'PERFECT', 'IN_STOCK', 91, 124);
INSERT INTO BOOK(book_id, condition, state, edition_id, line_id) VALUES(3158, 'PERFECT', 'IN_STOCK', 91, 229);
INSERT INTO BOOK(book_id, condition, state, edition_id, line_id) VALUES(3159, 'WORN_OUT', 'IN_STOCK', 91, 144);
INSERT INTO BOOK(book_id, condition, state, edition_id, line_id) VALUES(3160, 'DAMAGED', 'MISSING', 91, 271);
INSERT INTO BOOK(book_id, condition, state, edition_id, line_id) VALUES(3161, 'UNUSABLE', 'REFURBISHMENT', 91, 24);
INSERT INTO BOOK(book_id, condition, state, edition_id, line_id) VALUES(3162, 'PERFECT', 'IN_STOCK', 91, 356);
INSERT INTO BOOK(book_id, condition, state, edition_id, line_id) VALUES(3163, 'PERFECT', 'IN_STOCK', 92, 210);
INSERT INTO BOOK(book_id, condition, state, edition_id, line_id) VALUES(3164, 'WORN_OUT', 'IN_STOCK', 92, 340);
INSERT INTO BOOK(book_id, condition, state, edition_id, line_id) VALUES(3165, 'PERFECT', 'IN_STOCK', 92, 124);
INSERT INTO BOOK(book_id, condition, state, edition_id, line_id) VALUES(3166, 'UNUSABLE', 'IN_STOCK', 92, 294);
INSERT INTO BOOK(book_id, condition, state, edition_id, line_id) VALUES(3167, 'PERFECT', 'IN_STOCK', 92, 27);
INSERT INTO BOOK(book_id, condition, state, edition_id, line_id) VALUES(3168, 'PERFECT', 'IN_STOCK', 92, 330);
INSERT INTO BOOK(book_id, condition, state, edition_id, line_id) VALUES(3169, 'PERFECT', 'MISSING', 92, 60);
INSERT INTO BOOK(book_id, condition, state, edition_id, line_id) VALUES(3170, 'WORN_OUT', 'IN_STOCK', 92, 112);
INSERT INTO BOOK(book_id, condition, state, edition_id, line_id) VALUES(3171, 'PERFECT', 'REFURBISHMENT', 92, 4);
INSERT INTO BOOK(book_id, condition, state, edition_id, line_id) VALUES(3172, 'PERFECT', 'IN_STOCK', 92, 123);
INSERT INTO BOOK(book_id, condition, state, edition_id, line_id) VALUES(3173, 'PERFECT', 'MISSING', 92, 84);
INSERT INTO BOOK(book_id, condition, state, edition_id, line_id) VALUES(3174, 'PERFECT', 'IN_STOCK', 92, 156);
INSERT INTO BOOK(book_id, condition, state, edition_id, line_id) VALUES(3175, 'DAMAGED', 'MISSING', 92, 162);
INSERT INTO BOOK(book_id, condition, state, edition_id, line_id) VALUES(3176, 'WORN_OUT', 'REFURBISHMENT', 92, 131);
INSERT INTO BOOK(book_id, condition, state, edition_id, line_id) VALUES(3177, 'WORN_OUT', 'IN_STOCK', 92, 50);
INSERT INTO BOOK(book_id, condition, state, edition_id, line_id) VALUES(3178, 'UNUSABLE', 'IN_STOCK', 92, 95);
INSERT INTO BOOK(book_id, condition, state, edition_id, line_id) VALUES(3179, 'WORN_OUT', 'IN_STOCK', 93, 346);
INSERT INTO BOOK(book_id, condition, state, edition_id, line_id) VALUES(3180, 'PERFECT', 'IN_STOCK', 93, 322);
INSERT INTO BOOK(book_id, condition, state, edition_id, line_id) VALUES(3181, 'PERFECT', 'IN_STOCK', 93, 162);
INSERT INTO BOOK(book_id, condition, state, edition_id, line_id) VALUES(3182, 'PERFECT', 'IN_STOCK', 93, 362);
INSERT INTO BOOK(book_id, condition, state, edition_id, line_id) VALUES(3183, 'PERFECT', 'REFURBISHMENT', 93, 185);
INSERT INTO BOOK(book_id, condition, state, edition_id, line_id) VALUES(3184, 'PERFECT', 'REFURBISHMENT', 93, 71);
INSERT INTO BOOK(book_id, condition, state, edition_id, line_id) VALUES(3185, 'UNUSABLE', 'IN_STOCK', 93, 218);
INSERT INTO BOOK(book_id, condition, state, edition_id, line_id) VALUES(3186, 'UNUSABLE', 'IN_STOCK', 93, 58);
INSERT INTO BOOK(book_id, condition, state, edition_id, line_id) VALUES(3187, 'PERFECT', 'IN_STOCK', 93, 0);
INSERT INTO BOOK(book_id, condition, state, edition_id, line_id) VALUES(3188, 'WORN_OUT', 'IN_STOCK', 93, 327);
INSERT INTO BOOK(book_id, condition, state, edition_id, line_id) VALUES(3189, 'WORN_OUT', 'IN_STOCK', 93, 188);
INSERT INTO BOOK(book_id, condition, state, edition_id, line_id) VALUES(3190, 'PERFECT', 'MISSING', 93, 348);
INSERT INTO BOOK(book_id, condition, state, edition_id, line_id) VALUES(3191, 'PERFECT', 'IN_STOCK', 93, 90);
INSERT INTO BOOK(book_id, condition, state, edition_id, line_id) VALUES(3192, 'DAMAGED', 'IN_STOCK', 94, 138);
INSERT INTO BOOK(book_id, condition, state, edition_id, line_id) VALUES(3193, 'DAMAGED', 'IN_STOCK', 94, 7);
INSERT INTO BOOK(book_id, condition, state, edition_id, line_id) VALUES(3194, 'PERFECT', 'IN_STOCK', 94, 167);
INSERT INTO BOOK(book_id, condition, state, edition_id, line_id) VALUES(3195, 'DAMAGED', 'MISSING', 94, 24);
INSERT INTO BOOK(book_id, condition, state, edition_id, line_id) VALUES(3196, 'PERFECT', 'IN_STOCK', 94, 294);
INSERT INTO BOOK(book_id, condition, state, edition_id, line_id) VALUES(3197, 'UNUSABLE', 'IN_STOCK', 94, 273);
INSERT INTO BOOK(book_id, condition, state, edition_id, line_id) VALUES(3198, 'DAMAGED', 'IN_STOCK', 94, 196);
INSERT INTO BOOK(book_id, condition, state, edition_id, line_id) VALUES(3199, 'PERFECT', 'REFURBISHMENT', 94, 107);
INSERT INTO BOOK(book_id, condition, state, edition_id, line_id) VALUES(3200, 'WORN_OUT', 'IN_STOCK', 94, 271);
INSERT INTO BOOK(book_id, condition, state, edition_id, line_id) VALUES(3201, 'PERFECT', 'REFURBISHMENT', 94, 183);
INSERT INTO BOOK(book_id, condition, state, edition_id, line_id) VALUES(3202, 'PERFECT', 'IN_STOCK', 94, 148);
INSERT INTO BOOK(book_id, condition, state, edition_id, line_id) VALUES(3203, 'PERFECT', 'IN_STOCK', 94, 207);
INSERT INTO BOOK(book_id, condition, state, edition_id, line_id) VALUES(3204, 'PERFECT', 'IN_STOCK', 94, 66);
INSERT INTO BOOK(book_id, condition, state, edition_id, line_id) VALUES(3205, 'UNUSABLE', 'IN_STOCK', 94, 221);
INSERT INTO BOOK(book_id, condition, state, edition_id, line_id) VALUES(3206, 'DAMAGED', 'REFURBISHMENT', 94, 161);
INSERT INTO BOOK(book_id, condition, state, edition_id, line_id) VALUES(3207, 'PERFECT', 'REFURBISHMENT', 94, 32);
INSERT INTO BOOK(book_id, condition, state, edition_id, line_id) VALUES(3208, 'WORN_OUT', 'IN_STOCK', 94, 224);
INSERT INTO BOOK(book_id, condition, state, edition_id, line_id) VALUES(3209, 'PERFECT', 'IN_STOCK', 95, 93);
INSERT INTO BOOK(book_id, condition, state, edition_id, line_id) VALUES(3210, 'PERFECT', 'IN_STOCK', 95, 25);
INSERT INTO BOOK(book_id, condition, state, edition_id, line_id) VALUES(3211, 'WORN_OUT', 'REFURBISHMENT', 95, 141);
INSERT INTO BOOK(book_id, condition, state, edition_id, line_id) VALUES(3212, 'UNUSABLE', 'MISSING', 95, 310);
INSERT INTO BOOK(book_id, condition, state, edition_id, line_id) VALUES(3213, 'WORN_OUT', 'IN_STOCK', 95, 114);
INSERT INTO BOOK(book_id, condition, state, edition_id, line_id) VALUES(3214, 'PERFECT', 'IN_STOCK', 95, 38);
INSERT INTO BOOK(book_id, condition, state, edition_id, line_id) VALUES(3215, 'PERFECT', 'IN_STOCK', 95, 273);
INSERT INTO BOOK(book_id, condition, state, edition_id, line_id) VALUES(3216, 'PERFECT', 'IN_STOCK', 95, 15);
INSERT INTO BOOK(book_id, condition, state, edition_id, line_id) VALUES(3217, 'UNUSABLE', 'REFURBISHMENT', 95, 102);
INSERT INTO BOOK(book_id, condition, state, edition_id, line_id) VALUES(3218, 'UNUSABLE', 'IN_STOCK', 95, 327);
INSERT INTO BOOK(book_id, condition, state, edition_id, line_id) VALUES(3219, 'DAMAGED', 'MISSING', 95, 28);
INSERT INTO BOOK(book_id, condition, state, edition_id, line_id) VALUES(3220, 'WORN_OUT', 'REFURBISHMENT', 95, 278);
INSERT INTO BOOK(book_id, condition, state, edition_id, line_id) VALUES(3221, 'WORN_OUT', 'MISSING', 95, 39);
INSERT INTO BOOK(book_id, condition, state, edition_id, line_id) VALUES(3222, 'PERFECT', 'IN_STOCK', 95, 59);
INSERT INTO BOOK(book_id, condition, state, edition_id, line_id) VALUES(3223, 'WORN_OUT', 'MISSING', 95, 249);
INSERT INTO BOOK(book_id, condition, state, edition_id, line_id) VALUES(3224, 'PERFECT', 'REFURBISHMENT', 95, 267);
INSERT INTO BOOK(book_id, condition, state, edition_id, line_id) VALUES(3225, 'PERFECT', 'IN_STOCK', 95, 358);
INSERT INTO BOOK(book_id, condition, state, edition_id, line_id) VALUES(3226, 'DAMAGED', 'MISSING', 95, 314);
INSERT INTO BOOK(book_id, condition, state, edition_id, line_id) VALUES(3227, 'WORN_OUT', 'MISSING', 95, 82);
INSERT INTO BOOK(book_id, condition, state, edition_id, line_id) VALUES(3228, 'WORN_OUT', 'IN_STOCK', 95, 175);
INSERT INTO BOOK(book_id, condition, state, edition_id, line_id) VALUES(3229, 'PERFECT', 'IN_STOCK', 95, 178);
INSERT INTO BOOK(book_id, condition, state, edition_id, line_id) VALUES(3230, 'PERFECT', 'IN_STOCK', 95, 199);
INSERT INTO BOOK(book_id, condition, state, edition_id, line_id) VALUES(3231, 'PERFECT', 'IN_STOCK', 95, 37);
INSERT INTO BOOK(book_id, condition, state, edition_id, line_id) VALUES(3232, 'PERFECT', 'IN_STOCK', 95, 124);
INSERT INTO BOOK(book_id, condition, state, edition_id, line_id) VALUES(3233, 'PERFECT', 'MISSING', 95, 242);
INSERT INTO BOOK(book_id, condition, state, edition_id, line_id) VALUES(3234, 'PERFECT', 'REFURBISHMENT', 95, 336);
INSERT INTO BOOK(book_id, condition, state, edition_id, line_id) VALUES(3235, 'WORN_OUT', 'IN_STOCK', 95, 115);
INSERT INTO BOOK(book_id, condition, state, edition_id, line_id) VALUES(3236, 'PERFECT', 'REFURBISHMENT', 95, 301);
INSERT INTO BOOK(book_id, condition, state, edition_id, line_id) VALUES(3237, 'PERFECT', 'IN_STOCK', 95, 148);
INSERT INTO BOOK(book_id, condition, state, edition_id, line_id) VALUES(3238, 'PERFECT', 'IN_STOCK', 95, 61);
INSERT INTO BOOK(book_id, condition, state, edition_id, line_id) VALUES(3239, 'PERFECT', 'IN_STOCK', 95, 335);
INSERT INTO BOOK(book_id, condition, state, edition_id, line_id) VALUES(3240, 'PERFECT', 'IN_STOCK', 95, 199);
INSERT INTO BOOK(book_id, condition, state, edition_id, line_id) VALUES(3241, 'PERFECT', 'IN_STOCK', 95, 330);
INSERT INTO BOOK(book_id, condition, state, edition_id, line_id) VALUES(3242, 'PERFECT', 'IN_STOCK', 95, 341);
INSERT INTO BOOK(book_id, condition, state, edition_id, line_id) VALUES(3243, 'WORN_OUT', 'IN_STOCK', 95, 362);
INSERT INTO BOOK(book_id, condition, state, edition_id, line_id) VALUES(3244, 'PERFECT', 'IN_STOCK', 95, 72);
INSERT INTO BOOK(book_id, condition, state, edition_id, line_id) VALUES(3245, 'DAMAGED', 'IN_STOCK', 95, 29);
INSERT INTO BOOK(book_id, condition, state, edition_id, line_id) VALUES(3246, 'PERFECT', 'IN_STOCK', 95, 223);
INSERT INTO BOOK(book_id, condition, state, edition_id, line_id) VALUES(3247, 'PERFECT', 'IN_STOCK', 95, 133);
INSERT INTO BOOK(book_id, condition, state, edition_id, line_id) VALUES(3248, 'PERFECT', 'IN_STOCK', 95, 42);
INSERT INTO BOOK(book_id, condition, state, edition_id, line_id) VALUES(3249, 'PERFECT', 'MISSING', 95, 183);
INSERT INTO BOOK(book_id, condition, state, edition_id, line_id) VALUES(3250, 'DAMAGED', 'IN_STOCK', 95, 347);
INSERT INTO BOOK(book_id, condition, state, edition_id, line_id) VALUES(3251, 'PERFECT', 'IN_STOCK', 95, 265);
INSERT INTO BOOK(book_id, condition, state, edition_id, line_id) VALUES(3252, 'PERFECT', 'REFURBISHMENT', 95, 89);
INSERT INTO BOOK(book_id, condition, state, edition_id, line_id) VALUES(3253, 'PERFECT', 'IN_STOCK', 95, 196);
INSERT INTO BOOK(book_id, condition, state, edition_id, line_id) VALUES(3254, 'PERFECT', 'IN_STOCK', 95, 46);
INSERT INTO BOOK(book_id, condition, state, edition_id, line_id) VALUES(3255, 'WORN_OUT', 'IN_STOCK', 95, 341);
INSERT INTO BOOK(book_id, condition, state, edition_id, line_id) VALUES(3256, 'PERFECT', 'IN_STOCK', 96, 166);
INSERT INTO BOOK(book_id, condition, state, edition_id, line_id) VALUES(3257, 'WORN_OUT', 'MISSING', 96, 162);
INSERT INTO BOOK(book_id, condition, state, edition_id, line_id) VALUES(3258, 'PERFECT', 'IN_STOCK', 96, 319);
INSERT INTO BOOK(book_id, condition, state, edition_id, line_id) VALUES(3259, 'PERFECT', 'IN_STOCK', 96, 329);
INSERT INTO BOOK(book_id, condition, state, edition_id, line_id) VALUES(3260, 'PERFECT', 'IN_STOCK', 96, 100);
INSERT INTO BOOK(book_id, condition, state, edition_id, line_id) VALUES(3261, 'DAMAGED', 'IN_STOCK', 96, 34);
INSERT INTO BOOK(book_id, condition, state, edition_id, line_id) VALUES(3262, 'PERFECT', 'IN_STOCK', 96, 318);
INSERT INTO BOOK(book_id, condition, state, edition_id, line_id) VALUES(3263, 'UNUSABLE', 'IN_STOCK', 96, 142);
INSERT INTO BOOK(book_id, condition, state, edition_id, line_id) VALUES(3264, 'PERFECT', 'IN_STOCK', 96, 11);
INSERT INTO BOOK(book_id, condition, state, edition_id, line_id) VALUES(3265, 'PERFECT', 'IN_STOCK', 96, 316);
INSERT INTO BOOK(book_id, condition, state, edition_id, line_id) VALUES(3266, 'WORN_OUT', 'IN_STOCK', 96, 284);
INSERT INTO BOOK(book_id, condition, state, edition_id, line_id) VALUES(3267, 'WORN_OUT', 'IN_STOCK', 96, 22);
INSERT INTO BOOK(book_id, condition, state, edition_id, line_id) VALUES(3268, 'DAMAGED', 'REFURBISHMENT', 96, 98);
INSERT INTO BOOK(book_id, condition, state, edition_id, line_id) VALUES(3269, 'DAMAGED', 'IN_STOCK', 96, 257);
INSERT INTO BOOK(book_id, condition, state, edition_id, line_id) VALUES(3270, 'DAMAGED', 'IN_STOCK', 96, 168);
INSERT INTO BOOK(book_id, condition, state, edition_id, line_id) VALUES(3271, 'DAMAGED', 'MISSING', 96, 211);
INSERT INTO BOOK(book_id, condition, state, edition_id, line_id) VALUES(3272, 'WORN_OUT', 'IN_STOCK', 96, 210);
INSERT INTO BOOK(book_id, condition, state, edition_id, line_id) VALUES(3273, 'DAMAGED', 'REFURBISHMENT', 96, 248);
INSERT INTO BOOK(book_id, condition, state, edition_id, line_id) VALUES(3274, 'PERFECT', 'IN_STOCK', 96, 2);
INSERT INTO BOOK(book_id, condition, state, edition_id, line_id) VALUES(3275, 'PERFECT', 'IN_STOCK', 96, 266);
INSERT INTO BOOK(book_id, condition, state, edition_id, line_id) VALUES(3276, 'PERFECT', 'REFURBISHMENT', 96, 8);
INSERT INTO BOOK(book_id, condition, state, edition_id, line_id) VALUES(3277, 'WORN_OUT', 'IN_STOCK', 96, 63);
INSERT INTO BOOK(book_id, condition, state, edition_id, line_id) VALUES(3278, 'PERFECT', 'IN_STOCK', 96, 282);
INSERT INTO BOOK(book_id, condition, state, edition_id, line_id) VALUES(3279, 'WORN_OUT', 'IN_STOCK', 96, 44);
INSERT INTO BOOK(book_id, condition, state, edition_id, line_id) VALUES(3280, 'PERFECT', 'IN_STOCK', 96, 16);
INSERT INTO BOOK(book_id, condition, state, edition_id, line_id) VALUES(3281, 'DAMAGED', 'IN_STOCK', 96, 245);
INSERT INTO BOOK(book_id, condition, state, edition_id, line_id) VALUES(3282, 'PERFECT', 'IN_STOCK', 96, 215);
INSERT INTO BOOK(book_id, condition, state, edition_id, line_id) VALUES(3283, 'DAMAGED', 'IN_STOCK', 96, 119);
INSERT INTO BOOK(book_id, condition, state, edition_id, line_id) VALUES(3284, 'PERFECT', 'IN_STOCK', 96, 91);
INSERT INTO BOOK(book_id, condition, state, edition_id, line_id) VALUES(3285, 'PERFECT', 'IN_STOCK', 96, 242);
INSERT INTO BOOK(book_id, condition, state, edition_id, line_id) VALUES(3286, 'PERFECT', 'IN_STOCK', 96, 73);
INSERT INTO BOOK(book_id, condition, state, edition_id, line_id) VALUES(3287, 'PERFECT', 'REFURBISHMENT', 96, 17);
INSERT INTO BOOK(book_id, condition, state, edition_id, line_id) VALUES(3288, 'PERFECT', 'MISSING', 96, 308);
INSERT INTO BOOK(book_id, condition, state, edition_id, line_id) VALUES(3289, 'PERFECT', 'IN_STOCK', 96, 208);
INSERT INTO BOOK(book_id, condition, state, edition_id, line_id) VALUES(3290, 'PERFECT', 'IN_STOCK', 96, 300);
INSERT INTO BOOK(book_id, condition, state, edition_id, line_id) VALUES(3291, 'PERFECT', 'IN_STOCK', 96, 359);
INSERT INTO BOOK(book_id, condition, state, edition_id, line_id) VALUES(3292, 'UNUSABLE', 'IN_STOCK', 96, 1);
INSERT INTO BOOK(book_id, condition, state, edition_id, line_id) VALUES(3293, 'UNUSABLE', 'MISSING', 96, 12);
INSERT INTO BOOK(book_id, condition, state, edition_id, line_id) VALUES(3294, 'WORN_OUT', 'IN_STOCK', 96, 261);
INSERT INTO BOOK(book_id, condition, state, edition_id, line_id) VALUES(3295, 'PERFECT', 'IN_STOCK', 96, 102);
INSERT INTO BOOK(book_id, condition, state, edition_id, line_id) VALUES(3296, 'PERFECT', 'REFURBISHMENT', 96, 239);
INSERT INTO BOOK(book_id, condition, state, edition_id, line_id) VALUES(3297, 'PERFECT', 'IN_STOCK', 96, 1);
INSERT INTO BOOK(book_id, condition, state, edition_id, line_id) VALUES(3298, 'UNUSABLE', 'IN_STOCK', 96, 297);
INSERT INTO BOOK(book_id, condition, state, edition_id, line_id) VALUES(3299, 'WORN_OUT', 'MISSING', 96, 282);
INSERT INTO BOOK(book_id, condition, state, edition_id, line_id) VALUES(3300, 'UNUSABLE', 'MISSING', 96, 47);
INSERT INTO BOOK(book_id, condition, state, edition_id, line_id) VALUES(3301, 'WORN_OUT', 'REFURBISHMENT', 96, 275);
INSERT INTO BOOK(book_id, condition, state, edition_id, line_id) VALUES(3302, 'UNUSABLE', 'MISSING', 96, 215);
INSERT INTO BOOK(book_id, condition, state, edition_id, line_id) VALUES(3303, 'PERFECT', 'IN_STOCK', 96, 80);
INSERT INTO BOOK(book_id, condition, state, edition_id, line_id) VALUES(3304, 'UNUSABLE', 'IN_STOCK', 96, 98);
INSERT INTO BOOK(book_id, condition, state, edition_id, line_id) VALUES(3305, 'PERFECT', 'IN_STOCK', 96, 253);
INSERT INTO BOOK(book_id, condition, state, edition_id, line_id) VALUES(3306, 'DAMAGED', 'REFURBISHMENT', 96, 21);
INSERT INTO BOOK(book_id, condition, state, edition_id, line_id) VALUES(3307, 'PERFECT', 'IN_STOCK', 96, 263);
INSERT INTO BOOK(book_id, condition, state, edition_id, line_id) VALUES(3308, 'PERFECT', 'IN_STOCK', 96, 50);
INSERT INTO BOOK(book_id, condition, state, edition_id, line_id) VALUES(3309, 'WORN_OUT', 'IN_STOCK', 96, 256);
INSERT INTO BOOK(book_id, condition, state, edition_id, line_id) VALUES(3310, 'PERFECT', 'IN_STOCK', 96, 170);
INSERT INTO BOOK(book_id, condition, state, edition_id, line_id) VALUES(3311, 'PERFECT', 'IN_STOCK', 96, 177);
INSERT INTO BOOK(book_id, condition, state, edition_id, line_id) VALUES(3312, 'UNUSABLE', 'MISSING', 97, 263);
INSERT INTO BOOK(book_id, condition, state, edition_id, line_id) VALUES(3313, 'PERFECT', 'IN_STOCK', 97, 362);
INSERT INTO BOOK(book_id, condition, state, edition_id, line_id) VALUES(3314, 'PERFECT', 'IN_STOCK', 97, 171);
INSERT INTO BOOK(book_id, condition, state, edition_id, line_id) VALUES(3315, 'PERFECT', 'IN_STOCK', 97, 151);
INSERT INTO BOOK(book_id, condition, state, edition_id, line_id) VALUES(3316, 'PERFECT', 'IN_STOCK', 97, 62);
INSERT INTO BOOK(book_id, condition, state, edition_id, line_id) VALUES(3317, 'WORN_OUT', 'IN_STOCK', 97, 3);
INSERT INTO BOOK(book_id, condition, state, edition_id, line_id) VALUES(3318, 'DAMAGED', 'IN_STOCK', 97, 61);
INSERT INTO BOOK(book_id, condition, state, edition_id, line_id) VALUES(3319, 'PERFECT', 'MISSING', 97, 184);
INSERT INTO BOOK(book_id, condition, state, edition_id, line_id) VALUES(3320, 'WORN_OUT', 'IN_STOCK', 98, 181);
INSERT INTO BOOK(book_id, condition, state, edition_id, line_id) VALUES(3321, 'WORN_OUT', 'MISSING', 98, 8);
INSERT INTO BOOK(book_id, condition, state, edition_id, line_id) VALUES(3322, 'PERFECT', 'IN_STOCK', 98, 261);
INSERT INTO BOOK(book_id, condition, state, edition_id, line_id) VALUES(3323, 'WORN_OUT', 'MISSING', 98, 335);
INSERT INTO BOOK(book_id, condition, state, edition_id, line_id) VALUES(3324, 'PERFECT', 'REFURBISHMENT', 98, 99);
INSERT INTO BOOK(book_id, condition, state, edition_id, line_id) VALUES(3325, 'PERFECT', 'REFURBISHMENT', 98, 236);
INSERT INTO BOOK(book_id, condition, state, edition_id, line_id) VALUES(3326, 'PERFECT', 'IN_STOCK', 98, 240);
INSERT INTO BOOK(book_id, condition, state, edition_id, line_id) VALUES(3327, 'PERFECT', 'IN_STOCK', 98, 289);
INSERT INTO BOOK(book_id, condition, state, edition_id, line_id) VALUES(3328, 'PERFECT', 'IN_STOCK', 98, 106);
INSERT INTO BOOK(book_id, condition, state, edition_id, line_id) VALUES(3329, 'UNUSABLE', 'IN_STOCK', 98, 285);
INSERT INTO BOOK(book_id, condition, state, edition_id, line_id) VALUES(3330, 'WORN_OUT', 'MISSING', 98, 182);
INSERT INTO BOOK(book_id, condition, state, edition_id, line_id) VALUES(3331, 'PERFECT', 'IN_STOCK', 98, 20);
INSERT INTO BOOK(book_id, condition, state, edition_id, line_id) VALUES(3332, 'DAMAGED', 'IN_STOCK', 98, 248);
INSERT INTO BOOK(book_id, condition, state, edition_id, line_id) VALUES(3333, 'UNUSABLE', 'IN_STOCK', 98, 152);
INSERT INTO BOOK(book_id, condition, state, edition_id, line_id) VALUES(3334, 'PERFECT', 'MISSING', 98, 44);
INSERT INTO BOOK(book_id, condition, state, edition_id, line_id) VALUES(3335, 'PERFECT', 'IN_STOCK', 98, 117);
INSERT INTO BOOK(book_id, condition, state, edition_id, line_id) VALUES(3336, 'PERFECT', 'IN_STOCK', 98, 133);
INSERT INTO BOOK(book_id, condition, state, edition_id, line_id) VALUES(3337, 'PERFECT', 'IN_STOCK', 98, 188);
INSERT INTO BOOK(book_id, condition, state, edition_id, line_id) VALUES(3338, 'PERFECT', 'IN_STOCK', 98, 122);
INSERT INTO BOOK(book_id, condition, state, edition_id, line_id) VALUES(3339, 'WORN_OUT', 'IN_STOCK', 98, 35);
INSERT INTO BOOK(book_id, condition, state, edition_id, line_id) VALUES(3340, 'PERFECT', 'IN_STOCK', 98, 329);
INSERT INTO BOOK(book_id, condition, state, edition_id, line_id) VALUES(3341, 'DAMAGED', 'REFURBISHMENT', 98, 105);
INSERT INTO BOOK(book_id, condition, state, edition_id, line_id) VALUES(3342, 'PERFECT', 'IN_STOCK', 99, 311);
INSERT INTO BOOK(book_id, condition, state, edition_id, line_id) VALUES(3343, 'PERFECT', 'IN_STOCK', 99, 119);
INSERT INTO BOOK(book_id, condition, state, edition_id, line_id) VALUES(3344, 'WORN_OUT', 'MISSING', 99, 278);
INSERT INTO BOOK(book_id, condition, state, edition_id, line_id) VALUES(3345, 'UNUSABLE', 'IN_STOCK', 99, 111);
INSERT INTO BOOK(book_id, condition, state, edition_id, line_id) VALUES(3346, 'PERFECT', 'IN_STOCK', 99, 262);
INSERT INTO BOOK(book_id, condition, state, edition_id, line_id) VALUES(3347, 'WORN_OUT', 'IN_STOCK', 99, 264);
INSERT INTO BOOK(book_id, condition, state, edition_id, line_id) VALUES(3348, 'PERFECT', 'IN_STOCK', 99, 108);
INSERT INTO BOOK(book_id, condition, state, edition_id, line_id) VALUES(3349, 'WORN_OUT', 'IN_STOCK', 99, 168);
INSERT INTO BOOK(book_id, condition, state, edition_id, line_id) VALUES(3350, 'WORN_OUT', 'IN_STOCK', 99, 195);
INSERT INTO BOOK(book_id, condition, state, edition_id, line_id) VALUES(3351, 'PERFECT', 'IN_STOCK', 99, 335);
INSERT INTO BOOK(book_id, condition, state, edition_id, line_id) VALUES(3352, 'PERFECT', 'IN_STOCK', 99, 212);
INSERT INTO BOOK(book_id, condition, state, edition_id, line_id) VALUES(3353, 'PERFECT', 'IN_STOCK', 99, 304);
INSERT INTO BOOK(book_id, condition, state, edition_id, line_id) VALUES(3354, 'PERFECT', 'IN_STOCK', 99, 210);
INSERT INTO BOOK(book_id, condition, state, edition_id, line_id) VALUES(3355, 'PERFECT', 'IN_STOCK', 99, 8);
INSERT INTO BOOK(book_id, condition, state, edition_id, line_id) VALUES(3356, 'WORN_OUT', 'IN_STOCK', 99, 334);
INSERT INTO BOOK(book_id, condition, state, edition_id, line_id) VALUES(3357, 'WORN_OUT', 'REFURBISHMENT', 99, 198);
INSERT INTO BOOK(book_id, condition, state, edition_id, line_id) VALUES(3358, 'PERFECT', 'IN_STOCK', 99, 54);
INSERT INTO BOOK(book_id, condition, state, edition_id, line_id) VALUES(3359, 'PERFECT', 'MISSING', 99, 277);
INSERT INTO BOOK(book_id, condition, state, edition_id, line_id) VALUES(3360, 'WORN_OUT', 'MISSING', 99, 11);
INSERT INTO BOOK(book_id, condition, state, edition_id, line_id) VALUES(3361, 'PERFECT', 'IN_STOCK', 99, 166);
INSERT INTO BOOK(book_id, condition, state, edition_id, line_id) VALUES(3362, 'WORN_OUT', 'IN_STOCK', 99, 271);
INSERT INTO BOOK(book_id, condition, state, edition_id, line_id) VALUES(3363, 'PERFECT', 'IN_STOCK', 99, 180);
INSERT INTO BOOK(book_id, condition, state, edition_id, line_id) VALUES(3364, 'PERFECT', 'IN_STOCK', 99, 39);
INSERT INTO BOOK(book_id, condition, state, edition_id, line_id) VALUES(3365, 'PERFECT', 'IN_STOCK', 99, 239);
INSERT INTO BOOK(book_id, condition, state, edition_id, line_id) VALUES(3366, 'PERFECT', 'IN_STOCK', 99, 265);
INSERT INTO BOOK(book_id, condition, state, edition_id, line_id) VALUES(3367, 'PERFECT', 'IN_STOCK', 100, 280);
INSERT INTO BOOK(book_id, condition, state, edition_id, line_id) VALUES(3368, 'PERFECT', 'IN_STOCK', 100, 327);
INSERT INTO BOOK(book_id, condition, state, edition_id, line_id) VALUES(3369, 'DAMAGED', 'IN_STOCK', 100, 339);
INSERT INTO BOOK(book_id, condition, state, edition_id, line_id) VALUES(3370, 'UNUSABLE', 'IN_STOCK', 100, 229);
INSERT INTO BOOK(book_id, condition, state, edition_id, line_id) VALUES(3371, 'UNUSABLE', 'IN_STOCK', 100, 243);
INSERT INTO BOOK(book_id, condition, state, edition_id, line_id) VALUES(3372, 'PERFECT', 'REFURBISHMENT', 100, 294);
INSERT INTO BOOK(book_id, condition, state, edition_id, line_id) VALUES(3373, 'PERFECT', 'IN_STOCK', 100, 361);
INSERT INTO BOOK(book_id, condition, state, edition_id, line_id) VALUES(3374, 'UNUSABLE', 'IN_STOCK', 100, 120);
INSERT INTO BOOK(book_id, condition, state, edition_id, line_id) VALUES(3375, 'DAMAGED', 'MISSING', 100, 53);
INSERT INTO BOOK(book_id, condition, state, edition_id, line_id) VALUES(3376, 'WORN_OUT', 'IN_STOCK', 100, 78);
INSERT INTO BOOK(book_id, condition, state, edition_id, line_id) VALUES(3377, 'DAMAGED', 'IN_STOCK', 100, 157);
INSERT INTO BOOK(book_id, condition, state, edition_id, line_id) VALUES(3378, 'PERFECT', 'REFURBISHMENT', 100, 120);
INSERT INTO BOOK(book_id, condition, state, edition_id, line_id) VALUES(3379, 'PERFECT', 'IN_STOCK', 100, 218);
INSERT INTO BOOK(book_id, condition, state, edition_id, line_id) VALUES(3380, 'PERFECT', 'MISSING', 100, 220);
INSERT INTO BOOK(book_id, condition, state, edition_id, line_id) VALUES(3381, 'PERFECT', 'IN_STOCK', 100, 53);
INSERT INTO BOOK(book_id, condition, state, edition_id, line_id) VALUES(3382, 'PERFECT', 'IN_STOCK', 100, 260);
INSERT INTO BOOK(book_id, condition, state, edition_id, line_id) VALUES(3383, 'PERFECT', 'IN_STOCK', 100, 346);
INSERT INTO BOOK(book_id, condition, state, edition_id, line_id) VALUES(3384, 'WORN_OUT', 'IN_STOCK', 100, 272);
INSERT INTO BOOK(book_id, condition, state, edition_id, line_id) VALUES(3385, 'PERFECT', 'IN_STOCK', 100, 205);
INSERT INTO BOOK(book_id, condition, state, edition_id, line_id) VALUES(3386, 'WORN_OUT', 'IN_STOCK', 100, 190);
INSERT INTO BOOK(book_id, condition, state, edition_id, line_id) VALUES(3387, 'WORN_OUT', 'REFURBISHMENT', 100, 31);
INSERT INTO BOOK(book_id, condition, state, edition_id, line_id) VALUES(3388, 'PERFECT', 'IN_STOCK', 100, 352);
INSERT INTO BOOK(book_id, condition, state, edition_id, line_id) VALUES(3389, 'PERFECT', 'IN_STOCK', 100, 167);
INSERT INTO BOOK(book_id, condition, state, edition_id, line_id) VALUES(3390, 'PERFECT', 'IN_STOCK', 100, 54);
INSERT INTO BOOK(book_id, condition, state, edition_id, line_id) VALUES(3391, 'PERFECT', 'MISSING', 100, 182);
INSERT INTO BOOK(book_id, condition, state, edition_id, line_id) VALUES(3392, 'PERFECT', 'IN_STOCK', 100, 190);
INSERT INTO BOOK(book_id, condition, state, edition_id, line_id) VALUES(3393, 'PERFECT', 'IN_STOCK', 100, 287);
INSERT INTO BOOK(book_id, condition, state, edition_id, line_id) VALUES(3394, 'WORN_OUT', 'IN_STOCK', 100, 234);
INSERT INTO BOOK(book_id, condition, state, edition_id, line_id) VALUES(3395, 'PERFECT', 'REFURBISHMENT', 100, 51);
INSERT INTO BOOK(book_id, condition, state, edition_id, line_id) VALUES(3396, 'WORN_OUT', 'IN_STOCK', 100, 154);
INSERT INTO BOOK(book_id, condition, state, edition_id, line_id) VALUES(3397, 'WORN_OUT', 'REFURBISHMENT', 100, 236);
INSERT INTO BOOK(book_id, condition, state, edition_id, line_id) VALUES(3398, 'WORN_OUT', 'IN_STOCK', 100, 271);
INSERT INTO BOOK(book_id, condition, state, edition_id, line_id) VALUES(3399, 'DAMAGED', 'MISSING', 100, 235);
INSERT INTO BOOK(book_id, condition, state, edition_id, line_id) VALUES(3400, 'UNUSABLE', 'IN_STOCK', 100, 143);
INSERT INTO BOOK(book_id, condition, state, edition_id, line_id) VALUES(3401, 'PERFECT', 'IN_STOCK', 100, 324);
INSERT INTO BOOK(book_id, condition, state, edition_id, line_id) VALUES(3402, 'PERFECT', 'REFURBISHMENT', 100, 220);
INSERT INTO BOOK(book_id, condition, state, edition_id, line_id) VALUES(3403, 'PERFECT', 'MISSING', 100, 35);
INSERT INTO BOOK(book_id, condition, state, edition_id, line_id) VALUES(3404, 'PERFECT', 'IN_STOCK', 101, 77);
INSERT INTO BOOK(book_id, condition, state, edition_id, line_id) VALUES(3405, 'PERFECT', 'REFURBISHMENT', 101, 340);
INSERT INTO BOOK(book_id, condition, state, edition_id, line_id) VALUES(3406, 'PERFECT', 'IN_STOCK', 101, 310);
INSERT INTO BOOK(book_id, condition, state, edition_id, line_id) VALUES(3407, 'PERFECT', 'IN_STOCK', 101, 127);
INSERT INTO BOOK(book_id, condition, state, edition_id, line_id) VALUES(3408, 'PERFECT', 'IN_STOCK', 101, 139);
INSERT INTO BOOK(book_id, condition, state, edition_id, line_id) VALUES(3409, 'PERFECT', 'IN_STOCK', 101, 320);
INSERT INTO BOOK(book_id, condition, state, edition_id, line_id) VALUES(3410, 'PERFECT', 'REFURBISHMENT', 101, 194);
INSERT INTO BOOK(book_id, condition, state, edition_id, line_id) VALUES(3411, 'PERFECT', 'MISSING', 101, 82);
INSERT INTO BOOK(book_id, condition, state, edition_id, line_id) VALUES(3412, 'PERFECT', 'IN_STOCK', 101, 225);
INSERT INTO BOOK(book_id, condition, state, edition_id, line_id) VALUES(3413, 'PERFECT', 'IN_STOCK', 101, 352);
INSERT INTO BOOK(book_id, condition, state, edition_id, line_id) VALUES(3414, 'WORN_OUT', 'IN_STOCK', 101, 211);
INSERT INTO BOOK(book_id, condition, state, edition_id, line_id) VALUES(3415, 'PERFECT', 'IN_STOCK', 101, 354);
INSERT INTO BOOK(book_id, condition, state, edition_id, line_id) VALUES(3416, 'PERFECT', 'MISSING', 101, 25);
INSERT INTO BOOK(book_id, condition, state, edition_id, line_id) VALUES(3417, 'DAMAGED', 'REFURBISHMENT', 101, 210);
INSERT INTO BOOK(book_id, condition, state, edition_id, line_id) VALUES(3418, 'PERFECT', 'IN_STOCK', 101, 157);
INSERT INTO BOOK(book_id, condition, state, edition_id, line_id) VALUES(3419, 'PERFECT', 'IN_STOCK', 101, 276);
INSERT INTO BOOK(book_id, condition, state, edition_id, line_id) VALUES(3420, 'PERFECT', 'IN_STOCK', 101, 254);
INSERT INTO BOOK(book_id, condition, state, edition_id, line_id) VALUES(3421, 'DAMAGED', 'REFURBISHMENT', 101, 270);
INSERT INTO BOOK(book_id, condition, state, edition_id, line_id) VALUES(3422, 'WORN_OUT', 'IN_STOCK', 101, 231);
INSERT INTO BOOK(book_id, condition, state, edition_id, line_id) VALUES(3423, 'WORN_OUT', 'REFURBISHMENT', 101, 202);
INSERT INTO BOOK(book_id, condition, state, edition_id, line_id) VALUES(3424, 'PERFECT', 'IN_STOCK', 101, 162);
INSERT INTO BOOK(book_id, condition, state, edition_id, line_id) VALUES(3425, 'DAMAGED', 'MISSING', 101, 78);
INSERT INTO BOOK(book_id, condition, state, edition_id, line_id) VALUES(3426, 'WORN_OUT', 'IN_STOCK', 101, 95);
INSERT INTO BOOK(book_id, condition, state, edition_id, line_id) VALUES(3427, 'WORN_OUT', 'IN_STOCK', 102, 179);
INSERT INTO BOOK(book_id, condition, state, edition_id, line_id) VALUES(3428, 'WORN_OUT', 'IN_STOCK', 102, 259);
INSERT INTO BOOK(book_id, condition, state, edition_id, line_id) VALUES(3429, 'PERFECT', 'IN_STOCK', 102, 360);
INSERT INTO BOOK(book_id, condition, state, edition_id, line_id) VALUES(3430, 'PERFECT', 'REFURBISHMENT', 102, 133);
INSERT INTO BOOK(book_id, condition, state, edition_id, line_id) VALUES(3431, 'PERFECT', 'IN_STOCK', 102, 141);
INSERT INTO BOOK(book_id, condition, state, edition_id, line_id) VALUES(3432, 'PERFECT', 'REFURBISHMENT', 102, 262);
INSERT INTO BOOK(book_id, condition, state, edition_id, line_id) VALUES(3433, 'DAMAGED', 'IN_STOCK', 102, 52);
INSERT INTO BOOK(book_id, condition, state, edition_id, line_id) VALUES(3434, 'PERFECT', 'IN_STOCK', 102, 229);
INSERT INTO BOOK(book_id, condition, state, edition_id, line_id) VALUES(3435, 'WORN_OUT', 'IN_STOCK', 103, 233);
INSERT INTO BOOK(book_id, condition, state, edition_id, line_id) VALUES(3436, 'PERFECT', 'IN_STOCK', 103, 30);
INSERT INTO BOOK(book_id, condition, state, edition_id, line_id) VALUES(3437, 'PERFECT', 'IN_STOCK', 103, 302);
INSERT INTO BOOK(book_id, condition, state, edition_id, line_id) VALUES(3438, 'WORN_OUT', 'MISSING', 103, 208);
INSERT INTO BOOK(book_id, condition, state, edition_id, line_id) VALUES(3439, 'WORN_OUT', 'IN_STOCK', 103, 292);
INSERT INTO BOOK(book_id, condition, state, edition_id, line_id) VALUES(3440, 'WORN_OUT', 'IN_STOCK', 103, 69);
INSERT INTO BOOK(book_id, condition, state, edition_id, line_id) VALUES(3441, 'PERFECT', 'IN_STOCK', 103, 155);
INSERT INTO BOOK(book_id, condition, state, edition_id, line_id) VALUES(3442, 'PERFECT', 'IN_STOCK', 103, 320);
INSERT INTO BOOK(book_id, condition, state, edition_id, line_id) VALUES(3443, 'PERFECT', 'IN_STOCK', 103, 28);
INSERT INTO BOOK(book_id, condition, state, edition_id, line_id) VALUES(3444, 'DAMAGED', 'IN_STOCK', 103, 96);
INSERT INTO BOOK(book_id, condition, state, edition_id, line_id) VALUES(3445, 'PERFECT', 'IN_STOCK', 103, 143);
INSERT INTO BOOK(book_id, condition, state, edition_id, line_id) VALUES(3446, 'PERFECT', 'IN_STOCK', 103, 328);
INSERT INTO BOOK(book_id, condition, state, edition_id, line_id) VALUES(3447, 'PERFECT', 'REFURBISHMENT', 103, 273);
INSERT INTO BOOK(book_id, condition, state, edition_id, line_id) VALUES(3448, 'WORN_OUT', 'IN_STOCK', 103, 313);
INSERT INTO BOOK(book_id, condition, state, edition_id, line_id) VALUES(3449, 'PERFECT', 'REFURBISHMENT', 103, 32);
INSERT INTO BOOK(book_id, condition, state, edition_id, line_id) VALUES(3450, 'PERFECT', 'IN_STOCK', 103, 13);
INSERT INTO BOOK(book_id, condition, state, edition_id, line_id) VALUES(3451, 'DAMAGED', 'IN_STOCK', 103, 233);
INSERT INTO BOOK(book_id, condition, state, edition_id, line_id) VALUES(3452, 'DAMAGED', 'MISSING', 103, 235);
INSERT INTO BOOK(book_id, condition, state, edition_id, line_id) VALUES(3453, 'PERFECT', 'MISSING', 103, 347);
INSERT INTO BOOK(book_id, condition, state, edition_id, line_id) VALUES(3454, 'PERFECT', 'IN_STOCK', 103, 64);
INSERT INTO BOOK(book_id, condition, state, edition_id, line_id) VALUES(3455, 'PERFECT', 'IN_STOCK', 103, 298);
INSERT INTO BOOK(book_id, condition, state, edition_id, line_id) VALUES(3456, 'PERFECT', 'IN_STOCK', 103, 169);
INSERT INTO BOOK(book_id, condition, state, edition_id, line_id) VALUES(3457, 'PERFECT', 'IN_STOCK', 103, 56);
INSERT INTO BOOK(book_id, condition, state, edition_id, line_id) VALUES(3458, 'PERFECT', 'IN_STOCK', 103, 237);
INSERT INTO BOOK(book_id, condition, state, edition_id, line_id) VALUES(3459, 'PERFECT', 'IN_STOCK', 103, 134);
INSERT INTO BOOK(book_id, condition, state, edition_id, line_id) VALUES(3460, 'DAMAGED', 'REFURBISHMENT', 103, 186);
INSERT INTO BOOK(book_id, condition, state, edition_id, line_id) VALUES(3461, 'PERFECT', 'IN_STOCK', 103, 112);
INSERT INTO BOOK(book_id, condition, state, edition_id, line_id) VALUES(3462, 'PERFECT', 'IN_STOCK', 103, 43);
INSERT INTO BOOK(book_id, condition, state, edition_id, line_id) VALUES(3463, 'UNUSABLE', 'REFURBISHMENT', 103, 189);
INSERT INTO BOOK(book_id, condition, state, edition_id, line_id) VALUES(3464, 'PERFECT', 'IN_STOCK', 103, 218);
INSERT INTO BOOK(book_id, condition, state, edition_id, line_id) VALUES(3465, 'PERFECT', 'IN_STOCK', 103, 314);
INSERT INTO BOOK(book_id, condition, state, edition_id, line_id) VALUES(3466, 'PERFECT', 'IN_STOCK', 103, 232);
INSERT INTO BOOK(book_id, condition, state, edition_id, line_id) VALUES(3467, 'PERFECT', 'IN_STOCK', 103, 0);
INSERT INTO BOOK(book_id, condition, state, edition_id, line_id) VALUES(3468, 'PERFECT', 'REFURBISHMENT', 103, 361);
INSERT INTO BOOK(book_id, condition, state, edition_id, line_id) VALUES(3469, 'UNUSABLE', 'IN_STOCK', 103, 176);
INSERT INTO BOOK(book_id, condition, state, edition_id, line_id) VALUES(3470, 'PERFECT', 'IN_STOCK', 103, 0);
INSERT INTO BOOK(book_id, condition, state, edition_id, line_id) VALUES(3471, 'WORN_OUT', 'IN_STOCK', 103, 26);
INSERT INTO BOOK(book_id, condition, state, edition_id, line_id) VALUES(3472, 'WORN_OUT', 'REFURBISHMENT', 103, 321);
INSERT INTO BOOK(book_id, condition, state, edition_id, line_id) VALUES(3473, 'PERFECT', 'MISSING', 103, 133);
INSERT INTO BOOK(book_id, condition, state, edition_id, line_id) VALUES(3474, 'UNUSABLE', 'IN_STOCK', 103, 247);
INSERT INTO BOOK(book_id, condition, state, edition_id, line_id) VALUES(3475, 'WORN_OUT', 'MISSING', 103, 197);
INSERT INTO BOOK(book_id, condition, state, edition_id, line_id) VALUES(3476, 'PERFECT', 'MISSING', 103, 56);
INSERT INTO BOOK(book_id, condition, state, edition_id, line_id) VALUES(3477, 'WORN_OUT', 'REFURBISHMENT', 104, 222);
INSERT INTO BOOK(book_id, condition, state, edition_id, line_id) VALUES(3478, 'PERFECT', 'IN_STOCK', 104, 230);
INSERT INTO BOOK(book_id, condition, state, edition_id, line_id) VALUES(3479, 'UNUSABLE', 'IN_STOCK', 104, 105);
INSERT INTO BOOK(book_id, condition, state, edition_id, line_id) VALUES(3480, 'PERFECT', 'IN_STOCK', 104, 290);
INSERT INTO BOOK(book_id, condition, state, edition_id, line_id) VALUES(3481, 'WORN_OUT', 'IN_STOCK', 104, 16);
INSERT INTO BOOK(book_id, condition, state, edition_id, line_id) VALUES(3482, 'PERFECT', 'IN_STOCK', 104, 146);
INSERT INTO BOOK(book_id, condition, state, edition_id, line_id) VALUES(3483, 'PERFECT', 'MISSING', 104, 233);
INSERT INTO BOOK(book_id, condition, state, edition_id, line_id) VALUES(3484, 'UNUSABLE', 'MISSING', 104, 345);
INSERT INTO BOOK(book_id, condition, state, edition_id, line_id) VALUES(3485, 'PERFECT', 'IN_STOCK', 104, 88);
INSERT INTO BOOK(book_id, condition, state, edition_id, line_id) VALUES(3486, 'PERFECT', 'REFURBISHMENT', 104, 125);
INSERT INTO BOOK(book_id, condition, state, edition_id, line_id) VALUES(3487, 'PERFECT', 'IN_STOCK', 104, 120);
INSERT INTO BOOK(book_id, condition, state, edition_id, line_id) VALUES(3488, 'PERFECT', 'IN_STOCK', 104, 173);
INSERT INTO BOOK(book_id, condition, state, edition_id, line_id) VALUES(3489, 'PERFECT', 'IN_STOCK', 104, 164);
INSERT INTO BOOK(book_id, condition, state, edition_id, line_id) VALUES(3490, 'WORN_OUT', 'IN_STOCK', 104, 357);
INSERT INTO BOOK(book_id, condition, state, edition_id, line_id) VALUES(3491, 'PERFECT', 'IN_STOCK', 104, 20);
INSERT INTO BOOK(book_id, condition, state, edition_id, line_id) VALUES(3492, 'PERFECT', 'IN_STOCK', 104, 138);
INSERT INTO BOOK(book_id, condition, state, edition_id, line_id) VALUES(3493, 'PERFECT', 'IN_STOCK', 104, 352);
INSERT INTO BOOK(book_id, condition, state, edition_id, line_id) VALUES(3494, 'UNUSABLE', 'REFURBISHMENT', 104, 264);
INSERT INTO BOOK(book_id, condition, state, edition_id, line_id) VALUES(3495, 'PERFECT', 'MISSING', 104, 299);
INSERT INTO BOOK(book_id, condition, state, edition_id, line_id) VALUES(3496, 'UNUSABLE', 'IN_STOCK', 104, 232);
INSERT INTO BOOK(book_id, condition, state, edition_id, line_id) VALUES(3497, 'PERFECT', 'IN_STOCK', 105, 5);
INSERT INTO BOOK(book_id, condition, state, edition_id, line_id) VALUES(3498, 'UNUSABLE', 'IN_STOCK', 105, 110);
INSERT INTO BOOK(book_id, condition, state, edition_id, line_id) VALUES(3499, 'DAMAGED', 'IN_STOCK', 105, 44);
INSERT INTO BOOK(book_id, condition, state, edition_id, line_id) VALUES(3500, 'PERFECT', 'IN_STOCK', 105, 212);
INSERT INTO BOOK(book_id, condition, state, edition_id, line_id) VALUES(3501, 'PERFECT', 'IN_STOCK', 105, 206);
INSERT INTO BOOK(book_id, condition, state, edition_id, line_id) VALUES(3502, 'DAMAGED', 'IN_STOCK', 105, 100);
INSERT INTO BOOK(book_id, condition, state, edition_id, line_id) VALUES(3503, 'PERFECT', 'MISSING', 105, 163);
INSERT INTO BOOK(book_id, condition, state, edition_id, line_id) VALUES(3504, 'WORN_OUT', 'IN_STOCK', 105, 346);
INSERT INTO BOOK(book_id, condition, state, edition_id, line_id) VALUES(3505, 'PERFECT', 'IN_STOCK', 105, 23);
INSERT INTO BOOK(book_id, condition, state, edition_id, line_id) VALUES(3506, 'PERFECT', 'IN_STOCK', 105, 325);
INSERT INTO BOOK(book_id, condition, state, edition_id, line_id) VALUES(3507, 'UNUSABLE', 'IN_STOCK', 105, 131);
INSERT INTO BOOK(book_id, condition, state, edition_id, line_id) VALUES(3508, 'PERFECT', 'IN_STOCK', 106, 143);
INSERT INTO BOOK(book_id, condition, state, edition_id, line_id) VALUES(3509, 'PERFECT', 'IN_STOCK', 106, 10);
INSERT INTO BOOK(book_id, condition, state, edition_id, line_id) VALUES(3510, 'PERFECT', 'IN_STOCK', 106, 194);
INSERT INTO BOOK(book_id, condition, state, edition_id, line_id) VALUES(3511, 'UNUSABLE', 'IN_STOCK', 106, 106);
INSERT INTO BOOK(book_id, condition, state, edition_id, line_id) VALUES(3512, 'PERFECT', 'REFURBISHMENT', 106, 17);
INSERT INTO BOOK(book_id, condition, state, edition_id, line_id) VALUES(3513, 'WORN_OUT', 'IN_STOCK', 106, 86);
INSERT INTO BOOK(book_id, condition, state, edition_id, line_id) VALUES(3514, 'WORN_OUT', 'REFURBISHMENT', 106, 155);
INSERT INTO BOOK(book_id, condition, state, edition_id, line_id) VALUES(3515, 'UNUSABLE', 'IN_STOCK', 106, 27);
INSERT INTO BOOK(book_id, condition, state, edition_id, line_id) VALUES(3516, 'UNUSABLE', 'IN_STOCK', 106, 155);
INSERT INTO BOOK(book_id, condition, state, edition_id, line_id) VALUES(3517, 'PERFECT', 'IN_STOCK', 106, 14);
INSERT INTO BOOK(book_id, condition, state, edition_id, line_id) VALUES(3518, 'WORN_OUT', 'IN_STOCK', 106, 45);
INSERT INTO BOOK(book_id, condition, state, edition_id, line_id) VALUES(3519, 'PERFECT', 'REFURBISHMENT', 106, 75);
INSERT INTO BOOK(book_id, condition, state, edition_id, line_id) VALUES(3520, 'PERFECT', 'MISSING', 106, 353);
INSERT INTO BOOK(book_id, condition, state, edition_id, line_id) VALUES(3521, 'WORN_OUT', 'IN_STOCK', 106, 305);
INSERT INTO BOOK(book_id, condition, state, edition_id, line_id) VALUES(3522, 'WORN_OUT', 'IN_STOCK', 106, 88);
INSERT INTO BOOK(book_id, condition, state, edition_id, line_id) VALUES(3523, 'DAMAGED', 'IN_STOCK', 106, 194);
INSERT INTO BOOK(book_id, condition, state, edition_id, line_id) VALUES(3524, 'WORN_OUT', 'IN_STOCK', 106, 119);
INSERT INTO BOOK(book_id, condition, state, edition_id, line_id) VALUES(3525, 'PERFECT', 'IN_STOCK', 106, 299);
INSERT INTO BOOK(book_id, condition, state, edition_id, line_id) VALUES(3526, 'WORN_OUT', 'IN_STOCK', 106, 97);
INSERT INTO BOOK(book_id, condition, state, edition_id, line_id) VALUES(3527, 'UNUSABLE', 'IN_STOCK', 106, 89);
INSERT INTO BOOK(book_id, condition, state, edition_id, line_id) VALUES(3528, 'PERFECT', 'MISSING', 106, 221);
INSERT INTO BOOK(book_id, condition, state, edition_id, line_id) VALUES(3529, 'PERFECT', 'IN_STOCK', 106, 262);
INSERT INTO BOOK(book_id, condition, state, edition_id, line_id) VALUES(3530, 'WORN_OUT', 'REFURBISHMENT', 106, 323);
INSERT INTO BOOK(book_id, condition, state, edition_id, line_id) VALUES(3531, 'UNUSABLE', 'IN_STOCK', 106, 31);
INSERT INTO BOOK(book_id, condition, state, edition_id, line_id) VALUES(3532, 'PERFECT', 'IN_STOCK', 106, 305);
INSERT INTO BOOK(book_id, condition, state, edition_id, line_id) VALUES(3533, 'WORN_OUT', 'IN_STOCK', 106, 79);
INSERT INTO BOOK(book_id, condition, state, edition_id, line_id) VALUES(3534, 'PERFECT', 'IN_STOCK', 106, 171);
INSERT INTO BOOK(book_id, condition, state, edition_id, line_id) VALUES(3535, 'PERFECT', 'REFURBISHMENT', 106, 270);
INSERT INTO BOOK(book_id, condition, state, edition_id, line_id) VALUES(3536, 'PERFECT', 'IN_STOCK', 106, 241);
INSERT INTO BOOK(book_id, condition, state, edition_id, line_id) VALUES(3537, 'PERFECT', 'REFURBISHMENT', 106, 362);
INSERT INTO BOOK(book_id, condition, state, edition_id, line_id) VALUES(3538, 'PERFECT', 'IN_STOCK', 106, 295);
INSERT INTO BOOK(book_id, condition, state, edition_id, line_id) VALUES(3539, 'WORN_OUT', 'IN_STOCK', 106, 146);
INSERT INTO BOOK(book_id, condition, state, edition_id, line_id) VALUES(3540, 'WORN_OUT', 'IN_STOCK', 106, 156);
INSERT INTO BOOK(book_id, condition, state, edition_id, line_id) VALUES(3541, 'DAMAGED', 'IN_STOCK', 106, 356);
INSERT INTO BOOK(book_id, condition, state, edition_id, line_id) VALUES(3542, 'PERFECT', 'IN_STOCK', 106, 111);
INSERT INTO BOOK(book_id, condition, state, edition_id, line_id) VALUES(3543, 'WORN_OUT', 'IN_STOCK', 106, 156);
INSERT INTO BOOK(book_id, condition, state, edition_id, line_id) VALUES(3544, 'PERFECT', 'IN_STOCK', 106, 101);
INSERT INTO BOOK(book_id, condition, state, edition_id, line_id) VALUES(3545, 'WORN_OUT', 'REFURBISHMENT', 107, 181);
INSERT INTO BOOK(book_id, condition, state, edition_id, line_id) VALUES(3546, 'PERFECT', 'MISSING', 107, 269);
INSERT INTO BOOK(book_id, condition, state, edition_id, line_id) VALUES(3547, 'DAMAGED', 'IN_STOCK', 107, 285);
INSERT INTO BOOK(book_id, condition, state, edition_id, line_id) VALUES(3548, 'UNUSABLE', 'IN_STOCK', 107, 50);
INSERT INTO BOOK(book_id, condition, state, edition_id, line_id) VALUES(3549, 'PERFECT', 'IN_STOCK', 107, 310);
INSERT INTO BOOK(book_id, condition, state, edition_id, line_id) VALUES(3550, 'PERFECT', 'IN_STOCK', 107, 111);
INSERT INTO BOOK(book_id, condition, state, edition_id, line_id) VALUES(3551, 'WORN_OUT', 'IN_STOCK', 107, 120);
INSERT INTO BOOK(book_id, condition, state, edition_id, line_id) VALUES(3552, 'UNUSABLE', 'IN_STOCK', 107, 293);
INSERT INTO BOOK(book_id, condition, state, edition_id, line_id) VALUES(3553, 'PERFECT', 'IN_STOCK', 107, 274);
INSERT INTO BOOK(book_id, condition, state, edition_id, line_id) VALUES(3554, 'PERFECT', 'MISSING', 107, 167);
INSERT INTO BOOK(book_id, condition, state, edition_id, line_id) VALUES(3555, 'WORN_OUT', 'IN_STOCK', 107, 63);
INSERT INTO BOOK(book_id, condition, state, edition_id, line_id) VALUES(3556, 'PERFECT', 'IN_STOCK', 107, 363);
INSERT INTO BOOK(book_id, condition, state, edition_id, line_id) VALUES(3557, 'PERFECT', 'IN_STOCK', 107, 285);
INSERT INTO BOOK(book_id, condition, state, edition_id, line_id) VALUES(3558, 'PERFECT', 'IN_STOCK', 107, 31);
INSERT INTO BOOK(book_id, condition, state, edition_id, line_id) VALUES(3559, 'PERFECT', 'IN_STOCK', 107, 211);
INSERT INTO BOOK(book_id, condition, state, edition_id, line_id) VALUES(3560, 'PERFECT', 'IN_STOCK', 107, 55);
INSERT INTO BOOK(book_id, condition, state, edition_id, line_id) VALUES(3561, 'PERFECT', 'IN_STOCK', 107, 167);
INSERT INTO BOOK(book_id, condition, state, edition_id, line_id) VALUES(3562, 'PERFECT', 'MISSING', 107, 38);
INSERT INTO BOOK(book_id, condition, state, edition_id, line_id) VALUES(3563, 'DAMAGED', 'IN_STOCK', 107, 341);
INSERT INTO BOOK(book_id, condition, state, edition_id, line_id) VALUES(3564, 'PERFECT', 'IN_STOCK', 107, 29);
INSERT INTO BOOK(book_id, condition, state, edition_id, line_id) VALUES(3565, 'PERFECT', 'IN_STOCK', 107, 327);
INSERT INTO BOOK(book_id, condition, state, edition_id, line_id) VALUES(3566, 'WORN_OUT', 'IN_STOCK', 107, 196);
INSERT INTO BOOK(book_id, condition, state, edition_id, line_id) VALUES(3567, 'WORN_OUT', 'REFURBISHMENT', 107, 196);
INSERT INTO BOOK(book_id, condition, state, edition_id, line_id) VALUES(3568, 'DAMAGED', 'REFURBISHMENT', 107, 109);
INSERT INTO BOOK(book_id, condition, state, edition_id, line_id) VALUES(3569, 'WORN_OUT', 'IN_STOCK', 107, 13);
INSERT INTO BOOK(book_id, condition, state, edition_id, line_id) VALUES(3570, 'PERFECT', 'IN_STOCK', 107, 331);
INSERT INTO BOOK(book_id, condition, state, edition_id, line_id) VALUES(3571, 'PERFECT', 'MISSING', 107, 294);
INSERT INTO BOOK(book_id, condition, state, edition_id, line_id) VALUES(3572, 'PERFECT', 'IN_STOCK', 107, 68);
INSERT INTO BOOK(book_id, condition, state, edition_id, line_id) VALUES(3573, 'PERFECT', 'MISSING', 107, 226);
INSERT INTO BOOK(book_id, condition, state, edition_id, line_id) VALUES(3574, 'PERFECT', 'MISSING', 108, 151);
INSERT INTO BOOK(book_id, condition, state, edition_id, line_id) VALUES(3575, 'PERFECT', 'IN_STOCK', 108, 197);
INSERT INTO BOOK(book_id, condition, state, edition_id, line_id) VALUES(3576, 'WORN_OUT', 'MISSING', 108, 27);
INSERT INTO BOOK(book_id, condition, state, edition_id, line_id) VALUES(3577, 'UNUSABLE', 'IN_STOCK', 108, 114);
INSERT INTO BOOK(book_id, condition, state, edition_id, line_id) VALUES(3578, 'PERFECT', 'IN_STOCK', 108, 171);
INSERT INTO BOOK(book_id, condition, state, edition_id, line_id) VALUES(3579, 'PERFECT', 'IN_STOCK', 108, 199);
INSERT INTO BOOK(book_id, condition, state, edition_id, line_id) VALUES(3580, 'WORN_OUT', 'REFURBISHMENT', 108, 36);
INSERT INTO BOOK(book_id, condition, state, edition_id, line_id) VALUES(3581, 'PERFECT', 'REFURBISHMENT', 108, 23);
INSERT INTO BOOK(book_id, condition, state, edition_id, line_id) VALUES(3582, 'PERFECT', 'IN_STOCK', 108, 126);
INSERT INTO BOOK(book_id, condition, state, edition_id, line_id) VALUES(3583, 'WORN_OUT', 'IN_STOCK', 108, 6);
INSERT INTO BOOK(book_id, condition, state, edition_id, line_id) VALUES(3584, 'PERFECT', 'IN_STOCK', 108, 114);
INSERT INTO BOOK(book_id, condition, state, edition_id, line_id) VALUES(3585, 'PERFECT', 'IN_STOCK', 108, 288);
INSERT INTO BOOK(book_id, condition, state, edition_id, line_id) VALUES(3586, 'PERFECT', 'IN_STOCK', 108, 171);
INSERT INTO BOOK(book_id, condition, state, edition_id, line_id) VALUES(3587, 'PERFECT', 'MISSING', 108, 249);
INSERT INTO BOOK(book_id, condition, state, edition_id, line_id) VALUES(3588, 'PERFECT', 'IN_STOCK', 108, 85);
INSERT INTO BOOK(book_id, condition, state, edition_id, line_id) VALUES(3589, 'WORN_OUT', 'IN_STOCK', 108, 129);
INSERT INTO BOOK(book_id, condition, state, edition_id, line_id) VALUES(3590, 'PERFECT', 'MISSING', 108, 8);
INSERT INTO BOOK(book_id, condition, state, edition_id, line_id) VALUES(3591, 'PERFECT', 'IN_STOCK', 108, 321);
INSERT INTO BOOK(book_id, condition, state, edition_id, line_id) VALUES(3592, 'UNUSABLE', 'MISSING', 108, 3);
INSERT INTO BOOK(book_id, condition, state, edition_id, line_id) VALUES(3593, 'WORN_OUT', 'IN_STOCK', 108, 119);
INSERT INTO BOOK(book_id, condition, state, edition_id, line_id) VALUES(3594, 'UNUSABLE', 'IN_STOCK', 108, 196);
INSERT INTO BOOK(book_id, condition, state, edition_id, line_id) VALUES(3595, 'UNUSABLE', 'IN_STOCK', 108, 28);
INSERT INTO BOOK(book_id, condition, state, edition_id, line_id) VALUES(3596, 'UNUSABLE', 'IN_STOCK', 108, 38);
INSERT INTO BOOK(book_id, condition, state, edition_id, line_id) VALUES(3597, 'WORN_OUT', 'IN_STOCK', 108, 88);
INSERT INTO BOOK(book_id, condition, state, edition_id, line_id) VALUES(3598, 'PERFECT', 'REFURBISHMENT', 108, 152);
INSERT INTO BOOK(book_id, condition, state, edition_id, line_id) VALUES(3599, 'WORN_OUT', 'MISSING', 108, 339);
INSERT INTO BOOK(book_id, condition, state, edition_id, line_id) VALUES(3600, 'WORN_OUT', 'IN_STOCK', 108, 342);
INSERT INTO BOOK(book_id, condition, state, edition_id, line_id) VALUES(3601, 'WORN_OUT', 'IN_STOCK', 108, 103);
INSERT INTO BOOK(book_id, condition, state, edition_id, line_id) VALUES(3602, 'DAMAGED', 'IN_STOCK', 108, 107);
INSERT INTO BOOK(book_id, condition, state, edition_id, line_id) VALUES(3603, 'WORN_OUT', 'IN_STOCK', 108, 171);
INSERT INTO BOOK(book_id, condition, state, edition_id, line_id) VALUES(3604, 'DAMAGED', 'IN_STOCK', 108, 165);
INSERT INTO BOOK(book_id, condition, state, edition_id, line_id) VALUES(3605, 'PERFECT', 'MISSING', 108, 100);
INSERT INTO BOOK(book_id, condition, state, edition_id, line_id) VALUES(3606, 'PERFECT', 'IN_STOCK', 108, 112);
INSERT INTO BOOK(book_id, condition, state, edition_id, line_id) VALUES(3607, 'PERFECT', 'IN_STOCK', 108, 147);
INSERT INTO BOOK(book_id, condition, state, edition_id, line_id) VALUES(3608, 'PERFECT', 'IN_STOCK', 108, 62);
INSERT INTO BOOK(book_id, condition, state, edition_id, line_id) VALUES(3609, 'PERFECT', 'IN_STOCK', 108, 99);
INSERT INTO BOOK(book_id, condition, state, edition_id, line_id) VALUES(3610, 'PERFECT', 'IN_STOCK', 108, 210);
INSERT INTO BOOK(book_id, condition, state, edition_id, line_id) VALUES(3611, 'PERFECT', 'REFURBISHMENT', 108, 100);
INSERT INTO BOOK(book_id, condition, state, edition_id, line_id) VALUES(3612, 'PERFECT', 'IN_STOCK', 108, 210);
INSERT INTO BOOK(book_id, condition, state, edition_id, line_id) VALUES(3613, 'UNUSABLE', 'IN_STOCK', 108, 276);
INSERT INTO BOOK(book_id, condition, state, edition_id, line_id) VALUES(3614, 'PERFECT', 'IN_STOCK', 108, 136);
INSERT INTO BOOK(book_id, condition, state, edition_id, line_id) VALUES(3615, 'DAMAGED', 'MISSING', 108, 17);
INSERT INTO BOOK(book_id, condition, state, edition_id, line_id) VALUES(3616, 'UNUSABLE', 'IN_STOCK', 108, 68);
INSERT INTO BOOK(book_id, condition, state, edition_id, line_id) VALUES(3617, 'WORN_OUT', 'REFURBISHMENT', 108, 69);
INSERT INTO BOOK(book_id, condition, state, edition_id, line_id) VALUES(3618, 'UNUSABLE', 'IN_STOCK', 109, 279);
INSERT INTO BOOK(book_id, condition, state, edition_id, line_id) VALUES(3619, 'PERFECT', 'MISSING', 109, 286);
INSERT INTO BOOK(book_id, condition, state, edition_id, line_id) VALUES(3620, 'DAMAGED', 'IN_STOCK', 109, 238);
INSERT INTO BOOK(book_id, condition, state, edition_id, line_id) VALUES(3621, 'PERFECT', 'MISSING', 109, 86);
INSERT INTO BOOK(book_id, condition, state, edition_id, line_id) VALUES(3622, 'PERFECT', 'IN_STOCK', 109, 138);
INSERT INTO BOOK(book_id, condition, state, edition_id, line_id) VALUES(3623, 'PERFECT', 'IN_STOCK', 109, 57);
INSERT INTO BOOK(book_id, condition, state, edition_id, line_id) VALUES(3624, 'WORN_OUT', 'IN_STOCK', 109, 67);
INSERT INTO BOOK(book_id, condition, state, edition_id, line_id) VALUES(3625, 'PERFECT', 'REFURBISHMENT', 109, 99);
INSERT INTO BOOK(book_id, condition, state, edition_id, line_id) VALUES(3626, 'PERFECT', 'IN_STOCK', 109, 308);
INSERT INTO BOOK(book_id, condition, state, edition_id, line_id) VALUES(3627, 'DAMAGED', 'IN_STOCK', 109, 154);
INSERT INTO BOOK(book_id, condition, state, edition_id, line_id) VALUES(3628, 'UNUSABLE', 'REFURBISHMENT', 109, 148);
INSERT INTO BOOK(book_id, condition, state, edition_id, line_id) VALUES(3629, 'PERFECT', 'MISSING', 109, 117);
INSERT INTO BOOK(book_id, condition, state, edition_id, line_id) VALUES(3630, 'WORN_OUT', 'IN_STOCK', 109, 325);
INSERT INTO BOOK(book_id, condition, state, edition_id, line_id) VALUES(3631, 'PERFECT', 'IN_STOCK', 109, 116);
INSERT INTO BOOK(book_id, condition, state, edition_id, line_id) VALUES(3632, 'PERFECT', 'MISSING', 109, 301);
INSERT INTO BOOK(book_id, condition, state, edition_id, line_id) VALUES(3633, 'PERFECT', 'IN_STOCK', 109, 166);
INSERT INTO BOOK(book_id, condition, state, edition_id, line_id) VALUES(3634, 'PERFECT', 'REFURBISHMENT', 109, 21);
INSERT INTO BOOK(book_id, condition, state, edition_id, line_id) VALUES(3635, 'PERFECT', 'IN_STOCK', 109, 191);
INSERT INTO BOOK(book_id, condition, state, edition_id, line_id) VALUES(3636, 'PERFECT', 'IN_STOCK', 109, 293);
INSERT INTO BOOK(book_id, condition, state, edition_id, line_id) VALUES(3637, 'PERFECT', 'IN_STOCK', 109, 150);
INSERT INTO BOOK(book_id, condition, state, edition_id, line_id) VALUES(3638, 'PERFECT', 'IN_STOCK', 109, 247);
INSERT INTO BOOK(book_id, condition, state, edition_id, line_id) VALUES(3639, 'PERFECT', 'IN_STOCK', 109, 35);
INSERT INTO BOOK(book_id, condition, state, edition_id, line_id) VALUES(3640, 'PERFECT', 'IN_STOCK', 109, 136);
INSERT INTO BOOK(book_id, condition, state, edition_id, line_id) VALUES(3641, 'PERFECT', 'IN_STOCK', 109, 114);
INSERT INTO BOOK(book_id, condition, state, edition_id, line_id) VALUES(3642, 'PERFECT', 'MISSING', 109, 332);
INSERT INTO BOOK(book_id, condition, state, edition_id, line_id) VALUES(3643, 'PERFECT', 'IN_STOCK', 109, 180);
INSERT INTO BOOK(book_id, condition, state, edition_id, line_id) VALUES(3644, 'PERFECT', 'IN_STOCK', 109, 36);
INSERT INTO BOOK(book_id, condition, state, edition_id, line_id) VALUES(3645, 'UNUSABLE', 'IN_STOCK', 110, 30);
INSERT INTO BOOK(book_id, condition, state, edition_id, line_id) VALUES(3646, 'PERFECT', 'IN_STOCK', 110, 101);
INSERT INTO BOOK(book_id, condition, state, edition_id, line_id) VALUES(3647, 'WORN_OUT', 'IN_STOCK', 110, 38);
INSERT INTO BOOK(book_id, condition, state, edition_id, line_id) VALUES(3648, 'PERFECT', 'IN_STOCK', 110, 14);
INSERT INTO BOOK(book_id, condition, state, edition_id, line_id) VALUES(3649, 'PERFECT', 'MISSING', 110, 284);
INSERT INTO BOOK(book_id, condition, state, edition_id, line_id) VALUES(3650, 'WORN_OUT', 'IN_STOCK', 110, 13);
INSERT INTO BOOK(book_id, condition, state, edition_id, line_id) VALUES(3651, 'PERFECT', 'IN_STOCK', 110, 55);
INSERT INTO BOOK(book_id, condition, state, edition_id, line_id) VALUES(3652, 'PERFECT', 'MISSING', 110, 39);
INSERT INTO BOOK(book_id, condition, state, edition_id, line_id) VALUES(3653, 'WORN_OUT', 'IN_STOCK', 110, 149);
INSERT INTO BOOK(book_id, condition, state, edition_id, line_id) VALUES(3654, 'PERFECT', 'IN_STOCK', 110, 154);
INSERT INTO BOOK(book_id, condition, state, edition_id, line_id) VALUES(3655, 'WORN_OUT', 'IN_STOCK', 110, 114);
INSERT INTO BOOK(book_id, condition, state, edition_id, line_id) VALUES(3656, 'PERFECT', 'MISSING', 110, 347);
INSERT INTO BOOK(book_id, condition, state, edition_id, line_id) VALUES(3657, 'PERFECT', 'MISSING', 110, 220);
INSERT INTO BOOK(book_id, condition, state, edition_id, line_id) VALUES(3658, 'PERFECT', 'IN_STOCK', 110, 191);
INSERT INTO BOOK(book_id, condition, state, edition_id, line_id) VALUES(3659, 'PERFECT', 'IN_STOCK', 110, 40);
INSERT INTO BOOK(book_id, condition, state, edition_id, line_id) VALUES(3660, 'PERFECT', 'IN_STOCK', 110, 60);
INSERT INTO BOOK(book_id, condition, state, edition_id, line_id) VALUES(3661, 'DAMAGED', 'IN_STOCK', 110, 7);
INSERT INTO BOOK(book_id, condition, state, edition_id, line_id) VALUES(3662, 'PERFECT', 'IN_STOCK', 110, 130);
INSERT INTO BOOK(book_id, condition, state, edition_id, line_id) VALUES(3663, 'WORN_OUT', 'IN_STOCK', 110, 361);
INSERT INTO BOOK(book_id, condition, state, edition_id, line_id) VALUES(3664, 'PERFECT', 'REFURBISHMENT', 110, 364);
INSERT INTO BOOK(book_id, condition, state, edition_id, line_id) VALUES(3665, 'PERFECT', 'IN_STOCK', 110, 163);
INSERT INTO BOOK(book_id, condition, state, edition_id, line_id) VALUES(3666, 'WORN_OUT', 'IN_STOCK', 110, 103);
INSERT INTO BOOK(book_id, condition, state, edition_id, line_id) VALUES(3667, 'UNUSABLE', 'IN_STOCK', 110, 338);
INSERT INTO BOOK(book_id, condition, state, edition_id, line_id) VALUES(3668, 'PERFECT', 'IN_STOCK', 110, 188);
INSERT INTO BOOK(book_id, condition, state, edition_id, line_id) VALUES(3669, 'PERFECT', 'MISSING', 110, 128);
INSERT INTO BOOK(book_id, condition, state, edition_id, line_id) VALUES(3670, 'PERFECT', 'IN_STOCK', 110, 217);
INSERT INTO BOOK(book_id, condition, state, edition_id, line_id) VALUES(3671, 'PERFECT', 'REFURBISHMENT', 110, 60);
INSERT INTO BOOK(book_id, condition, state, edition_id, line_id) VALUES(3672, 'PERFECT', 'MISSING', 110, 117);
INSERT INTO BOOK(book_id, condition, state, edition_id, line_id) VALUES(3673, 'PERFECT', 'IN_STOCK', 110, 128);
INSERT INTO BOOK(book_id, condition, state, edition_id, line_id) VALUES(3674, 'UNUSABLE', 'IN_STOCK', 110, 32);
INSERT INTO BOOK(book_id, condition, state, edition_id, line_id) VALUES(3675, 'UNUSABLE', 'IN_STOCK', 110, 304);
INSERT INTO BOOK(book_id, condition, state, edition_id, line_id) VALUES(3676, 'PERFECT', 'IN_STOCK', 110, 63);
INSERT INTO BOOK(book_id, condition, state, edition_id, line_id) VALUES(3677, 'UNUSABLE', 'IN_STOCK', 110, 212);
INSERT INTO BOOK(book_id, condition, state, edition_id, line_id) VALUES(3678, 'PERFECT', 'IN_STOCK', 110, 4);
INSERT INTO BOOK(book_id, condition, state, edition_id, line_id) VALUES(3679, 'PERFECT', 'MISSING', 110, 257);
INSERT INTO BOOK(book_id, condition, state, edition_id, line_id) VALUES(3680, 'PERFECT', 'IN_STOCK', 111, 48);
INSERT INTO BOOK(book_id, condition, state, edition_id, line_id) VALUES(3681, 'PERFECT', 'MISSING', 111, 228);
INSERT INTO BOOK(book_id, condition, state, edition_id, line_id) VALUES(3682, 'PERFECT', 'IN_STOCK', 111, 198);
INSERT INTO BOOK(book_id, condition, state, edition_id, line_id) VALUES(3683, 'WORN_OUT', 'IN_STOCK', 111, 276);
INSERT INTO BOOK(book_id, condition, state, edition_id, line_id) VALUES(3684, 'PERFECT', 'IN_STOCK', 111, 220);
INSERT INTO BOOK(book_id, condition, state, edition_id, line_id) VALUES(3685, 'WORN_OUT', 'MISSING', 111, 48);
INSERT INTO BOOK(book_id, condition, state, edition_id, line_id) VALUES(3686, 'PERFECT', 'IN_STOCK', 111, 311);
INSERT INTO BOOK(book_id, condition, state, edition_id, line_id) VALUES(3687, 'WORN_OUT', 'IN_STOCK', 111, 103);
INSERT INTO BOOK(book_id, condition, state, edition_id, line_id) VALUES(3688, 'PERFECT', 'IN_STOCK', 111, 276);
INSERT INTO BOOK(book_id, condition, state, edition_id, line_id) VALUES(3689, 'PERFECT', 'IN_STOCK', 111, 10);
INSERT INTO BOOK(book_id, condition, state, edition_id, line_id) VALUES(3690, 'PERFECT', 'IN_STOCK', 111, 157);
INSERT INTO BOOK(book_id, condition, state, edition_id, line_id) VALUES(3691, 'PERFECT', 'IN_STOCK', 111, 135);
INSERT INTO BOOK(book_id, condition, state, edition_id, line_id) VALUES(3692, 'WORN_OUT', 'IN_STOCK', 111, 130);
INSERT INTO BOOK(book_id, condition, state, edition_id, line_id) VALUES(3693, 'PERFECT', 'REFURBISHMENT', 111, 143);
INSERT INTO BOOK(book_id, condition, state, edition_id, line_id) VALUES(3694, 'PERFECT', 'MISSING', 111, 353);
INSERT INTO BOOK(book_id, condition, state, edition_id, line_id) VALUES(3695, 'PERFECT', 'REFURBISHMENT', 111, 134);
INSERT INTO BOOK(book_id, condition, state, edition_id, line_id) VALUES(3696, 'PERFECT', 'IN_STOCK', 111, 205);
INSERT INTO BOOK(book_id, condition, state, edition_id, line_id) VALUES(3697, 'WORN_OUT', 'MISSING', 111, 361);
INSERT INTO BOOK(book_id, condition, state, edition_id, line_id) VALUES(3698, 'UNUSABLE', 'IN_STOCK', 111, 93);
INSERT INTO BOOK(book_id, condition, state, edition_id, line_id) VALUES(3699, 'PERFECT', 'MISSING', 111, 164);
INSERT INTO BOOK(book_id, condition, state, edition_id, line_id) VALUES(3700, 'UNUSABLE', 'REFURBISHMENT', 111, 200);
INSERT INTO BOOK(book_id, condition, state, edition_id, line_id) VALUES(3701, 'PERFECT', 'IN_STOCK', 111, 292);
INSERT INTO BOOK(book_id, condition, state, edition_id, line_id) VALUES(3702, 'WORN_OUT', 'REFURBISHMENT', 111, 144);
INSERT INTO BOOK(book_id, condition, state, edition_id, line_id) VALUES(3703, 'PERFECT', 'IN_STOCK', 111, 299);
INSERT INTO BOOK(book_id, condition, state, edition_id, line_id) VALUES(3704, 'WORN_OUT', 'IN_STOCK', 111, 242);
INSERT INTO BOOK(book_id, condition, state, edition_id, line_id) VALUES(3705, 'WORN_OUT', 'IN_STOCK', 111, 24);
INSERT INTO BOOK(book_id, condition, state, edition_id, line_id) VALUES(3706, 'PERFECT', 'MISSING', 111, 119);
INSERT INTO BOOK(book_id, condition, state, edition_id, line_id) VALUES(3707, 'PERFECT', 'MISSING', 111, 145);
INSERT INTO BOOK(book_id, condition, state, edition_id, line_id) VALUES(3708, 'PERFECT', 'MISSING', 111, 4);
INSERT INTO BOOK(book_id, condition, state, edition_id, line_id) VALUES(3709, 'PERFECT', 'IN_STOCK', 111, 109);
INSERT INTO BOOK(book_id, condition, state, edition_id, line_id) VALUES(3710, 'UNUSABLE', 'IN_STOCK', 111, 185);
INSERT INTO BOOK(book_id, condition, state, edition_id, line_id) VALUES(3711, 'WORN_OUT', 'IN_STOCK', 111, 131);
INSERT INTO BOOK(book_id, condition, state, edition_id, line_id) VALUES(3712, 'PERFECT', 'IN_STOCK', 111, 225);
INSERT INTO BOOK(book_id, condition, state, edition_id, line_id) VALUES(3713, 'PERFECT', 'IN_STOCK', 111, 163);
INSERT INTO BOOK(book_id, condition, state, edition_id, line_id) VALUES(3714, 'PERFECT', 'IN_STOCK', 111, 343);
INSERT INTO BOOK(book_id, condition, state, edition_id, line_id) VALUES(3715, 'PERFECT', 'MISSING', 111, 96);
INSERT INTO BOOK(book_id, condition, state, edition_id, line_id) VALUES(3716, 'DAMAGED', 'MISSING', 111, 65);
INSERT INTO BOOK(book_id, condition, state, edition_id, line_id) VALUES(3717, 'DAMAGED', 'MISSING', 111, 49);
INSERT INTO BOOK(book_id, condition, state, edition_id, line_id) VALUES(3718, 'PERFECT', 'IN_STOCK', 111, 307);
INSERT INTO BOOK(book_id, condition, state, edition_id, line_id) VALUES(3719, 'WORN_OUT', 'IN_STOCK', 112, 233);
INSERT INTO BOOK(book_id, condition, state, edition_id, line_id) VALUES(3720, 'PERFECT', 'REFURBISHMENT', 112, 230);
INSERT INTO BOOK(book_id, condition, state, edition_id, line_id) VALUES(3721, 'PERFECT', 'IN_STOCK', 112, 7);
INSERT INTO BOOK(book_id, condition, state, edition_id, line_id) VALUES(3722, 'DAMAGED', 'IN_STOCK', 112, 264);
INSERT INTO BOOK(book_id, condition, state, edition_id, line_id) VALUES(3723, 'DAMAGED', 'IN_STOCK', 112, 213);
INSERT INTO BOOK(book_id, condition, state, edition_id, line_id) VALUES(3724, 'DAMAGED', 'IN_STOCK', 112, 137);
INSERT INTO BOOK(book_id, condition, state, edition_id, line_id) VALUES(3725, 'PERFECT', 'IN_STOCK', 112, 135);
INSERT INTO BOOK(book_id, condition, state, edition_id, line_id) VALUES(3726, 'PERFECT', 'IN_STOCK', 112, 309);
INSERT INTO BOOK(book_id, condition, state, edition_id, line_id) VALUES(3727, 'PERFECT', 'IN_STOCK', 112, 198);
INSERT INTO BOOK(book_id, condition, state, edition_id, line_id) VALUES(3728, 'UNUSABLE', 'IN_STOCK', 112, 124);
INSERT INTO BOOK(book_id, condition, state, edition_id, line_id) VALUES(3729, 'WORN_OUT', 'IN_STOCK', 112, 236);
INSERT INTO BOOK(book_id, condition, state, edition_id, line_id) VALUES(3730, 'UNUSABLE', 'IN_STOCK', 112, 289);
INSERT INTO BOOK(book_id, condition, state, edition_id, line_id) VALUES(3731, 'PERFECT', 'MISSING', 112, 70);
INSERT INTO BOOK(book_id, condition, state, edition_id, line_id) VALUES(3732, 'PERFECT', 'IN_STOCK', 112, 78);
INSERT INTO BOOK(book_id, condition, state, edition_id, line_id) VALUES(3733, 'DAMAGED', 'MISSING', 112, 354);
INSERT INTO BOOK(book_id, condition, state, edition_id, line_id) VALUES(3734, 'UNUSABLE', 'IN_STOCK', 112, 300);
INSERT INTO BOOK(book_id, condition, state, edition_id, line_id) VALUES(3735, 'WORN_OUT', 'IN_STOCK', 112, 141);
INSERT INTO BOOK(book_id, condition, state, edition_id, line_id) VALUES(3736, 'UNUSABLE', 'IN_STOCK', 112, 339);
INSERT INTO BOOK(book_id, condition, state, edition_id, line_id) VALUES(3737, 'PERFECT', 'IN_STOCK', 112, 70);
INSERT INTO BOOK(book_id, condition, state, edition_id, line_id) VALUES(3738, 'PERFECT', 'IN_STOCK', 112, 123);
INSERT INTO BOOK(book_id, condition, state, edition_id, line_id) VALUES(3739, 'WORN_OUT', 'IN_STOCK', 112, 203);
INSERT INTO BOOK(book_id, condition, state, edition_id, line_id) VALUES(3740, 'PERFECT', 'IN_STOCK', 112, 128);
INSERT INTO BOOK(book_id, condition, state, edition_id, line_id) VALUES(3741, 'WORN_OUT', 'IN_STOCK', 112, 91);
INSERT INTO BOOK(book_id, condition, state, edition_id, line_id) VALUES(3742, 'DAMAGED', 'IN_STOCK', 112, 233);
INSERT INTO BOOK(book_id, condition, state, edition_id, line_id) VALUES(3743, 'UNUSABLE', 'IN_STOCK', 113, 195);
INSERT INTO BOOK(book_id, condition, state, edition_id, line_id) VALUES(3744, 'PERFECT', 'IN_STOCK', 113, 338);
INSERT INTO BOOK(book_id, condition, state, edition_id, line_id) VALUES(3745, 'PERFECT', 'IN_STOCK', 113, 359);
INSERT INTO BOOK(book_id, condition, state, edition_id, line_id) VALUES(3746, 'WORN_OUT', 'IN_STOCK', 113, 137);
INSERT INTO BOOK(book_id, condition, state, edition_id, line_id) VALUES(3747, 'PERFECT', 'IN_STOCK', 113, 130);
INSERT INTO BOOK(book_id, condition, state, edition_id, line_id) VALUES(3748, 'PERFECT', 'IN_STOCK', 113, 104);
INSERT INTO BOOK(book_id, condition, state, edition_id, line_id) VALUES(3749, 'PERFECT', 'IN_STOCK', 113, 173);
INSERT INTO BOOK(book_id, condition, state, edition_id, line_id) VALUES(3750, 'WORN_OUT', 'IN_STOCK', 113, 290);
INSERT INTO BOOK(book_id, condition, state, edition_id, line_id) VALUES(3751, 'PERFECT', 'IN_STOCK', 113, 326);
INSERT INTO BOOK(book_id, condition, state, edition_id, line_id) VALUES(3752, 'DAMAGED', 'IN_STOCK', 113, 129);
INSERT INTO BOOK(book_id, condition, state, edition_id, line_id) VALUES(3753, 'WORN_OUT', 'MISSING', 113, 294);
INSERT INTO BOOK(book_id, condition, state, edition_id, line_id) VALUES(3754, 'PERFECT', 'IN_STOCK', 113, 36);
INSERT INTO BOOK(book_id, condition, state, edition_id, line_id) VALUES(3755, 'DAMAGED', 'IN_STOCK', 113, 281);
INSERT INTO BOOK(book_id, condition, state, edition_id, line_id) VALUES(3756, 'PERFECT', 'MISSING', 113, 132);
INSERT INTO BOOK(book_id, condition, state, edition_id, line_id) VALUES(3757, 'WORN_OUT', 'IN_STOCK', 113, 136);
INSERT INTO BOOK(book_id, condition, state, edition_id, line_id) VALUES(3758, 'WORN_OUT', 'IN_STOCK', 113, 287);
INSERT INTO BOOK(book_id, condition, state, edition_id, line_id) VALUES(3759, 'DAMAGED', 'REFURBISHMENT', 113, 296);
INSERT INTO BOOK(book_id, condition, state, edition_id, line_id) VALUES(3760, 'WORN_OUT', 'REFURBISHMENT', 113, 328);
INSERT INTO BOOK(book_id, condition, state, edition_id, line_id) VALUES(3761, 'UNUSABLE', 'MISSING', 113, 300);
INSERT INTO BOOK(book_id, condition, state, edition_id, line_id) VALUES(3762, 'DAMAGED', 'MISSING', 113, 26);
INSERT INTO BOOK(book_id, condition, state, edition_id, line_id) VALUES(3763, 'PERFECT', 'IN_STOCK', 113, 142);
INSERT INTO BOOK(book_id, condition, state, edition_id, line_id) VALUES(3764, 'WORN_OUT', 'IN_STOCK', 113, 196);
INSERT INTO BOOK(book_id, condition, state, edition_id, line_id) VALUES(3765, 'PERFECT', 'IN_STOCK', 113, 4);
INSERT INTO BOOK(book_id, condition, state, edition_id, line_id) VALUES(3766, 'PERFECT', 'MISSING', 113, 342);
INSERT INTO BOOK(book_id, condition, state, edition_id, line_id) VALUES(3767, 'PERFECT', 'IN_STOCK', 113, 207);
INSERT INTO BOOK(book_id, condition, state, edition_id, line_id) VALUES(3768, 'PERFECT', 'IN_STOCK', 113, 278);
INSERT INTO BOOK(book_id, condition, state, edition_id, line_id) VALUES(3769, 'PERFECT', 'MISSING', 113, 96);
INSERT INTO BOOK(book_id, condition, state, edition_id, line_id) VALUES(3770, 'UNUSABLE', 'IN_STOCK', 113, 356);
INSERT INTO BOOK(book_id, condition, state, edition_id, line_id) VALUES(3771, 'DAMAGED', 'IN_STOCK', 113, 36);
INSERT INTO BOOK(book_id, condition, state, edition_id, line_id) VALUES(3772, 'PERFECT', 'IN_STOCK', 113, 265);
INSERT INTO BOOK(book_id, condition, state, edition_id, line_id) VALUES(3773, 'PERFECT', 'IN_STOCK', 113, 268);
INSERT INTO BOOK(book_id, condition, state, edition_id, line_id) VALUES(3774, 'UNUSABLE', 'IN_STOCK', 113, 145);
INSERT INTO BOOK(book_id, condition, state, edition_id, line_id) VALUES(3775, 'UNUSABLE', 'REFURBISHMENT', 113, 107);
INSERT INTO BOOK(book_id, condition, state, edition_id, line_id) VALUES(3776, 'WORN_OUT', 'IN_STOCK', 113, 4);
INSERT INTO BOOK(book_id, condition, state, edition_id, line_id) VALUES(3777, 'PERFECT', 'IN_STOCK', 113, 322);
INSERT INTO BOOK(book_id, condition, state, edition_id, line_id) VALUES(3778, 'DAMAGED', 'IN_STOCK', 113, 253);
INSERT INTO BOOK(book_id, condition, state, edition_id, line_id) VALUES(3779, 'PERFECT', 'MISSING', 113, 52);
INSERT INTO BOOK(book_id, condition, state, edition_id, line_id) VALUES(3780, 'PERFECT', 'REFURBISHMENT', 113, 258);
INSERT INTO BOOK(book_id, condition, state, edition_id, line_id) VALUES(3781, 'UNUSABLE', 'MISSING', 114, 344);
INSERT INTO BOOK(book_id, condition, state, edition_id, line_id) VALUES(3782, 'UNUSABLE', 'IN_STOCK', 114, 321);
INSERT INTO BOOK(book_id, condition, state, edition_id, line_id) VALUES(3783, 'UNUSABLE', 'IN_STOCK', 114, 325);
INSERT INTO BOOK(book_id, condition, state, edition_id, line_id) VALUES(3784, 'PERFECT', 'MISSING', 114, 170);
INSERT INTO BOOK(book_id, condition, state, edition_id, line_id) VALUES(3785, 'PERFECT', 'IN_STOCK', 114, 109);
INSERT INTO BOOK(book_id, condition, state, edition_id, line_id) VALUES(3786, 'UNUSABLE', 'IN_STOCK', 114, 133);
INSERT INTO BOOK(book_id, condition, state, edition_id, line_id) VALUES(3787, 'WORN_OUT', 'IN_STOCK', 114, 229);
INSERT INTO BOOK(book_id, condition, state, edition_id, line_id) VALUES(3788, 'WORN_OUT', 'MISSING', 114, 127);
INSERT INTO BOOK(book_id, condition, state, edition_id, line_id) VALUES(3789, 'WORN_OUT', 'IN_STOCK', 114, 207);
INSERT INTO BOOK(book_id, condition, state, edition_id, line_id) VALUES(3790, 'DAMAGED', 'IN_STOCK', 114, 356);
INSERT INTO BOOK(book_id, condition, state, edition_id, line_id) VALUES(3791, 'WORN_OUT', 'MISSING', 114, 299);
INSERT INTO BOOK(book_id, condition, state, edition_id, line_id) VALUES(3792, 'DAMAGED', 'IN_STOCK', 114, 71);
INSERT INTO BOOK(book_id, condition, state, edition_id, line_id) VALUES(3793, 'PERFECT', 'IN_STOCK', 114, 14);
INSERT INTO BOOK(book_id, condition, state, edition_id, line_id) VALUES(3794, 'UNUSABLE', 'IN_STOCK', 114, 68);
INSERT INTO BOOK(book_id, condition, state, edition_id, line_id) VALUES(3795, 'PERFECT', 'MISSING', 115, 1);
INSERT INTO BOOK(book_id, condition, state, edition_id, line_id) VALUES(3796, 'PERFECT', 'REFURBISHMENT', 115, 322);
INSERT INTO BOOK(book_id, condition, state, edition_id, line_id) VALUES(3797, 'DAMAGED', 'MISSING', 115, 230);
INSERT INTO BOOK(book_id, condition, state, edition_id, line_id) VALUES(3798, 'DAMAGED', 'IN_STOCK', 115, 133);
INSERT INTO BOOK(book_id, condition, state, edition_id, line_id) VALUES(3799, 'WORN_OUT', 'IN_STOCK', 115, 125);
INSERT INTO BOOK(book_id, condition, state, edition_id, line_id) VALUES(3800, 'DAMAGED', 'IN_STOCK', 115, 15);
INSERT INTO BOOK(book_id, condition, state, edition_id, line_id) VALUES(3801, 'PERFECT', 'IN_STOCK', 115, 126);
INSERT INTO BOOK(book_id, condition, state, edition_id, line_id) VALUES(3802, 'UNUSABLE', 'IN_STOCK', 115, 191);
INSERT INTO BOOK(book_id, condition, state, edition_id, line_id) VALUES(3803, 'PERFECT', 'MISSING', 115, 256);
INSERT INTO BOOK(book_id, condition, state, edition_id, line_id) VALUES(3804, 'PERFECT', 'IN_STOCK', 115, 64);
INSERT INTO BOOK(book_id, condition, state, edition_id, line_id) VALUES(3805, 'DAMAGED', 'REFURBISHMENT', 115, 354);
INSERT INTO BOOK(book_id, condition, state, edition_id, line_id) VALUES(3806, 'UNUSABLE', 'IN_STOCK', 115, 284);
INSERT INTO BOOK(book_id, condition, state, edition_id, line_id) VALUES(3807, 'UNUSABLE', 'MISSING', 115, 46);
INSERT INTO BOOK(book_id, condition, state, edition_id, line_id) VALUES(3808, 'DAMAGED', 'REFURBISHMENT', 115, 192);
INSERT INTO BOOK(book_id, condition, state, edition_id, line_id) VALUES(3809, 'PERFECT', 'IN_STOCK', 115, 240);
INSERT INTO BOOK(book_id, condition, state, edition_id, line_id) VALUES(3810, 'UNUSABLE', 'IN_STOCK', 115, 225);
INSERT INTO BOOK(book_id, condition, state, edition_id, line_id) VALUES(3811, 'UNUSABLE', 'IN_STOCK', 115, 152);
INSERT INTO BOOK(book_id, condition, state, edition_id, line_id) VALUES(3812, 'WORN_OUT', 'IN_STOCK', 115, 354);
INSERT INTO BOOK(book_id, condition, state, edition_id, line_id) VALUES(3813, 'PERFECT', 'IN_STOCK', 115, 67);
INSERT INTO BOOK(book_id, condition, state, edition_id, line_id) VALUES(3814, 'PERFECT', 'REFURBISHMENT', 115, 65);
INSERT INTO BOOK(book_id, condition, state, edition_id, line_id) VALUES(3815, 'PERFECT', 'IN_STOCK', 115, 51);
INSERT INTO BOOK(book_id, condition, state, edition_id, line_id) VALUES(3816, 'WORN_OUT', 'IN_STOCK', 115, 155);
INSERT INTO BOOK(book_id, condition, state, edition_id, line_id) VALUES(3817, 'WORN_OUT', 'IN_STOCK', 115, 193);
INSERT INTO BOOK(book_id, condition, state, edition_id, line_id) VALUES(3818, 'PERFECT', 'MISSING', 115, 105);
INSERT INTO BOOK(book_id, condition, state, edition_id, line_id) VALUES(3819, 'PERFECT', 'IN_STOCK', 115, 86);
INSERT INTO BOOK(book_id, condition, state, edition_id, line_id) VALUES(3820, 'PERFECT', 'IN_STOCK', 115, 291);
INSERT INTO BOOK(book_id, condition, state, edition_id, line_id) VALUES(3821, 'PERFECT', 'REFURBISHMENT', 115, 53);
INSERT INTO BOOK(book_id, condition, state, edition_id, line_id) VALUES(3822, 'WORN_OUT', 'REFURBISHMENT', 115, 45);
INSERT INTO BOOK(book_id, condition, state, edition_id, line_id) VALUES(3823, 'WORN_OUT', 'REFURBISHMENT', 115, 306);
INSERT INTO BOOK(book_id, condition, state, edition_id, line_id) VALUES(3824, 'PERFECT', 'IN_STOCK', 115, 60);
INSERT INTO BOOK(book_id, condition, state, edition_id, line_id) VALUES(3825, 'UNUSABLE', 'IN_STOCK', 115, 341);
INSERT INTO BOOK(book_id, condition, state, edition_id, line_id) VALUES(3826, 'UNUSABLE', 'IN_STOCK', 115, 74);
INSERT INTO BOOK(book_id, condition, state, edition_id, line_id) VALUES(3827, 'PERFECT', 'IN_STOCK', 115, 191);
INSERT INTO BOOK(book_id, condition, state, edition_id, line_id) VALUES(3828, 'PERFECT', 'REFURBISHMENT', 115, 50);
INSERT INTO BOOK(book_id, condition, state, edition_id, line_id) VALUES(3829, 'PERFECT', 'MISSING', 115, 180);
INSERT INTO BOOK(book_id, condition, state, edition_id, line_id) VALUES(3830, 'PERFECT', 'IN_STOCK', 115, 186);
INSERT INTO BOOK(book_id, condition, state, edition_id, line_id) VALUES(3831, 'PERFECT', 'IN_STOCK', 115, 232);
INSERT INTO BOOK(book_id, condition, state, edition_id, line_id) VALUES(3832, 'UNUSABLE', 'IN_STOCK', 116, 37);
INSERT INTO BOOK(book_id, condition, state, edition_id, line_id) VALUES(3833, 'WORN_OUT', 'IN_STOCK', 116, 25);
INSERT INTO BOOK(book_id, condition, state, edition_id, line_id) VALUES(3834, 'DAMAGED', 'REFURBISHMENT', 116, 177);
INSERT INTO BOOK(book_id, condition, state, edition_id, line_id) VALUES(3835, 'PERFECT', 'IN_STOCK', 116, 326);
INSERT INTO BOOK(book_id, condition, state, edition_id, line_id) VALUES(3836, 'PERFECT', 'MISSING', 116, 144);
INSERT INTO BOOK(book_id, condition, state, edition_id, line_id) VALUES(3837, 'PERFECT', 'IN_STOCK', 116, 42);
INSERT INTO BOOK(book_id, condition, state, edition_id, line_id) VALUES(3838, 'PERFECT', 'IN_STOCK', 116, 207);
INSERT INTO BOOK(book_id, condition, state, edition_id, line_id) VALUES(3839, 'PERFECT', 'IN_STOCK', 116, 175);
INSERT INTO BOOK(book_id, condition, state, edition_id, line_id) VALUES(3840, 'UNUSABLE', 'IN_STOCK', 116, 110);
INSERT INTO BOOK(book_id, condition, state, edition_id, line_id) VALUES(3841, 'UNUSABLE', 'IN_STOCK', 116, 23);
INSERT INTO BOOK(book_id, condition, state, edition_id, line_id) VALUES(3842, 'DAMAGED', 'IN_STOCK', 116, 286);
INSERT INTO BOOK(book_id, condition, state, edition_id, line_id) VALUES(3843, 'PERFECT', 'IN_STOCK', 116, 297);
INSERT INTO BOOK(book_id, condition, state, edition_id, line_id) VALUES(3844, 'WORN_OUT', 'MISSING', 116, 341);
INSERT INTO BOOK(book_id, condition, state, edition_id, line_id) VALUES(3845, 'DAMAGED', 'IN_STOCK', 116, 264);
INSERT INTO BOOK(book_id, condition, state, edition_id, line_id) VALUES(3846, 'PERFECT', 'MISSING', 116, 80);
INSERT INTO BOOK(book_id, condition, state, edition_id, line_id) VALUES(3847, 'PERFECT', 'IN_STOCK', 116, 231);
INSERT INTO BOOK(book_id, condition, state, edition_id, line_id) VALUES(3848, 'WORN_OUT', 'IN_STOCK', 116, 91);
INSERT INTO BOOK(book_id, condition, state, edition_id, line_id) VALUES(3849, 'PERFECT', 'REFURBISHMENT', 116, 260);
INSERT INTO BOOK(book_id, condition, state, edition_id, line_id) VALUES(3850, 'WORN_OUT', 'IN_STOCK', 116, 263);
INSERT INTO BOOK(book_id, condition, state, edition_id, line_id) VALUES(3851, 'DAMAGED', 'IN_STOCK', 116, 273);
INSERT INTO BOOK(book_id, condition, state, edition_id, line_id) VALUES(3852, 'PERFECT', 'IN_STOCK', 116, 45);
INSERT INTO BOOK(book_id, condition, state, edition_id, line_id) VALUES(3853, 'DAMAGED', 'IN_STOCK', 116, 292);
INSERT INTO BOOK(book_id, condition, state, edition_id, line_id) VALUES(3854, 'PERFECT', 'IN_STOCK', 116, 293);
INSERT INTO BOOK(book_id, condition, state, edition_id, line_id) VALUES(3855, 'UNUSABLE', 'IN_STOCK', 116, 54);
INSERT INTO BOOK(book_id, condition, state, edition_id, line_id) VALUES(3856, 'PERFECT', 'REFURBISHMENT', 116, 118);
INSERT INTO BOOK(book_id, condition, state, edition_id, line_id) VALUES(3857, 'UNUSABLE', 'IN_STOCK', 116, 112);
INSERT INTO BOOK(book_id, condition, state, edition_id, line_id) VALUES(3858, 'WORN_OUT', 'IN_STOCK', 116, 16);
INSERT INTO BOOK(book_id, condition, state, edition_id, line_id) VALUES(3859, 'PERFECT', 'IN_STOCK', 116, 7);
INSERT INTO BOOK(book_id, condition, state, edition_id, line_id) VALUES(3860, 'WORN_OUT', 'IN_STOCK', 116, 65);
INSERT INTO BOOK(book_id, condition, state, edition_id, line_id) VALUES(3861, 'PERFECT', 'MISSING', 116, 71);
INSERT INTO BOOK(book_id, condition, state, edition_id, line_id) VALUES(3862, 'PERFECT', 'IN_STOCK', 116, 121);
INSERT INTO BOOK(book_id, condition, state, edition_id, line_id) VALUES(3863, 'DAMAGED', 'IN_STOCK', 116, 270);
INSERT INTO BOOK(book_id, condition, state, edition_id, line_id) VALUES(3864, 'PERFECT', 'IN_STOCK', 116, 52);
INSERT INTO BOOK(book_id, condition, state, edition_id, line_id) VALUES(3865, 'PERFECT', 'IN_STOCK', 116, 344);
INSERT INTO BOOK(book_id, condition, state, edition_id, line_id) VALUES(3866, 'PERFECT', 'IN_STOCK', 116, 349);
INSERT INTO BOOK(book_id, condition, state, edition_id, line_id) VALUES(3867, 'PERFECT', 'IN_STOCK', 116, 271);
INSERT INTO BOOK(book_id, condition, state, edition_id, line_id) VALUES(3868, 'PERFECT', 'IN_STOCK', 116, 85);
INSERT INTO BOOK(book_id, condition, state, edition_id, line_id) VALUES(3869, 'WORN_OUT', 'IN_STOCK', 116, 8);
INSERT INTO BOOK(book_id, condition, state, edition_id, line_id) VALUES(3870, 'PERFECT', 'MISSING', 116, 278);
INSERT INTO BOOK(book_id, condition, state, edition_id, line_id) VALUES(3871, 'PERFECT', 'IN_STOCK', 116, 256);
INSERT INTO BOOK(book_id, condition, state, edition_id, line_id) VALUES(3872, 'PERFECT', 'REFURBISHMENT', 116, 333);
INSERT INTO BOOK(book_id, condition, state, edition_id, line_id) VALUES(3873, 'WORN_OUT', 'IN_STOCK', 116, 216);
INSERT INTO BOOK(book_id, condition, state, edition_id, line_id) VALUES(3874, 'PERFECT', 'IN_STOCK', 116, 96);
INSERT INTO BOOK(book_id, condition, state, edition_id, line_id) VALUES(3875, 'PERFECT', 'IN_STOCK', 116, 42);
INSERT INTO BOOK(book_id, condition, state, edition_id, line_id) VALUES(3876, 'PERFECT', 'IN_STOCK', 116, 26);
INSERT INTO BOOK(book_id, condition, state, edition_id, line_id) VALUES(3877, 'PERFECT', 'REFURBISHMENT', 116, 106);
INSERT INTO BOOK(book_id, condition, state, edition_id, line_id) VALUES(3878, 'PERFECT', 'REFURBISHMENT', 116, 169);
INSERT INTO BOOK(book_id, condition, state, edition_id, line_id) VALUES(3879, 'WORN_OUT', 'MISSING', 116, 156);
INSERT INTO BOOK(book_id, condition, state, edition_id, line_id) VALUES(3880, 'WORN_OUT', 'IN_STOCK', 116, 113);
INSERT INTO BOOK(book_id, condition, state, edition_id, line_id) VALUES(3881, 'WORN_OUT', 'IN_STOCK', 116, 51);
INSERT INTO BOOK(book_id, condition, state, edition_id, line_id) VALUES(3882, 'WORN_OUT', 'IN_STOCK', 116, 319);
INSERT INTO BOOK(book_id, condition, state, edition_id, line_id) VALUES(3883, 'DAMAGED', 'IN_STOCK', 116, 81);
INSERT INTO BOOK(book_id, condition, state, edition_id, line_id) VALUES(3884, 'PERFECT', 'IN_STOCK', 116, 97);
INSERT INTO BOOK(book_id, condition, state, edition_id, line_id) VALUES(3885, 'PERFECT', 'IN_STOCK', 116, 218);
INSERT INTO BOOK(book_id, condition, state, edition_id, line_id) VALUES(3886, 'PERFECT', 'IN_STOCK', 116, 250);
INSERT INTO BOOK(book_id, condition, state, edition_id, line_id) VALUES(3887, 'PERFECT', 'IN_STOCK', 116, 174);
INSERT INTO BOOK(book_id, condition, state, edition_id, line_id) VALUES(3888, 'DAMAGED', 'IN_STOCK', 117, 311);
INSERT INTO BOOK(book_id, condition, state, edition_id, line_id) VALUES(3889, 'PERFECT', 'REFURBISHMENT', 117, 270);
INSERT INTO BOOK(book_id, condition, state, edition_id, line_id) VALUES(3890, 'WORN_OUT', 'IN_STOCK', 117, 200);
INSERT INTO BOOK(book_id, condition, state, edition_id, line_id) VALUES(3891, 'UNUSABLE', 'IN_STOCK', 117, 160);
INSERT INTO BOOK(book_id, condition, state, edition_id, line_id) VALUES(3892, 'WORN_OUT', 'REFURBISHMENT', 117, 159);
INSERT INTO BOOK(book_id, condition, state, edition_id, line_id) VALUES(3893, 'PERFECT', 'IN_STOCK', 117, 140);
INSERT INTO BOOK(book_id, condition, state, edition_id, line_id) VALUES(3894, 'WORN_OUT', 'IN_STOCK', 117, 327);
INSERT INTO BOOK(book_id, condition, state, edition_id, line_id) VALUES(3895, 'PERFECT', 'IN_STOCK', 117, 348);
INSERT INTO BOOK(book_id, condition, state, edition_id, line_id) VALUES(3896, 'WORN_OUT', 'IN_STOCK', 117, 73);
INSERT INTO BOOK(book_id, condition, state, edition_id, line_id) VALUES(3897, 'WORN_OUT', 'IN_STOCK', 117, 244);
INSERT INTO BOOK(book_id, condition, state, edition_id, line_id) VALUES(3898, 'PERFECT', 'REFURBISHMENT', 117, 225);
INSERT INTO BOOK(book_id, condition, state, edition_id, line_id) VALUES(3899, 'WORN_OUT', 'IN_STOCK', 117, 117);
INSERT INTO BOOK(book_id, condition, state, edition_id, line_id) VALUES(3900, 'PERFECT', 'IN_STOCK', 117, 248);
INSERT INTO BOOK(book_id, condition, state, edition_id, line_id) VALUES(3901, 'PERFECT', 'MISSING', 117, 94);
INSERT INTO BOOK(book_id, condition, state, edition_id, line_id) VALUES(3902, 'PERFECT', 'IN_STOCK', 117, 97);
INSERT INTO BOOK(book_id, condition, state, edition_id, line_id) VALUES(3903, 'PERFECT', 'REFURBISHMENT', 117, 54);
INSERT INTO BOOK(book_id, condition, state, edition_id, line_id) VALUES(3904, 'DAMAGED', 'IN_STOCK', 117, 81);
INSERT INTO BOOK(book_id, condition, state, edition_id, line_id) VALUES(3905, 'PERFECT', 'IN_STOCK', 117, 51);
INSERT INTO BOOK(book_id, condition, state, edition_id, line_id) VALUES(3906, 'WORN_OUT', 'IN_STOCK', 117, 321);
INSERT INTO BOOK(book_id, condition, state, edition_id, line_id) VALUES(3907, 'PERFECT', 'IN_STOCK', 117, 9);
INSERT INTO BOOK(book_id, condition, state, edition_id, line_id) VALUES(3908, 'PERFECT', 'IN_STOCK', 117, 265);
INSERT INTO BOOK(book_id, condition, state, edition_id, line_id) VALUES(3909, 'PERFECT', 'MISSING', 118, 259);
INSERT INTO BOOK(book_id, condition, state, edition_id, line_id) VALUES(3910, 'UNUSABLE', 'IN_STOCK', 118, 233);
INSERT INTO BOOK(book_id, condition, state, edition_id, line_id) VALUES(3911, 'PERFECT', 'IN_STOCK', 118, 245);
INSERT INTO BOOK(book_id, condition, state, edition_id, line_id) VALUES(3912, 'WORN_OUT', 'IN_STOCK', 118, 53);
INSERT INTO BOOK(book_id, condition, state, edition_id, line_id) VALUES(3913, 'PERFECT', 'IN_STOCK', 118, 347);
INSERT INTO BOOK(book_id, condition, state, edition_id, line_id) VALUES(3914, 'WORN_OUT', 'IN_STOCK', 118, 6);
INSERT INTO BOOK(book_id, condition, state, edition_id, line_id) VALUES(3915, 'UNUSABLE', 'IN_STOCK', 118, 356);
INSERT INTO BOOK(book_id, condition, state, edition_id, line_id) VALUES(3916, 'WORN_OUT', 'IN_STOCK', 118, 144);
INSERT INTO BOOK(book_id, condition, state, edition_id, line_id) VALUES(3917, 'PERFECT', 'IN_STOCK', 118, 349);
INSERT INTO BOOK(book_id, condition, state, edition_id, line_id) VALUES(3918, 'PERFECT', 'REFURBISHMENT', 118, 56);
INSERT INTO BOOK(book_id, condition, state, edition_id, line_id) VALUES(3919, 'DAMAGED', 'REFURBISHMENT', 118, 119);
INSERT INTO BOOK(book_id, condition, state, edition_id, line_id) VALUES(3920, 'PERFECT', 'IN_STOCK', 118, 90);
INSERT INTO BOOK(book_id, condition, state, edition_id, line_id) VALUES(3921, 'UNUSABLE', 'IN_STOCK', 118, 7);
INSERT INTO BOOK(book_id, condition, state, edition_id, line_id) VALUES(3922, 'WORN_OUT', 'IN_STOCK', 118, 317);
INSERT INTO BOOK(book_id, condition, state, edition_id, line_id) VALUES(3923, 'PERFECT', 'IN_STOCK', 118, 258);
INSERT INTO BOOK(book_id, condition, state, edition_id, line_id) VALUES(3924, 'PERFECT', 'IN_STOCK', 118, 189);
INSERT INTO BOOK(book_id, condition, state, edition_id, line_id) VALUES(3925, 'DAMAGED', 'REFURBISHMENT', 118, 247);
INSERT INTO BOOK(book_id, condition, state, edition_id, line_id) VALUES(3926, 'PERFECT', 'MISSING', 118, 123);
INSERT INTO BOOK(book_id, condition, state, edition_id, line_id) VALUES(3927, 'PERFECT', 'IN_STOCK', 118, 363);
INSERT INTO BOOK(book_id, condition, state, edition_id, line_id) VALUES(3928, 'DAMAGED', 'IN_STOCK', 118, 218);
INSERT INTO BOOK(book_id, condition, state, edition_id, line_id) VALUES(3929, 'PERFECT', 'IN_STOCK', 118, 3);
INSERT INTO BOOK(book_id, condition, state, edition_id, line_id) VALUES(3930, 'PERFECT', 'IN_STOCK', 118, 360);
INSERT INTO BOOK(book_id, condition, state, edition_id, line_id) VALUES(3931, 'WORN_OUT', 'IN_STOCK', 119, 246);
INSERT INTO BOOK(book_id, condition, state, edition_id, line_id) VALUES(3932, 'PERFECT', 'IN_STOCK', 119, 219);
INSERT INTO BOOK(book_id, condition, state, edition_id, line_id) VALUES(3933, 'PERFECT', 'REFURBISHMENT', 119, 60);
INSERT INTO BOOK(book_id, condition, state, edition_id, line_id) VALUES(3934, 'UNUSABLE', 'IN_STOCK', 119, 121);
INSERT INTO BOOK(book_id, condition, state, edition_id, line_id) VALUES(3935, 'DAMAGED', 'IN_STOCK', 119, 206);
INSERT INTO BOOK(book_id, condition, state, edition_id, line_id) VALUES(3936, 'PERFECT', 'REFURBISHMENT', 119, 91);
INSERT INTO BOOK(book_id, condition, state, edition_id, line_id) VALUES(3937, 'PERFECT', 'IN_STOCK', 119, 335);
INSERT INTO BOOK(book_id, condition, state, edition_id, line_id) VALUES(3938, 'PERFECT', 'IN_STOCK', 119, 245);
INSERT INTO BOOK(book_id, condition, state, edition_id, line_id) VALUES(3939, 'PERFECT', 'IN_STOCK', 120, 124);
INSERT INTO BOOK(book_id, condition, state, edition_id, line_id) VALUES(3940, 'UNUSABLE', 'IN_STOCK', 120, 308);
INSERT INTO BOOK(book_id, condition, state, edition_id, line_id) VALUES(3941, 'PERFECT', 'IN_STOCK', 120, 64);
INSERT INTO BOOK(book_id, condition, state, edition_id, line_id) VALUES(3942, 'PERFECT', 'IN_STOCK', 120, 15);
INSERT INTO BOOK(book_id, condition, state, edition_id, line_id) VALUES(3943, 'PERFECT', 'IN_STOCK', 120, 243);
INSERT INTO BOOK(book_id, condition, state, edition_id, line_id) VALUES(3944, 'UNUSABLE', 'MISSING', 120, 0);
INSERT INTO BOOK(book_id, condition, state, edition_id, line_id) VALUES(3945, 'WORN_OUT', 'REFURBISHMENT', 120, 65);
INSERT INTO BOOK(book_id, condition, state, edition_id, line_id) VALUES(3946, 'PERFECT', 'IN_STOCK', 120, 299);
INSERT INTO BOOK(book_id, condition, state, edition_id, line_id) VALUES(3947, 'DAMAGED', 'IN_STOCK', 120, 236);
INSERT INTO BOOK(book_id, condition, state, edition_id, line_id) VALUES(3948, 'PERFECT', 'IN_STOCK', 120, 361);
INSERT INTO BOOK(book_id, condition, state, edition_id, line_id) VALUES(3949, 'PERFECT', 'IN_STOCK', 120, 31);
INSERT INTO BOOK(book_id, condition, state, edition_id, line_id) VALUES(3950, 'WORN_OUT', 'IN_STOCK', 120, 180);
INSERT INTO BOOK(book_id, condition, state, edition_id, line_id) VALUES(3951, 'DAMAGED', 'IN_STOCK', 120, 76);
INSERT INTO BOOK(book_id, condition, state, edition_id, line_id) VALUES(3952, 'PERFECT', 'MISSING', 120, 66);
INSERT INTO BOOK(book_id, condition, state, edition_id, line_id) VALUES(3953, 'WORN_OUT', 'MISSING', 121, 364);
INSERT INTO BOOK(book_id, condition, state, edition_id, line_id) VALUES(3954, 'WORN_OUT', 'IN_STOCK', 121, 171);
INSERT INTO BOOK(book_id, condition, state, edition_id, line_id) VALUES(3955, 'WORN_OUT', 'IN_STOCK', 121, 138);
INSERT INTO BOOK(book_id, condition, state, edition_id, line_id) VALUES(3956, 'PERFECT', 'IN_STOCK', 121, 89);
INSERT INTO BOOK(book_id, condition, state, edition_id, line_id) VALUES(3957, 'WORN_OUT', 'REFURBISHMENT', 121, 152);
INSERT INTO BOOK(book_id, condition, state, edition_id, line_id) VALUES(3958, 'PERFECT', 'REFURBISHMENT', 121, 336);
INSERT INTO BOOK(book_id, condition, state, edition_id, line_id) VALUES(3959, 'PERFECT', 'MISSING', 121, 176);
INSERT INTO BOOK(book_id, condition, state, edition_id, line_id) VALUES(3960, 'WORN_OUT', 'IN_STOCK', 121, 8);
INSERT INTO BOOK(book_id, condition, state, edition_id, line_id) VALUES(3961, 'PERFECT', 'IN_STOCK', 121, 94);
INSERT INTO BOOK(book_id, condition, state, edition_id, line_id) VALUES(3962, 'DAMAGED', 'IN_STOCK', 121, 262);
INSERT INTO BOOK(book_id, condition, state, edition_id, line_id) VALUES(3963, 'WORN_OUT', 'IN_STOCK', 121, 62);
INSERT INTO BOOK(book_id, condition, state, edition_id, line_id) VALUES(3964, 'PERFECT', 'IN_STOCK', 121, 32);
INSERT INTO BOOK(book_id, condition, state, edition_id, line_id) VALUES(3965, 'PERFECT', 'IN_STOCK', 121, 349);
INSERT INTO BOOK(book_id, condition, state, edition_id, line_id) VALUES(3966, 'WORN_OUT', 'IN_STOCK', 121, 138);
INSERT INTO BOOK(book_id, condition, state, edition_id, line_id) VALUES(3967, 'PERFECT', 'IN_STOCK', 121, 105);
INSERT INTO BOOK(book_id, condition, state, edition_id, line_id) VALUES(3968, 'WORN_OUT', 'IN_STOCK', 121, 362);
INSERT INTO BOOK(book_id, condition, state, edition_id, line_id) VALUES(3969, 'PERFECT', 'IN_STOCK', 121, 267);
INSERT INTO BOOK(book_id, condition, state, edition_id, line_id) VALUES(3970, 'DAMAGED', 'REFURBISHMENT', 121, 159);
INSERT INTO BOOK(book_id, condition, state, edition_id, line_id) VALUES(3971, 'PERFECT', 'IN_STOCK', 121, 337);
INSERT INTO BOOK(book_id, condition, state, edition_id, line_id) VALUES(3972, 'PERFECT', 'MISSING', 121, 204);
INSERT INTO BOOK(book_id, condition, state, edition_id, line_id) VALUES(3973, 'WORN_OUT', 'IN_STOCK', 121, 170);
INSERT INTO BOOK(book_id, condition, state, edition_id, line_id) VALUES(3974, 'UNUSABLE', 'IN_STOCK', 121, 252);
INSERT INTO BOOK(book_id, condition, state, edition_id, line_id) VALUES(3975, 'UNUSABLE', 'REFURBISHMENT', 121, 29);
INSERT INTO BOOK(book_id, condition, state, edition_id, line_id) VALUES(3976, 'WORN_OUT', 'IN_STOCK', 121, 348);
INSERT INTO BOOK(book_id, condition, state, edition_id, line_id) VALUES(3977, 'PERFECT', 'IN_STOCK', 121, 359);
INSERT INTO BOOK(book_id, condition, state, edition_id, line_id) VALUES(3978, 'WORN_OUT', 'REFURBISHMENT', 121, 177);
INSERT INTO BOOK(book_id, condition, state, edition_id, line_id) VALUES(3979, 'PERFECT', 'IN_STOCK', 121, 121);
INSERT INTO BOOK(book_id, condition, state, edition_id, line_id) VALUES(3980, 'WORN_OUT', 'IN_STOCK', 121, 143);
INSERT INTO BOOK(book_id, condition, state, edition_id, line_id) VALUES(3981, 'UNUSABLE', 'IN_STOCK', 121, 99);
INSERT INTO BOOK(book_id, condition, state, edition_id, line_id) VALUES(3982, 'WORN_OUT', 'IN_STOCK', 121, 159);
INSERT INTO BOOK(book_id, condition, state, edition_id, line_id) VALUES(3983, 'PERFECT', 'MISSING', 121, 333);
INSERT INTO BOOK(book_id, condition, state, edition_id, line_id) VALUES(3984, 'PERFECT', 'IN_STOCK', 122, 286);
INSERT INTO BOOK(book_id, condition, state, edition_id, line_id) VALUES(3985, 'WORN_OUT', 'IN_STOCK', 122, 338);
INSERT INTO BOOK(book_id, condition, state, edition_id, line_id) VALUES(3986, 'WORN_OUT', 'IN_STOCK', 122, 7);
INSERT INTO BOOK(book_id, condition, state, edition_id, line_id) VALUES(3987, 'WORN_OUT', 'IN_STOCK', 122, 340);
INSERT INTO BOOK(book_id, condition, state, edition_id, line_id) VALUES(3988, 'DAMAGED', 'IN_STOCK', 122, 280);
INSERT INTO BOOK(book_id, condition, state, edition_id, line_id) VALUES(3989, 'PERFECT', 'IN_STOCK', 122, 324);
INSERT INTO BOOK(book_id, condition, state, edition_id, line_id) VALUES(3990, 'PERFECT', 'IN_STOCK', 122, 35);
INSERT INTO BOOK(book_id, condition, state, edition_id, line_id) VALUES(3991, 'UNUSABLE', 'IN_STOCK', 122, 174);
INSERT INTO BOOK(book_id, condition, state, edition_id, line_id) VALUES(3992, 'DAMAGED', 'IN_STOCK', 122, 30);
INSERT INTO BOOK(book_id, condition, state, edition_id, line_id) VALUES(3993, 'PERFECT', 'IN_STOCK', 122, 295);
INSERT INTO BOOK(book_id, condition, state, edition_id, line_id) VALUES(3994, 'PERFECT', 'IN_STOCK', 122, 99);
INSERT INTO BOOK(book_id, condition, state, edition_id, line_id) VALUES(3995, 'PERFECT', 'IN_STOCK', 122, 0);
INSERT INTO BOOK(book_id, condition, state, edition_id, line_id) VALUES(3996, 'PERFECT', 'IN_STOCK', 122, 329);
INSERT INTO BOOK(book_id, condition, state, edition_id, line_id) VALUES(3997, 'DAMAGED', 'IN_STOCK', 122, 362);
INSERT INTO BOOK(book_id, condition, state, edition_id, line_id) VALUES(3998, 'PERFECT', 'IN_STOCK', 122, 189);
INSERT INTO BOOK(book_id, condition, state, edition_id, line_id) VALUES(3999, 'UNUSABLE', 'IN_STOCK', 122, 4);
INSERT INTO BOOK(book_id, condition, state, edition_id, line_id) VALUES(4000, 'PERFECT', 'REFURBISHMENT', 122, 25);
INSERT INTO BOOK(book_id, condition, state, edition_id, line_id) VALUES(4001, 'UNUSABLE', 'IN_STOCK', 122, 118);
INSERT INTO BOOK(book_id, condition, state, edition_id, line_id) VALUES(4002, 'DAMAGED', 'IN_STOCK', 122, 134);
INSERT INTO BOOK(book_id, condition, state, edition_id, line_id) VALUES(4003, 'WORN_OUT', 'IN_STOCK', 122, 172);
INSERT INTO BOOK(book_id, condition, state, edition_id, line_id) VALUES(4004, 'WORN_OUT', 'REFURBISHMENT', 122, 237);
INSERT INTO BOOK(book_id, condition, state, edition_id, line_id) VALUES(4005, 'PERFECT', 'IN_STOCK', 122, 257);
INSERT INTO BOOK(book_id, condition, state, edition_id, line_id) VALUES(4006, 'PERFECT', 'MISSING', 122, 334);
INSERT INTO BOOK(book_id, condition, state, edition_id, line_id) VALUES(4007, 'DAMAGED', 'REFURBISHMENT', 122, 14);
INSERT INTO BOOK(book_id, condition, state, edition_id, line_id) VALUES(4008, 'WORN_OUT', 'MISSING', 122, 217);
INSERT INTO BOOK(book_id, condition, state, edition_id, line_id) VALUES(4009, 'PERFECT', 'IN_STOCK', 122, 324);
INSERT INTO BOOK(book_id, condition, state, edition_id, line_id) VALUES(4010, 'PERFECT', 'IN_STOCK', 122, 296);
INSERT INTO BOOK(book_id, condition, state, edition_id, line_id) VALUES(4011, 'WORN_OUT', 'IN_STOCK', 122, 231);
INSERT INTO BOOK(book_id, condition, state, edition_id, line_id) VALUES(4012, 'UNUSABLE', 'MISSING', 122, 332);
INSERT INTO BOOK(book_id, condition, state, edition_id, line_id) VALUES(4013, 'PERFECT', 'IN_STOCK', 122, 278);
INSERT INTO BOOK(book_id, condition, state, edition_id, line_id) VALUES(4014, 'PERFECT', 'IN_STOCK', 122, 340);
INSERT INTO BOOK(book_id, condition, state, edition_id, line_id) VALUES(4015, 'PERFECT', 'IN_STOCK', 122, 254);
INSERT INTO BOOK(book_id, condition, state, edition_id, line_id) VALUES(4016, 'PERFECT', 'IN_STOCK', 122, 147);
INSERT INTO BOOK(book_id, condition, state, edition_id, line_id) VALUES(4017, 'DAMAGED', 'IN_STOCK', 122, 9);
INSERT INTO BOOK(book_id, condition, state, edition_id, line_id) VALUES(4018, 'PERFECT', 'IN_STOCK', 122, 135);
INSERT INTO BOOK(book_id, condition, state, edition_id, line_id) VALUES(4019, 'PERFECT', 'IN_STOCK', 122, 11);
INSERT INTO BOOK(book_id, condition, state, edition_id, line_id) VALUES(4020, 'WORN_OUT', 'IN_STOCK', 122, 116);
INSERT INTO BOOK(book_id, condition, state, edition_id, line_id) VALUES(4021, 'PERFECT', 'IN_STOCK', 122, 109);
INSERT INTO BOOK(book_id, condition, state, edition_id, line_id) VALUES(4022, 'UNUSABLE', 'IN_STOCK', 122, 287);
INSERT INTO BOOK(book_id, condition, state, edition_id, line_id) VALUES(4023, 'PERFECT', 'IN_STOCK', 122, 344);
INSERT INTO BOOK(book_id, condition, state, edition_id, line_id) VALUES(4024, 'PERFECT', 'IN_STOCK', 122, 33);
INSERT INTO BOOK(book_id, condition, state, edition_id, line_id) VALUES(4025, 'PERFECT', 'MISSING', 122, 76);
INSERT INTO BOOK(book_id, condition, state, edition_id, line_id) VALUES(4026, 'PERFECT', 'IN_STOCK', 122, 309);
INSERT INTO BOOK(book_id, condition, state, edition_id, line_id) VALUES(4027, 'PERFECT', 'IN_STOCK', 122, 268);
INSERT INTO BOOK(book_id, condition, state, edition_id, line_id) VALUES(4028, 'UNUSABLE', 'MISSING', 122, 50);
INSERT INTO BOOK(book_id, condition, state, edition_id, line_id) VALUES(4029, 'PERFECT', 'REFURBISHMENT', 122, 143);
INSERT INTO BOOK(book_id, condition, state, edition_id, line_id) VALUES(4030, 'PERFECT', 'REFURBISHMENT', 122, 310);
INSERT INTO BOOK(book_id, condition, state, edition_id, line_id) VALUES(4031, 'PERFECT', 'IN_STOCK', 122, 320);
INSERT INTO BOOK(book_id, condition, state, edition_id, line_id) VALUES(4032, 'PERFECT', 'IN_STOCK', 122, 300);
INSERT INTO BOOK(book_id, condition, state, edition_id, line_id) VALUES(4033, 'PERFECT', 'IN_STOCK', 122, 4);
INSERT INTO BOOK(book_id, condition, state, edition_id, line_id) VALUES(4034, 'PERFECT', 'IN_STOCK', 122, 185);
INSERT INTO BOOK(book_id, condition, state, edition_id, line_id) VALUES(4035, 'DAMAGED', 'IN_STOCK', 122, 191);
INSERT INTO BOOK(book_id, condition, state, edition_id, line_id) VALUES(4036, 'WORN_OUT', 'REFURBISHMENT', 123, 101);
INSERT INTO BOOK(book_id, condition, state, edition_id, line_id) VALUES(4037, 'WORN_OUT', 'IN_STOCK', 123, 153);
INSERT INTO BOOK(book_id, condition, state, edition_id, line_id) VALUES(4038, 'PERFECT', 'IN_STOCK', 123, 62);
INSERT INTO BOOK(book_id, condition, state, edition_id, line_id) VALUES(4039, 'PERFECT', 'IN_STOCK', 123, 206);
INSERT INTO BOOK(book_id, condition, state, edition_id, line_id) VALUES(4040, 'PERFECT', 'IN_STOCK', 123, 244);
INSERT INTO BOOK(book_id, condition, state, edition_id, line_id) VALUES(4041, 'PERFECT', 'IN_STOCK', 124, 356);
INSERT INTO BOOK(book_id, condition, state, edition_id, line_id) VALUES(4042, 'PERFECT', 'IN_STOCK', 124, 296);
INSERT INTO BOOK(book_id, condition, state, edition_id, line_id) VALUES(4043, 'PERFECT', 'IN_STOCK', 124, 354);
INSERT INTO BOOK(book_id, condition, state, edition_id, line_id) VALUES(4044, 'PERFECT', 'IN_STOCK', 124, 211);
INSERT INTO BOOK(book_id, condition, state, edition_id, line_id) VALUES(4045, 'PERFECT', 'IN_STOCK', 124, 346);
INSERT INTO BOOK(book_id, condition, state, edition_id, line_id) VALUES(4046, 'PERFECT', 'REFURBISHMENT', 124, 152);
INSERT INTO BOOK(book_id, condition, state, edition_id, line_id) VALUES(4047, 'PERFECT', 'MISSING', 124, 284);
INSERT INTO BOOK(book_id, condition, state, edition_id, line_id) VALUES(4048, 'PERFECT', 'IN_STOCK', 124, 337);
INSERT INTO BOOK(book_id, condition, state, edition_id, line_id) VALUES(4049, 'UNUSABLE', 'IN_STOCK', 124, 295);
INSERT INTO BOOK(book_id, condition, state, edition_id, line_id) VALUES(4050, 'PERFECT', 'MISSING', 124, 5);
INSERT INTO BOOK(book_id, condition, state, edition_id, line_id) VALUES(4051, 'PERFECT', 'IN_STOCK', 124, 170);
INSERT INTO BOOK(book_id, condition, state, edition_id, line_id) VALUES(4052, 'PERFECT', 'IN_STOCK', 124, 140);
INSERT INTO BOOK(book_id, condition, state, edition_id, line_id) VALUES(4053, 'WORN_OUT', 'IN_STOCK', 124, 265);
INSERT INTO BOOK(book_id, condition, state, edition_id, line_id) VALUES(4054, 'PERFECT', 'MISSING', 124, 165);
INSERT INTO BOOK(book_id, condition, state, edition_id, line_id) VALUES(4055, 'WORN_OUT', 'IN_STOCK', 124, 298);
INSERT INTO BOOK(book_id, condition, state, edition_id, line_id) VALUES(4056, 'DAMAGED', 'MISSING', 124, 113);
INSERT INTO BOOK(book_id, condition, state, edition_id, line_id) VALUES(4057, 'PERFECT', 'IN_STOCK', 124, 43);
INSERT INTO BOOK(book_id, condition, state, edition_id, line_id) VALUES(4058, 'PERFECT', 'IN_STOCK', 124, 145);
INSERT INTO BOOK(book_id, condition, state, edition_id, line_id) VALUES(4059, 'PERFECT', 'REFURBISHMENT', 124, 149);
INSERT INTO BOOK(book_id, condition, state, edition_id, line_id) VALUES(4060, 'PERFECT', 'IN_STOCK', 124, 79);
INSERT INTO BOOK(book_id, condition, state, edition_id, line_id) VALUES(4061, 'DAMAGED', 'IN_STOCK', 124, 168);
INSERT INTO BOOK(book_id, condition, state, edition_id, line_id) VALUES(4062, 'PERFECT', 'IN_STOCK', 124, 229);
INSERT INTO BOOK(book_id, condition, state, edition_id, line_id) VALUES(4063, 'WORN_OUT', 'IN_STOCK', 124, 245);
INSERT INTO BOOK(book_id, condition, state, edition_id, line_id) VALUES(4064, 'UNUSABLE', 'IN_STOCK', 124, 105);
INSERT INTO BOOK(book_id, condition, state, edition_id, line_id) VALUES(4065, 'WORN_OUT', 'IN_STOCK', 124, 129);
INSERT INTO BOOK(book_id, condition, state, edition_id, line_id) VALUES(4066, 'PERFECT', 'IN_STOCK', 124, 113);
INSERT INTO BOOK(book_id, condition, state, edition_id, line_id) VALUES(4067, 'PERFECT', 'REFURBISHMENT', 124, 58);
INSERT INTO BOOK(book_id, condition, state, edition_id, line_id) VALUES(4068, 'PERFECT', 'IN_STOCK', 124, 145);
INSERT INTO BOOK(book_id, condition, state, edition_id, line_id) VALUES(4069, 'WORN_OUT', 'IN_STOCK', 124, 104);
INSERT INTO BOOK(book_id, condition, state, edition_id, line_id) VALUES(4070, 'UNUSABLE', 'IN_STOCK', 124, 122);
INSERT INTO BOOK(book_id, condition, state, edition_id, line_id) VALUES(4071, 'PERFECT', 'IN_STOCK', 124, 338);
INSERT INTO BOOK(book_id, condition, state, edition_id, line_id) VALUES(4072, 'PERFECT', 'IN_STOCK', 124, 33);
INSERT INTO BOOK(book_id, condition, state, edition_id, line_id) VALUES(4073, 'DAMAGED', 'REFURBISHMENT', 124, 314);
INSERT INTO BOOK(book_id, condition, state, edition_id, line_id) VALUES(4074, 'PERFECT', 'IN_STOCK', 124, 339);
INSERT INTO BOOK(book_id, condition, state, edition_id, line_id) VALUES(4075, 'PERFECT', 'IN_STOCK', 124, 197);
INSERT INTO BOOK(book_id, condition, state, edition_id, line_id) VALUES(4076, 'PERFECT', 'IN_STOCK', 124, 110);
INSERT INTO BOOK(book_id, condition, state, edition_id, line_id) VALUES(4077, 'UNUSABLE', 'IN_STOCK', 124, 241);
INSERT INTO BOOK(book_id, condition, state, edition_id, line_id) VALUES(4078, 'WORN_OUT', 'IN_STOCK', 124, 246);
INSERT INTO BOOK(book_id, condition, state, edition_id, line_id) VALUES(4079, 'PERFECT', 'IN_STOCK', 124, 254);
INSERT INTO BOOK(book_id, condition, state, edition_id, line_id) VALUES(4080, 'PERFECT', 'IN_STOCK', 124, 24);
INSERT INTO BOOK(book_id, condition, state, edition_id, line_id) VALUES(4081, 'PERFECT', 'MISSING', 124, 59);
INSERT INTO BOOK(book_id, condition, state, edition_id, line_id) VALUES(4082, 'WORN_OUT', 'REFURBISHMENT', 124, 275);
INSERT INTO BOOK(book_id, condition, state, edition_id, line_id) VALUES(4083, 'PERFECT', 'IN_STOCK', 124, 10);
INSERT INTO BOOK(book_id, condition, state, edition_id, line_id) VALUES(4084, 'DAMAGED', 'IN_STOCK', 124, 54);
INSERT INTO BOOK(book_id, condition, state, edition_id, line_id) VALUES(4085, 'DAMAGED', 'MISSING', 124, 290);
INSERT INTO BOOK(book_id, condition, state, edition_id, line_id) VALUES(4086, 'PERFECT', 'IN_STOCK', 124, 292);
INSERT INTO BOOK(book_id, condition, state, edition_id, line_id) VALUES(4087, 'DAMAGED', 'IN_STOCK', 124, 161);
INSERT INTO BOOK(book_id, condition, state, edition_id, line_id) VALUES(4088, 'UNUSABLE', 'IN_STOCK', 124, 24);
INSERT INTO BOOK(book_id, condition, state, edition_id, line_id) VALUES(4089, 'WORN_OUT', 'IN_STOCK', 124, 152);
INSERT INTO BOOK(book_id, condition, state, edition_id, line_id) VALUES(4090, 'UNUSABLE', 'IN_STOCK', 124, 291);
INSERT INTO BOOK(book_id, condition, state, edition_id, line_id) VALUES(4091, 'PERFECT', 'IN_STOCK', 124, 3);
INSERT INTO BOOK(book_id, condition, state, edition_id, line_id) VALUES(4092, 'PERFECT', 'IN_STOCK', 124, 342);
INSERT INTO BOOK(book_id, condition, state, edition_id, line_id) VALUES(4093, 'PERFECT', 'IN_STOCK', 124, 331);
INSERT INTO BOOK(book_id, condition, state, edition_id, line_id) VALUES(4094, 'UNUSABLE', 'MISSING', 125, 158);
INSERT INTO BOOK(book_id, condition, state, edition_id, line_id) VALUES(4095, 'WORN_OUT', 'REFURBISHMENT', 125, 340);
INSERT INTO BOOK(book_id, condition, state, edition_id, line_id) VALUES(4096, 'PERFECT', 'REFURBISHMENT', 125, 72);
INSERT INTO BOOK(book_id, condition, state, edition_id, line_id) VALUES(4097, 'UNUSABLE', 'IN_STOCK', 125, 351);
INSERT INTO BOOK(book_id, condition, state, edition_id, line_id) VALUES(4098, 'DAMAGED', 'MISSING', 125, 53);
INSERT INTO BOOK(book_id, condition, state, edition_id, line_id) VALUES(4099, 'WORN_OUT', 'MISSING', 125, 82);
INSERT INTO BOOK(book_id, condition, state, edition_id, line_id) VALUES(4100, 'PERFECT', 'IN_STOCK', 125, 198);
INSERT INTO BOOK(book_id, condition, state, edition_id, line_id) VALUES(4101, 'PERFECT', 'IN_STOCK', 125, 201);
INSERT INTO BOOK(book_id, condition, state, edition_id, line_id) VALUES(4102, 'PERFECT', 'IN_STOCK', 125, 95);
INSERT INTO BOOK(book_id, condition, state, edition_id, line_id) VALUES(4103, 'PERFECT', 'IN_STOCK', 125, 136);
INSERT INTO BOOK(book_id, condition, state, edition_id, line_id) VALUES(4104, 'DAMAGED', 'REFURBISHMENT', 125, 335);
INSERT INTO BOOK(book_id, condition, state, edition_id, line_id) VALUES(4105, 'WORN_OUT', 'IN_STOCK', 125, 52);
INSERT INTO BOOK(book_id, condition, state, edition_id, line_id) VALUES(4106, 'PERFECT', 'REFURBISHMENT', 125, 157);
INSERT INTO BOOK(book_id, condition, state, edition_id, line_id) VALUES(4107, 'WORN_OUT', 'MISSING', 125, 252);
INSERT INTO BOOK(book_id, condition, state, edition_id, line_id) VALUES(4108, 'PERFECT', 'IN_STOCK', 125, 324);
INSERT INTO BOOK(book_id, condition, state, edition_id, line_id) VALUES(4109, 'PERFECT', 'IN_STOCK', 125, 185);
INSERT INTO BOOK(book_id, condition, state, edition_id, line_id) VALUES(4110, 'WORN_OUT', 'IN_STOCK', 125, 101);
INSERT INTO BOOK(book_id, condition, state, edition_id, line_id) VALUES(4111, 'WORN_OUT', 'REFURBISHMENT', 125, 102);
INSERT INTO BOOK(book_id, condition, state, edition_id, line_id) VALUES(4112, 'PERFECT', 'IN_STOCK', 125, 83);
INSERT INTO BOOK(book_id, condition, state, edition_id, line_id) VALUES(4113, 'PERFECT', 'IN_STOCK', 125, 249);
INSERT INTO BOOK(book_id, condition, state, edition_id, line_id) VALUES(4114, 'PERFECT', 'IN_STOCK', 125, 158);
INSERT INTO BOOK(book_id, condition, state, edition_id, line_id) VALUES(4115, 'DAMAGED', 'IN_STOCK', 125, 242);
INSERT INTO BOOK(book_id, condition, state, edition_id, line_id) VALUES(4116, 'WORN_OUT', 'REFURBISHMENT', 125, 78);
INSERT INTO BOOK(book_id, condition, state, edition_id, line_id) VALUES(4117, 'UNUSABLE', 'IN_STOCK', 125, 19);
INSERT INTO BOOK(book_id, condition, state, edition_id, line_id) VALUES(4118, 'PERFECT', 'IN_STOCK', 125, 33);
INSERT INTO BOOK(book_id, condition, state, edition_id, line_id) VALUES(4119, 'PERFECT', 'MISSING', 125, 212);
INSERT INTO BOOK(book_id, condition, state, edition_id, line_id) VALUES(4120, 'PERFECT', 'IN_STOCK', 125, 253);
INSERT INTO BOOK(book_id, condition, state, edition_id, line_id) VALUES(4121, 'PERFECT', 'IN_STOCK', 125, 273);
INSERT INTO BOOK(book_id, condition, state, edition_id, line_id) VALUES(4122, 'PERFECT', 'IN_STOCK', 125, 26);
INSERT INTO BOOK(book_id, condition, state, edition_id, line_id) VALUES(4123, 'PERFECT', 'MISSING', 125, 284);
INSERT INTO BOOK(book_id, condition, state, edition_id, line_id) VALUES(4124, 'DAMAGED', 'MISSING', 125, 13);
INSERT INTO BOOK(book_id, condition, state, edition_id, line_id) VALUES(4125, 'PERFECT', 'IN_STOCK', 125, 219);
INSERT INTO BOOK(book_id, condition, state, edition_id, line_id) VALUES(4126, 'UNUSABLE', 'IN_STOCK', 125, 274);
INSERT INTO BOOK(book_id, condition, state, edition_id, line_id) VALUES(4127, 'WORN_OUT', 'IN_STOCK', 125, 166);
INSERT INTO BOOK(book_id, condition, state, edition_id, line_id) VALUES(4128, 'PERFECT', 'REFURBISHMENT', 125, 14);
INSERT INTO BOOK(book_id, condition, state, edition_id, line_id) VALUES(4129, 'WORN_OUT', 'IN_STOCK', 125, 54);
INSERT INTO BOOK(book_id, condition, state, edition_id, line_id) VALUES(4130, 'PERFECT', 'MISSING', 125, 116);
INSERT INTO BOOK(book_id, condition, state, edition_id, line_id) VALUES(4131, 'DAMAGED', 'MISSING', 125, 75);
INSERT INTO BOOK(book_id, condition, state, edition_id, line_id) VALUES(4132, 'PERFECT', 'IN_STOCK', 125, 290);
INSERT INTO BOOK(book_id, condition, state, edition_id, line_id) VALUES(4133, 'WORN_OUT', 'IN_STOCK', 125, 145);
INSERT INTO BOOK(book_id, condition, state, edition_id, line_id) VALUES(4134, 'PERFECT', 'IN_STOCK', 125, 168);
INSERT INTO BOOK(book_id, condition, state, edition_id, line_id) VALUES(4135, 'PERFECT', 'IN_STOCK', 125, 286);
INSERT INTO BOOK(book_id, condition, state, edition_id, line_id) VALUES(4136, 'WORN_OUT', 'IN_STOCK', 125, 319);
INSERT INTO BOOK(book_id, condition, state, edition_id, line_id) VALUES(4137, 'PERFECT', 'IN_STOCK', 125, 298);
INSERT INTO BOOK(book_id, condition, state, edition_id, line_id) VALUES(4138, 'PERFECT', 'REFURBISHMENT', 125, 348);
INSERT INTO BOOK(book_id, condition, state, edition_id, line_id) VALUES(4139, 'WORN_OUT', 'REFURBISHMENT', 125, 99);
INSERT INTO BOOK(book_id, condition, state, edition_id, line_id) VALUES(4140, 'WORN_OUT', 'IN_STOCK', 125, 224);
INSERT INTO BOOK(book_id, condition, state, edition_id, line_id) VALUES(4141, 'PERFECT', 'REFURBISHMENT', 125, 317);
INSERT INTO BOOK(book_id, condition, state, edition_id, line_id) VALUES(4142, 'PERFECT', 'IN_STOCK', 125, 296);
INSERT INTO BOOK(book_id, condition, state, edition_id, line_id) VALUES(4143, 'PERFECT', 'IN_STOCK', 126, 327);
INSERT INTO BOOK(book_id, condition, state, edition_id, line_id) VALUES(4144, 'PERFECT', 'IN_STOCK', 126, 97);
INSERT INTO BOOK(book_id, condition, state, edition_id, line_id) VALUES(4145, 'PERFECT', 'IN_STOCK', 126, 267);
INSERT INTO BOOK(book_id, condition, state, edition_id, line_id) VALUES(4146, 'WORN_OUT', 'IN_STOCK', 126, 161);
INSERT INTO BOOK(book_id, condition, state, edition_id, line_id) VALUES(4147, 'PERFECT', 'IN_STOCK', 126, 281);
INSERT INTO BOOK(book_id, condition, state, edition_id, line_id) VALUES(4148, 'DAMAGED', 'IN_STOCK', 126, 160);
INSERT INTO BOOK(book_id, condition, state, edition_id, line_id) VALUES(4149, 'DAMAGED', 'IN_STOCK', 126, 131);
INSERT INTO BOOK(book_id, condition, state, edition_id, line_id) VALUES(4150, 'UNUSABLE', 'IN_STOCK', 126, 97);
INSERT INTO BOOK(book_id, condition, state, edition_id, line_id) VALUES(4151, 'PERFECT', 'IN_STOCK', 126, 26);
INSERT INTO BOOK(book_id, condition, state, edition_id, line_id) VALUES(4152, 'PERFECT', 'REFURBISHMENT', 126, 359);
INSERT INTO BOOK(book_id, condition, state, edition_id, line_id) VALUES(4153, 'PERFECT', 'IN_STOCK', 126, 224);
INSERT INTO BOOK(book_id, condition, state, edition_id, line_id) VALUES(4154, 'PERFECT', 'IN_STOCK', 126, 298);
INSERT INTO BOOK(book_id, condition, state, edition_id, line_id) VALUES(4155, 'PERFECT', 'IN_STOCK', 126, 213);
INSERT INTO BOOK(book_id, condition, state, edition_id, line_id) VALUES(4156, 'PERFECT', 'IN_STOCK', 126, 18);
INSERT INTO BOOK(book_id, condition, state, edition_id, line_id) VALUES(4157, 'PERFECT', 'IN_STOCK', 126, 76);
INSERT INTO BOOK(book_id, condition, state, edition_id, line_id) VALUES(4158, 'WORN_OUT', 'IN_STOCK', 126, 201);
INSERT INTO BOOK(book_id, condition, state, edition_id, line_id) VALUES(4159, 'UNUSABLE', 'IN_STOCK', 127, 2);
INSERT INTO BOOK(book_id, condition, state, edition_id, line_id) VALUES(4160, 'WORN_OUT', 'IN_STOCK', 127, 144);
INSERT INTO BOOK(book_id, condition, state, edition_id, line_id) VALUES(4161, 'DAMAGED', 'IN_STOCK', 127, 52);
INSERT INTO BOOK(book_id, condition, state, edition_id, line_id) VALUES(4162, 'PERFECT', 'REFURBISHMENT', 127, 78);
INSERT INTO BOOK(book_id, condition, state, edition_id, line_id) VALUES(4163, 'DAMAGED', 'IN_STOCK', 127, 83);
INSERT INTO BOOK(book_id, condition, state, edition_id, line_id) VALUES(4164, 'PERFECT', 'REFURBISHMENT', 127, 43);
INSERT INTO BOOK(book_id, condition, state, edition_id, line_id) VALUES(4165, 'DAMAGED', 'IN_STOCK', 127, 253);
INSERT INTO BOOK(book_id, condition, state, edition_id, line_id) VALUES(4166, 'PERFECT', 'IN_STOCK', 127, 176);
INSERT INTO BOOK(book_id, condition, state, edition_id, line_id) VALUES(4167, 'UNUSABLE', 'IN_STOCK', 127, 288);
INSERT INTO BOOK(book_id, condition, state, edition_id, line_id) VALUES(4168, 'UNUSABLE', 'IN_STOCK', 127, 97);
INSERT INTO BOOK(book_id, condition, state, edition_id, line_id) VALUES(4169, 'PERFECT', 'MISSING', 127, 332);
INSERT INTO BOOK(book_id, condition, state, edition_id, line_id) VALUES(4170, 'WORN_OUT', 'IN_STOCK', 127, 255);
INSERT INTO BOOK(book_id, condition, state, edition_id, line_id) VALUES(4171, 'PERFECT', 'REFURBISHMENT', 127, 210);
INSERT INTO BOOK(book_id, condition, state, edition_id, line_id) VALUES(4172, 'WORN_OUT', 'IN_STOCK', 127, 106);
INSERT INTO BOOK(book_id, condition, state, edition_id, line_id) VALUES(4173, 'PERFECT', 'REFURBISHMENT', 127, 14);
INSERT INTO BOOK(book_id, condition, state, edition_id, line_id) VALUES(4174, 'PERFECT', 'IN_STOCK', 127, 282);
INSERT INTO BOOK(book_id, condition, state, edition_id, line_id) VALUES(4175, 'UNUSABLE', 'IN_STOCK', 127, 195);
INSERT INTO BOOK(book_id, condition, state, edition_id, line_id) VALUES(4176, 'DAMAGED', 'IN_STOCK', 127, 103);
INSERT INTO BOOK(book_id, condition, state, edition_id, line_id) VALUES(4177, 'PERFECT', 'IN_STOCK', 127, 76);
INSERT INTO BOOK(book_id, condition, state, edition_id, line_id) VALUES(4178, 'PERFECT', 'MISSING', 127, 189);
INSERT INTO BOOK(book_id, condition, state, edition_id, line_id) VALUES(4179, 'PERFECT', 'IN_STOCK', 127, 6);
INSERT INTO BOOK(book_id, condition, state, edition_id, line_id) VALUES(4180, 'WORN_OUT', 'IN_STOCK', 127, 174);
INSERT INTO BOOK(book_id, condition, state, edition_id, line_id) VALUES(4181, 'DAMAGED', 'REFURBISHMENT', 127, 358);
INSERT INTO BOOK(book_id, condition, state, edition_id, line_id) VALUES(4182, 'WORN_OUT', 'IN_STOCK', 127, 218);
INSERT INTO BOOK(book_id, condition, state, edition_id, line_id) VALUES(4183, 'PERFECT', 'IN_STOCK', 127, 94);
INSERT INTO BOOK(book_id, condition, state, edition_id, line_id) VALUES(4184, 'PERFECT', 'IN_STOCK', 127, 69);
INSERT INTO BOOK(book_id, condition, state, edition_id, line_id) VALUES(4185, 'PERFECT', 'REFURBISHMENT', 127, 345);
INSERT INTO BOOK(book_id, condition, state, edition_id, line_id) VALUES(4186, 'PERFECT', 'IN_STOCK', 127, 161);
INSERT INTO BOOK(book_id, condition, state, edition_id, line_id) VALUES(4187, 'WORN_OUT', 'REFURBISHMENT', 127, 110);
INSERT INTO BOOK(book_id, condition, state, edition_id, line_id) VALUES(4188, 'PERFECT', 'IN_STOCK', 127, 202);
INSERT INTO BOOK(book_id, condition, state, edition_id, line_id) VALUES(4189, 'PERFECT', 'IN_STOCK', 127, 124);
INSERT INTO BOOK(book_id, condition, state, edition_id, line_id) VALUES(4190, 'WORN_OUT', 'IN_STOCK', 128, 70);
INSERT INTO BOOK(book_id, condition, state, edition_id, line_id) VALUES(4191, 'PERFECT', 'REFURBISHMENT', 128, 152);
INSERT INTO BOOK(book_id, condition, state, edition_id, line_id) VALUES(4192, 'UNUSABLE', 'IN_STOCK', 128, 42);
INSERT INTO BOOK(book_id, condition, state, edition_id, line_id) VALUES(4193, 'PERFECT', 'IN_STOCK', 128, 280);
INSERT INTO BOOK(book_id, condition, state, edition_id, line_id) VALUES(4194, 'PERFECT', 'IN_STOCK', 128, 138);
INSERT INTO BOOK(book_id, condition, state, edition_id, line_id) VALUES(4195, 'PERFECT', 'MISSING', 128, 231);
INSERT INTO BOOK(book_id, condition, state, edition_id, line_id) VALUES(4196, 'PERFECT', 'IN_STOCK', 128, 351);
INSERT INTO BOOK(book_id, condition, state, edition_id, line_id) VALUES(4197, 'PERFECT', 'IN_STOCK', 128, 40);
INSERT INTO BOOK(book_id, condition, state, edition_id, line_id) VALUES(4198, 'DAMAGED', 'IN_STOCK', 128, 64);
INSERT INTO BOOK(book_id, condition, state, edition_id, line_id) VALUES(4199, 'PERFECT', 'REFURBISHMENT', 128, 359);
INSERT INTO BOOK(book_id, condition, state, edition_id, line_id) VALUES(4200, 'PERFECT', 'IN_STOCK', 128, 81);
INSERT INTO BOOK(book_id, condition, state, edition_id, line_id) VALUES(4201, 'PERFECT', 'IN_STOCK', 128, 175);
INSERT INTO BOOK(book_id, condition, state, edition_id, line_id) VALUES(4202, 'PERFECT', 'MISSING', 128, 355);
INSERT INTO BOOK(book_id, condition, state, edition_id, line_id) VALUES(4203, 'WORN_OUT', 'IN_STOCK', 128, 224);
INSERT INTO BOOK(book_id, condition, state, edition_id, line_id) VALUES(4204, 'DAMAGED', 'MISSING', 128, 212);
INSERT INTO BOOK(book_id, condition, state, edition_id, line_id) VALUES(4205, 'WORN_OUT', 'IN_STOCK', 128, 341);
INSERT INTO BOOK(book_id, condition, state, edition_id, line_id) VALUES(4206, 'PERFECT', 'REFURBISHMENT', 128, 119);
INSERT INTO BOOK(book_id, condition, state, edition_id, line_id) VALUES(4207, 'WORN_OUT', 'IN_STOCK', 128, 40);
INSERT INTO BOOK(book_id, condition, state, edition_id, line_id) VALUES(4208, 'PERFECT', 'IN_STOCK', 128, 263);
INSERT INTO BOOK(book_id, condition, state, edition_id, line_id) VALUES(4209, 'WORN_OUT', 'IN_STOCK', 128, 103);
INSERT INTO BOOK(book_id, condition, state, edition_id, line_id) VALUES(4210, 'PERFECT', 'IN_STOCK', 128, 159);
INSERT INTO BOOK(book_id, condition, state, edition_id, line_id) VALUES(4211, 'PERFECT', 'IN_STOCK', 128, 102);
INSERT INTO BOOK(book_id, condition, state, edition_id, line_id) VALUES(4212, 'DAMAGED', 'REFURBISHMENT', 128, 12);
INSERT INTO BOOK(book_id, condition, state, edition_id, line_id) VALUES(4213, 'PERFECT', 'IN_STOCK', 128, 197);
INSERT INTO BOOK(book_id, condition, state, edition_id, line_id) VALUES(4214, 'PERFECT', 'IN_STOCK', 128, 134);
INSERT INTO BOOK(book_id, condition, state, edition_id, line_id) VALUES(4215, 'WORN_OUT', 'REFURBISHMENT', 128, 290);
INSERT INTO BOOK(book_id, condition, state, edition_id, line_id) VALUES(4216, 'PERFECT', 'MISSING', 128, 129);
INSERT INTO BOOK(book_id, condition, state, edition_id, line_id) VALUES(4217, 'PERFECT', 'IN_STOCK', 128, 10);
INSERT INTO BOOK(book_id, condition, state, edition_id, line_id) VALUES(4218, 'WORN_OUT', 'MISSING', 128, 104);
INSERT INTO BOOK(book_id, condition, state, edition_id, line_id) VALUES(4219, 'PERFECT', 'IN_STOCK', 128, 303);
INSERT INTO BOOK(book_id, condition, state, edition_id, line_id) VALUES(4220, 'PERFECT', 'IN_STOCK', 128, 140);
INSERT INTO BOOK(book_id, condition, state, edition_id, line_id) VALUES(4221, 'PERFECT', 'IN_STOCK', 128, 137);
INSERT INTO BOOK(book_id, condition, state, edition_id, line_id) VALUES(4222, 'PERFECT', 'IN_STOCK', 128, 220);
INSERT INTO BOOK(book_id, condition, state, edition_id, line_id) VALUES(4223, 'DAMAGED', 'MISSING', 128, 292);
INSERT INTO BOOK(book_id, condition, state, edition_id, line_id) VALUES(4224, 'PERFECT', 'IN_STOCK', 128, 60);
INSERT INTO BOOK(book_id, condition, state, edition_id, line_id) VALUES(4225, 'PERFECT', 'MISSING', 128, 179);
INSERT INTO BOOK(book_id, condition, state, edition_id, line_id) VALUES(4226, 'PERFECT', 'MISSING', 128, 90);
INSERT INTO BOOK(book_id, condition, state, edition_id, line_id) VALUES(4227, 'DAMAGED', 'MISSING', 128, 237);
INSERT INTO BOOK(book_id, condition, state, edition_id, line_id) VALUES(4228, 'PERFECT', 'IN_STOCK', 128, 80);
INSERT INTO BOOK(book_id, condition, state, edition_id, line_id) VALUES(4229, 'PERFECT', 'IN_STOCK', 128, 176);
INSERT INTO BOOK(book_id, condition, state, edition_id, line_id) VALUES(4230, 'PERFECT', 'IN_STOCK', 128, 262);
INSERT INTO BOOK(book_id, condition, state, edition_id, line_id) VALUES(4231, 'PERFECT', 'IN_STOCK', 129, 195);
INSERT INTO BOOK(book_id, condition, state, edition_id, line_id) VALUES(4232, 'DAMAGED', 'IN_STOCK', 129, 75);
INSERT INTO BOOK(book_id, condition, state, edition_id, line_id) VALUES(4233, 'PERFECT', 'IN_STOCK', 129, 50);
INSERT INTO BOOK(book_id, condition, state, edition_id, line_id) VALUES(4234, 'PERFECT', 'IN_STOCK', 129, 249);
INSERT INTO BOOK(book_id, condition, state, edition_id, line_id) VALUES(4235, 'UNUSABLE', 'IN_STOCK', 129, 235);
INSERT INTO BOOK(book_id, condition, state, edition_id, line_id) VALUES(4236, 'PERFECT', 'MISSING', 129, 90);
INSERT INTO BOOK(book_id, condition, state, edition_id, line_id) VALUES(4237, 'PERFECT', 'MISSING', 129, 110);
INSERT INTO BOOK(book_id, condition, state, edition_id, line_id) VALUES(4238, 'PERFECT', 'IN_STOCK', 129, 5);
INSERT INTO BOOK(book_id, condition, state, edition_id, line_id) VALUES(4239, 'UNUSABLE', 'IN_STOCK', 129, 28);
INSERT INTO BOOK(book_id, condition, state, edition_id, line_id) VALUES(4240, 'PERFECT', 'IN_STOCK', 129, 116);
INSERT INTO BOOK(book_id, condition, state, edition_id, line_id) VALUES(4241, 'PERFECT', 'IN_STOCK', 129, 30);
INSERT INTO BOOK(book_id, condition, state, edition_id, line_id) VALUES(4242, 'PERFECT', 'IN_STOCK', 129, 215);
INSERT INTO BOOK(book_id, condition, state, edition_id, line_id) VALUES(4243, 'PERFECT', 'IN_STOCK', 129, 343);
INSERT INTO BOOK(book_id, condition, state, edition_id, line_id) VALUES(4244, 'WORN_OUT', 'IN_STOCK', 129, 179);
INSERT INTO BOOK(book_id, condition, state, edition_id, line_id) VALUES(4245, 'WORN_OUT', 'IN_STOCK', 129, 342);
INSERT INTO BOOK(book_id, condition, state, edition_id, line_id) VALUES(4246, 'WORN_OUT', 'IN_STOCK', 129, 226);
INSERT INTO BOOK(book_id, condition, state, edition_id, line_id) VALUES(4247, 'WORN_OUT', 'IN_STOCK', 129, 305);
INSERT INTO BOOK(book_id, condition, state, edition_id, line_id) VALUES(4248, 'PERFECT', 'REFURBISHMENT', 129, 275);
INSERT INTO BOOK(book_id, condition, state, edition_id, line_id) VALUES(4249, 'WORN_OUT', 'REFURBISHMENT', 129, 140);
INSERT INTO BOOK(book_id, condition, state, edition_id, line_id) VALUES(4250, 'DAMAGED', 'MISSING', 129, 29);
INSERT INTO BOOK(book_id, condition, state, edition_id, line_id) VALUES(4251, 'UNUSABLE', 'IN_STOCK', 130, 22);
INSERT INTO BOOK(book_id, condition, state, edition_id, line_id) VALUES(4252, 'UNUSABLE', 'IN_STOCK', 130, 69);
INSERT INTO BOOK(book_id, condition, state, edition_id, line_id) VALUES(4253, 'DAMAGED', 'REFURBISHMENT', 130, 56);
INSERT INTO BOOK(book_id, condition, state, edition_id, line_id) VALUES(4254, 'PERFECT', 'IN_STOCK', 130, 282);
INSERT INTO BOOK(book_id, condition, state, edition_id, line_id) VALUES(4255, 'PERFECT', 'IN_STOCK', 130, 335);
INSERT INTO BOOK(book_id, condition, state, edition_id, line_id) VALUES(4256, 'DAMAGED', 'IN_STOCK', 130, 336);
INSERT INTO BOOK(book_id, condition, state, edition_id, line_id) VALUES(4257, 'DAMAGED', 'REFURBISHMENT', 130, 1);
INSERT INTO BOOK(book_id, condition, state, edition_id, line_id) VALUES(4258, 'PERFECT', 'IN_STOCK', 130, 168);
INSERT INTO BOOK(book_id, condition, state, edition_id, line_id) VALUES(4259, 'PERFECT', 'IN_STOCK', 130, 177);
INSERT INTO BOOK(book_id, condition, state, edition_id, line_id) VALUES(4260, 'PERFECT', 'IN_STOCK', 130, 266);
INSERT INTO BOOK(book_id, condition, state, edition_id, line_id) VALUES(4261, 'DAMAGED', 'MISSING', 130, 70);
INSERT INTO BOOK(book_id, condition, state, edition_id, line_id) VALUES(4262, 'DAMAGED', 'IN_STOCK', 130, 325);
INSERT INTO BOOK(book_id, condition, state, edition_id, line_id) VALUES(4263, 'WORN_OUT', 'IN_STOCK', 130, 151);
INSERT INTO BOOK(book_id, condition, state, edition_id, line_id) VALUES(4264, 'PERFECT', 'IN_STOCK', 130, 146);
INSERT INTO BOOK(book_id, condition, state, edition_id, line_id) VALUES(4265, 'PERFECT', 'IN_STOCK', 130, 184);
INSERT INTO BOOK(book_id, condition, state, edition_id, line_id) VALUES(4266, 'DAMAGED', 'IN_STOCK', 130, 99);
INSERT INTO BOOK(book_id, condition, state, edition_id, line_id) VALUES(4267, 'PERFECT', 'IN_STOCK', 130, 14);
INSERT INTO BOOK(book_id, condition, state, edition_id, line_id) VALUES(4268, 'PERFECT', 'MISSING', 130, 295);
INSERT INTO BOOK(book_id, condition, state, edition_id, line_id) VALUES(4269, 'DAMAGED', 'IN_STOCK', 130, 289);
INSERT INTO BOOK(book_id, condition, state, edition_id, line_id) VALUES(4270, 'PERFECT', 'REFURBISHMENT', 130, 326);
INSERT INTO BOOK(book_id, condition, state, edition_id, line_id) VALUES(4271, 'PERFECT', 'IN_STOCK', 130, 15);
INSERT INTO BOOK(book_id, condition, state, edition_id, line_id) VALUES(4272, 'PERFECT', 'MISSING', 130, 131);
INSERT INTO BOOK(book_id, condition, state, edition_id, line_id) VALUES(4273, 'WORN_OUT', 'IN_STOCK', 130, 297);
INSERT INTO BOOK(book_id, condition, state, edition_id, line_id) VALUES(4274, 'DAMAGED', 'IN_STOCK', 130, 275);
INSERT INTO BOOK(book_id, condition, state, edition_id, line_id) VALUES(4275, 'PERFECT', 'IN_STOCK', 130, 5);
INSERT INTO BOOK(book_id, condition, state, edition_id, line_id) VALUES(4276, 'UNUSABLE', 'IN_STOCK', 130, 107);
INSERT INTO BOOK(book_id, condition, state, edition_id, line_id) VALUES(4277, 'PERFECT', 'IN_STOCK', 130, 291);
INSERT INTO BOOK(book_id, condition, state, edition_id, line_id) VALUES(4278, 'WORN_OUT', 'IN_STOCK', 130, 43);
INSERT INTO BOOK(book_id, condition, state, edition_id, line_id) VALUES(4279, 'PERFECT', 'IN_STOCK', 130, 361);
INSERT INTO BOOK(book_id, condition, state, edition_id, line_id) VALUES(4280, 'PERFECT', 'IN_STOCK', 130, 237);
INSERT INTO BOOK(book_id, condition, state, edition_id, line_id) VALUES(4281, 'WORN_OUT', 'IN_STOCK', 130, 148);
INSERT INTO BOOK(book_id, condition, state, edition_id, line_id) VALUES(4282, 'PERFECT', 'IN_STOCK', 130, 1);
INSERT INTO BOOK(book_id, condition, state, edition_id, line_id) VALUES(4283, 'PERFECT', 'IN_STOCK', 130, 167);
INSERT INTO BOOK(book_id, condition, state, edition_id, line_id) VALUES(4284, 'DAMAGED', 'IN_STOCK', 130, 137);
INSERT INTO BOOK(book_id, condition, state, edition_id, line_id) VALUES(4285, 'WORN_OUT', 'IN_STOCK', 130, 173);
INSERT INTO BOOK(book_id, condition, state, edition_id, line_id) VALUES(4286, 'PERFECT', 'IN_STOCK', 130, 136);
INSERT INTO BOOK(book_id, condition, state, edition_id, line_id) VALUES(4287, 'WORN_OUT', 'IN_STOCK', 130, 25);
INSERT INTO BOOK(book_id, condition, state, edition_id, line_id) VALUES(4288, 'WORN_OUT', 'REFURBISHMENT', 130, 149);
INSERT INTO BOOK(book_id, condition, state, edition_id, line_id) VALUES(4289, 'PERFECT', 'IN_STOCK', 130, 156);
INSERT INTO BOOK(book_id, condition, state, edition_id, line_id) VALUES(4290, 'UNUSABLE', 'MISSING', 130, 29);
INSERT INTO BOOK(book_id, condition, state, edition_id, line_id) VALUES(4291, 'DAMAGED', 'MISSING', 130, 231);
INSERT INTO BOOK(book_id, condition, state, edition_id, line_id) VALUES(4292, 'PERFECT', 'REFURBISHMENT', 130, 210);
INSERT INTO BOOK(book_id, condition, state, edition_id, line_id) VALUES(4293, 'DAMAGED', 'IN_STOCK', 130, 23);
INSERT INTO BOOK(book_id, condition, state, edition_id, line_id) VALUES(4294, 'WORN_OUT', 'IN_STOCK', 130, 210);
INSERT INTO BOOK(book_id, condition, state, edition_id, line_id) VALUES(4295, 'WORN_OUT', 'IN_STOCK', 130, 358);
INSERT INTO BOOK(book_id, condition, state, edition_id, line_id) VALUES(4296, 'PERFECT', 'REFURBISHMENT', 130, 90);
INSERT INTO BOOK(book_id, condition, state, edition_id, line_id) VALUES(4297, 'PERFECT', 'IN_STOCK', 130, 29);
INSERT INTO BOOK(book_id, condition, state, edition_id, line_id) VALUES(4298, 'UNUSABLE', 'IN_STOCK', 130, 361);
INSERT INTO BOOK(book_id, condition, state, edition_id, line_id) VALUES(4299, 'PERFECT', 'IN_STOCK', 130, 291);
INSERT INTO BOOK(book_id, condition, state, edition_id, line_id) VALUES(4300, 'UNUSABLE', 'IN_STOCK', 130, 200);
INSERT INTO BOOK(book_id, condition, state, edition_id, line_id) VALUES(4301, 'DAMAGED', 'IN_STOCK', 130, 8);
INSERT INTO BOOK(book_id, condition, state, edition_id, line_id) VALUES(4302, 'DAMAGED', 'IN_STOCK', 130, 196);
INSERT INTO BOOK(book_id, condition, state, edition_id, line_id) VALUES(4303, 'UNUSABLE', 'REFURBISHMENT', 131, 162);
INSERT INTO BOOK(book_id, condition, state, edition_id, line_id) VALUES(4304, 'UNUSABLE', 'IN_STOCK', 131, 230);
INSERT INTO BOOK(book_id, condition, state, edition_id, line_id) VALUES(4305, 'PERFECT', 'IN_STOCK', 131, 328);
INSERT INTO BOOK(book_id, condition, state, edition_id, line_id) VALUES(4306, 'UNUSABLE', 'IN_STOCK', 131, 255);
INSERT INTO BOOK(book_id, condition, state, edition_id, line_id) VALUES(4307, 'PERFECT', 'REFURBISHMENT', 131, 116);
INSERT INTO BOOK(book_id, condition, state, edition_id, line_id) VALUES(4308, 'WORN_OUT', 'MISSING', 131, 108);
INSERT INTO BOOK(book_id, condition, state, edition_id, line_id) VALUES(4309, 'PERFECT', 'IN_STOCK', 131, 210);
INSERT INTO BOOK(book_id, condition, state, edition_id, line_id) VALUES(4310, 'UNUSABLE', 'IN_STOCK', 132, 330);
INSERT INTO BOOK(book_id, condition, state, edition_id, line_id) VALUES(4311, 'PERFECT', 'IN_STOCK', 132, 14);
INSERT INTO BOOK(book_id, condition, state, edition_id, line_id) VALUES(4312, 'PERFECT', 'REFURBISHMENT', 132, 293);
INSERT INTO BOOK(book_id, condition, state, edition_id, line_id) VALUES(4313, 'PERFECT', 'IN_STOCK', 132, 302);
INSERT INTO BOOK(book_id, condition, state, edition_id, line_id) VALUES(4314, 'PERFECT', 'IN_STOCK', 132, 97);
INSERT INTO BOOK(book_id, condition, state, edition_id, line_id) VALUES(4315, 'PERFECT', 'IN_STOCK', 132, 242);
INSERT INTO BOOK(book_id, condition, state, edition_id, line_id) VALUES(4316, 'PERFECT', 'IN_STOCK', 132, 17);
INSERT INTO BOOK(book_id, condition, state, edition_id, line_id) VALUES(4317, 'PERFECT', 'IN_STOCK', 132, 280);
INSERT INTO BOOK(book_id, condition, state, edition_id, line_id) VALUES(4318, 'PERFECT', 'IN_STOCK', 132, 83);
INSERT INTO BOOK(book_id, condition, state, edition_id, line_id) VALUES(4319, 'PERFECT', 'IN_STOCK', 132, 170);
INSERT INTO BOOK(book_id, condition, state, edition_id, line_id) VALUES(4320, 'WORN_OUT', 'IN_STOCK', 132, 35);
INSERT INTO BOOK(book_id, condition, state, edition_id, line_id) VALUES(4321, 'PERFECT', 'REFURBISHMENT', 132, 46);
INSERT INTO BOOK(book_id, condition, state, edition_id, line_id) VALUES(4322, 'PERFECT', 'IN_STOCK', 132, 65);
INSERT INTO BOOK(book_id, condition, state, edition_id, line_id) VALUES(4323, 'UNUSABLE', 'IN_STOCK', 132, 314);
INSERT INTO BOOK(book_id, condition, state, edition_id, line_id) VALUES(4324, 'WORN_OUT', 'IN_STOCK', 132, 307);
INSERT INTO BOOK(book_id, condition, state, edition_id, line_id) VALUES(4325, 'PERFECT', 'IN_STOCK', 132, 76);
INSERT INTO BOOK(book_id, condition, state, edition_id, line_id) VALUES(4326, 'PERFECT', 'IN_STOCK', 133, 232);
INSERT INTO BOOK(book_id, condition, state, edition_id, line_id) VALUES(4327, 'PERFECT', 'IN_STOCK', 133, 260);
INSERT INTO BOOK(book_id, condition, state, edition_id, line_id) VALUES(4328, 'WORN_OUT', 'IN_STOCK', 133, 311);
INSERT INTO BOOK(book_id, condition, state, edition_id, line_id) VALUES(4329, 'WORN_OUT', 'REFURBISHMENT', 133, 283);
INSERT INTO BOOK(book_id, condition, state, edition_id, line_id) VALUES(4330, 'PERFECT', 'IN_STOCK', 133, 355);
INSERT INTO BOOK(book_id, condition, state, edition_id, line_id) VALUES(4331, 'PERFECT', 'IN_STOCK', 133, 257);
INSERT INTO BOOK(book_id, condition, state, edition_id, line_id) VALUES(4332, 'WORN_OUT', 'IN_STOCK', 133, 70);
INSERT INTO BOOK(book_id, condition, state, edition_id, line_id) VALUES(4333, 'PERFECT', 'IN_STOCK', 133, 192);
INSERT INTO BOOK(book_id, condition, state, edition_id, line_id) VALUES(4334, 'PERFECT', 'IN_STOCK', 133, 336);
INSERT INTO BOOK(book_id, condition, state, edition_id, line_id) VALUES(4335, 'WORN_OUT', 'IN_STOCK', 133, 105);
INSERT INTO BOOK(book_id, condition, state, edition_id, line_id) VALUES(4336, 'WORN_OUT', 'IN_STOCK', 133, 295);
INSERT INTO BOOK(book_id, condition, state, edition_id, line_id) VALUES(4337, 'UNUSABLE', 'IN_STOCK', 133, 88);
INSERT INTO BOOK(book_id, condition, state, edition_id, line_id) VALUES(4338, 'WORN_OUT', 'IN_STOCK', 133, 127);
INSERT INTO BOOK(book_id, condition, state, edition_id, line_id) VALUES(4339, 'PERFECT', 'REFURBISHMENT', 133, 189);
INSERT INTO BOOK(book_id, condition, state, edition_id, line_id) VALUES(4340, 'PERFECT', 'IN_STOCK', 133, 362);
INSERT INTO BOOK(book_id, condition, state, edition_id, line_id) VALUES(4341, 'PERFECT', 'MISSING', 133, 137);
INSERT INTO BOOK(book_id, condition, state, edition_id, line_id) VALUES(4342, 'DAMAGED', 'IN_STOCK', 133, 332);
INSERT INTO BOOK(book_id, condition, state, edition_id, line_id) VALUES(4343, 'DAMAGED', 'MISSING', 133, 363);
INSERT INTO BOOK(book_id, condition, state, edition_id, line_id) VALUES(4344, 'WORN_OUT', 'MISSING', 133, 180);
INSERT INTO BOOK(book_id, condition, state, edition_id, line_id) VALUES(4345, 'PERFECT', 'REFURBISHMENT', 133, 239);
INSERT INTO BOOK(book_id, condition, state, edition_id, line_id) VALUES(4346, 'PERFECT', 'IN_STOCK', 133, 173);
INSERT INTO BOOK(book_id, condition, state, edition_id, line_id) VALUES(4347, 'DAMAGED', 'REFURBISHMENT', 133, 136);
INSERT INTO BOOK(book_id, condition, state, edition_id, line_id) VALUES(4348, 'DAMAGED', 'IN_STOCK', 133, 98);
INSERT INTO BOOK(book_id, condition, state, edition_id, line_id) VALUES(4349, 'WORN_OUT', 'IN_STOCK', 133, 119);
INSERT INTO BOOK(book_id, condition, state, edition_id, line_id) VALUES(4350, 'PERFECT', 'IN_STOCK', 133, 221);
INSERT INTO BOOK(book_id, condition, state, edition_id, line_id) VALUES(4351, 'WORN_OUT', 'IN_STOCK', 133, 299);
INSERT INTO BOOK(book_id, condition, state, edition_id, line_id) VALUES(4352, 'PERFECT', 'IN_STOCK', 133, 98);
INSERT INTO BOOK(book_id, condition, state, edition_id, line_id) VALUES(4353, 'PERFECT', 'IN_STOCK', 133, 209);
INSERT INTO BOOK(book_id, condition, state, edition_id, line_id) VALUES(4354, 'PERFECT', 'REFURBISHMENT', 133, 135);
INSERT INTO BOOK(book_id, condition, state, edition_id, line_id) VALUES(4355, 'WORN_OUT', 'REFURBISHMENT', 133, 97);
INSERT INTO BOOK(book_id, condition, state, edition_id, line_id) VALUES(4356, 'PERFECT', 'IN_STOCK', 133, 23);
INSERT INTO BOOK(book_id, condition, state, edition_id, line_id) VALUES(4357, 'DAMAGED', 'IN_STOCK', 133, 159);
INSERT INTO BOOK(book_id, condition, state, edition_id, line_id) VALUES(4358, 'UNUSABLE', 'IN_STOCK', 133, 45);
INSERT INTO BOOK(book_id, condition, state, edition_id, line_id) VALUES(4359, 'PERFECT', 'REFURBISHMENT', 133, 110);
INSERT INTO BOOK(book_id, condition, state, edition_id, line_id) VALUES(4360, 'WORN_OUT', 'IN_STOCK', 133, 363);
INSERT INTO BOOK(book_id, condition, state, edition_id, line_id) VALUES(4361, 'PERFECT', 'IN_STOCK', 133, 37);
INSERT INTO BOOK(book_id, condition, state, edition_id, line_id) VALUES(4362, 'PERFECT', 'IN_STOCK', 133, 320);
INSERT INTO BOOK(book_id, condition, state, edition_id, line_id) VALUES(4363, 'PERFECT', 'IN_STOCK', 133, 116);
INSERT INTO BOOK(book_id, condition, state, edition_id, line_id) VALUES(4364, 'PERFECT', 'IN_STOCK', 133, 108);
INSERT INTO BOOK(book_id, condition, state, edition_id, line_id) VALUES(4365, 'UNUSABLE', 'IN_STOCK', 133, 213);
INSERT INTO BOOK(book_id, condition, state, edition_id, line_id) VALUES(4366, 'PERFECT', 'IN_STOCK', 133, 253);
INSERT INTO BOOK(book_id, condition, state, edition_id, line_id) VALUES(4367, 'PERFECT', 'REFURBISHMENT', 133, 255);
INSERT INTO BOOK(book_id, condition, state, edition_id, line_id) VALUES(4368, 'UNUSABLE', 'IN_STOCK', 133, 278);
INSERT INTO BOOK(book_id, condition, state, edition_id, line_id) VALUES(4369, 'WORN_OUT', 'REFURBISHMENT', 133, 336);
INSERT INTO BOOK(book_id, condition, state, edition_id, line_id) VALUES(4370, 'UNUSABLE', 'IN_STOCK', 133, 276);
INSERT INTO BOOK(book_id, condition, state, edition_id, line_id) VALUES(4371, 'PERFECT', 'IN_STOCK', 133, 307);
INSERT INTO BOOK(book_id, condition, state, edition_id, line_id) VALUES(4372, 'PERFECT', 'IN_STOCK', 133, 338);
INSERT INTO BOOK(book_id, condition, state, edition_id, line_id) VALUES(4373, 'WORN_OUT', 'IN_STOCK', 133, 131);
INSERT INTO BOOK(book_id, condition, state, edition_id, line_id) VALUES(4374, 'WORN_OUT', 'IN_STOCK', 134, 252);
INSERT INTO BOOK(book_id, condition, state, edition_id, line_id) VALUES(4375, 'PERFECT', 'IN_STOCK', 134, 274);
INSERT INTO BOOK(book_id, condition, state, edition_id, line_id) VALUES(4376, 'DAMAGED', 'IN_STOCK', 134, 310);
INSERT INTO BOOK(book_id, condition, state, edition_id, line_id) VALUES(4377, 'PERFECT', 'IN_STOCK', 134, 343);
INSERT INTO BOOK(book_id, condition, state, edition_id, line_id) VALUES(4378, 'DAMAGED', 'IN_STOCK', 134, 261);
INSERT INTO BOOK(book_id, condition, state, edition_id, line_id) VALUES(4379, 'DAMAGED', 'IN_STOCK', 134, 92);
INSERT INTO BOOK(book_id, condition, state, edition_id, line_id) VALUES(4380, 'DAMAGED', 'IN_STOCK', 134, 353);
INSERT INTO BOOK(book_id, condition, state, edition_id, line_id) VALUES(4381, 'PERFECT', 'REFURBISHMENT', 134, 115);
INSERT INTO BOOK(book_id, condition, state, edition_id, line_id) VALUES(4382, 'UNUSABLE', 'REFURBISHMENT', 134, 184);
INSERT INTO BOOK(book_id, condition, state, edition_id, line_id) VALUES(4383, 'WORN_OUT', 'IN_STOCK', 134, 332);
INSERT INTO BOOK(book_id, condition, state, edition_id, line_id) VALUES(4384, 'PERFECT', 'IN_STOCK', 134, 105);
INSERT INTO BOOK(book_id, condition, state, edition_id, line_id) VALUES(4385, 'DAMAGED', 'REFURBISHMENT', 134, 340);
INSERT INTO BOOK(book_id, condition, state, edition_id, line_id) VALUES(4386, 'PERFECT', 'IN_STOCK', 134, 316);
INSERT INTO BOOK(book_id, condition, state, edition_id, line_id) VALUES(4387, 'PERFECT', 'IN_STOCK', 134, 47);
INSERT INTO BOOK(book_id, condition, state, edition_id, line_id) VALUES(4388, 'PERFECT', 'IN_STOCK', 134, 121);
INSERT INTO BOOK(book_id, condition, state, edition_id, line_id) VALUES(4389, 'PERFECT', 'IN_STOCK', 134, 335);
INSERT INTO BOOK(book_id, condition, state, edition_id, line_id) VALUES(4390, 'PERFECT', 'IN_STOCK', 134, 36);
INSERT INTO BOOK(book_id, condition, state, edition_id, line_id) VALUES(4391, 'WORN_OUT', 'REFURBISHMENT', 134, 142);
INSERT INTO BOOK(book_id, condition, state, edition_id, line_id) VALUES(4392, 'WORN_OUT', 'IN_STOCK', 134, 51);
INSERT INTO BOOK(book_id, condition, state, edition_id, line_id) VALUES(4393, 'PERFECT', 'IN_STOCK', 134, 27);
INSERT INTO BOOK(book_id, condition, state, edition_id, line_id) VALUES(4394, 'PERFECT', 'REFURBISHMENT', 134, 334);
INSERT INTO BOOK(book_id, condition, state, edition_id, line_id) VALUES(4395, 'WORN_OUT', 'IN_STOCK', 134, 10);
INSERT INTO BOOK(book_id, condition, state, edition_id, line_id) VALUES(4396, 'WORN_OUT', 'REFURBISHMENT', 134, 137);
INSERT INTO BOOK(book_id, condition, state, edition_id, line_id) VALUES(4397, 'PERFECT', 'REFURBISHMENT', 134, 192);
INSERT INTO BOOK(book_id, condition, state, edition_id, line_id) VALUES(4398, 'PERFECT', 'IN_STOCK', 134, 106);
INSERT INTO BOOK(book_id, condition, state, edition_id, line_id) VALUES(4399, 'PERFECT', 'IN_STOCK', 134, 259);
INSERT INTO BOOK(book_id, condition, state, edition_id, line_id) VALUES(4400, 'WORN_OUT', 'IN_STOCK', 134, 46);
INSERT INTO BOOK(book_id, condition, state, edition_id, line_id) VALUES(4401, 'DAMAGED', 'REFURBISHMENT', 134, 182);
INSERT INTO BOOK(book_id, condition, state, edition_id, line_id) VALUES(4402, 'PERFECT', 'IN_STOCK', 134, 53);
INSERT INTO BOOK(book_id, condition, state, edition_id, line_id) VALUES(4403, 'UNUSABLE', 'IN_STOCK', 134, 211);
INSERT INTO BOOK(book_id, condition, state, edition_id, line_id) VALUES(4404, 'WORN_OUT', 'MISSING', 134, 237);
INSERT INTO BOOK(book_id, condition, state, edition_id, line_id) VALUES(4405, 'PERFECT', 'IN_STOCK', 134, 64);
INSERT INTO BOOK(book_id, condition, state, edition_id, line_id) VALUES(4406, 'PERFECT', 'REFURBISHMENT', 134, 244);
INSERT INTO BOOK(book_id, condition, state, edition_id, line_id) VALUES(4407, 'PERFECT', 'IN_STOCK', 134, 43);
INSERT INTO BOOK(book_id, condition, state, edition_id, line_id) VALUES(4408, 'PERFECT', 'IN_STOCK', 134, 119);
INSERT INTO BOOK(book_id, condition, state, edition_id, line_id) VALUES(4409, 'WORN_OUT', 'IN_STOCK', 134, 220);
INSERT INTO BOOK(book_id, condition, state, edition_id, line_id) VALUES(4410, 'DAMAGED', 'IN_STOCK', 135, 199);
INSERT INTO BOOK(book_id, condition, state, edition_id, line_id) VALUES(4411, 'UNUSABLE', 'MISSING', 135, 166);
INSERT INTO BOOK(book_id, condition, state, edition_id, line_id) VALUES(4412, 'PERFECT', 'IN_STOCK', 135, 324);
INSERT INTO BOOK(book_id, condition, state, edition_id, line_id) VALUES(4413, 'DAMAGED', 'IN_STOCK', 135, 151);
INSERT INTO BOOK(book_id, condition, state, edition_id, line_id) VALUES(4414, 'WORN_OUT', 'IN_STOCK', 135, 188);
INSERT INTO BOOK(book_id, condition, state, edition_id, line_id) VALUES(4415, 'PERFECT', 'MISSING', 135, 260);
INSERT INTO BOOK(book_id, condition, state, edition_id, line_id) VALUES(4416, 'WORN_OUT', 'REFURBISHMENT', 135, 22);
INSERT INTO BOOK(book_id, condition, state, edition_id, line_id) VALUES(4417, 'PERFECT', 'IN_STOCK', 135, 179);
INSERT INTO BOOK(book_id, condition, state, edition_id, line_id) VALUES(4418, 'DAMAGED', 'IN_STOCK', 135, 135);
INSERT INTO BOOK(book_id, condition, state, edition_id, line_id) VALUES(4419, 'PERFECT', 'IN_STOCK', 135, 90);
INSERT INTO BOOK(book_id, condition, state, edition_id, line_id) VALUES(4420, 'DAMAGED', 'IN_STOCK', 135, 360);
INSERT INTO BOOK(book_id, condition, state, edition_id, line_id) VALUES(4421, 'UNUSABLE', 'IN_STOCK', 135, 146);
INSERT INTO BOOK(book_id, condition, state, edition_id, line_id) VALUES(4422, 'PERFECT', 'IN_STOCK', 135, 52);
INSERT INTO BOOK(book_id, condition, state, edition_id, line_id) VALUES(4423, 'PERFECT', 'IN_STOCK', 135, 73);
INSERT INTO BOOK(book_id, condition, state, edition_id, line_id) VALUES(4424, 'PERFECT', 'IN_STOCK', 135, 278);
INSERT INTO BOOK(book_id, condition, state, edition_id, line_id) VALUES(4425, 'PERFECT', 'IN_STOCK', 135, 19);
INSERT INTO BOOK(book_id, condition, state, edition_id, line_id) VALUES(4426, 'DAMAGED', 'REFURBISHMENT', 135, 88);
INSERT INTO BOOK(book_id, condition, state, edition_id, line_id) VALUES(4427, 'WORN_OUT', 'IN_STOCK', 135, 181);
INSERT INTO BOOK(book_id, condition, state, edition_id, line_id) VALUES(4428, 'WORN_OUT', 'IN_STOCK', 135, 199);
INSERT INTO BOOK(book_id, condition, state, edition_id, line_id) VALUES(4429, 'WORN_OUT', 'IN_STOCK', 135, 255);
INSERT INTO BOOK(book_id, condition, state, edition_id, line_id) VALUES(4430, 'PERFECT', 'IN_STOCK', 135, 65);
INSERT INTO BOOK(book_id, condition, state, edition_id, line_id) VALUES(4431, 'PERFECT', 'IN_STOCK', 135, 275);
INSERT INTO BOOK(book_id, condition, state, edition_id, line_id) VALUES(4432, 'PERFECT', 'IN_STOCK', 135, 80);
INSERT INTO BOOK(book_id, condition, state, edition_id, line_id) VALUES(4433, 'PERFECT', 'REFURBISHMENT', 135, 84);
INSERT INTO BOOK(book_id, condition, state, edition_id, line_id) VALUES(4434, 'UNUSABLE', 'IN_STOCK', 135, 217);
INSERT INTO BOOK(book_id, condition, state, edition_id, line_id) VALUES(4435, 'PERFECT', 'IN_STOCK', 135, 172);
INSERT INTO BOOK(book_id, condition, state, edition_id, line_id) VALUES(4436, 'PERFECT', 'REFURBISHMENT', 135, 156);
INSERT INTO BOOK(book_id, condition, state, edition_id, line_id) VALUES(4437, 'WORN_OUT', 'IN_STOCK', 135, 244);
INSERT INTO BOOK(book_id, condition, state, edition_id, line_id) VALUES(4438, 'PERFECT', 'IN_STOCK', 135, 181);
INSERT INTO BOOK(book_id, condition, state, edition_id, line_id) VALUES(4439, 'PERFECT', 'IN_STOCK', 135, 163);
INSERT INTO BOOK(book_id, condition, state, edition_id, line_id) VALUES(4440, 'PERFECT', 'REFURBISHMENT', 135, 343);
INSERT INTO BOOK(book_id, condition, state, edition_id, line_id) VALUES(4441, 'PERFECT', 'IN_STOCK', 135, 344);
INSERT INTO BOOK(book_id, condition, state, edition_id, line_id) VALUES(4442, 'DAMAGED', 'MISSING', 135, 67);
INSERT INTO BOOK(book_id, condition, state, edition_id, line_id) VALUES(4443, 'PERFECT', 'MISSING', 135, 38);
INSERT INTO BOOK(book_id, condition, state, edition_id, line_id) VALUES(4444, 'PERFECT', 'MISSING', 135, 316);
INSERT INTO BOOK(book_id, condition, state, edition_id, line_id) VALUES(4445, 'PERFECT', 'IN_STOCK', 135, 123);
INSERT INTO BOOK(book_id, condition, state, edition_id, line_id) VALUES(4446, 'WORN_OUT', 'IN_STOCK', 135, 44);
INSERT INTO BOOK(book_id, condition, state, edition_id, line_id) VALUES(4447, 'PERFECT', 'IN_STOCK', 135, 219);
INSERT INTO BOOK(book_id, condition, state, edition_id, line_id) VALUES(4448, 'UNUSABLE', 'IN_STOCK', 135, 200);
INSERT INTO BOOK(book_id, condition, state, edition_id, line_id) VALUES(4449, 'WORN_OUT', 'IN_STOCK', 135, 195);
INSERT INTO BOOK(book_id, condition, state, edition_id, line_id) VALUES(4450, 'PERFECT', 'IN_STOCK', 135, 240);
INSERT INTO BOOK(book_id, condition, state, edition_id, line_id) VALUES(4451, 'PERFECT', 'IN_STOCK', 136, 135);
INSERT INTO BOOK(book_id, condition, state, edition_id, line_id) VALUES(4452, 'WORN_OUT', 'IN_STOCK', 136, 169);
INSERT INTO BOOK(book_id, condition, state, edition_id, line_id) VALUES(4453, 'PERFECT', 'IN_STOCK', 136, 29);
INSERT INTO BOOK(book_id, condition, state, edition_id, line_id) VALUES(4454, 'WORN_OUT', 'IN_STOCK', 136, 323);
INSERT INTO BOOK(book_id, condition, state, edition_id, line_id) VALUES(4455, 'WORN_OUT', 'IN_STOCK', 136, 8);
INSERT INTO BOOK(book_id, condition, state, edition_id, line_id) VALUES(4456, 'UNUSABLE', 'IN_STOCK', 136, 253);
INSERT INTO BOOK(book_id, condition, state, edition_id, line_id) VALUES(4457, 'WORN_OUT', 'IN_STOCK', 136, 179);
INSERT INTO BOOK(book_id, condition, state, edition_id, line_id) VALUES(4458, 'WORN_OUT', 'IN_STOCK', 136, 49);
INSERT INTO BOOK(book_id, condition, state, edition_id, line_id) VALUES(4459, 'PERFECT', 'IN_STOCK', 136, 123);
INSERT INTO BOOK(book_id, condition, state, edition_id, line_id) VALUES(4460, 'PERFECT', 'IN_STOCK', 137, 88);
INSERT INTO BOOK(book_id, condition, state, edition_id, line_id) VALUES(4461, 'UNUSABLE', 'IN_STOCK', 137, 246);
INSERT INTO BOOK(book_id, condition, state, edition_id, line_id) VALUES(4462, 'PERFECT', 'IN_STOCK', 137, 58);
INSERT INTO BOOK(book_id, condition, state, edition_id, line_id) VALUES(4463, 'WORN_OUT', 'IN_STOCK', 137, 269);
INSERT INTO BOOK(book_id, condition, state, edition_id, line_id) VALUES(4464, 'UNUSABLE', 'IN_STOCK', 137, 281);
INSERT INTO BOOK(book_id, condition, state, edition_id, line_id) VALUES(4465, 'PERFECT', 'IN_STOCK', 137, 270);
INSERT INTO BOOK(book_id, condition, state, edition_id, line_id) VALUES(4466, 'PERFECT', 'MISSING', 137, 133);
INSERT INTO BOOK(book_id, condition, state, edition_id, line_id) VALUES(4467, 'PERFECT', 'IN_STOCK', 137, 319);
INSERT INTO BOOK(book_id, condition, state, edition_id, line_id) VALUES(4468, 'PERFECT', 'MISSING', 137, 147);
INSERT INTO BOOK(book_id, condition, state, edition_id, line_id) VALUES(4469, 'PERFECT', 'MISSING', 137, 321);
INSERT INTO BOOK(book_id, condition, state, edition_id, line_id) VALUES(4470, 'DAMAGED', 'IN_STOCK', 137, 295);
INSERT INTO BOOK(book_id, condition, state, edition_id, line_id) VALUES(4471, 'PERFECT', 'REFURBISHMENT', 137, 322);
INSERT INTO BOOK(book_id, condition, state, edition_id, line_id) VALUES(4472, 'PERFECT', 'IN_STOCK', 137, 4);
INSERT INTO BOOK(book_id, condition, state, edition_id, line_id) VALUES(4473, 'PERFECT', 'IN_STOCK', 137, 156);
INSERT INTO BOOK(book_id, condition, state, edition_id, line_id) VALUES(4474, 'PERFECT', 'IN_STOCK', 137, 253);
INSERT INTO BOOK(book_id, condition, state, edition_id, line_id) VALUES(4475, 'PERFECT', 'IN_STOCK', 137, 221);
INSERT INTO BOOK(book_id, condition, state, edition_id, line_id) VALUES(4476, 'PERFECT', 'IN_STOCK', 137, 112);
INSERT INTO BOOK(book_id, condition, state, edition_id, line_id) VALUES(4477, 'WORN_OUT', 'IN_STOCK', 137, 203);
INSERT INTO BOOK(book_id, condition, state, edition_id, line_id) VALUES(4478, 'PERFECT', 'MISSING', 137, 268);
INSERT INTO BOOK(book_id, condition, state, edition_id, line_id) VALUES(4479, 'PERFECT', 'IN_STOCK', 137, 297);
INSERT INTO BOOK(book_id, condition, state, edition_id, line_id) VALUES(4480, 'PERFECT', 'MISSING', 137, 120);
INSERT INTO BOOK(book_id, condition, state, edition_id, line_id) VALUES(4481, 'UNUSABLE', 'IN_STOCK', 137, 93);
INSERT INTO BOOK(book_id, condition, state, edition_id, line_id) VALUES(4482, 'PERFECT', 'IN_STOCK', 137, 79);
INSERT INTO BOOK(book_id, condition, state, edition_id, line_id) VALUES(4483, 'PERFECT', 'REFURBISHMENT', 137, 297);
INSERT INTO BOOK(book_id, condition, state, edition_id, line_id) VALUES(4484, 'PERFECT', 'IN_STOCK', 137, 9);
INSERT INTO BOOK(book_id, condition, state, edition_id, line_id) VALUES(4485, 'UNUSABLE', 'IN_STOCK', 137, 333);
INSERT INTO BOOK(book_id, condition, state, edition_id, line_id) VALUES(4486, 'PERFECT', 'IN_STOCK', 137, 153);
INSERT INTO BOOK(book_id, condition, state, edition_id, line_id) VALUES(4487, 'PERFECT', 'IN_STOCK', 137, 124);
INSERT INTO BOOK(book_id, condition, state, edition_id, line_id) VALUES(4488, 'PERFECT', 'IN_STOCK', 137, 63);
INSERT INTO BOOK(book_id, condition, state, edition_id, line_id) VALUES(4489, 'DAMAGED', 'IN_STOCK', 137, 147);
INSERT INTO BOOK(book_id, condition, state, edition_id, line_id) VALUES(4490, 'PERFECT', 'IN_STOCK', 137, 287);
INSERT INTO BOOK(book_id, condition, state, edition_id, line_id) VALUES(4491, 'UNUSABLE', 'IN_STOCK', 137, 199);
INSERT INTO BOOK(book_id, condition, state, edition_id, line_id) VALUES(4492, 'PERFECT', 'IN_STOCK', 137, 244);
INSERT INTO BOOK(book_id, condition, state, edition_id, line_id) VALUES(4493, 'PERFECT', 'IN_STOCK', 137, 301);
INSERT INTO BOOK(book_id, condition, state, edition_id, line_id) VALUES(4494, 'PERFECT', 'IN_STOCK', 137, 190);
INSERT INTO BOOK(book_id, condition, state, edition_id, line_id) VALUES(4495, 'PERFECT', 'REFURBISHMENT', 137, 355);
INSERT INTO BOOK(book_id, condition, state, edition_id, line_id) VALUES(4496, 'PERFECT', 'IN_STOCK', 137, 232);
INSERT INTO BOOK(book_id, condition, state, edition_id, line_id) VALUES(4497, 'UNUSABLE', 'REFURBISHMENT', 137, 292);
INSERT INTO BOOK(book_id, condition, state, edition_id, line_id) VALUES(4498, 'PERFECT', 'IN_STOCK', 137, 230);
INSERT INTO BOOK(book_id, condition, state, edition_id, line_id) VALUES(4499, 'DAMAGED', 'IN_STOCK', 137, 102);
INSERT INTO BOOK(book_id, condition, state, edition_id, line_id) VALUES(4500, 'WORN_OUT', 'IN_STOCK', 137, 259);
INSERT INTO BOOK(book_id, condition, state, edition_id, line_id) VALUES(4501, 'PERFECT', 'REFURBISHMENT', 137, 354);
INSERT INTO BOOK(book_id, condition, state, edition_id, line_id) VALUES(4502, 'WORN_OUT', 'IN_STOCK', 137, 219);
INSERT INTO BOOK(book_id, condition, state, edition_id, line_id) VALUES(4503, 'PERFECT', 'IN_STOCK', 137, 44);
INSERT INTO BOOK(book_id, condition, state, edition_id, line_id) VALUES(4504, 'UNUSABLE', 'IN_STOCK', 137, 202);
INSERT INTO BOOK(book_id, condition, state, edition_id, line_id) VALUES(4505, 'WORN_OUT', 'MISSING', 137, 63);
INSERT INTO BOOK(book_id, condition, state, edition_id, line_id) VALUES(4506, 'PERFECT', 'IN_STOCK', 138, 285);
INSERT INTO BOOK(book_id, condition, state, edition_id, line_id) VALUES(4507, 'DAMAGED', 'IN_STOCK', 138, 264);
INSERT INTO BOOK(book_id, condition, state, edition_id, line_id) VALUES(4508, 'DAMAGED', 'IN_STOCK', 138, 25);
INSERT INTO BOOK(book_id, condition, state, edition_id, line_id) VALUES(4509, 'PERFECT', 'IN_STOCK', 138, 207);
INSERT INTO BOOK(book_id, condition, state, edition_id, line_id) VALUES(4510, 'PERFECT', 'IN_STOCK', 138, 210);
INSERT INTO BOOK(book_id, condition, state, edition_id, line_id) VALUES(4511, 'WORN_OUT', 'REFURBISHMENT', 138, 347);
INSERT INTO BOOK(book_id, condition, state, edition_id, line_id) VALUES(4512, 'PERFECT', 'MISSING', 138, 128);
INSERT INTO BOOK(book_id, condition, state, edition_id, line_id) VALUES(4513, 'WORN_OUT', 'IN_STOCK', 138, 235);
INSERT INTO BOOK(book_id, condition, state, edition_id, line_id) VALUES(4514, 'PERFECT', 'IN_STOCK', 138, 241);
INSERT INTO BOOK(book_id, condition, state, edition_id, line_id) VALUES(4515, 'PERFECT', 'IN_STOCK', 138, 74);
INSERT INTO BOOK(book_id, condition, state, edition_id, line_id) VALUES(4516, 'DAMAGED', 'MISSING', 138, 54);
INSERT INTO BOOK(book_id, condition, state, edition_id, line_id) VALUES(4517, 'PERFECT', 'MISSING', 138, 50);
INSERT INTO BOOK(book_id, condition, state, edition_id, line_id) VALUES(4518, 'WORN_OUT', 'REFURBISHMENT', 138, 311);
INSERT INTO BOOK(book_id, condition, state, edition_id, line_id) VALUES(4519, 'UNUSABLE', 'MISSING', 138, 188);
INSERT INTO BOOK(book_id, condition, state, edition_id, line_id) VALUES(4520, 'PERFECT', 'IN_STOCK', 138, 144);
INSERT INTO BOOK(book_id, condition, state, edition_id, line_id) VALUES(4521, 'PERFECT', 'IN_STOCK', 138, 95);
INSERT INTO BOOK(book_id, condition, state, edition_id, line_id) VALUES(4522, 'WORN_OUT', 'IN_STOCK', 138, 334);
INSERT INTO BOOK(book_id, condition, state, edition_id, line_id) VALUES(4523, 'PERFECT', 'IN_STOCK', 138, 286);
INSERT INTO BOOK(book_id, condition, state, edition_id, line_id) VALUES(4524, 'PERFECT', 'REFURBISHMENT', 138, 328);
INSERT INTO BOOK(book_id, condition, state, edition_id, line_id) VALUES(4525, 'DAMAGED', 'IN_STOCK', 138, 184);
INSERT INTO BOOK(book_id, condition, state, edition_id, line_id) VALUES(4526, 'PERFECT', 'IN_STOCK', 138, 345);
INSERT INTO BOOK(book_id, condition, state, edition_id, line_id) VALUES(4527, 'PERFECT', 'REFURBISHMENT', 138, 57);
INSERT INTO BOOK(book_id, condition, state, edition_id, line_id) VALUES(4528, 'WORN_OUT', 'IN_STOCK', 138, 276);
INSERT INTO BOOK(book_id, condition, state, edition_id, line_id) VALUES(4529, 'PERFECT', 'MISSING', 138, 44);
INSERT INTO BOOK(book_id, condition, state, edition_id, line_id) VALUES(4530, 'PERFECT', 'IN_STOCK', 138, 233);
INSERT INTO BOOK(book_id, condition, state, edition_id, line_id) VALUES(4531, 'PERFECT', 'IN_STOCK', 138, 330);
INSERT INTO BOOK(book_id, condition, state, edition_id, line_id) VALUES(4532, 'DAMAGED', 'REFURBISHMENT', 138, 92);
INSERT INTO BOOK(book_id, condition, state, edition_id, line_id) VALUES(4533, 'WORN_OUT', 'MISSING', 138, 298);
INSERT INTO BOOK(book_id, condition, state, edition_id, line_id) VALUES(4534, 'PERFECT', 'IN_STOCK', 138, 40);
INSERT INTO BOOK(book_id, condition, state, edition_id, line_id) VALUES(4535, 'PERFECT', 'IN_STOCK', 138, 282);
INSERT INTO BOOK(book_id, condition, state, edition_id, line_id) VALUES(4536, 'DAMAGED', 'IN_STOCK', 138, 260);
INSERT INTO BOOK(book_id, condition, state, edition_id, line_id) VALUES(4537, 'PERFECT', 'IN_STOCK', 138, 209);
INSERT INTO BOOK(book_id, condition, state, edition_id, line_id) VALUES(4538, 'PERFECT', 'IN_STOCK', 138, 234);
INSERT INTO BOOK(book_id, condition, state, edition_id, line_id) VALUES(4539, 'PERFECT', 'IN_STOCK', 138, 329);
INSERT INTO BOOK(book_id, condition, state, edition_id, line_id) VALUES(4540, 'PERFECT', 'REFURBISHMENT', 138, 318);
INSERT INTO BOOK(book_id, condition, state, edition_id, line_id) VALUES(4541, 'PERFECT', 'IN_STOCK', 138, 12);
INSERT INTO BOOK(book_id, condition, state, edition_id, line_id) VALUES(4542, 'UNUSABLE', 'IN_STOCK', 138, 122);
INSERT INTO BOOK(book_id, condition, state, edition_id, line_id) VALUES(4543, 'PERFECT', 'REFURBISHMENT', 138, 202);
INSERT INTO BOOK(book_id, condition, state, edition_id, line_id) VALUES(4544, 'WORN_OUT', 'IN_STOCK', 138, 331);
INSERT INTO BOOK(book_id, condition, state, edition_id, line_id) VALUES(4545, 'PERFECT', 'IN_STOCK', 138, 324);
INSERT INTO BOOK(book_id, condition, state, edition_id, line_id) VALUES(4546, 'WORN_OUT', 'IN_STOCK', 138, 342);
INSERT INTO BOOK(book_id, condition, state, edition_id, line_id) VALUES(4547, 'UNUSABLE', 'REFURBISHMENT', 138, 165);
INSERT INTO BOOK(book_id, condition, state, edition_id, line_id) VALUES(4548, 'PERFECT', 'IN_STOCK', 138, 42);
INSERT INTO BOOK(book_id, condition, state, edition_id, line_id) VALUES(4549, 'DAMAGED', 'IN_STOCK', 138, 302);
INSERT INTO BOOK(book_id, condition, state, edition_id, line_id) VALUES(4550, 'DAMAGED', 'IN_STOCK', 138, 318);
INSERT INTO BOOK(book_id, condition, state, edition_id, line_id) VALUES(4551, 'PERFECT', 'MISSING', 138, 242);
INSERT INTO BOOK(book_id, condition, state, edition_id, line_id) VALUES(4552, 'PERFECT', 'IN_STOCK', 138, 256);
INSERT INTO BOOK(book_id, condition, state, edition_id, line_id) VALUES(4553, 'PERFECT', 'IN_STOCK', 138, 96);
INSERT INTO BOOK(book_id, condition, state, edition_id, line_id) VALUES(4554, 'PERFECT', 'MISSING', 138, 277);
INSERT INTO BOOK(book_id, condition, state, edition_id, line_id) VALUES(4555, 'UNUSABLE', 'IN_STOCK', 138, 75);
INSERT INTO BOOK(book_id, condition, state, edition_id, line_id) VALUES(4556, 'WORN_OUT', 'REFURBISHMENT', 138, 320);
INSERT INTO BOOK(book_id, condition, state, edition_id, line_id) VALUES(4557, 'PERFECT', 'IN_STOCK', 138, 207);
INSERT INTO BOOK(book_id, condition, state, edition_id, line_id) VALUES(4558, 'PERFECT', 'REFURBISHMENT', 138, 203);
INSERT INTO BOOK(book_id, condition, state, edition_id, line_id) VALUES(4559, 'PERFECT', 'IN_STOCK', 138, 166);
INSERT INTO BOOK(book_id, condition, state, edition_id, line_id) VALUES(4560, 'PERFECT', 'IN_STOCK', 138, 198);
INSERT INTO BOOK(book_id, condition, state, edition_id, line_id) VALUES(4561, 'UNUSABLE', 'IN_STOCK', 139, 246);
INSERT INTO BOOK(book_id, condition, state, edition_id, line_id) VALUES(4562, 'PERFECT', 'IN_STOCK', 139, 122);
INSERT INTO BOOK(book_id, condition, state, edition_id, line_id) VALUES(4563, 'PERFECT', 'IN_STOCK', 139, 349);
INSERT INTO BOOK(book_id, condition, state, edition_id, line_id) VALUES(4564, 'UNUSABLE', 'REFURBISHMENT', 139, 213);
INSERT INTO BOOK(book_id, condition, state, edition_id, line_id) VALUES(4565, 'PERFECT', 'MISSING', 139, 64);
INSERT INTO BOOK(book_id, condition, state, edition_id, line_id) VALUES(4566, 'PERFECT', 'IN_STOCK', 140, 48);
INSERT INTO BOOK(book_id, condition, state, edition_id, line_id) VALUES(4567, 'PERFECT', 'MISSING', 140, 83);
INSERT INTO BOOK(book_id, condition, state, edition_id, line_id) VALUES(4568, 'WORN_OUT', 'MISSING', 140, 123);
INSERT INTO BOOK(book_id, condition, state, edition_id, line_id) VALUES(4569, 'PERFECT', 'IN_STOCK', 140, 213);
INSERT INTO BOOK(book_id, condition, state, edition_id, line_id) VALUES(4570, 'PERFECT', 'IN_STOCK', 140, 218);
INSERT INTO BOOK(book_id, condition, state, edition_id, line_id) VALUES(4571, 'PERFECT', 'IN_STOCK', 140, 364);
INSERT INTO BOOK(book_id, condition, state, edition_id, line_id) VALUES(4572, 'UNUSABLE', 'MISSING', 140, 355);
INSERT INTO BOOK(book_id, condition, state, edition_id, line_id) VALUES(4573, 'DAMAGED', 'IN_STOCK', 140, 60);
INSERT INTO BOOK(book_id, condition, state, edition_id, line_id) VALUES(4574, 'PERFECT', 'IN_STOCK', 140, 97);
INSERT INTO BOOK(book_id, condition, state, edition_id, line_id) VALUES(4575, 'PERFECT', 'IN_STOCK', 140, 267);
INSERT INTO BOOK(book_id, condition, state, edition_id, line_id) VALUES(4576, 'PERFECT', 'IN_STOCK', 140, 228);
INSERT INTO BOOK(book_id, condition, state, edition_id, line_id) VALUES(4577, 'DAMAGED', 'IN_STOCK', 140, 311);
INSERT INTO RESERVATION VALUES(0, PARSEDATETIME('2021-01-01', 'yyyy-MM-dd'), PARSEDATETIME('2021-01-02', 'yyyy-MM-dd'), 'DENIED', 11);
INSERT INTO RESERVATION VALUES(1, PARSEDATETIME('2021-01-01', 'yyyy-MM-dd'), PARSEDATETIME('2021-01-02', 'yyyy-MM-dd'), 'APPROVED', 27);
INSERT INTO RESERVATION VALUES(2, PARSEDATETIME('2021-01-01', 'yyyy-MM-dd'), PARSEDATETIME('2021-01-02', 'yyyy-MM-dd'), 'APPROVED', 16);
INSERT INTO RESERVATION VALUES(3, PARSEDATETIME('2021-01-01', 'yyyy-MM-dd'), PARSEDATETIME('2021-01-02', 'yyyy-MM-dd'), 'DENIED', 24);
INSERT INTO RESERVATION VALUES(4, PARSEDATETIME('2021-01-01', 'yyyy-MM-dd'), PARSEDATETIME('2021-01-02', 'yyyy-MM-dd'), 'APPROVED', 22);
INSERT INTO RESERVATION VALUES(5, PARSEDATETIME('2021-01-01', 'yyyy-MM-dd'), PARSEDATETIME('2021-01-02', 'yyyy-MM-dd'), 'RETURNED', 6);
INSERT INTO RESERVATION VALUES(6, PARSEDATETIME('2021-01-01', 'yyyy-MM-dd'), PARSEDATETIME('2021-01-02', 'yyyy-MM-dd'), 'SEIZED', 5);
INSERT INTO RESERVATION VALUES(7, PARSEDATETIME('2021-01-01', 'yyyy-MM-dd'), PARSEDATETIME('2021-01-02', 'yyyy-MM-dd'), 'APPROVED', 11);
INSERT INTO RESERVATION VALUES(8, PARSEDATETIME('2021-01-01', 'yyyy-MM-dd'), PARSEDATETIME('2021-01-02', 'yyyy-MM-dd'), 'APPROVED', 16);
INSERT INTO RESERVATION VALUES(9, PARSEDATETIME('2021-01-01', 'yyyy-MM-dd'), PARSEDATETIME('2021-01-02', 'yyyy-MM-dd'), 'NEW', 16);
INSERT INTO RESERVATION VALUES(10, PARSEDATETIME('2021-01-01', 'yyyy-MM-dd'), PARSEDATETIME('2021-01-02', 'yyyy-MM-dd'), 'RETURNED', 13);
INSERT INTO RESERVATION VALUES(11, PARSEDATETIME('2021-01-01', 'yyyy-MM-dd'), PARSEDATETIME('2021-01-02', 'yyyy-MM-dd'), 'RETURNED', 12);
INSERT INTO RESERVATION VALUES(12, PARSEDATETIME('2021-01-01', 'yyyy-MM-dd'), PARSEDATETIME('2021-01-02', 'yyyy-MM-dd'), 'RETURNED', 3);
INSERT INTO RESERVATION VALUES(13, PARSEDATETIME('2021-01-01', 'yyyy-MM-dd'), PARSEDATETIME('2021-01-02', 'yyyy-MM-dd'), 'SEIZED', 20);
INSERT INTO RESERVATION VALUES(14, PARSEDATETIME('2021-01-01', 'yyyy-MM-dd'), PARSEDATETIME('2021-01-02', 'yyyy-MM-dd'), 'DENIED', 23);
INSERT INTO RESERVATION VALUES(15, PARSEDATETIME('2021-01-01', 'yyyy-MM-dd'), PARSEDATETIME('2021-01-02', 'yyyy-MM-dd'), 'NEW', 6);
INSERT INTO RESERVATION VALUES(16, PARSEDATETIME('2021-01-01', 'yyyy-MM-dd'), PARSEDATETIME('2021-01-02', 'yyyy-MM-dd'), 'SEIZED', 3);
INSERT INTO RESERVATION VALUES(17, PARSEDATETIME('2021-01-01', 'yyyy-MM-dd'), PARSEDATETIME('2021-01-02', 'yyyy-MM-dd'), 'RETURNED', 21);
INSERT INTO RESERVATION VALUES(18, PARSEDATETIME('2021-01-01', 'yyyy-MM-dd'), PARSEDATETIME('2021-01-02', 'yyyy-MM-dd'), 'NEW', 12);
INSERT INTO RESERVATION VALUES(19, PARSEDATETIME('2021-01-01', 'yyyy-MM-dd'), PARSEDATETIME('2021-01-02', 'yyyy-MM-dd'), 'NEW', 25);
INSERT INTO RESERVATION VALUES(20, PARSEDATETIME('2021-01-01', 'yyyy-MM-dd'), PARSEDATETIME('2021-01-02', 'yyyy-MM-dd'), 'DENIED', 18);
INSERT INTO RESERVATION VALUES(21, PARSEDATETIME('2021-01-01', 'yyyy-MM-dd'), PARSEDATETIME('2021-01-02', 'yyyy-MM-dd'), 'DENIED', 22);
INSERT INTO RESERVATION VALUES(22, PARSEDATETIME('2021-01-01', 'yyyy-MM-dd'), PARSEDATETIME('2021-01-02', 'yyyy-MM-dd'), 'SEIZED', 4);
INSERT INTO RESERVATION VALUES(23, PARSEDATETIME('2021-01-01', 'yyyy-MM-dd'), PARSEDATETIME('2021-01-02', 'yyyy-MM-dd'), 'DENIED', 29);
INSERT INTO RESERVATION VALUES(24, PARSEDATETIME('2021-01-01', 'yyyy-MM-dd'), PARSEDATETIME('2021-01-02', 'yyyy-MM-dd'), 'DENIED', 10);
INSERT INTO RESERVATION VALUES(25, PARSEDATETIME('2021-01-01', 'yyyy-MM-dd'), PARSEDATETIME('2021-01-02', 'yyyy-MM-dd'), 'NEW', 16);
INSERT INTO RESERVATION VALUES(26, PARSEDATETIME('2021-01-01', 'yyyy-MM-dd'), PARSEDATETIME('2021-01-02', 'yyyy-MM-dd'), 'SEIZED', 14);
INSERT INTO RESERVATION VALUES(27, PARSEDATETIME('2021-01-01', 'yyyy-MM-dd'), PARSEDATETIME('2021-01-02', 'yyyy-MM-dd'), 'SEIZED', 27);
INSERT INTO RESERVATION VALUES(28, PARSEDATETIME('2021-01-01', 'yyyy-MM-dd'), PARSEDATETIME('2021-01-02', 'yyyy-MM-dd'), 'NEW', 13);
INSERT INTO RESERVATION VALUES(29, PARSEDATETIME('2021-01-01', 'yyyy-MM-dd'), PARSEDATETIME('2021-01-02', 'yyyy-MM-dd'), 'RETURNED', 28);
INSERT INTO RESERVATION VALUES(30, PARSEDATETIME('2021-01-01', 'yyyy-MM-dd'), PARSEDATETIME('2021-01-02', 'yyyy-MM-dd'), 'NEW', 4);
INSERT INTO RESERVATION VALUES(31, PARSEDATETIME('2021-01-01', 'yyyy-MM-dd'), PARSEDATETIME('2021-01-02', 'yyyy-MM-dd'), 'NEW', 22);
INSERT INTO RESERVATION VALUES(32, PARSEDATETIME('2021-01-01', 'yyyy-MM-dd'), PARSEDATETIME('2021-01-02', 'yyyy-MM-dd'), 'DENIED', 16);
INSERT INTO RESERVATION VALUES(33, PARSEDATETIME('2021-01-01', 'yyyy-MM-dd'), PARSEDATETIME('2021-01-02', 'yyyy-MM-dd'), 'DENIED', 5);
INSERT INTO RESERVATION VALUES(34, PARSEDATETIME('2021-01-01', 'yyyy-MM-dd'), PARSEDATETIME('2021-01-02', 'yyyy-MM-dd'), 'SEIZED', 7);
INSERT INTO RESERVATION VALUES(35, PARSEDATETIME('2021-01-01', 'yyyy-MM-dd'), PARSEDATETIME('2021-01-02', 'yyyy-MM-dd'), 'RETURNED', 23);
INSERT INTO RESERVATION VALUES(36, PARSEDATETIME('2021-01-01', 'yyyy-MM-dd'), PARSEDATETIME('2021-01-02', 'yyyy-MM-dd'), 'DENIED', 4);
INSERT INTO RESERVATION VALUES(37, PARSEDATETIME('2021-01-01', 'yyyy-MM-dd'), PARSEDATETIME('2021-01-02', 'yyyy-MM-dd'), 'SEIZED', 27);
INSERT INTO RESERVATION VALUES(38, PARSEDATETIME('2021-01-01', 'yyyy-MM-dd'), PARSEDATETIME('2021-01-02', 'yyyy-MM-dd'), 'DENIED', 8);
INSERT INTO RESERVATION VALUES(39, PARSEDATETIME('2021-01-01', 'yyyy-MM-dd'), PARSEDATETIME('2021-01-02', 'yyyy-MM-dd'), 'SEIZED', 9);
INSERT INTO RESERVATION VALUES(40, PARSEDATETIME('2021-01-01', 'yyyy-MM-dd'), PARSEDATETIME('2021-01-02', 'yyyy-MM-dd'), 'SEIZED', 5);
INSERT INTO RESERVATION VALUES(41, PARSEDATETIME('2021-01-01', 'yyyy-MM-dd'), PARSEDATETIME('2021-01-02', 'yyyy-MM-dd'), 'APPROVED', 19);
INSERT INTO RESERVATION VALUES(42, PARSEDATETIME('2021-01-01', 'yyyy-MM-dd'), PARSEDATETIME('2021-01-02', 'yyyy-MM-dd'), 'RETURNED', 22);
INSERT INTO RESERVATION VALUES(43, PARSEDATETIME('2021-01-01', 'yyyy-MM-dd'), PARSEDATETIME('2021-01-02', 'yyyy-MM-dd'), 'NEW', 15);
INSERT INTO RESERVATION VALUES(44, PARSEDATETIME('2021-01-01', 'yyyy-MM-dd'), PARSEDATETIME('2021-01-02', 'yyyy-MM-dd'), 'SEIZED', 3);
INSERT INTO RESERVATION VALUES(45, PARSEDATETIME('2021-01-01', 'yyyy-MM-dd'), PARSEDATETIME('2021-01-02', 'yyyy-MM-dd'), 'DENIED', 22);
INSERT INTO RESERVATION VALUES(46, PARSEDATETIME('2021-01-01', 'yyyy-MM-dd'), PARSEDATETIME('2021-01-02', 'yyyy-MM-dd'), 'NEW', 18);
INSERT INTO RESERVATION VALUES(47, PARSEDATETIME('2021-01-01', 'yyyy-MM-dd'), PARSEDATETIME('2021-01-02', 'yyyy-MM-dd'), 'SEIZED', 25);
INSERT INTO RESERVATION VALUES(48, PARSEDATETIME('2021-01-01', 'yyyy-MM-dd'), PARSEDATETIME('2021-01-02', 'yyyy-MM-dd'), 'DENIED', 22);
INSERT INTO RESERVATION VALUES(49, PARSEDATETIME('2021-01-01', 'yyyy-MM-dd'), PARSEDATETIME('2021-01-02', 'yyyy-MM-dd'), 'APPROVED', 20);
INSERT INTO RESERVATION VALUES(50, PARSEDATETIME('2021-01-01', 'yyyy-MM-dd'), PARSEDATETIME('2021-01-02', 'yyyy-MM-dd'), 'DENIED', 4);
INSERT INTO RESERVATION VALUES(51, PARSEDATETIME('2021-01-01', 'yyyy-MM-dd'), PARSEDATETIME('2021-01-02', 'yyyy-MM-dd'), 'APPROVED', 17);
INSERT INTO RESERVATION VALUES(52, PARSEDATETIME('2021-01-01', 'yyyy-MM-dd'), PARSEDATETIME('2021-01-02', 'yyyy-MM-dd'), 'DENIED', 4);
INSERT INTO RESERVATION VALUES(53, PARSEDATETIME('2021-01-01', 'yyyy-MM-dd'), PARSEDATETIME('2021-01-02', 'yyyy-MM-dd'), 'RETURNED', 25);
INSERT INTO RESERVATION VALUES(54, PARSEDATETIME('2021-01-01', 'yyyy-MM-dd'), PARSEDATETIME('2021-01-02', 'yyyy-MM-dd'), 'DENIED', 17);
INSERT INTO RESERVATION VALUES(55, PARSEDATETIME('2021-01-01', 'yyyy-MM-dd'), PARSEDATETIME('2021-01-02', 'yyyy-MM-dd'), 'SEIZED', 29);
INSERT INTO RESERVATION VALUES(56, PARSEDATETIME('2021-01-01', 'yyyy-MM-dd'), PARSEDATETIME('2021-01-02', 'yyyy-MM-dd'), 'SEIZED', 22);
INSERT INTO RESERVATION VALUES(57, PARSEDATETIME('2021-01-01', 'yyyy-MM-dd'), PARSEDATETIME('2021-01-02', 'yyyy-MM-dd'), 'DENIED', 13);
INSERT INTO RESERVATION VALUES(58, PARSEDATETIME('2021-01-01', 'yyyy-MM-dd'), PARSEDATETIME('2021-01-02', 'yyyy-MM-dd'), 'SEIZED', 23);
INSERT INTO RESERVATION VALUES(59, PARSEDATETIME('2021-01-01', 'yyyy-MM-dd'), PARSEDATETIME('2021-01-02', 'yyyy-MM-dd'), 'DENIED', 26);
INSERT INTO RESERVATION VALUES(60, PARSEDATETIME('2021-01-01', 'yyyy-MM-dd'), PARSEDATETIME('2021-01-02', 'yyyy-MM-dd'), 'APPROVED', 16);
INSERT INTO RESERVATION VALUES(61, PARSEDATETIME('2021-01-01', 'yyyy-MM-dd'), PARSEDATETIME('2021-01-02', 'yyyy-MM-dd'), 'APPROVED', 4);
INSERT INTO RESERVATION VALUES(62, PARSEDATETIME('2021-01-01', 'yyyy-MM-dd'), PARSEDATETIME('2021-01-02', 'yyyy-MM-dd'), 'RETURNED', 1);
INSERT INTO RESERVATION VALUES(63, PARSEDATETIME('2021-01-01', 'yyyy-MM-dd'), PARSEDATETIME('2021-01-02', 'yyyy-MM-dd'), 'NEW', 5);
INSERT INTO RESERVATION VALUES(64, PARSEDATETIME('2021-01-01', 'yyyy-MM-dd'), PARSEDATETIME('2021-01-02', 'yyyy-MM-dd'), 'SEIZED', 7);
INSERT INTO RESERVATION VALUES(65, PARSEDATETIME('2021-01-01', 'yyyy-MM-dd'), PARSEDATETIME('2021-01-02', 'yyyy-MM-dd'), 'SEIZED', 3);
INSERT INTO RESERVATION VALUES(66, PARSEDATETIME('2021-01-01', 'yyyy-MM-dd'), PARSEDATETIME('2021-01-02', 'yyyy-MM-dd'), 'APPROVED', 7);
INSERT INTO RESERVATION VALUES(67, PARSEDATETIME('2021-01-01', 'yyyy-MM-dd'), PARSEDATETIME('2021-01-02', 'yyyy-MM-dd'), 'NEW', 11);
INSERT INTO RESERVATION VALUES(68, PARSEDATETIME('2021-01-01', 'yyyy-MM-dd'), PARSEDATETIME('2021-01-02', 'yyyy-MM-dd'), 'DENIED', 3);
INSERT INTO RESERVATION VALUES(69, PARSEDATETIME('2021-01-01', 'yyyy-MM-dd'), PARSEDATETIME('2021-01-02', 'yyyy-MM-dd'), 'NEW', 4);
INSERT INTO RESERVATION VALUES(70, PARSEDATETIME('2021-01-01', 'yyyy-MM-dd'), PARSEDATETIME('2021-01-02', 'yyyy-MM-dd'), 'SEIZED', 1);
INSERT INTO RESERVATION VALUES(71, PARSEDATETIME('2021-01-01', 'yyyy-MM-dd'), PARSEDATETIME('2021-01-02', 'yyyy-MM-dd'), 'NEW', 24);
INSERT INTO RESERVATION VALUES(72, PARSEDATETIME('2021-01-01', 'yyyy-MM-dd'), PARSEDATETIME('2021-01-02', 'yyyy-MM-dd'), 'DENIED', 8);
INSERT INTO RESERVATION VALUES(73, PARSEDATETIME('2021-01-01', 'yyyy-MM-dd'), PARSEDATETIME('2021-01-02', 'yyyy-MM-dd'), 'DENIED', 19);
INSERT INTO RESERVATION VALUES(74, PARSEDATETIME('2021-01-01', 'yyyy-MM-dd'), PARSEDATETIME('2021-01-02', 'yyyy-MM-dd'), 'DENIED', 21);
INSERT INTO RESERVATION VALUES(75, PARSEDATETIME('2021-01-01', 'yyyy-MM-dd'), PARSEDATETIME('2021-01-02', 'yyyy-MM-dd'), 'NEW', 25);
INSERT INTO RESERVATION VALUES(76, PARSEDATETIME('2021-01-01', 'yyyy-MM-dd'), PARSEDATETIME('2021-01-02', 'yyyy-MM-dd'), 'DENIED', 18);
INSERT INTO RESERVATION VALUES(77, PARSEDATETIME('2021-01-01', 'yyyy-MM-dd'), PARSEDATETIME('2021-01-02', 'yyyy-MM-dd'), 'RETURNED', 21);
INSERT INTO RESERVATION VALUES(78, PARSEDATETIME('2021-01-01', 'yyyy-MM-dd'), PARSEDATETIME('2021-01-02', 'yyyy-MM-dd'), 'APPROVED', 21);
INSERT INTO RESERVATION VALUES(79, PARSEDATETIME('2021-01-01', 'yyyy-MM-dd'), PARSEDATETIME('2021-01-02', 'yyyy-MM-dd'), 'APPROVED', 28);
INSERT INTO RESERVATION VALUES(80, PARSEDATETIME('2021-01-01', 'yyyy-MM-dd'), PARSEDATETIME('2021-01-02', 'yyyy-MM-dd'), 'SEIZED', 24);
INSERT INTO RESERVATION VALUES(81, PARSEDATETIME('2021-01-01', 'yyyy-MM-dd'), PARSEDATETIME('2021-01-02', 'yyyy-MM-dd'), 'RETURNED', 19);
INSERT INTO RESERVATION VALUES(82, PARSEDATETIME('2021-01-01', 'yyyy-MM-dd'), PARSEDATETIME('2021-01-02', 'yyyy-MM-dd'), 'SEIZED', 8);
INSERT INTO RESERVATION VALUES(83, PARSEDATETIME('2021-01-01', 'yyyy-MM-dd'), PARSEDATETIME('2021-01-02', 'yyyy-MM-dd'), 'NEW', 29);
INSERT INTO RESERVATION VALUES(84, PARSEDATETIME('2021-01-01', 'yyyy-MM-dd'), PARSEDATETIME('2021-01-02', 'yyyy-MM-dd'), 'DENIED', 23);
INSERT INTO RESERVATION VALUES(85, PARSEDATETIME('2021-01-01', 'yyyy-MM-dd'), PARSEDATETIME('2021-01-02', 'yyyy-MM-dd'), 'NEW', 16);
INSERT INTO RESERVATION VALUES(86, PARSEDATETIME('2021-01-01', 'yyyy-MM-dd'), PARSEDATETIME('2021-01-02', 'yyyy-MM-dd'), 'APPROVED', 19);
INSERT INTO RESERVATION VALUES(87, PARSEDATETIME('2021-01-01', 'yyyy-MM-dd'), PARSEDATETIME('2021-01-02', 'yyyy-MM-dd'), 'APPROVED', 7);
INSERT INTO RESERVATION VALUES(88, PARSEDATETIME('2021-01-01', 'yyyy-MM-dd'), PARSEDATETIME('2021-01-02', 'yyyy-MM-dd'), 'RETURNED', 14);
INSERT INTO RESERVATION VALUES(89, PARSEDATETIME('2021-01-01', 'yyyy-MM-dd'), PARSEDATETIME('2021-01-02', 'yyyy-MM-dd'), 'NEW', 0);
INSERT INTO RESERVATION VALUES(90, PARSEDATETIME('2021-01-01', 'yyyy-MM-dd'), PARSEDATETIME('2021-01-02', 'yyyy-MM-dd'), 'SEIZED', 23);
INSERT INTO RESERVATION VALUES(91, PARSEDATETIME('2021-01-01', 'yyyy-MM-dd'), PARSEDATETIME('2021-01-02', 'yyyy-MM-dd'), 'NEW', 2);
INSERT INTO RESERVATION VALUES(92, PARSEDATETIME('2021-01-01', 'yyyy-MM-dd'), PARSEDATETIME('2021-01-02', 'yyyy-MM-dd'), 'APPROVED', 28);
INSERT INTO RESERVATION VALUES(93, PARSEDATETIME('2021-01-01', 'yyyy-MM-dd'), PARSEDATETIME('2021-01-02', 'yyyy-MM-dd'), 'SEIZED', 22);
INSERT INTO RESERVATION VALUES(94, PARSEDATETIME('2021-01-01', 'yyyy-MM-dd'), PARSEDATETIME('2021-01-02', 'yyyy-MM-dd'), 'RETURNED', 21);
INSERT INTO RESERVATION VALUES(95, PARSEDATETIME('2021-01-01', 'yyyy-MM-dd'), PARSEDATETIME('2021-01-02', 'yyyy-MM-dd'), 'NEW', 0);
INSERT INTO RESERVATION VALUES(96, PARSEDATETIME('2021-01-01', 'yyyy-MM-dd'), PARSEDATETIME('2021-01-02', 'yyyy-MM-dd'), 'RETURNED', 14);
INSERT INTO RESERVATION VALUES(97, PARSEDATETIME('2021-01-01', 'yyyy-MM-dd'), PARSEDATETIME('2021-01-02', 'yyyy-MM-dd'), 'SEIZED', 23);
INSERT INTO RESERVATION VALUES(98, PARSEDATETIME('2021-01-01', 'yyyy-MM-dd'), PARSEDATETIME('2021-01-02', 'yyyy-MM-dd'), 'DENIED', 12);
INSERT INTO RESERVATION VALUES(99, PARSEDATETIME('2021-01-01', 'yyyy-MM-dd'), PARSEDATETIME('2021-01-02', 'yyyy-MM-dd'), 'APPROVED', 29);
INSERT INTO RESERVATION VALUES(100, PARSEDATETIME('2021-01-01', 'yyyy-MM-dd'), PARSEDATETIME('2021-01-02', 'yyyy-MM-dd'), 'SEIZED', 26);
INSERT INTO RESERVATION VALUES(101, PARSEDATETIME('2021-01-01', 'yyyy-MM-dd'), PARSEDATETIME('2021-01-02', 'yyyy-MM-dd'), 'RETURNED', 11);
INSERT INTO RESERVATION VALUES(102, PARSEDATETIME('2021-01-01', 'yyyy-MM-dd'), PARSEDATETIME('2021-01-02', 'yyyy-MM-dd'), 'SEIZED', 27);
INSERT INTO RESERVATION VALUES(103, PARSEDATETIME('2021-01-01', 'yyyy-MM-dd'), PARSEDATETIME('2021-01-02', 'yyyy-MM-dd'), 'NEW', 14);
INSERT INTO RESERVATION VALUES(104, PARSEDATETIME('2021-01-01', 'yyyy-MM-dd'), PARSEDATETIME('2021-01-02', 'yyyy-MM-dd'), 'RETURNED', 21);
INSERT INTO RESERVATION VALUES(105, PARSEDATETIME('2021-01-01', 'yyyy-MM-dd'), PARSEDATETIME('2021-01-02', 'yyyy-MM-dd'), 'NEW', 0);
INSERT INTO RESERVATION VALUES(106, PARSEDATETIME('2021-01-01', 'yyyy-MM-dd'), PARSEDATETIME('2021-01-02', 'yyyy-MM-dd'), 'RETURNED', 2);
INSERT INTO RESERVATION VALUES(107, PARSEDATETIME('2021-01-01', 'yyyy-MM-dd'), PARSEDATETIME('2021-01-02', 'yyyy-MM-dd'), 'SEIZED', 8);
INSERT INTO RESERVATION VALUES(108, PARSEDATETIME('2021-01-01', 'yyyy-MM-dd'), PARSEDATETIME('2021-01-02', 'yyyy-MM-dd'), 'NEW', 3);
INSERT INTO RESERVATION VALUES(109, PARSEDATETIME('2021-01-01', 'yyyy-MM-dd'), PARSEDATETIME('2021-01-02', 'yyyy-MM-dd'), 'NEW', 14);
INSERT INTO RESERVATION VALUES(110, PARSEDATETIME('2021-01-01', 'yyyy-MM-dd'), PARSEDATETIME('2021-01-02', 'yyyy-MM-dd'), 'DENIED', 29);
INSERT INTO RESERVATION VALUES(111, PARSEDATETIME('2021-01-01', 'yyyy-MM-dd'), PARSEDATETIME('2021-01-02', 'yyyy-MM-dd'), 'NEW', 16);
INSERT INTO RESERVATION VALUES(112, PARSEDATETIME('2021-01-01', 'yyyy-MM-dd'), PARSEDATETIME('2021-01-02', 'yyyy-MM-dd'), 'NEW', 28);
INSERT INTO RESERVATION VALUES(113, PARSEDATETIME('2021-01-01', 'yyyy-MM-dd'), PARSEDATETIME('2021-01-02', 'yyyy-MM-dd'), 'NEW', 0);
INSERT INTO RESERVATION VALUES(114, PARSEDATETIME('2021-01-01', 'yyyy-MM-dd'), PARSEDATETIME('2021-01-02', 'yyyy-MM-dd'), 'SEIZED', 29);
INSERT INTO RESERVATION VALUES(115, PARSEDATETIME('2021-01-01', 'yyyy-MM-dd'), PARSEDATETIME('2021-01-02', 'yyyy-MM-dd'), 'DENIED', 26);
INSERT INTO RESERVATION VALUES(116, PARSEDATETIME('2021-01-01', 'yyyy-MM-dd'), PARSEDATETIME('2021-01-02', 'yyyy-MM-dd'), 'NEW', 9);
INSERT INTO RESERVATION VALUES(117, PARSEDATETIME('2021-01-01', 'yyyy-MM-dd'), PARSEDATETIME('2021-01-02', 'yyyy-MM-dd'), 'APPROVED', 18);
INSERT INTO RESERVATION VALUES(118, PARSEDATETIME('2021-01-01', 'yyyy-MM-dd'), PARSEDATETIME('2021-01-02', 'yyyy-MM-dd'), 'APPROVED', 6);
INSERT INTO RESERVATION VALUES(119, PARSEDATETIME('2021-01-01', 'yyyy-MM-dd'), PARSEDATETIME('2021-01-02', 'yyyy-MM-dd'), 'APPROVED', 10);
INSERT INTO RESERVATION VALUES(120, PARSEDATETIME('2021-01-01', 'yyyy-MM-dd'), PARSEDATETIME('2021-01-02', 'yyyy-MM-dd'), 'SEIZED', 12);
INSERT INTO RESERVATION VALUES(121, PARSEDATETIME('2021-01-01', 'yyyy-MM-dd'), PARSEDATETIME('2021-01-02', 'yyyy-MM-dd'), 'NEW', 5);
INSERT INTO RESERVATION VALUES(122, PARSEDATETIME('2021-01-01', 'yyyy-MM-dd'), PARSEDATETIME('2021-01-02', 'yyyy-MM-dd'), 'DENIED', 9);
INSERT INTO RESERVATION VALUES(123, PARSEDATETIME('2021-01-01', 'yyyy-MM-dd'), PARSEDATETIME('2021-01-02', 'yyyy-MM-dd'), 'NEW', 3);
INSERT INTO RESERVATION VALUES(124, PARSEDATETIME('2021-01-01', 'yyyy-MM-dd'), PARSEDATETIME('2021-01-02', 'yyyy-MM-dd'), 'DENIED', 17);
INSERT INTO RESERVATION VALUES(125, PARSEDATETIME('2021-01-01', 'yyyy-MM-dd'), PARSEDATETIME('2021-01-02', 'yyyy-MM-dd'), 'RETURNED', 25);
INSERT INTO RESERVATION VALUES(126, PARSEDATETIME('2021-01-01', 'yyyy-MM-dd'), PARSEDATETIME('2021-01-02', 'yyyy-MM-dd'), 'DENIED', 7);
INSERT INTO RESERVATION VALUES(127, PARSEDATETIME('2021-01-01', 'yyyy-MM-dd'), PARSEDATETIME('2021-01-02', 'yyyy-MM-dd'), 'APPROVED', 4);
INSERT INTO RESERVATION VALUES(128, PARSEDATETIME('2021-01-01', 'yyyy-MM-dd'), PARSEDATETIME('2021-01-02', 'yyyy-MM-dd'), 'SEIZED', 20);
INSERT INTO RESERVATION VALUES(129, PARSEDATETIME('2021-01-01', 'yyyy-MM-dd'), PARSEDATETIME('2021-01-02', 'yyyy-MM-dd'), 'NEW', 18);
INSERT INTO RESERVATION VALUES(130, PARSEDATETIME('2021-01-01', 'yyyy-MM-dd'), PARSEDATETIME('2021-01-02', 'yyyy-MM-dd'), 'DENIED', 21);
INSERT INTO RESERVATION VALUES(131, PARSEDATETIME('2021-01-01', 'yyyy-MM-dd'), PARSEDATETIME('2021-01-02', 'yyyy-MM-dd'), 'RETURNED', 19);
INSERT INTO RESERVATION VALUES(132, PARSEDATETIME('2021-01-01', 'yyyy-MM-dd'), PARSEDATETIME('2021-01-02', 'yyyy-MM-dd'), 'SEIZED', 11);
INSERT INTO RESERVATION VALUES(133, PARSEDATETIME('2021-01-01', 'yyyy-MM-dd'), PARSEDATETIME('2021-01-02', 'yyyy-MM-dd'), 'RETURNED', 17);
INSERT INTO RESERVATION VALUES(134, PARSEDATETIME('2021-01-01', 'yyyy-MM-dd'), PARSEDATETIME('2021-01-02', 'yyyy-MM-dd'), 'NEW', 7);
INSERT INTO RESERVATION VALUES(135, PARSEDATETIME('2021-01-01', 'yyyy-MM-dd'), PARSEDATETIME('2021-01-02', 'yyyy-MM-dd'), 'DENIED', 6);
INSERT INTO RESERVATION VALUES(136, PARSEDATETIME('2021-01-01', 'yyyy-MM-dd'), PARSEDATETIME('2021-01-02', 'yyyy-MM-dd'), 'APPROVED', 15);
INSERT INTO RESERVATION VALUES(137, PARSEDATETIME('2021-01-01', 'yyyy-MM-dd'), PARSEDATETIME('2021-01-02', 'yyyy-MM-dd'), 'SEIZED', 7);
INSERT INTO RESERVATION VALUES(138, PARSEDATETIME('2021-01-01', 'yyyy-MM-dd'), PARSEDATETIME('2021-01-02', 'yyyy-MM-dd'), 'APPROVED', 9);
INSERT INTO RESERVATION VALUES(139, PARSEDATETIME('2021-01-01', 'yyyy-MM-dd'), PARSEDATETIME('2021-01-02', 'yyyy-MM-dd'), 'RETURNED', 9);
INSERT INTO RESERVATION VALUES(140, PARSEDATETIME('2021-01-01', 'yyyy-MM-dd'), PARSEDATETIME('2021-01-02', 'yyyy-MM-dd'), 'RETURNED', 13);
INSERT INTO RESERVATION VALUES(141, PARSEDATETIME('2021-01-01', 'yyyy-MM-dd'), PARSEDATETIME('2021-01-02', 'yyyy-MM-dd'), 'DENIED', 15);
INSERT INTO RESERVATION VALUES(142, PARSEDATETIME('2021-01-01', 'yyyy-MM-dd'), PARSEDATETIME('2021-01-02', 'yyyy-MM-dd'), 'NEW', 2);
INSERT INTO RESERVATION VALUES(143, PARSEDATETIME('2021-01-01', 'yyyy-MM-dd'), PARSEDATETIME('2021-01-02', 'yyyy-MM-dd'), 'APPROVED', 11);
INSERT INTO RESERVATION VALUES(144, PARSEDATETIME('2021-01-01', 'yyyy-MM-dd'), PARSEDATETIME('2021-01-02', 'yyyy-MM-dd'), 'RETURNED', 23);
INSERT INTO RESERVATION VALUES(145, PARSEDATETIME('2021-01-01', 'yyyy-MM-dd'), PARSEDATETIME('2021-01-02', 'yyyy-MM-dd'), 'SEIZED', 11);
INSERT INTO RESERVATION VALUES(146, PARSEDATETIME('2021-01-01', 'yyyy-MM-dd'), PARSEDATETIME('2021-01-02', 'yyyy-MM-dd'), 'RETURNED', 26);
INSERT INTO RESERVATION VALUES(147, PARSEDATETIME('2021-01-01', 'yyyy-MM-dd'), PARSEDATETIME('2021-01-02', 'yyyy-MM-dd'), 'SEIZED', 16);
INSERT INTO RESERVATION VALUES(148, PARSEDATETIME('2021-01-01', 'yyyy-MM-dd'), PARSEDATETIME('2021-01-02', 'yyyy-MM-dd'), 'DENIED', 22);
INSERT INTO RESERVATION VALUES(149, PARSEDATETIME('2021-01-01', 'yyyy-MM-dd'), PARSEDATETIME('2021-01-02', 'yyyy-MM-dd'), 'RETURNED', 0);
INSERT INTO BOOK_RESERVATION(reservation_date, id, book_id, edition_id, review_id) VALUES(PARSEDATETIME('2021-01-01', 'yyyy-MM-dd'), 0, null, 27, null);
INSERT INTO BOOK_RESERVATION(reservation_date, id, book_id, edition_id, review_id) VALUES(PARSEDATETIME('2021-01-01', 'yyyy-MM-dd'), 1, 3195, 94, null);
UPDATE BOOK SET STATE='RESERVED' WHERE book_id=3195;
INSERT INTO BOOK_RESERVATION(reservation_date, id, book_id, edition_id, review_id) VALUES(PARSEDATETIME('2021-01-01', 'yyyy-MM-dd'), 2, 445, 12, null);
UPDATE BOOK SET STATE='RESERVED' WHERE book_id=445;
INSERT INTO BOOK_RESERVATION(reservation_date, id, book_id, edition_id, review_id) VALUES(PARSEDATETIME('2021-01-01', 'yyyy-MM-dd'), 3, null, 42, null);
INSERT INTO BOOK_RESERVATION(reservation_date, id, book_id, edition_id, review_id) VALUES(PARSEDATETIME('2021-01-01', 'yyyy-MM-dd'), 4, 156, 4, null);
UPDATE BOOK SET STATE='RESERVED' WHERE book_id=156;
INSERT INTO BOOK_RESERVATION(reservation_date, id, book_id, edition_id, review_id) VALUES(PARSEDATETIME('2021-01-01', 'yyyy-MM-dd'), 5, 1365, 42, null);
INSERT INTO BOOK_RESERVATION(reservation_date, id, book_id, edition_id, review_id) VALUES(PARSEDATETIME('2021-01-01', 'yyyy-MM-dd'), 6, 2772, 82, null);
UPDATE BOOK SET STATE='TAKEN' WHERE book_id=2772;
INSERT INTO BOOK_RESERVATION(reservation_date, id, book_id, edition_id, review_id) VALUES(PARSEDATETIME('2021-01-01', 'yyyy-MM-dd'), 7, 3959, 121, null);
UPDATE BOOK SET STATE='RESERVED' WHERE book_id=3959;
INSERT INTO BOOK_RESERVATION(reservation_date, id, book_id, edition_id, review_id) VALUES(PARSEDATETIME('2021-01-01', 'yyyy-MM-dd'), 8, 422, 11, null);
UPDATE BOOK SET STATE='RESERVED' WHERE book_id=422;
INSERT INTO BOOK_RESERVATION(reservation_date, id, book_id, edition_id, review_id) VALUES(PARSEDATETIME('2021-01-01', 'yyyy-MM-dd'), 9, null, 124, null);
INSERT INTO BOOK_RESERVATION(reservation_date, id, book_id, edition_id, review_id) VALUES(PARSEDATETIME('2021-01-01', 'yyyy-MM-dd'), 10, 3747, 113, null);
INSERT INTO BOOK_RESERVATION(reservation_date, id, book_id, edition_id, review_id) VALUES(PARSEDATETIME('2021-01-01', 'yyyy-MM-dd'), 11, 879, 28, null);
INSERT INTO BOOK_RESERVATION(reservation_date, id, book_id, edition_id, review_id) VALUES(PARSEDATETIME('2021-01-01', 'yyyy-MM-dd'), 12, 1450, 44, null);
INSERT INTO BOOK_RESERVATION(reservation_date, id, book_id, edition_id, review_id) VALUES(PARSEDATETIME('2021-01-01', 'yyyy-MM-dd'), 13, 4248, 129, null);
UPDATE BOOK SET STATE='TAKEN' WHERE book_id=4248;
INSERT INTO BOOK_RESERVATION(reservation_date, id, book_id, edition_id, review_id) VALUES(PARSEDATETIME('2021-01-01', 'yyyy-MM-dd'), 14, null, 87, null);
INSERT INTO BOOK_RESERVATION(reservation_date, id, book_id, edition_id, review_id) VALUES(PARSEDATETIME('2021-01-01', 'yyyy-MM-dd'), 15, null, 17, null);
INSERT INTO BOOK_RESERVATION(reservation_date, id, book_id, edition_id, review_id) VALUES(PARSEDATETIME('2021-01-01', 'yyyy-MM-dd'), 16, 3485, 104, null);
UPDATE BOOK SET STATE='TAKEN' WHERE book_id=3485;
INSERT INTO BOOK_RESERVATION(reservation_date, id, book_id, edition_id, review_id) VALUES(PARSEDATETIME('2021-01-01', 'yyyy-MM-dd'), 17, 1664, 52, null);
INSERT INTO BOOK_RESERVATION(reservation_date, id, book_id, edition_id, review_id) VALUES(PARSEDATETIME('2021-01-01', 'yyyy-MM-dd'), 18, null, 77, null);
INSERT INTO BOOK_RESERVATION(reservation_date, id, book_id, edition_id, review_id) VALUES(PARSEDATETIME('2021-01-01', 'yyyy-MM-dd'), 19, null, 134, null);
INSERT INTO BOOK_RESERVATION(reservation_date, id, book_id, edition_id, review_id) VALUES(PARSEDATETIME('2021-01-01', 'yyyy-MM-dd'), 20, null, 34, null);
INSERT INTO BOOK_RESERVATION(reservation_date, id, book_id, edition_id, review_id) VALUES(PARSEDATETIME('2021-01-01', 'yyyy-MM-dd'), 21, null, 8, null);
INSERT INTO BOOK_RESERVATION(reservation_date, id, book_id, edition_id, review_id) VALUES(PARSEDATETIME('2021-01-01', 'yyyy-MM-dd'), 22, 2315, 70, null);
UPDATE BOOK SET STATE='TAKEN' WHERE book_id=2315;
INSERT INTO BOOK_RESERVATION(reservation_date, id, book_id, edition_id, review_id) VALUES(PARSEDATETIME('2021-01-01', 'yyyy-MM-dd'), 23, null, 33, null);
INSERT INTO BOOK_RESERVATION(reservation_date, id, book_id, edition_id, review_id) VALUES(PARSEDATETIME('2021-01-01', 'yyyy-MM-dd'), 24, null, 58, null);
INSERT INTO BOOK_RESERVATION(reservation_date, id, book_id, edition_id, review_id) VALUES(PARSEDATETIME('2021-01-01', 'yyyy-MM-dd'), 25, null, 75, null);
INSERT INTO BOOK_RESERVATION(reservation_date, id, book_id, edition_id, review_id) VALUES(PARSEDATETIME('2021-01-01', 'yyyy-MM-dd'), 26, 3371, 100, null);
UPDATE BOOK SET STATE='TAKEN' WHERE book_id=3371;
INSERT INTO BOOK_RESERVATION(reservation_date, id, book_id, edition_id, review_id) VALUES(PARSEDATETIME('2021-01-01', 'yyyy-MM-dd'), 27, 1221, 36, null);
UPDATE BOOK SET STATE='TAKEN' WHERE book_id=1221;
INSERT INTO BOOK_RESERVATION(reservation_date, id, book_id, edition_id, review_id) VALUES(PARSEDATETIME('2021-01-01', 'yyyy-MM-dd'), 28, null, 64, null);
INSERT INTO BOOK_RESERVATION(reservation_date, id, book_id, edition_id, review_id) VALUES(PARSEDATETIME('2021-01-01', 'yyyy-MM-dd'), 29, 1799, 55, null);
INSERT INTO BOOK_RESERVATION(reservation_date, id, book_id, edition_id, review_id) VALUES(PARSEDATETIME('2021-01-01', 'yyyy-MM-dd'), 30, null, 6, null);
INSERT INTO BOOK_RESERVATION(reservation_date, id, book_id, edition_id, review_id) VALUES(PARSEDATETIME('2021-01-01', 'yyyy-MM-dd'), 31, null, 67, null);
INSERT INTO BOOK_RESERVATION(reservation_date, id, book_id, edition_id, review_id) VALUES(PARSEDATETIME('2021-01-01', 'yyyy-MM-dd'), 32, null, 107, null);
INSERT INTO BOOK_RESERVATION(reservation_date, id, book_id, edition_id, review_id) VALUES(PARSEDATETIME('2021-01-01', 'yyyy-MM-dd'), 33, null, 29, null);
INSERT INTO BOOK_RESERVATION(reservation_date, id, book_id, edition_id, review_id) VALUES(PARSEDATETIME('2021-01-01', 'yyyy-MM-dd'), 34, 2598, 77, null);
UPDATE BOOK SET STATE='TAKEN' WHERE book_id=2598;
INSERT INTO BOOK_RESERVATION(reservation_date, id, book_id, edition_id, review_id) VALUES(PARSEDATETIME('2021-01-01', 'yyyy-MM-dd'), 35, 1162, 34, null);
INSERT INTO BOOK_RESERVATION(reservation_date, id, book_id, edition_id, review_id) VALUES(PARSEDATETIME('2021-01-01', 'yyyy-MM-dd'), 36, null, 10, null);
INSERT INTO BOOK_RESERVATION(reservation_date, id, book_id, edition_id, review_id) VALUES(PARSEDATETIME('2021-01-01', 'yyyy-MM-dd'), 37, 1715, 53, null);
UPDATE BOOK SET STATE='TAKEN' WHERE book_id=1715;
INSERT INTO BOOK_RESERVATION(reservation_date, id, book_id, edition_id, review_id) VALUES(PARSEDATETIME('2021-01-01', 'yyyy-MM-dd'), 38, null, 33, null);
INSERT INTO BOOK_RESERVATION(reservation_date, id, book_id, edition_id, review_id) VALUES(PARSEDATETIME('2021-01-01', 'yyyy-MM-dd'), 39, 3640, 109, null);
UPDATE BOOK SET STATE='TAKEN' WHERE book_id=3640;
INSERT INTO BOOK_RESERVATION(reservation_date, id, book_id, edition_id, review_id) VALUES(PARSEDATETIME('2021-01-01', 'yyyy-MM-dd'), 40, 3412, 101, null);
UPDATE BOOK SET STATE='TAKEN' WHERE book_id=3412;
INSERT INTO BOOK_RESERVATION(reservation_date, id, book_id, edition_id, review_id) VALUES(PARSEDATETIME('2021-01-01', 'yyyy-MM-dd'), 41, 2909, 85, null);
UPDATE BOOK SET STATE='RESERVED' WHERE book_id=2909;
INSERT INTO BOOK_RESERVATION(reservation_date, id, book_id, edition_id, review_id) VALUES(PARSEDATETIME('2021-01-01', 'yyyy-MM-dd'), 42, 4556, 138, null);
INSERT INTO BOOK_RESERVATION(reservation_date, id, book_id, edition_id, review_id) VALUES(PARSEDATETIME('2021-01-01', 'yyyy-MM-dd'), 43, null, 4, null);
INSERT INTO BOOK_RESERVATION(reservation_date, id, book_id, edition_id, review_id) VALUES(PARSEDATETIME('2021-01-01', 'yyyy-MM-dd'), 44, 3316, 97, null);
UPDATE BOOK SET STATE='TAKEN' WHERE book_id=3316;
INSERT INTO BOOK_RESERVATION(reservation_date, id, book_id, edition_id, review_id) VALUES(PARSEDATETIME('2021-01-01', 'yyyy-MM-dd'), 45, null, 82, null);
INSERT INTO BOOK_RESERVATION(reservation_date, id, book_id, edition_id, review_id) VALUES(PARSEDATETIME('2021-01-01', 'yyyy-MM-dd'), 46, null, 122, null);
INSERT INTO BOOK_RESERVATION(reservation_date, id, book_id, edition_id, review_id) VALUES(PARSEDATETIME('2021-01-01', 'yyyy-MM-dd'), 47, 1156, 34, null);
UPDATE BOOK SET STATE='TAKEN' WHERE book_id=1156;
INSERT INTO BOOK_RESERVATION(reservation_date, id, book_id, edition_id, review_id) VALUES(PARSEDATETIME('2021-01-01', 'yyyy-MM-dd'), 48, null, 55, null);
INSERT INTO BOOK_RESERVATION(reservation_date, id, book_id, edition_id, review_id) VALUES(PARSEDATETIME('2021-01-01', 'yyyy-MM-dd'), 49, 3382, 100, null);
UPDATE BOOK SET STATE='RESERVED' WHERE book_id=3382;
INSERT INTO BOOK_RESERVATION(reservation_date, id, book_id, edition_id, review_id) VALUES(PARSEDATETIME('2021-01-01', 'yyyy-MM-dd'), 50, null, 34, null);
INSERT INTO BOOK_RESERVATION(reservation_date, id, book_id, edition_id, review_id) VALUES(PARSEDATETIME('2021-01-01', 'yyyy-MM-dd'), 51, 4525, 138, null);
UPDATE BOOK SET STATE='RESERVED' WHERE book_id=4525;
INSERT INTO BOOK_RESERVATION(reservation_date, id, book_id, edition_id, review_id) VALUES(PARSEDATETIME('2021-01-01', 'yyyy-MM-dd'), 52, null, 108, null);
INSERT INTO BOOK_RESERVATION(reservation_date, id, book_id, edition_id, review_id) VALUES(PARSEDATETIME('2021-01-01', 'yyyy-MM-dd'), 53, 1405, 43, null);
INSERT INTO BOOK_RESERVATION(reservation_date, id, book_id, edition_id, review_id) VALUES(PARSEDATETIME('2021-01-01', 'yyyy-MM-dd'), 54, null, 131, null);
INSERT INTO BOOK_RESERVATION(reservation_date, id, book_id, edition_id, review_id) VALUES(PARSEDATETIME('2021-01-01', 'yyyy-MM-dd'), 55, 181, 5, null);
UPDATE BOOK SET STATE='TAKEN' WHERE book_id=181;
INSERT INTO BOOK_RESERVATION(reservation_date, id, book_id, edition_id, review_id) VALUES(PARSEDATETIME('2021-01-01', 'yyyy-MM-dd'), 56, 3813, 115, null);
UPDATE BOOK SET STATE='TAKEN' WHERE book_id=3813;
INSERT INTO BOOK_RESERVATION(reservation_date, id, book_id, edition_id, review_id) VALUES(PARSEDATETIME('2021-01-01', 'yyyy-MM-dd'), 57, null, 7, null);
INSERT INTO BOOK_RESERVATION(reservation_date, id, book_id, edition_id, review_id) VALUES(PARSEDATETIME('2021-01-01', 'yyyy-MM-dd'), 58, 3062, 89, null);
UPDATE BOOK SET STATE='TAKEN' WHERE book_id=3062;
INSERT INTO BOOK_RESERVATION(reservation_date, id, book_id, edition_id, review_id) VALUES(PARSEDATETIME('2021-01-01', 'yyyy-MM-dd'), 59, null, 62, null);
INSERT INTO BOOK_RESERVATION(reservation_date, id, book_id, edition_id, review_id) VALUES(PARSEDATETIME('2021-01-01', 'yyyy-MM-dd'), 60, 4172, 127, null);
UPDATE BOOK SET STATE='RESERVED' WHERE book_id=4172;
INSERT INTO BOOK_RESERVATION(reservation_date, id, book_id, edition_id, review_id) VALUES(PARSEDATETIME('2021-01-01', 'yyyy-MM-dd'), 61, 3297, 96, null);
UPDATE BOOK SET STATE='RESERVED' WHERE book_id=3297;
INSERT INTO BOOK_RESERVATION(reservation_date, id, book_id, edition_id, review_id) VALUES(PARSEDATETIME('2021-01-01', 'yyyy-MM-dd'), 62, 3390, 100, null);
INSERT INTO BOOK_RESERVATION(reservation_date, id, book_id, edition_id, review_id) VALUES(PARSEDATETIME('2021-01-01', 'yyyy-MM-dd'), 63, null, 118, null);
INSERT INTO BOOK_RESERVATION(reservation_date, id, book_id, edition_id, review_id) VALUES(PARSEDATETIME('2021-01-01', 'yyyy-MM-dd'), 64, 1316, 41, null);
UPDATE BOOK SET STATE='TAKEN' WHERE book_id=1316;
INSERT INTO BOOK_RESERVATION(reservation_date, id, book_id, edition_id, review_id) VALUES(PARSEDATETIME('2021-01-01', 'yyyy-MM-dd'), 65, 4344, 133, null);
UPDATE BOOK SET STATE='TAKEN' WHERE book_id=4344;
INSERT INTO BOOK_RESERVATION(reservation_date, id, book_id, edition_id, review_id) VALUES(PARSEDATETIME('2021-01-01', 'yyyy-MM-dd'), 66, 3646, 110, null);
UPDATE BOOK SET STATE='RESERVED' WHERE book_id=3646;
INSERT INTO BOOK_RESERVATION(reservation_date, id, book_id, edition_id, review_id) VALUES(PARSEDATETIME('2021-01-01', 'yyyy-MM-dd'), 67, null, 5, null);
INSERT INTO BOOK_RESERVATION(reservation_date, id, book_id, edition_id, review_id) VALUES(PARSEDATETIME('2021-01-01', 'yyyy-MM-dd'), 68, null, 79, null);
INSERT INTO BOOK_RESERVATION(reservation_date, id, book_id, edition_id, review_id) VALUES(PARSEDATETIME('2021-01-01', 'yyyy-MM-dd'), 69, null, 130, null);
INSERT INTO BOOK_RESERVATION(reservation_date, id, book_id, edition_id, review_id) VALUES(PARSEDATETIME('2021-01-01', 'yyyy-MM-dd'), 70, 341, 10, null);
UPDATE BOOK SET STATE='TAKEN' WHERE book_id=341;
INSERT INTO BOOK_RESERVATION(reservation_date, id, book_id, edition_id, review_id) VALUES(PARSEDATETIME('2021-01-01', 'yyyy-MM-dd'), 71, null, 87, null);
INSERT INTO BOOK_RESERVATION(reservation_date, id, book_id, edition_id, review_id) VALUES(PARSEDATETIME('2021-01-01', 'yyyy-MM-dd'), 72, null, 91, null);
INSERT INTO BOOK_RESERVATION(reservation_date, id, book_id, edition_id, review_id) VALUES(PARSEDATETIME('2021-01-01', 'yyyy-MM-dd'), 73, null, 79, null);
INSERT INTO BOOK_RESERVATION(reservation_date, id, book_id, edition_id, review_id) VALUES(PARSEDATETIME('2021-01-01', 'yyyy-MM-dd'), 74, null, 29, null);
INSERT INTO BOOK_RESERVATION(reservation_date, id, book_id, edition_id, review_id) VALUES(PARSEDATETIME('2021-01-01', 'yyyy-MM-dd'), 75, null, 52, null);
INSERT INTO BOOK_RESERVATION(reservation_date, id, book_id, edition_id, review_id) VALUES(PARSEDATETIME('2021-01-01', 'yyyy-MM-dd'), 76, null, 111, null);
INSERT INTO BOOK_RESERVATION(reservation_date, id, book_id, edition_id, review_id) VALUES(PARSEDATETIME('2021-01-01', 'yyyy-MM-dd'), 77, 4456, 136, null);
INSERT INTO BOOK_RESERVATION(reservation_date, id, book_id, edition_id, review_id) VALUES(PARSEDATETIME('2021-01-01', 'yyyy-MM-dd'), 78, 339, 10, null);
UPDATE BOOK SET STATE='RESERVED' WHERE book_id=339;
INSERT INTO BOOK_RESERVATION(reservation_date, id, book_id, edition_id, review_id) VALUES(PARSEDATETIME('2021-01-01', 'yyyy-MM-dd'), 79, 4542, 138, null);
UPDATE BOOK SET STATE='RESERVED' WHERE book_id=4542;
INSERT INTO BOOK_RESERVATION(reservation_date, id, book_id, edition_id, review_id) VALUES(PARSEDATETIME('2021-01-01', 'yyyy-MM-dd'), 80, 555, 15, null);
UPDATE BOOK SET STATE='TAKEN' WHERE book_id=555;
INSERT INTO BOOK_RESERVATION(reservation_date, id, book_id, edition_id, review_id) VALUES(PARSEDATETIME('2021-01-01', 'yyyy-MM-dd'), 81, 788, 25, null);
INSERT INTO BOOK_RESERVATION(reservation_date, id, book_id, edition_id, review_id) VALUES(PARSEDATETIME('2021-01-01', 'yyyy-MM-dd'), 82, 2994, 87, null);
UPDATE BOOK SET STATE='TAKEN' WHERE book_id=2994;
INSERT INTO BOOK_RESERVATION(reservation_date, id, book_id, edition_id, review_id) VALUES(PARSEDATETIME('2021-01-01', 'yyyy-MM-dd'), 83, null, 137, null);
INSERT INTO BOOK_RESERVATION(reservation_date, id, book_id, edition_id, review_id) VALUES(PARSEDATETIME('2021-01-01', 'yyyy-MM-dd'), 84, null, 15, null);
INSERT INTO BOOK_RESERVATION(reservation_date, id, book_id, edition_id, review_id) VALUES(PARSEDATETIME('2021-01-01', 'yyyy-MM-dd'), 85, null, 10, null);
INSERT INTO BOOK_RESERVATION(reservation_date, id, book_id, edition_id, review_id) VALUES(PARSEDATETIME('2021-01-01', 'yyyy-MM-dd'), 86, 2522, 75, null);
UPDATE BOOK SET STATE='RESERVED' WHERE book_id=2522;
INSERT INTO BOOK_RESERVATION(reservation_date, id, book_id, edition_id, review_id) VALUES(PARSEDATETIME('2021-01-01', 'yyyy-MM-dd'), 87, 3836, 116, null);
UPDATE BOOK SET STATE='RESERVED' WHERE book_id=3836;
INSERT INTO BOOK_RESERVATION(reservation_date, id, book_id, edition_id, review_id) VALUES(PARSEDATETIME('2021-01-01', 'yyyy-MM-dd'), 88, 4063, 124, null);
INSERT INTO BOOK_RESERVATION(reservation_date, id, book_id, edition_id, review_id) VALUES(PARSEDATETIME('2021-01-01', 'yyyy-MM-dd'), 89, null, 97, null);
INSERT INTO BOOK_RESERVATION(reservation_date, id, book_id, edition_id, review_id) VALUES(PARSEDATETIME('2021-01-01', 'yyyy-MM-dd'), 90, 850, 28, null);
UPDATE BOOK SET STATE='TAKEN' WHERE book_id=850;
INSERT INTO BOOK_RESERVATION(reservation_date, id, book_id, edition_id, review_id) VALUES(PARSEDATETIME('2021-01-01', 'yyyy-MM-dd'), 91, null, 104, null);
INSERT INTO BOOK_RESERVATION(reservation_date, id, book_id, edition_id, review_id) VALUES(PARSEDATETIME('2021-01-01', 'yyyy-MM-dd'), 92, 1957, 60, null);
UPDATE BOOK SET STATE='RESERVED' WHERE book_id=1957;
INSERT INTO BOOK_RESERVATION(reservation_date, id, book_id, edition_id, review_id) VALUES(PARSEDATETIME('2021-01-01', 'yyyy-MM-dd'), 93, 1309, 40, null);
UPDATE BOOK SET STATE='TAKEN' WHERE book_id=1309;
INSERT INTO BOOK_RESERVATION(reservation_date, id, book_id, edition_id, review_id) VALUES(PARSEDATETIME('2021-01-01', 'yyyy-MM-dd'), 94, 3968, 121, null);
INSERT INTO BOOK_RESERVATION(reservation_date, id, book_id, edition_id, review_id) VALUES(PARSEDATETIME('2021-01-01', 'yyyy-MM-dd'), 95, null, 52, null);
INSERT INTO BOOK_RESERVATION(reservation_date, id, book_id, edition_id, review_id) VALUES(PARSEDATETIME('2021-01-01', 'yyyy-MM-dd'), 96, 3160, 91, null);
INSERT INTO BOOK_RESERVATION(reservation_date, id, book_id, edition_id, review_id) VALUES(PARSEDATETIME('2021-01-01', 'yyyy-MM-dd'), 97, 521, 15, null);
UPDATE BOOK SET STATE='TAKEN' WHERE book_id=521;
INSERT INTO BOOK_RESERVATION(reservation_date, id, book_id, edition_id, review_id) VALUES(PARSEDATETIME('2021-01-01', 'yyyy-MM-dd'), 98, null, 137, null);
INSERT INTO BOOK_RESERVATION(reservation_date, id, book_id, edition_id, review_id) VALUES(PARSEDATETIME('2021-01-01', 'yyyy-MM-dd'), 99, 358, 10, null);
UPDATE BOOK SET STATE='RESERVED' WHERE book_id=358;
INSERT INTO BOOK_RESERVATION(reservation_date, id, book_id, edition_id, review_id) VALUES(PARSEDATETIME('2021-01-01', 'yyyy-MM-dd'), 100, 2699, 80, null);
UPDATE BOOK SET STATE='TAKEN' WHERE book_id=2699;
INSERT INTO BOOK_RESERVATION(reservation_date, id, book_id, edition_id, review_id) VALUES(PARSEDATETIME('2021-01-01', 'yyyy-MM-dd'), 101, 1962, 60, null);
INSERT INTO BOOK_RESERVATION(reservation_date, id, book_id, edition_id, review_id) VALUES(PARSEDATETIME('2021-01-01', 'yyyy-MM-dd'), 102, 2403, 72, null);
UPDATE BOOK SET STATE='TAKEN' WHERE book_id=2403;
INSERT INTO BOOK_RESERVATION(reservation_date, id, book_id, edition_id, review_id) VALUES(PARSEDATETIME('2021-01-01', 'yyyy-MM-dd'), 103, null, 75, null);
INSERT INTO BOOK_RESERVATION(reservation_date, id, book_id, edition_id, review_id) VALUES(PARSEDATETIME('2021-01-01', 'yyyy-MM-dd'), 104, 1058, 32, null);
INSERT INTO BOOK_RESERVATION(reservation_date, id, book_id, edition_id, review_id) VALUES(PARSEDATETIME('2021-01-01', 'yyyy-MM-dd'), 105, null, 61, null);
INSERT INTO BOOK_RESERVATION(reservation_date, id, book_id, edition_id, review_id) VALUES(PARSEDATETIME('2021-01-01', 'yyyy-MM-dd'), 106, 3956, 121, null);
INSERT INTO BOOK_RESERVATION(reservation_date, id, book_id, edition_id, review_id) VALUES(PARSEDATETIME('2021-01-01', 'yyyy-MM-dd'), 107, 2391, 72, null);
UPDATE BOOK SET STATE='TAKEN' WHERE book_id=2391;
INSERT INTO BOOK_RESERVATION(reservation_date, id, book_id, edition_id, review_id) VALUES(PARSEDATETIME('2021-01-01', 'yyyy-MM-dd'), 108, null, 91, null);
INSERT INTO BOOK_RESERVATION(reservation_date, id, book_id, edition_id, review_id) VALUES(PARSEDATETIME('2021-01-01', 'yyyy-MM-dd'), 109, null, 63, null);
INSERT INTO BOOK_RESERVATION(reservation_date, id, book_id, edition_id, review_id) VALUES(PARSEDATETIME('2021-01-01', 'yyyy-MM-dd'), 110, null, 67, null);
INSERT INTO BOOK_RESERVATION(reservation_date, id, book_id, edition_id, review_id) VALUES(PARSEDATETIME('2021-01-01', 'yyyy-MM-dd'), 111, null, 29, null);
INSERT INTO BOOK_RESERVATION(reservation_date, id, book_id, edition_id, review_id) VALUES(PARSEDATETIME('2021-01-01', 'yyyy-MM-dd'), 112, null, 98, null);
INSERT INTO BOOK_RESERVATION(reservation_date, id, book_id, edition_id, review_id) VALUES(PARSEDATETIME('2021-01-01', 'yyyy-MM-dd'), 113, null, 38, null);
INSERT INTO BOOK_RESERVATION(reservation_date, id, book_id, edition_id, review_id) VALUES(PARSEDATETIME('2021-01-01', 'yyyy-MM-dd'), 114, 2553, 76, null);
UPDATE BOOK SET STATE='TAKEN' WHERE book_id=2553;
INSERT INTO BOOK_RESERVATION(reservation_date, id, book_id, edition_id, review_id) VALUES(PARSEDATETIME('2021-01-01', 'yyyy-MM-dd'), 115, null, 138, null);
INSERT INTO BOOK_RESERVATION(reservation_date, id, book_id, edition_id, review_id) VALUES(PARSEDATETIME('2021-01-01', 'yyyy-MM-dd'), 116, null, 53, null);
INSERT INTO BOOK_RESERVATION(reservation_date, id, book_id, edition_id, review_id) VALUES(PARSEDATETIME('2021-01-01', 'yyyy-MM-dd'), 117, 4368, 133, null);
UPDATE BOOK SET STATE='RESERVED' WHERE book_id=4368;
INSERT INTO BOOK_RESERVATION(reservation_date, id, book_id, edition_id, review_id) VALUES(PARSEDATETIME('2021-01-01', 'yyyy-MM-dd'), 118, 542, 15, null);
UPDATE BOOK SET STATE='RESERVED' WHERE book_id=542;
INSERT INTO BOOK_RESERVATION(reservation_date, id, book_id, edition_id, review_id) VALUES(PARSEDATETIME('2021-01-01', 'yyyy-MM-dd'), 119, 2604, 77, null);
UPDATE BOOK SET STATE='RESERVED' WHERE book_id=2604;
INSERT INTO BOOK_RESERVATION(reservation_date, id, book_id, edition_id, review_id) VALUES(PARSEDATETIME('2021-01-01', 'yyyy-MM-dd'), 120, 3524, 106, null);
UPDATE BOOK SET STATE='TAKEN' WHERE book_id=3524;
INSERT INTO BOOK_RESERVATION(reservation_date, id, book_id, edition_id, review_id) VALUES(PARSEDATETIME('2021-01-01', 'yyyy-MM-dd'), 121, null, 137, null);
INSERT INTO BOOK_RESERVATION(reservation_date, id, book_id, edition_id, review_id) VALUES(PARSEDATETIME('2021-01-01', 'yyyy-MM-dd'), 122, null, 93, null);
INSERT INTO BOOK_RESERVATION(reservation_date, id, book_id, edition_id, review_id) VALUES(PARSEDATETIME('2021-01-01', 'yyyy-MM-dd'), 123, null, 84, null);
INSERT INTO BOOK_RESERVATION(reservation_date, id, book_id, edition_id, review_id) VALUES(PARSEDATETIME('2021-01-01', 'yyyy-MM-dd'), 124, null, 101, null);
INSERT INTO BOOK_RESERVATION(reservation_date, id, book_id, edition_id, review_id) VALUES(PARSEDATETIME('2021-01-01', 'yyyy-MM-dd'), 125, 2743, 81, null);
INSERT INTO BOOK_RESERVATION(reservation_date, id, book_id, edition_id, review_id) VALUES(PARSEDATETIME('2021-01-01', 'yyyy-MM-dd'), 126, null, 62, null);
INSERT INTO BOOK_RESERVATION(reservation_date, id, book_id, edition_id, review_id) VALUES(PARSEDATETIME('2021-01-01', 'yyyy-MM-dd'), 127, 3949, 120, null);
UPDATE BOOK SET STATE='RESERVED' WHERE book_id=3949;
INSERT INTO BOOK_RESERVATION(reservation_date, id, book_id, edition_id, review_id) VALUES(PARSEDATETIME('2021-01-01', 'yyyy-MM-dd'), 128, 1729, 53, null);
UPDATE BOOK SET STATE='TAKEN' WHERE book_id=1729;
INSERT INTO BOOK_RESERVATION(reservation_date, id, book_id, edition_id, review_id) VALUES(PARSEDATETIME('2021-01-01', 'yyyy-MM-dd'), 129, null, 8, null);
INSERT INTO BOOK_RESERVATION(reservation_date, id, book_id, edition_id, review_id) VALUES(PARSEDATETIME('2021-01-01', 'yyyy-MM-dd'), 130, null, 25, null);
INSERT INTO BOOK_RESERVATION(reservation_date, id, book_id, edition_id, review_id) VALUES(PARSEDATETIME('2021-01-01', 'yyyy-MM-dd'), 131, 797, 26, null);
INSERT INTO BOOK_RESERVATION(reservation_date, id, book_id, edition_id, review_id) VALUES(PARSEDATETIME('2021-01-01', 'yyyy-MM-dd'), 132, 1296, 40, null);
UPDATE BOOK SET STATE='TAKEN' WHERE book_id=1296;
INSERT INTO BOOK_RESERVATION(reservation_date, id, book_id, edition_id, review_id) VALUES(PARSEDATETIME('2021-01-01', 'yyyy-MM-dd'), 133, 3388, 100, null);
INSERT INTO BOOK_RESERVATION(reservation_date, id, book_id, edition_id, review_id) VALUES(PARSEDATETIME('2021-01-01', 'yyyy-MM-dd'), 134, null, 1, null);
INSERT INTO BOOK_RESERVATION(reservation_date, id, book_id, edition_id, review_id) VALUES(PARSEDATETIME('2021-01-01', 'yyyy-MM-dd'), 135, null, 84, null);
INSERT INTO BOOK_RESERVATION(reservation_date, id, book_id, edition_id, review_id) VALUES(PARSEDATETIME('2021-01-01', 'yyyy-MM-dd'), 136, 2969, 86, null);
UPDATE BOOK SET STATE='RESERVED' WHERE book_id=2969;
INSERT INTO BOOK_RESERVATION(reservation_date, id, book_id, edition_id, review_id) VALUES(PARSEDATETIME('2021-01-01', 'yyyy-MM-dd'), 137, 321, 9, null);
UPDATE BOOK SET STATE='TAKEN' WHERE book_id=321;
INSERT INTO BOOK_RESERVATION(reservation_date, id, book_id, edition_id, review_id) VALUES(PARSEDATETIME('2021-01-01', 'yyyy-MM-dd'), 138, 6, 0, null);
UPDATE BOOK SET STATE='RESERVED' WHERE book_id=6;
INSERT INTO BOOK_RESERVATION(reservation_date, id, book_id, edition_id, review_id) VALUES(PARSEDATETIME('2021-01-01', 'yyyy-MM-dd'), 139, 1144, 34, null);
INSERT INTO BOOK_RESERVATION(reservation_date, id, book_id, edition_id, review_id) VALUES(PARSEDATETIME('2021-01-01', 'yyyy-MM-dd'), 140, 3962, 121, null);
INSERT INTO BOOK_RESERVATION(reservation_date, id, book_id, edition_id, review_id) VALUES(PARSEDATETIME('2021-01-01', 'yyyy-MM-dd'), 141, null, 95, null);
INSERT INTO BOOK_RESERVATION(reservation_date, id, book_id, edition_id, review_id) VALUES(PARSEDATETIME('2021-01-01', 'yyyy-MM-dd'), 142, null, 47, null);
INSERT INTO BOOK_RESERVATION(reservation_date, id, book_id, edition_id, review_id) VALUES(PARSEDATETIME('2021-01-01', 'yyyy-MM-dd'), 143, 1938, 59, null);
UPDATE BOOK SET STATE='RESERVED' WHERE book_id=1938;
INSERT INTO BOOK_RESERVATION(reservation_date, id, book_id, edition_id, review_id) VALUES(PARSEDATETIME('2021-01-01', 'yyyy-MM-dd'), 144, 2554, 76, null);
INSERT INTO BOOK_RESERVATION(reservation_date, id, book_id, edition_id, review_id) VALUES(PARSEDATETIME('2021-01-01', 'yyyy-MM-dd'), 145, 1084, 33, null);
UPDATE BOOK SET STATE='TAKEN' WHERE book_id=1084;
INSERT INTO BOOK_RESERVATION(reservation_date, id, book_id, edition_id, review_id) VALUES(PARSEDATETIME('2021-01-01', 'yyyy-MM-dd'), 146, 3825, 115, null);
INSERT INTO PICTURE_BOOK_RESERVATION VALUES(1, 147);
INSERT INTO PICTURE_BOOK_RESERVATION VALUES(4, 148);
INSERT INTO PICTURE_BOOK_RESERVATION VALUES(1, 149);
INSERT INTO REVIEW(id, content, rating, book_reservation_id, edition_id, allowed, checked) VALUES(0, 'Cras vel lacus at erat venenatis pulvinar. Mauris pellentesque nisl sit amet facilisis tincidunt. ', 5.0, 5, 42, False, False);
 UPDATE BOOK_RESERVATION SET review_id=0 WHERE id=5;
INSERT INTO REVIEW(id, content, rating, book_reservation_id, edition_id, allowed, checked) VALUES(1, 'Praesent scelerisque magna a luctus tempor. Nam tincidunt neque at neque aliquet lobortis nec sed ante. ', 2.1, 10, 113, False, False);
 UPDATE BOOK_RESERVATION SET review_id=1 WHERE id=10;
INSERT INTO REVIEW(id, content, rating, book_reservation_id, edition_id, allowed, checked) VALUES(2, 'Nam quis turpis sed sem lacinia feugiat ut vitae nibh. ', 4.5, 11, 28, False, False);
 UPDATE BOOK_RESERVATION SET review_id=2 WHERE id=11;
INSERT INTO REVIEW(id, content, rating, book_reservation_id, edition_id, allowed, checked) VALUES(3, 'Donec ac nulla vitae dui efficitur cursus. Nam quis turpis sed sem lacinia feugiat ut vitae nibh. ', 1.7, 12, 44, False, False);
 UPDATE BOOK_RESERVATION SET review_id=3 WHERE id=12;
INSERT INTO REVIEW(id, content, rating, book_reservation_id, edition_id, allowed, checked) VALUES(4, 'Fusce iaculis orci non magna vestibulum imperdiet. Phasellus gravida sem eu quam interdum, vehicula hendrerit leo tincidunt. Nullam a justo nec tellus vehicula tincidunt vitae at neque. ', 4.6, 17, 52, False, False);
 UPDATE BOOK_RESERVATION SET review_id=4 WHERE id=17;
INSERT INTO REVIEW(id, content, rating, book_reservation_id, edition_id, allowed, checked) VALUES(5, 'Suspendisse in dolor sit amet dui placerat pulvinar. Praesent scelerisque magna a luctus tempor. Suspendisse in dolor sit amet dui placerat pulvinar. ', 1.6, 29, 55, False, False);
 UPDATE BOOK_RESERVATION SET review_id=5 WHERE id=29;
INSERT INTO REVIEW(id, content, rating, book_reservation_id, edition_id, allowed, checked) VALUES(6, 'Nulla consectetur nulla a efficitur scelerisque. ', 2.1, 35, 34, False, False);
 UPDATE BOOK_RESERVATION SET review_id=6 WHERE id=35;
INSERT INTO REVIEW(id, content, rating, book_reservation_id, edition_id, allowed, checked) VALUES(7, 'Curabitur suscipit erat a leo malesuada, a scelerisque turpis vehicula. ', 2.3, 42, 138, False, False);
 UPDATE BOOK_RESERVATION SET review_id=7 WHERE id=42;
INSERT INTO REVIEW(id, content, rating, book_reservation_id, edition_id, allowed, checked) VALUES(8, 'Sed vel justo ultricies, tempus dolor eu, maximus tortor. ', 4.7, 53, 43, False, False);
 UPDATE BOOK_RESERVATION SET review_id=8 WHERE id=53;
INSERT INTO REVIEW(id, content, rating, book_reservation_id, edition_id, allowed, checked) VALUES(9, 'Suspendisse aliquet neque vitae sem posuere sodales. ', 4.1, 62, 100, False, False);
 UPDATE BOOK_RESERVATION SET review_id=9 WHERE id=62;
INSERT INTO REVIEW(id, content, rating, book_reservation_id, edition_id, allowed, checked) VALUES(10, 'Mauris pellentesque nisl sit amet facilisis tincidunt. Sed dictum nisl id quam vestibulum eleifend. Phasellus blandit velit id suscipit ultrices. ', 2.0, 77, 136, False, False);
 UPDATE BOOK_RESERVATION SET review_id=10 WHERE id=77;
INSERT INTO REVIEW(id, content, rating, book_reservation_id, edition_id, allowed, checked) VALUES(11, 'Etiam eu metus vitae nisl volutpat efficitur. Nulla eget eros id urna tempor hendrerit. Fusce semper erat et diam molestie porta. ', 1.6, 81, 25, False, False);
 UPDATE BOOK_RESERVATION SET review_id=11 WHERE id=81;
INSERT INTO REVIEW(id, content, rating, book_reservation_id, edition_id, allowed, checked) VALUES(12, 'Praesent scelerisque magna a luctus tempor. Nunc tristique neque at interdum viverra. ', 3.3, 88, 124, False, False);
 UPDATE BOOK_RESERVATION SET review_id=12 WHERE id=88;
INSERT INTO REVIEW(id, content, rating, book_reservation_id, edition_id, allowed, checked) VALUES(13, 'Sed fringilla purus at nunc eleifend semper. Mauris sit amet eros eget magna dignissim auctor. ', 3.9, 94, 121, False, False);
 UPDATE BOOK_RESERVATION SET review_id=13 WHERE id=94;
INSERT INTO REVIEW(id, content, rating, book_reservation_id, edition_id, allowed, checked) VALUES(14, 'Donec vitae neque faucibus, ultricies nisi ac, sollicitudin augue. Mauris sit amet eros eget magna dignissim auctor. Nullam a justo nec tellus vehicula tincidunt vitae at neque. Aenean bibendum purus in lacus commodo lobortis. ', 2.1, 96, 91, False, False);
 UPDATE BOOK_RESERVATION SET review_id=14 WHERE id=96;
INSERT INTO REVIEW(id, content, rating, book_reservation_id, edition_id, allowed, checked) VALUES(15, 'Quisque convallis mauris quis elit semper, in finibus libero tincidunt. Nunc tristique neque at interdum viverra. Nunc tristique neque at interdum viverra. ', 3.6, 101, 60, False, False);
 UPDATE BOOK_RESERVATION SET review_id=15 WHERE id=101;
INSERT INTO REVIEW(id, content, rating, book_reservation_id, edition_id, allowed, checked) VALUES(16, 'Cras vel lacus at erat venenatis pulvinar. ', 4.2, 104, 32, False, False);
 UPDATE BOOK_RESERVATION SET review_id=16 WHERE id=104;
INSERT INTO REVIEW(id, content, rating, book_reservation_id, edition_id, allowed, checked) VALUES(17, 'Vivamus non nunc non ligula volutpat laoreet consequat a diam. ', 1.9, 106, 121, False, False);
 UPDATE BOOK_RESERVATION SET review_id=17 WHERE id=106;
INSERT INTO REVIEW(id, content, rating, book_reservation_id, edition_id, allowed, checked) VALUES(18, 'Sed fringilla felis dignissim urna rutrum rhoncus. Praesent scelerisque magna a luctus tempor. ', 1.0, 125, 81, False, False);
 UPDATE BOOK_RESERVATION SET review_id=18 WHERE id=125;
INSERT INTO REVIEW(id, content, rating, book_reservation_id, edition_id, allowed, checked) VALUES(19, 'Fusce iaculis orci non magna vestibulum imperdiet. ', 3.5, 131, 26, False, False);
 UPDATE BOOK_RESERVATION SET review_id=19 WHERE id=131;
INSERT INTO REVIEW(id, content, rating, book_reservation_id, edition_id, allowed, checked) VALUES(20, 'Nunc ut sem a libero condimentum venenatis non et ligula. ', 2.7, 133, 100, False, False);
 UPDATE BOOK_RESERVATION SET review_id=20 WHERE id=133;
INSERT INTO REVIEW(id, content, rating, book_reservation_id, edition_id, allowed, checked) VALUES(21, 'Nunc maximus velit at justo lobortis, vitae luctus enim molestie. Donec at lorem eu ex dictum consectetur eu sit amet mauris. Integer imperdiet mauris sed ante bibendum, sit amet consectetur tortor imperdiet. Curabitur suscipit erat a leo malesuada, ', 3.8, 139, 34, False, False);
 UPDATE BOOK_RESERVATION SET review_id=21 WHERE id=139;
INSERT INTO REVIEW(id, content, rating, book_reservation_id, edition_id, allowed, checked) VALUES(22, 'Phasellus gravida sem eu quam interdum, vehicula hendrerit leo tincidunt. Suspendisse iaculis diam nec nunc volutpat, lacinia pulvinar augue venenatis. ', 1.9, 140, 121, False, False);
 UPDATE BOOK_RESERVATION SET review_id=22 WHERE id=140;
INSERT INTO REVIEW(id, content, rating, book_reservation_id, edition_id, allowed, checked) VALUES(23, 'Donec at lorem eu ex dictum consectetur eu sit amet mauris. Nunc ut sem a libero condimentum venenatis non et ligula. ', 3.5, 144, 76, False, False);
 UPDATE BOOK_RESERVATION SET review_id=23 WHERE id=144;
INSERT INTO REVIEW(id, content, rating, book_reservation_id, edition_id, allowed, checked) VALUES(24, 'Aliquam facilisis dui id odio eleifend, efficitur cursus arcu vestibulum. ', 4.7, 146, 115, False, False);
 UPDATE BOOK_RESERVATION SET review_id=24 WHERE id=146;
INSERT INTO CATEGORY_RULES VALUES(0, 0, 3, 15);
INSERT INTO CATEGORY_RULES VALUES(1, 1, 3, 15);
INSERT INTO CATEGORY_RULES VALUES(2, 2, 5, 15);
INSERT INTO CATEGORY_RULES VALUES(3, 3, 3, 21);
INSERT INTO CATEGORY_RULES VALUES(4, 4, 10, 30);
INSERT INTO PRICE VALUES(0, PARSEDATETIME('2022-09-01', 'yyyy-MM-dd'), 200, PARSEDATETIME('2021-06-01', 'yyyy-MM-dd'), 0);
INSERT INTO PRICE VALUES(1, PARSEDATETIME('2022-09-01', 'yyyy-MM-dd'), 300, PARSEDATETIME('2021-06-01', 'yyyy-MM-dd'), 1);
INSERT INTO PRICE VALUES(2, PARSEDATETIME('2022-09-01', 'yyyy-MM-dd'), 500, PARSEDATETIME('2021-06-01', 'yyyy-MM-dd'), 2);
INSERT INTO PRICE VALUES(3, PARSEDATETIME('2022-09-01', 'yyyy-MM-dd'), 200, PARSEDATETIME('2021-06-01', 'yyyy-MM-dd'), 3);
INSERT INTO PRICE VALUES(4, PARSEDATETIME('2022-09-01', 'yyyy-MM-dd'), 500, PARSEDATETIME('2021-06-01', 'yyyy-MM-dd'), 4);
INSERT INTO MEMBERSHIP VALUES(0, PARSEDATETIME('2021-08-15', 'yyyy-MM-dd'), PARSEDATETIME('2021-06-15', 'yyyy-MM-dd'), 4, 0);
INSERT INTO MEMBERSHIP VALUES(1, PARSEDATETIME('2021-08-15', 'yyyy-MM-dd'), PARSEDATETIME('2021-06-15', 'yyyy-MM-dd'), 1, 1);
INSERT INTO MEMBERSHIP VALUES(2, PARSEDATETIME('2021-08-15', 'yyyy-MM-dd'), PARSEDATETIME('2021-06-15', 'yyyy-MM-dd'), 2, 2);
INSERT INTO MEMBERSHIP VALUES(3, PARSEDATETIME('2021-08-15', 'yyyy-MM-dd'), PARSEDATETIME('2021-06-15', 'yyyy-MM-dd'), 2, 3);
INSERT INTO MEMBERSHIP VALUES(4, PARSEDATETIME('2021-08-15', 'yyyy-MM-dd'), PARSEDATETIME('2021-06-15', 'yyyy-MM-dd'), 0, 4);
INSERT INTO MEMBERSHIP VALUES(5, PARSEDATETIME('2021-08-15', 'yyyy-MM-dd'), PARSEDATETIME('2021-06-15', 'yyyy-MM-dd'), 2, 5);
INSERT INTO MEMBERSHIP VALUES(6, PARSEDATETIME('2021-08-15', 'yyyy-MM-dd'), PARSEDATETIME('2021-06-15', 'yyyy-MM-dd'), 2, 6);
INSERT INTO MEMBERSHIP VALUES(7, PARSEDATETIME('2021-08-15', 'yyyy-MM-dd'), PARSEDATETIME('2021-06-15', 'yyyy-MM-dd'), 4, 7);
INSERT INTO MEMBERSHIP VALUES(8, PARSEDATETIME('2021-08-15', 'yyyy-MM-dd'), PARSEDATETIME('2021-06-15', 'yyyy-MM-dd'), 1, 8);
INSERT INTO MEMBERSHIP VALUES(9, PARSEDATETIME('2021-08-15', 'yyyy-MM-dd'), PARSEDATETIME('2021-06-15', 'yyyy-MM-dd'), 3, 9);
INSERT INTO MEMBERSHIP VALUES(10, PARSEDATETIME('2021-08-15', 'yyyy-MM-dd'), PARSEDATETIME('2021-06-15', 'yyyy-MM-dd'), 2, 10);
INSERT INTO MEMBERSHIP VALUES(11, PARSEDATETIME('2021-08-15', 'yyyy-MM-dd'), PARSEDATETIME('2021-06-15', 'yyyy-MM-dd'), 2, 11);
INSERT INTO MEMBERSHIP VALUES(12, PARSEDATETIME('2021-08-15', 'yyyy-MM-dd'), PARSEDATETIME('2021-06-15', 'yyyy-MM-dd'), 4, 12);
INSERT INTO MEMBERSHIP VALUES(13, PARSEDATETIME('2021-08-15', 'yyyy-MM-dd'), PARSEDATETIME('2021-06-15', 'yyyy-MM-dd'), 0, 13);
INSERT INTO MEMBERSHIP VALUES(14, PARSEDATETIME('2021-08-15', 'yyyy-MM-dd'), PARSEDATETIME('2021-06-15', 'yyyy-MM-dd'), 3, 14);
INSERT INTO MEMBERSHIP VALUES(15, PARSEDATETIME('2021-08-15', 'yyyy-MM-dd'), PARSEDATETIME('2021-06-15', 'yyyy-MM-dd'), 1, 15);
INSERT INTO MEMBERSHIP VALUES(16, PARSEDATETIME('2021-08-15', 'yyyy-MM-dd'), PARSEDATETIME('2021-06-15', 'yyyy-MM-dd'), 3, 16);
INSERT INTO MEMBERSHIP VALUES(17, PARSEDATETIME('2021-08-15', 'yyyy-MM-dd'), PARSEDATETIME('2021-06-15', 'yyyy-MM-dd'), 3, 17);
INSERT INTO MEMBERSHIP VALUES(18, PARSEDATETIME('2021-08-15', 'yyyy-MM-dd'), PARSEDATETIME('2021-06-15', 'yyyy-MM-dd'), 4, 18);
INSERT INTO MEMBERSHIP VALUES(19, PARSEDATETIME('2021-08-15', 'yyyy-MM-dd'), PARSEDATETIME('2021-06-15', 'yyyy-MM-dd'), 0, 19);
INSERT INTO MEMBERSHIP VALUES(20, PARSEDATETIME('2021-08-15', 'yyyy-MM-dd'), PARSEDATETIME('2021-06-15', 'yyyy-MM-dd'), 0, 20);
INSERT INTO MEMBERSHIP VALUES(21, PARSEDATETIME('2021-08-15', 'yyyy-MM-dd'), PARSEDATETIME('2021-06-15', 'yyyy-MM-dd'), 4, 21);
INSERT INTO MEMBERSHIP VALUES(22, PARSEDATETIME('2021-08-15', 'yyyy-MM-dd'), PARSEDATETIME('2021-06-15', 'yyyy-MM-dd'), 3, 22);
INSERT INTO MEMBERSHIP VALUES(23, PARSEDATETIME('2021-08-15', 'yyyy-MM-dd'), PARSEDATETIME('2021-06-15', 'yyyy-MM-dd'), 1, 23);
INSERT INTO MEMBERSHIP VALUES(24, PARSEDATETIME('2021-08-15', 'yyyy-MM-dd'), PARSEDATETIME('2021-06-15', 'yyyy-MM-dd'), 2, 24);
INSERT INTO MEMBERSHIP VALUES(25, PARSEDATETIME('2021-08-15', 'yyyy-MM-dd'), PARSEDATETIME('2021-06-15', 'yyyy-MM-dd'), 4, 25);
INSERT INTO MEMBERSHIP VALUES(26, PARSEDATETIME('2021-08-15', 'yyyy-MM-dd'), PARSEDATETIME('2021-06-15', 'yyyy-MM-dd'), 3, 26);
INSERT INTO MEMBERSHIP VALUES(27, PARSEDATETIME('2021-08-15', 'yyyy-MM-dd'), PARSEDATETIME('2021-06-15', 'yyyy-MM-dd'), 4, 27);
INSERT INTO MEMBERSHIP VALUES(28, PARSEDATETIME('2021-08-15', 'yyyy-MM-dd'), PARSEDATETIME('2021-06-15', 'yyyy-MM-dd'), 1, 28);
INSERT INTO MEMBERSHIP VALUES(29, PARSEDATETIME('2021-08-15', 'yyyy-MM-dd'), PARSEDATETIME('2021-06-15', 'yyyy-MM-dd'), 4, 29);
INSERT INTO DAILY_TRANSACTION VALUES(0, PARSEDATETIME('2021-06-15', 'yyyy-MM-dd'), 30, 0, 0);
INSERT INTO DAILY_TRANSACTION VALUES(1, PARSEDATETIME('2021-06-15', 'yyyy-MM-dd'), 30, 1, 0);
INSERT INTO DAILY_TRANSACTION VALUES(2, PARSEDATETIME('2021-06-15', 'yyyy-MM-dd'), 31, 2, 0);
INSERT INTO DAILY_TRANSACTION VALUES(3, PARSEDATETIME('2021-06-15', 'yyyy-MM-dd'), 31, 3, 0);
INSERT INTO DAILY_TRANSACTION VALUES(4, PARSEDATETIME('2021-06-15', 'yyyy-MM-dd'), 31, 4, 0);
INSERT INTO DAILY_TRANSACTION VALUES(5, PARSEDATETIME('2021-06-15', 'yyyy-MM-dd'), 31, 5, 0);
INSERT INTO DAILY_TRANSACTION VALUES(6, PARSEDATETIME('2021-06-15', 'yyyy-MM-dd'), 31, 6, 0);
INSERT INTO DAILY_TRANSACTION VALUES(7, PARSEDATETIME('2021-06-15', 'yyyy-MM-dd'), 31, 7, 0);
INSERT INTO DAILY_TRANSACTION VALUES(8, PARSEDATETIME('2021-06-15', 'yyyy-MM-dd'), 30, 8, 0);
INSERT INTO DAILY_TRANSACTION VALUES(9, PARSEDATETIME('2021-06-15', 'yyyy-MM-dd'), 31, 9, 0);
INSERT INTO DAILY_TRANSACTION VALUES(10, PARSEDATETIME('2021-06-15', 'yyyy-MM-dd'), 32, 10, 0);
INSERT INTO DAILY_TRANSACTION VALUES(11, PARSEDATETIME('2021-06-15', 'yyyy-MM-dd'), 32, 11, 0);
INSERT INTO DAILY_TRANSACTION VALUES(12, PARSEDATETIME('2021-06-15', 'yyyy-MM-dd'), 32, 12, 0);
INSERT INTO DAILY_TRANSACTION VALUES(13, PARSEDATETIME('2021-06-15', 'yyyy-MM-dd'), 31, 13, 0);
INSERT INTO DAILY_TRANSACTION VALUES(14, PARSEDATETIME('2021-06-15', 'yyyy-MM-dd'), 30, 14, 0);
INSERT INTO DAILY_TRANSACTION VALUES(15, PARSEDATETIME('2021-06-15', 'yyyy-MM-dd'), 30, 15, 0);
INSERT INTO DAILY_TRANSACTION VALUES(16, PARSEDATETIME('2021-06-15', 'yyyy-MM-dd'), 31, 16, 0);
INSERT INTO DAILY_TRANSACTION VALUES(17, PARSEDATETIME('2021-06-15', 'yyyy-MM-dd'), 30, 17, 0);
INSERT INTO DAILY_TRANSACTION VALUES(18, PARSEDATETIME('2021-06-15', 'yyyy-MM-dd'), 31, 18, 0);
INSERT INTO DAILY_TRANSACTION VALUES(19, PARSEDATETIME('2021-06-15', 'yyyy-MM-dd'), 31, 19, 0);
INSERT INTO DAILY_TRANSACTION VALUES(20, PARSEDATETIME('2021-06-15', 'yyyy-MM-dd'), 30, 20, 0);
INSERT INTO DAILY_TRANSACTION VALUES(21, PARSEDATETIME('2021-06-15', 'yyyy-MM-dd'), 30, 21, 0);
INSERT INTO DAILY_TRANSACTION VALUES(22, PARSEDATETIME('2021-06-15', 'yyyy-MM-dd'), 30, 22, 0);
INSERT INTO DAILY_TRANSACTION VALUES(23, PARSEDATETIME('2021-06-15', 'yyyy-MM-dd'), 30, 23, 0);
INSERT INTO DAILY_TRANSACTION VALUES(24, PARSEDATETIME('2021-06-15', 'yyyy-MM-dd'), 31, 24, 0);
INSERT INTO DAILY_TRANSACTION VALUES(25, PARSEDATETIME('2021-06-15', 'yyyy-MM-dd'), 30, 25, 0);
INSERT INTO DAILY_TRANSACTION VALUES(26, PARSEDATETIME('2021-06-15', 'yyyy-MM-dd'), 31, 26, 0);
INSERT INTO DAILY_TRANSACTION VALUES(27, PARSEDATETIME('2021-06-15', 'yyyy-MM-dd'), 30, 27, 0);
INSERT INTO DAILY_TRANSACTION VALUES(28, PARSEDATETIME('2021-06-15', 'yyyy-MM-dd'), 30, 28, 0);
INSERT INTO DAILY_TRANSACTION VALUES(29, PARSEDATETIME('2021-06-15', 'yyyy-MM-dd'), 30, 29, 0);
UPDATE USER SET USER_TYPE=1 WHERE ID=0;
