INSERT INTO LIBRARY VALUES(0, 'Library');
INSERT INTO ACCOUNT VALUES(0, 'jovanmilosevic2@gmail.com', 'password1', '0000000000', 0);
INSERT INTO ACCOUNT VALUES(1, 'goranjovanovic4@gmail.com', 'password1', '0000000001', 0);
INSERT INTO ACCOUNT VALUES(2, 'davidpavlovic@gmail.com', 'password1', '0000000002', 0);
INSERT INTO ACCOUNT VALUES(3, 'dusantomic1@gmail.com', 'password1', '0000000003', 0);
INSERT INTO ACCOUNT VALUES(4, 'ivanatodorovic@gmail.com', 'password1', '0000000004', 0);
INSERT INTO ACCOUNT VALUES(5, 'lazarzivkovic@gmail.com', 'password1', '0000000005', 0);
INSERT INTO ACCOUNT VALUES(6, 'jovanazivkovic@gmail.com', 'password1', '0000000006', 0);
INSERT INTO ACCOUNT VALUES(7, 'dusancvetkovic413@gmail.com', 'password1', '0000000007', 0);
INSERT INTO ACCOUNT VALUES(8, 'nenadivanovic4@gmail.com', 'password1', '0000000008', 0);
INSERT INTO ACCOUNT VALUES(9, 'uroskrstic@gmail.com', 'password1', '0000000009', 0);
INSERT INTO ACCOUNT VALUES(10, 'bojankostic477@gmail.com', 'password1', '0000000010', 0);
INSERT INTO ACCOUNT VALUES(11, 'pavlepopovic@gmail.com', 'password1', '0000000011', 0);
INSERT INTO ACCOUNT VALUES(12, 'goranzivkovic@gmail.com', 'password1', '0000000012', 0);
INSERT INTO ACCOUNT VALUES(13, 'aleksandarpavlovic@gmail.com', 'password1', '0000000013', 0);
INSERT INTO ACCOUNT VALUES(14, 'milicapetrovic@gmail.com', 'password1', '0000000014', 0);
INSERT INTO ACCOUNT VALUES(15, 'uroszivkovic5@gmail.com', 'password1', '0000000015', 0);
INSERT INTO ACCOUNT VALUES(16, 'zorandimitrijevic@gmail.com', 'password1', '0000000016', 0);
INSERT INTO ACCOUNT VALUES(17, 'petarkrstic85@gmail.com', 'password1', '0000000017', 0);
INSERT INTO ACCOUNT VALUES(18, 'marijamilosevic68@gmail.com', 'password1', '0000000018', 0);
INSERT INTO ACCOUNT VALUES(19, 'zoranpetrovic2@gmail.com', 'password1', '0000000019', 0);
INSERT INTO ACCOUNT VALUES(20, 'jovanajankovic@gmail.com', 'password1', '0000000020', 0);
INSERT INTO ACCOUNT VALUES(21, 'jovanristic@gmail.com', 'password1', '0000000021', 0);
INSERT INTO ACCOUNT VALUES(22, 'anajovanovic@gmail.com', 'password1', '0000000022', 0);
INSERT INTO ACCOUNT VALUES(23, 'nenadnikolic@gmail.com', 'password1', '0000000023', 0);
INSERT INTO ACCOUNT VALUES(24, 'milicalazic6@gmail.com', 'password1', '0000000024', 0);
INSERT INTO ACCOUNT VALUES(25, 'bogdandjordjevic623@gmail.com', 'password1', '0000000025', 0);
INSERT INTO ACCOUNT VALUES(26, 'dusantomic@gmail.com', 'password1', '0000000026', 0);
INSERT INTO ACCOUNT VALUES(27, 'lazarkrstic@gmail.com', 'password1', '0000000027', 0);
INSERT INTO ACCOUNT VALUES(28, 'aleksacvetkovic122@gmail.com', 'password1', '0000000028', 0);
INSERT INTO ACCOUNT VALUES(29, 'milicanikolic@gmail.com', 'password1', '0000000029', 0);
INSERT INTO ACCOUNT VALUES(30, 'sofijastankovic55@gmail.com', 'password1', '0000000030', 0);
INSERT INTO ACCOUNT VALUES(31, 'bojanazivkovic9@gmail.com', 'password1', '0000000031', 0);
INSERT INTO ACCOUNT VALUES(32, 'bojankostic55@gmail.com', 'password1', '0000000032', 0);
INSERT INTO USER VALUES(0, 0, PARSEDATETIME('1970-01-01', 'yyyy-mm-dd'), 'Jovan', 'Milošević', 0, 0);
INSERT INTO USER VALUES(0, 1, PARSEDATETIME('1970-01-01', 'yyyy-mm-dd'), 'Goran', 'Jovanović', 1, 0);
INSERT INTO USER VALUES(0, 2, PARSEDATETIME('1970-01-01', 'yyyy-mm-dd'), 'David', 'Pavlović', 2, 0);
INSERT INTO USER VALUES(0, 3, PARSEDATETIME('1970-01-01', 'yyyy-mm-dd'), 'Dušan', 'Tomić', 3, 0);
INSERT INTO USER VALUES(0, 4, PARSEDATETIME('1970-01-01', 'yyyy-mm-dd'), 'Ivana', 'Todorović', 4, 0);
INSERT INTO USER VALUES(0, 5, PARSEDATETIME('1970-01-01', 'yyyy-mm-dd'), 'Lazar', 'Živković', 5, 0);
INSERT INTO USER VALUES(0, 6, PARSEDATETIME('1970-01-01', 'yyyy-mm-dd'), 'Jovana', 'Živković', 6, 0);
INSERT INTO USER VALUES(0, 7, PARSEDATETIME('1970-01-01', 'yyyy-mm-dd'), 'Dušan', 'Cvetković', 7, 0);
INSERT INTO USER VALUES(0, 8, PARSEDATETIME('1970-01-01', 'yyyy-mm-dd'), 'Nenad', 'Ivanović', 8, 0);
INSERT INTO USER VALUES(0, 9, PARSEDATETIME('1970-01-01', 'yyyy-mm-dd'), 'Uroš', 'Krstić', 9, 0);
INSERT INTO USER VALUES(0, 10, PARSEDATETIME('1970-01-01', 'yyyy-mm-dd'), 'Bojan', 'Kostić', 10, 0);
INSERT INTO USER VALUES(0, 11, PARSEDATETIME('1970-01-01', 'yyyy-mm-dd'), 'Pavle', 'Popović', 11, 0);
INSERT INTO USER VALUES(0, 12, PARSEDATETIME('1970-01-01', 'yyyy-mm-dd'), 'Goran', 'Živković', 12, 0);
INSERT INTO USER VALUES(0, 13, PARSEDATETIME('1970-01-01', 'yyyy-mm-dd'), 'Aleksandar', 'Pavlović', 13, 0);
INSERT INTO USER VALUES(0, 14, PARSEDATETIME('1970-01-01', 'yyyy-mm-dd'), 'Milica', 'Petrović', 14, 0);
INSERT INTO USER VALUES(0, 15, PARSEDATETIME('1970-01-01', 'yyyy-mm-dd'), 'Uroš', 'Živković', 15, 0);
INSERT INTO USER VALUES(0, 16, PARSEDATETIME('1970-01-01', 'yyyy-mm-dd'), 'Zoran', 'Dimitrijević', 16, 0);
INSERT INTO USER VALUES(0, 17, PARSEDATETIME('1970-01-01', 'yyyy-mm-dd'), 'Petar', 'Krstić', 17, 0);
INSERT INTO USER VALUES(0, 18, PARSEDATETIME('1970-01-01', 'yyyy-mm-dd'), 'Marija', 'Milošević', 18, 0);
INSERT INTO USER VALUES(0, 19, PARSEDATETIME('1970-01-01', 'yyyy-mm-dd'), 'Zoran', 'Petrović', 19, 0);
INSERT INTO USER VALUES(0, 20, PARSEDATETIME('1970-01-01', 'yyyy-mm-dd'), 'Jovana', 'Janković', 20, 0);
INSERT INTO USER VALUES(0, 21, PARSEDATETIME('1970-01-01', 'yyyy-mm-dd'), 'Jovan', 'Ristić', 21, 0);
INSERT INTO USER VALUES(0, 22, PARSEDATETIME('1970-01-01', 'yyyy-mm-dd'), 'Ana', 'Jovanović', 22, 0);
INSERT INTO USER VALUES(0, 23, PARSEDATETIME('1970-01-01', 'yyyy-mm-dd'), 'Nenad', 'Nikolić', 23, 0);
INSERT INTO USER VALUES(0, 24, PARSEDATETIME('1970-01-01', 'yyyy-mm-dd'), 'Milica', 'Lazić', 24, 0);
INSERT INTO USER VALUES(0, 25, PARSEDATETIME('1970-01-01', 'yyyy-mm-dd'), 'Bogdan', 'Đorđević', 25, 0);
INSERT INTO USER VALUES(0, 26, PARSEDATETIME('1970-01-01', 'yyyy-mm-dd'), 'Dušan', 'Tomić', 26, 0);
INSERT INTO USER VALUES(0, 27, PARSEDATETIME('1970-01-01', 'yyyy-mm-dd'), 'Lazar', 'Krstić', 27, 0);
INSERT INTO USER VALUES(0, 28, PARSEDATETIME('1970-01-01', 'yyyy-mm-dd'), 'Aleksa', 'Cvetković', 28, 0);
INSERT INTO USER VALUES(0, 29, PARSEDATETIME('1970-01-01', 'yyyy-mm-dd'), 'Milica', 'Nikolić', 29, 0);
INSERT INTO USER VALUES(0, 30, PARSEDATETIME('1970-01-01', 'yyyy-mm-dd'), 'Sofija', 'Stanković', 30, 0);
INSERT INTO USER VALUES(0, 31, PARSEDATETIME('1970-01-01', 'yyyy-mm-dd'), 'Bojana', 'Živković', 31, 0);
INSERT INTO USER VALUES(0, 32, PARSEDATETIME('1970-01-01', 'yyyy-mm-dd'), 'Bojan', 'Kostić', 32, 0);
INSERT INTO MEMBER VALUES(0);
INSERT INTO MEMBER VALUES(1);
INSERT INTO MEMBER VALUES(2);
INSERT INTO MEMBER VALUES(3);
INSERT INTO MEMBER VALUES(4);
INSERT INTO MEMBER VALUES(5);
INSERT INTO MEMBER VALUES(6);
INSERT INTO MEMBER VALUES(7);
INSERT INTO MEMBER VALUES(8);
INSERT INTO MEMBER VALUES(9);
INSERT INTO MEMBER VALUES(10);
INSERT INTO MEMBER VALUES(11);
INSERT INTO MEMBER VALUES(12);
INSERT INTO MEMBER VALUES(13);
INSERT INTO MEMBER VALUES(14);
INSERT INTO MEMBER VALUES(15);
INSERT INTO MEMBER VALUES(16);
INSERT INTO MEMBER VALUES(17);
INSERT INTO MEMBER VALUES(18);
INSERT INTO MEMBER VALUES(19);
INSERT INTO MEMBER VALUES(20);
INSERT INTO MEMBER VALUES(21);
INSERT INTO MEMBER VALUES(22);
INSERT INTO MEMBER VALUES(23);
INSERT INTO MEMBER VALUES(24);
INSERT INTO MEMBER VALUES(25);
INSERT INTO MEMBER VALUES(26);
INSERT INTO MEMBER VALUES(27);
INSERT INTO MEMBER VALUES(28);
INSERT INTO MEMBER VALUES(29);
INSERT INTO LIBRARIAN VALUES(3, 30);
INSERT INTO LIBRARIAN VALUES(2, 31);
INSERT INTO LIBRARIAN VALUES(2, 32);
INSERT INTO PLACE VALUES(0, 'Novi Sad', 21000);
INSERT INTO PLACE VALUES(1, 'Zrenjanin', 23000);
INSERT INTO BUILDING VALUES(0, 'Žrtava junskog roka', 'Main library', 16, 0, 0);
INSERT INTO BUILDING VALUES(1, 'Satošijeva', 'Library II', 26, 0, 0);
INSERT INTO BUILDING VALUES(2, 'Žrtava junskog roka', 'Library III', 22, 0, 0);
INSERT INTO BUILDING VALUES(3, 'Teše Tešanovića', 'Main library', 17, 1, 0);
INSERT INTO BUILDING VALUES(4, 'Žrtava junskog roka', 'Library II', 22, 1, 0);
INSERT INTO BUILDING VALUES(5, 'Inženjerska', 'Library III', 11, 1, 0);
INSERT INTO SECTION VALUES(0, 'A', 0);
INSERT INTO SECTION VALUES(1, 'B', 0);
INSERT INTO SECTION VALUES(2, 'C', 0);
INSERT INTO SECTION VALUES(3, 'D', 0);
INSERT INTO SECTION VALUES(4, 'A', 1);
INSERT INTO SECTION VALUES(5, 'B', 1);
INSERT INTO SECTION VALUES(6, 'C', 1);
INSERT INTO SECTION VALUES(7, 'D', 1);
INSERT INTO SECTION VALUES(8, 'A', 2);
INSERT INTO SECTION VALUES(9, 'B', 2);
INSERT INTO SECTION VALUES(10, 'C', 2);
INSERT INTO SECTION VALUES(11, 'D', 2);
INSERT INTO SECTION VALUES(12, 'A', 3);
INSERT INTO SECTION VALUES(13, 'B', 3);
INSERT INTO SECTION VALUES(14, 'C', 3);
INSERT INTO SECTION VALUES(15, 'D', 3);
INSERT INTO SECTION VALUES(16, 'A', 4);
INSERT INTO SECTION VALUES(17, 'B', 4);
INSERT INTO SECTION VALUES(18, 'C', 4);
INSERT INTO SECTION VALUES(19, 'D', 4);
INSERT INTO SECTION VALUES(20, 'A', 5);
INSERT INTO SECTION VALUES(21, 'B', 5);
INSERT INTO SECTION VALUES(22, 'C', 5);
INSERT INTO SECTION VALUES(23, 'D', 5);
INSERT INTO ISLE VALUES(0, 'A', 1);
INSERT INTO ISLE VALUES(1, 'B', 1);
INSERT INTO ISLE VALUES(2, 'C', 1);
INSERT INTO ISLE VALUES(3, 'D', 1);
INSERT INTO ISLE VALUES(4, 'A', 2);
INSERT INTO ISLE VALUES(5, 'B', 2);
INSERT INTO ISLE VALUES(6, 'A', 3);
INSERT INTO ISLE VALUES(7, 'B', 3);
INSERT INTO ISLE VALUES(8, 'A', 4);
INSERT INTO ISLE VALUES(9, 'A', 5);
INSERT INTO ISLE VALUES(10, 'B', 5);
INSERT INTO ISLE VALUES(11, 'C', 5);
INSERT INTO ISLE VALUES(12, 'D', 5);
INSERT INTO ISLE VALUES(13, 'A', 6);
INSERT INTO ISLE VALUES(14, 'B', 6);
INSERT INTO ISLE VALUES(15, 'C', 6);
INSERT INTO ISLE VALUES(16, 'A', 7);
INSERT INTO ISLE VALUES(17, 'A', 9);
INSERT INTO ISLE VALUES(18, 'B', 9);
INSERT INTO ISLE VALUES(19, 'C', 9);
INSERT INTO ISLE VALUES(20, 'A', 10);
INSERT INTO ISLE VALUES(21, 'B', 10);
INSERT INTO ISLE VALUES(22, 'C', 10);
INSERT INTO ISLE VALUES(23, 'D', 10);
INSERT INTO ISLE VALUES(24, 'A', 11);
INSERT INTO ISLE VALUES(25, 'A', 13);
INSERT INTO ISLE VALUES(26, 'B', 13);
INSERT INTO ISLE VALUES(27, 'A', 14);
INSERT INTO ISLE VALUES(28, 'B', 14);
INSERT INTO ISLE VALUES(29, 'A', 15);
INSERT INTO ISLE VALUES(30, 'B', 15);
INSERT INTO ISLE VALUES(31, 'A', 16);
INSERT INTO ISLE VALUES(32, 'B', 16);
INSERT INTO ISLE VALUES(33, 'A', 17);
INSERT INTO ISLE VALUES(34, 'B', 17);
INSERT INTO ISLE VALUES(35, 'C', 17);
INSERT INTO ISLE VALUES(36, 'D', 17);
INSERT INTO ISLE VALUES(37, 'A', 18);
INSERT INTO ISLE VALUES(38, 'B', 18);
INSERT INTO ISLE VALUES(39, 'C', 18);
INSERT INTO ISLE VALUES(40, 'D', 18);
INSERT INTO ISLE VALUES(41, 'A', 19);
INSERT INTO ISLE VALUES(42, 'A', 20);
INSERT INTO ISLE VALUES(43, 'A', 21);
INSERT INTO ISLE VALUES(44, 'B', 21);
INSERT INTO ISLE VALUES(45, 'C', 21);
INSERT INTO ISLE VALUES(46, 'D', 21);
INSERT INTO ISLE VALUES(47, 'A', 22);
INSERT INTO ISLE VALUES(48, 'B', 22);
INSERT INTO ISLE VALUES(49, 'A', 23);
INSERT INTO ISLE VALUES(50, 'B', 23);
INSERT INTO ISLE VALUES(51, 'C', 23);
INSERT INTO ISLE VALUES(52, 'D', 23);
INSERT INTO LINE VALUES(0, '0', 0);
INSERT INTO LINE VALUES(1, '1', 0);
INSERT INTO LINE VALUES(2, '2', 0);
INSERT INTO LINE VALUES(3, '3', 0);
INSERT INTO LINE VALUES(4, '4', 0);
INSERT INTO LINE VALUES(5, '5', 0);
INSERT INTO LINE VALUES(6, '0', 1);
INSERT INTO LINE VALUES(7, '1', 1);
INSERT INTO LINE VALUES(8, '2', 1);
INSERT INTO LINE VALUES(9, '3', 1);
INSERT INTO LINE VALUES(10, '0', 2);
INSERT INTO LINE VALUES(11, '1', 2);
INSERT INTO LINE VALUES(12, '2', 2);
INSERT INTO LINE VALUES(13, '3', 2);
INSERT INTO LINE VALUES(14, '0', 3);
INSERT INTO LINE VALUES(15, '1', 3);
INSERT INTO LINE VALUES(16, '2', 3);
INSERT INTO LINE VALUES(17, '3', 3);
INSERT INTO LINE VALUES(18, '4', 3);
INSERT INTO LINE VALUES(19, '0', 4);
INSERT INTO LINE VALUES(20, '1', 4);
INSERT INTO LINE VALUES(21, '2', 4);
INSERT INTO LINE VALUES(22, '3', 4);
INSERT INTO LINE VALUES(23, '4', 4);
INSERT INTO LINE VALUES(24, '5', 4);
INSERT INTO LINE VALUES(25, '6', 4);
INSERT INTO LINE VALUES(26, '0', 5);
INSERT INTO LINE VALUES(27, '1', 5);
INSERT INTO LINE VALUES(28, '2', 5);
INSERT INTO LINE VALUES(29, '3', 5);
INSERT INTO LINE VALUES(30, '4', 5);
INSERT INTO LINE VALUES(31, '5', 5);
INSERT INTO LINE VALUES(32, '6', 5);
INSERT INTO LINE VALUES(33, '7', 5);
INSERT INTO LINE VALUES(34, '0', 6);
INSERT INTO LINE VALUES(35, '1', 6);
INSERT INTO LINE VALUES(36, '2', 6);
INSERT INTO LINE VALUES(37, '3', 6);
INSERT INTO LINE VALUES(38, '4', 6);
INSERT INTO LINE VALUES(39, '5', 6);
INSERT INTO LINE VALUES(40, '6', 6);
INSERT INTO LINE VALUES(41, '7', 6);
INSERT INTO LINE VALUES(42, '0', 7);
INSERT INTO LINE VALUES(43, '1', 7);
INSERT INTO LINE VALUES(44, '2', 7);
INSERT INTO LINE VALUES(45, '3', 7);
INSERT INTO LINE VALUES(46, '4', 7);
INSERT INTO LINE VALUES(47, '5', 7);
INSERT INTO LINE VALUES(48, '0', 8);
INSERT INTO LINE VALUES(49, '1', 8);
INSERT INTO LINE VALUES(50, '2', 8);
INSERT INTO LINE VALUES(51, '3', 8);
INSERT INTO LINE VALUES(52, '4', 8);
INSERT INTO LINE VALUES(53, '5', 8);
INSERT INTO LINE VALUES(54, '0', 9);
INSERT INTO LINE VALUES(55, '1', 9);
INSERT INTO LINE VALUES(56, '2', 9);
INSERT INTO LINE VALUES(57, '3', 9);
INSERT INTO LINE VALUES(58, '4', 9);
INSERT INTO LINE VALUES(59, '5', 9);
INSERT INTO LINE VALUES(60, '6', 9);
INSERT INTO LINE VALUES(61, '7', 9);
INSERT INTO LINE VALUES(62, '0', 10);
INSERT INTO LINE VALUES(63, '1', 10);
INSERT INTO LINE VALUES(64, '2', 10);
INSERT INTO LINE VALUES(65, '3', 10);
INSERT INTO LINE VALUES(66, '0', 11);
INSERT INTO LINE VALUES(67, '1', 11);
INSERT INTO LINE VALUES(68, '2', 11);
INSERT INTO LINE VALUES(69, '3', 11);
INSERT INTO LINE VALUES(70, '4', 11);
INSERT INTO LINE VALUES(71, '5', 11);
INSERT INTO LINE VALUES(72, '0', 12);
INSERT INTO LINE VALUES(73, '1', 12);
INSERT INTO LINE VALUES(74, '2', 12);
INSERT INTO LINE VALUES(75, '3', 12);
INSERT INTO LINE VALUES(76, '4', 12);
INSERT INTO LINE VALUES(77, '5', 12);
INSERT INTO LINE VALUES(78, '6', 12);
INSERT INTO LINE VALUES(79, '7', 12);
INSERT INTO LINE VALUES(80, '0', 13);
INSERT INTO LINE VALUES(81, '1', 13);
INSERT INTO LINE VALUES(82, '2', 13);
INSERT INTO LINE VALUES(83, '3', 13);
INSERT INTO LINE VALUES(84, '4', 13);
INSERT INTO LINE VALUES(85, '5', 13);
INSERT INTO LINE VALUES(86, '6', 13);
INSERT INTO LINE VALUES(87, '7', 13);
INSERT INTO LINE VALUES(88, '0', 14);
INSERT INTO LINE VALUES(89, '1', 14);
INSERT INTO LINE VALUES(90, '2', 14);
INSERT INTO LINE VALUES(91, '3', 14);
INSERT INTO LINE VALUES(92, '4', 14);
INSERT INTO LINE VALUES(93, '5', 14);
INSERT INTO LINE VALUES(94, '6', 14);
INSERT INTO LINE VALUES(95, '7', 14);
INSERT INTO LINE VALUES(96, '0', 15);
INSERT INTO LINE VALUES(97, '1', 15);
INSERT INTO LINE VALUES(98, '2', 15);
INSERT INTO LINE VALUES(99, '3', 15);
INSERT INTO LINE VALUES(100, '4', 15);
INSERT INTO LINE VALUES(101, '5', 15);
INSERT INTO LINE VALUES(102, '6', 15);
INSERT INTO LINE VALUES(103, '0', 16);
INSERT INTO LINE VALUES(104, '1', 16);
INSERT INTO LINE VALUES(105, '2', 16);
INSERT INTO LINE VALUES(106, '3', 16);
INSERT INTO LINE VALUES(107, '4', 16);
INSERT INTO LINE VALUES(108, '5', 16);
INSERT INTO LINE VALUES(109, '6', 16);
INSERT INTO LINE VALUES(110, '7', 16);
INSERT INTO LINE VALUES(111, '0', 17);
INSERT INTO LINE VALUES(112, '1', 17);
INSERT INTO LINE VALUES(113, '2', 17);
INSERT INTO LINE VALUES(114, '3', 17);
INSERT INTO LINE VALUES(115, '4', 17);
INSERT INTO LINE VALUES(116, '0', 18);
INSERT INTO LINE VALUES(117, '1', 18);
INSERT INTO LINE VALUES(118, '2', 18);
INSERT INTO LINE VALUES(119, '3', 18);
INSERT INTO LINE VALUES(120, '4', 18);
INSERT INTO LINE VALUES(121, '0', 19);
INSERT INTO LINE VALUES(122, '1', 19);
INSERT INTO LINE VALUES(123, '2', 19);
INSERT INTO LINE VALUES(124, '3', 19);
INSERT INTO LINE VALUES(125, '4', 19);
INSERT INTO LINE VALUES(126, '5', 19);
INSERT INTO LINE VALUES(127, '6', 19);
INSERT INTO LINE VALUES(128, '7', 19);
INSERT INTO LINE VALUES(129, '0', 20);
INSERT INTO LINE VALUES(130, '1', 20);
INSERT INTO LINE VALUES(131, '2', 20);
INSERT INTO LINE VALUES(132, '3', 20);
INSERT INTO LINE VALUES(133, '4', 20);
INSERT INTO LINE VALUES(134, '5', 20);
INSERT INTO LINE VALUES(135, '6', 20);
INSERT INTO LINE VALUES(136, '0', 21);
INSERT INTO LINE VALUES(137, '1', 21);
INSERT INTO LINE VALUES(138, '2', 21);
INSERT INTO LINE VALUES(139, '3', 21);
INSERT INTO LINE VALUES(140, '4', 21);
INSERT INTO LINE VALUES(141, '5', 21);
INSERT INTO LINE VALUES(142, '6', 21);
INSERT INTO LINE VALUES(143, '0', 22);
INSERT INTO LINE VALUES(144, '1', 22);
INSERT INTO LINE VALUES(145, '2', 22);
INSERT INTO LINE VALUES(146, '3', 22);
INSERT INTO LINE VALUES(147, '4', 22);
INSERT INTO LINE VALUES(148, '5', 22);
INSERT INTO LINE VALUES(149, '6', 22);
INSERT INTO LINE VALUES(150, '7', 22);
INSERT INTO LINE VALUES(151, '0', 23);
INSERT INTO LINE VALUES(152, '1', 23);
INSERT INTO LINE VALUES(153, '2', 23);
INSERT INTO LINE VALUES(154, '3', 23);
INSERT INTO LINE VALUES(155, '4', 23);
INSERT INTO LINE VALUES(156, '5', 23);
INSERT INTO LINE VALUES(157, '6', 23);
INSERT INTO LINE VALUES(158, '0', 24);
INSERT INTO LINE VALUES(159, '1', 24);
INSERT INTO LINE VALUES(160, '2', 24);
INSERT INTO LINE VALUES(161, '3', 24);
INSERT INTO LINE VALUES(162, '4', 24);
INSERT INTO LINE VALUES(163, '5', 24);
INSERT INTO LINE VALUES(164, '6', 24);
INSERT INTO LINE VALUES(165, '0', 25);
INSERT INTO LINE VALUES(166, '1', 25);
INSERT INTO LINE VALUES(167, '2', 25);
INSERT INTO LINE VALUES(168, '3', 25);
INSERT INTO LINE VALUES(169, '4', 25);
INSERT INTO LINE VALUES(170, '5', 25);
INSERT INTO LINE VALUES(171, '6', 25);
INSERT INTO LINE VALUES(172, '0', 26);
INSERT INTO LINE VALUES(173, '1', 26);
INSERT INTO LINE VALUES(174, '2', 26);
INSERT INTO LINE VALUES(175, '3', 26);
INSERT INTO LINE VALUES(176, '0', 27);
INSERT INTO LINE VALUES(177, '1', 27);
INSERT INTO LINE VALUES(178, '2', 27);
INSERT INTO LINE VALUES(179, '3', 27);
INSERT INTO LINE VALUES(180, '4', 27);
INSERT INTO LINE VALUES(181, '5', 27);
INSERT INTO LINE VALUES(182, '6', 27);
INSERT INTO LINE VALUES(183, '7', 27);
INSERT INTO LINE VALUES(184, '0', 28);
INSERT INTO LINE VALUES(185, '1', 28);
INSERT INTO LINE VALUES(186, '2', 28);
INSERT INTO LINE VALUES(187, '3', 28);
INSERT INTO LINE VALUES(188, '0', 29);
INSERT INTO LINE VALUES(189, '1', 29);
INSERT INTO LINE VALUES(190, '2', 29);
INSERT INTO LINE VALUES(191, '3', 29);
INSERT INTO LINE VALUES(192, '0', 30);
INSERT INTO LINE VALUES(193, '1', 30);
INSERT INTO LINE VALUES(194, '2', 30);
INSERT INTO LINE VALUES(195, '3', 30);
INSERT INTO LINE VALUES(196, '0', 31);
INSERT INTO LINE VALUES(197, '1', 31);
INSERT INTO LINE VALUES(198, '2', 31);
INSERT INTO LINE VALUES(199, '3', 31);
INSERT INTO LINE VALUES(200, '4', 31);
INSERT INTO LINE VALUES(201, '0', 32);
INSERT INTO LINE VALUES(202, '1', 32);
INSERT INTO LINE VALUES(203, '2', 32);
INSERT INTO LINE VALUES(204, '3', 32);
INSERT INTO LINE VALUES(205, '4', 32);
INSERT INTO LINE VALUES(206, '5', 32);
INSERT INTO LINE VALUES(207, '0', 33);
INSERT INTO LINE VALUES(208, '1', 33);
INSERT INTO LINE VALUES(209, '2', 33);
INSERT INTO LINE VALUES(210, '3', 33);
INSERT INTO LINE VALUES(211, '4', 33);
INSERT INTO LINE VALUES(212, '0', 34);
INSERT INTO LINE VALUES(213, '1', 34);
INSERT INTO LINE VALUES(214, '2', 34);
INSERT INTO LINE VALUES(215, '3', 34);
INSERT INTO LINE VALUES(216, '4', 34);
INSERT INTO LINE VALUES(217, '5', 34);
INSERT INTO LINE VALUES(218, '0', 35);
INSERT INTO LINE VALUES(219, '1', 35);
INSERT INTO LINE VALUES(220, '2', 35);
INSERT INTO LINE VALUES(221, '3', 35);
INSERT INTO LINE VALUES(222, '4', 35);
INSERT INTO LINE VALUES(223, '5', 35);
INSERT INTO LINE VALUES(224, '6', 35);
INSERT INTO LINE VALUES(225, '7', 35);
INSERT INTO LINE VALUES(226, '0', 36);
INSERT INTO LINE VALUES(227, '1', 36);
INSERT INTO LINE VALUES(228, '2', 36);
INSERT INTO LINE VALUES(229, '3', 36);
INSERT INTO LINE VALUES(230, '0', 37);
INSERT INTO LINE VALUES(231, '1', 37);
INSERT INTO LINE VALUES(232, '2', 37);
INSERT INTO LINE VALUES(233, '3', 37);
INSERT INTO LINE VALUES(234, '4', 37);
INSERT INTO LINE VALUES(235, '0', 38);
INSERT INTO LINE VALUES(236, '1', 38);
INSERT INTO LINE VALUES(237, '2', 38);
INSERT INTO LINE VALUES(238, '3', 38);
INSERT INTO LINE VALUES(239, '4', 38);
INSERT INTO LINE VALUES(240, '5', 38);
INSERT INTO LINE VALUES(241, '0', 39);
INSERT INTO LINE VALUES(242, '1', 39);
INSERT INTO LINE VALUES(243, '2', 39);
INSERT INTO LINE VALUES(244, '3', 39);
INSERT INTO LINE VALUES(245, '4', 39);
INSERT INTO LINE VALUES(246, '5', 39);
INSERT INTO LINE VALUES(247, '6', 39);
INSERT INTO LINE VALUES(248, '0', 40);
INSERT INTO LINE VALUES(249, '1', 40);
INSERT INTO LINE VALUES(250, '2', 40);
INSERT INTO LINE VALUES(251, '3', 40);
INSERT INTO LINE VALUES(252, '4', 40);
INSERT INTO LINE VALUES(253, '0', 41);
INSERT INTO LINE VALUES(254, '1', 41);
INSERT INTO LINE VALUES(255, '2', 41);
INSERT INTO LINE VALUES(256, '3', 41);
INSERT INTO LINE VALUES(257, '0', 42);
INSERT INTO LINE VALUES(258, '1', 42);
INSERT INTO LINE VALUES(259, '2', 42);
INSERT INTO LINE VALUES(260, '3', 42);
INSERT INTO LINE VALUES(261, '4', 42);
INSERT INTO LINE VALUES(262, '5', 42);
INSERT INTO LINE VALUES(263, '0', 43);
INSERT INTO LINE VALUES(264, '1', 43);
INSERT INTO LINE VALUES(265, '2', 43);
INSERT INTO LINE VALUES(266, '3', 43);
INSERT INTO LINE VALUES(267, '4', 43);
INSERT INTO LINE VALUES(268, '0', 44);
INSERT INTO LINE VALUES(269, '1', 44);
INSERT INTO LINE VALUES(270, '2', 44);
INSERT INTO LINE VALUES(271, '3', 44);
INSERT INTO LINE VALUES(272, '4', 44);
INSERT INTO LINE VALUES(273, '0', 45);
INSERT INTO LINE VALUES(274, '1', 45);
INSERT INTO LINE VALUES(275, '2', 45);
INSERT INTO LINE VALUES(276, '3', 45);
INSERT INTO LINE VALUES(277, '4', 45);
INSERT INTO LINE VALUES(278, '5', 45);
INSERT INTO LINE VALUES(279, '0', 46);
INSERT INTO LINE VALUES(280, '1', 46);
INSERT INTO LINE VALUES(281, '2', 46);
INSERT INTO LINE VALUES(282, '3', 46);
INSERT INTO LINE VALUES(283, '4', 46);
INSERT INTO LINE VALUES(284, '5', 46);
INSERT INTO LINE VALUES(285, '0', 47);
INSERT INTO LINE VALUES(286, '1', 47);
INSERT INTO LINE VALUES(287, '2', 47);
INSERT INTO LINE VALUES(288, '3', 47);
INSERT INTO LINE VALUES(289, '4', 47);
INSERT INTO LINE VALUES(290, '5', 47);
INSERT INTO LINE VALUES(291, '6', 47);
INSERT INTO LINE VALUES(292, '7', 47);
INSERT INTO LINE VALUES(293, '0', 48);
INSERT INTO LINE VALUES(294, '1', 48);
INSERT INTO LINE VALUES(295, '2', 48);
INSERT INTO LINE VALUES(296, '3', 48);
INSERT INTO LINE VALUES(297, '4', 48);
INSERT INTO LINE VALUES(298, '5', 48);
INSERT INTO LINE VALUES(299, '6', 48);
INSERT INTO LINE VALUES(300, '7', 48);
INSERT INTO LINE VALUES(301, '0', 49);
INSERT INTO LINE VALUES(302, '1', 49);
INSERT INTO LINE VALUES(303, '2', 49);
INSERT INTO LINE VALUES(304, '3', 49);
INSERT INTO LINE VALUES(305, '4', 49);
INSERT INTO LINE VALUES(306, '5', 49);
INSERT INTO LINE VALUES(307, '6', 49);
INSERT INTO LINE VALUES(308, '0', 50);
INSERT INTO LINE VALUES(309, '1', 50);
INSERT INTO LINE VALUES(310, '2', 50);
INSERT INTO LINE VALUES(311, '3', 50);
INSERT INTO LINE VALUES(312, '4', 50);
INSERT INTO LINE VALUES(313, '5', 50);
INSERT INTO LINE VALUES(314, '6', 50);
INSERT INTO LINE VALUES(315, '0', 51);
INSERT INTO LINE VALUES(316, '1', 51);
INSERT INTO LINE VALUES(317, '2', 51);
INSERT INTO LINE VALUES(318, '3', 51);
INSERT INTO LINE VALUES(319, '4', 51);
INSERT INTO LINE VALUES(320, '5', 51);
INSERT INTO LINE VALUES(321, '6', 51);
INSERT INTO LINE VALUES(322, '7', 51);
INSERT INTO LINE VALUES(323, '0', 52);
INSERT INTO LINE VALUES(324, '1', 52);
INSERT INTO LINE VALUES(325, '2', 52);
INSERT INTO LINE VALUES(326, '3', 52);
INSERT INTO LINE VALUES(327, '4', 52);
INSERT INTO LINE VALUES(328, '5', 52);
INSERT INTO LINE VALUES(329, '6', 52);
INSERT INTO TAG VALUES(0, 'cryptography');
INSERT INTO TAG VALUES(1, 'security');
INSERT INTO TAG VALUES(2, 'computers');
INSERT INTO TAG VALUES(3, 'communications');
INSERT INTO TAG VALUES(4, 'programming');
INSERT INTO TAG VALUES(5, 'python');
INSERT INTO TAG VALUES(6, 'c++');
INSERT INTO TAG VALUES(7, 'hacking');
INSERT INTO TAG VALUES(8, 'java');
INSERT INTO TAG VALUES(9, 'machine-learning');
INSERT INTO TAG VALUES(10, 'ai');
INSERT INTO TAG VALUES(11, 'web-development');
INSERT INTO TAG VALUES(12, 'django');
INSERT INTO TAG VALUES(13, 'os');
INSERT INTO TAG VALUES(14, 'database');
INSERT INTO TAG VALUES(15, 'sql');
INSERT INTO TAG VALUES(16, 'data');
INSERT INTO GENRE VALUES(0, 'Computers', null);
INSERT INTO GENRE VALUES(1, 'Information Technology', 0);
INSERT INTO GENRE VALUES(2, 'Security', 0);
INSERT INTO GENRE VALUES(3, 'General', 2);
INSERT INTO GENRE VALUES(4, 'Cryptography & Encryption', 2);
INSERT INTO GENRE VALUES(5, 'Mathematics', null);
INSERT INTO GENRE VALUES(6, 'Political Science', null);
INSERT INTO GENRE VALUES(7, 'Security (National & International)', 6);
INSERT INTO GENRE VALUES(8, 'Information Theory', 0);
INSERT INTO GENRE VALUES(9, 'Programming', 0);
INSERT INTO GENRE VALUES(10, 'Computer Science', 0);
INSERT INTO GENRE VALUES(11, 'Cryptography', 2);
INSERT INTO GENRE VALUES(12, 'Business & Economics', null);
INSERT INTO GENRE VALUES(13, 'Information Management', 12);
INSERT INTO GENRE VALUES(14, 'Computer Architecture', 0);
INSERT INTO GENRE VALUES(15, 'Number Theory', 5);
INSERT INTO GENRE VALUES(16, 'Data Science', 0);
INSERT INTO GENRE VALUES(17, 'Operating Systems', 0);
INSERT INTO GENRE VALUES(18, 'Combinatorics', 5);
INSERT INTO GENRE VALUES(19, 'Internet', 0);
INSERT INTO GENRE VALUES(20, 'Online Safety & Privacy', 19);
INSERT INTO GENRE VALUES(21, 'Technology & Engineering', null);
INSERT INTO GENRE VALUES(22, 'Engineering (General)', 21);
INSERT INTO GENRE VALUES(23, 'Languages', 0);
INSERT INTO GENRE VALUES(24, 'Python', 23);
INSERT INTO GENRE VALUES(25, 'Business Writing', 12);
INSERT INTO GENRE VALUES(26, 'Discrete Mathematics', 5);
INSERT INTO GENRE VALUES(27, 'Algorithms', 9);
INSERT INTO GENRE VALUES(28, 'Programming Languages', 0);
INSERT INTO GENRE VALUES(29, 'UNIX', 17);
INSERT INTO GENRE VALUES(30, 'Linux', 17);
INSERT INTO GENRE VALUES(31, 'COMPUTERS', null);
INSERT INTO GENRE VALUES(32, 'Games', 9);
INSERT INTO GENRE VALUES(33, 'GAMES & ACTIVITIES', null);
INSERT INTO GENRE VALUES(34, 'Video & Electronic', 33);
INSERT INTO GENRE VALUES(35, 'Computer Graphics', 0);
INSERT INTO GENRE VALUES(36, 'Reference', 0);
INSERT INTO GENRE VALUES(37, 'Data Visualization', 0);
INSERT INTO GENRE VALUES(38, 'Science', null);
INSERT INTO GENRE VALUES(39, 'Research & Methodology', 38);
INSERT INTO GENRE VALUES(40, 'Physics', 38);
INSERT INTO GENRE VALUES(41, 'Mathematical & Computational', 40);
INSERT INTO GENRE VALUES(42, 'Software Development & Engineering', 0);
INSERT INTO GENRE VALUES(43, 'Hardware', 0);
INSERT INTO GENRE VALUES(44, 'Assembly Language', 23);
INSERT INTO GENRE VALUES(45, 'Object Oriented', 9);
INSERT INTO GENRE VALUES(46, 'Bioinformatics', 0);
INSERT INTO GENRE VALUES(47, 'Life Sciences', 38);
INSERT INTO GENRE VALUES(48, 'Biochemistry', 47);
INSERT INTO GENRE VALUES(49, 'C', 23);
INSERT INTO GENRE VALUES(50, 'Earth Sciences', 38);
INSERT INTO GENRE VALUES(51, 'Geology', 50);
INSERT INTO GENRE VALUES(52, 'Networking', 0);
INSERT INTO GENRE VALUES(53, 'Intranets & Extranets', 52);
INSERT INTO GENRE VALUES(54, 'Investments & Securities', 12);
INSERT INTO GENRE VALUES(55, 'Network Security', 2);
INSERT INTO GENRE VALUES(56, 'System Administration', 0);
INSERT INTO GENRE VALUES(57, 'Storage & Retrieval', 56);
INSERT INTO GENRE VALUES(58, 'Artificial Intelligence', 0);
INSERT INTO GENRE VALUES(59, 'Expert Systems', 58);
INSERT INTO GENRE VALUES(60, 'History & Theory', 6);
INSERT INTO GENRE VALUES(61, 'Law', null);
INSERT INTO GENRE VALUES(62, 'Environmental', 61);
INSERT INTO GENRE VALUES(63, 'Industries', 12);
INSERT INTO GENRE VALUES(64, 'Energy', 63);
INSERT INTO GENRE VALUES(65, 'Public Policy', 6);
INSERT INTO GENRE VALUES(66, 'Environmental Policy', 65);
INSERT INTO GENRE VALUES(67, 'Environmental Science', 38);
INSERT INTO GENRE VALUES(68, 'International', 12);
INSERT INTO GENRE VALUES(69, 'Economics & Trade', 68);
INSERT INTO GENRE VALUES(70, 'Development', 12);
INSERT INTO GENRE VALUES(71, 'Management', 12);
INSERT INTO GENRE VALUES(72, 'Java', 23);
INSERT INTO GENRE VALUES(73, 'Local Area Networks (LANs)', 52);
INSERT INTO GENRE VALUES(74, 'Counting & Numeration', 5);
INSERT INTO GENRE VALUES(75, 'Applied', 5);
INSERT INTO GENRE VALUES(76, 'Data Analytics', 16);
INSERT INTO GENRE VALUES(77, 'Intelligence (AI) & Semantics', 0);
INSERT INTO GENRE VALUES(78, 'Human Resources & Personnel Management', 12);
INSERT INTO GENRE VALUES(79, 'Psychology', null);
INSERT INTO GENRE VALUES(80, 'Cognitive Psychology & Cognition', 79);
INSERT INTO GENRE VALUES(81, 'Social Science', null);
INSERT INTO GENRE VALUES(82, 'Technology Studies', 81);
INSERT INTO GENRE VALUES(83, 'Design, Graphics & Media', 0);
INSERT INTO GENRE VALUES(84, 'CAD-CAM', 83);
INSERT INTO GENRE VALUES(85, 'Computer Vision & Pattern Recognition', 58);
INSERT INTO GENRE VALUES(86, 'Chemistry', 38);
INSERT INTO GENRE VALUES(87, 'Industrial & Technical', 86);
INSERT INTO GENRE VALUES(88, 'Business Mathematics', 12);
INSERT INTO GENRE VALUES(89, 'Art', null);
INSERT INTO GENRE VALUES(90, 'Digital', 89);
INSERT INTO GENRE VALUES(91, 'Desktop Applications', 0);
INSERT INTO GENRE VALUES(92, 'Design & Graphics', 91);
INSERT INTO GENRE VALUES(93, 'Robotics', 21);
INSERT INTO GENRE VALUES(94, 'Philosophy', null);
INSERT INTO GENRE VALUES(95, 'Epistemology', 94);
INSERT INTO GENRE VALUES(96, 'Philosophy & Social Aspects', 38);
INSERT INTO GENRE VALUES(97, 'Web Programming', 19);
INSERT INTO GENRE VALUES(98, 'Drama', null);
INSERT INTO GENRE VALUES(99, 'European', 98);
INSERT INTO GENRE VALUES(100, 'English, Irish, Scottish, Welsh', 99);
INSERT INTO GENRE VALUES(101, 'Web', 0);
INSERT INTO GENRE VALUES(102, 'Open Source', 9);
INSERT INTO GENRE VALUES(103, 'Music', null);
INSERT INTO GENRE VALUES(104, 'Printed Music', 103);
INSERT INTO GENRE VALUES(105, 'Linux & UNIX Administration', 56);
INSERT INTO GENRE VALUES(106, 'Machine Theory', 0);
INSERT INTO GENRE VALUES(107, 'Education', null);
INSERT INTO GENRE VALUES(108, 'Distance, Open & Online Education', 107);
INSERT INTO GENRE VALUES(109, 'Computers & Technology', 107);
INSERT INTO GENRE VALUES(110, 'Database Administration & Management', 0);
INSERT INTO GENRE VALUES(111, 'Logic', 5);
INSERT INTO GENRE VALUES(112, 'Computer Simulation', 0);
INSERT INTO GENRE VALUES(113, 'Data Modeling & Design', 16);
INSERT INTO GENRE VALUES(114, 'Databases', 0);
INSERT INTO GENRE VALUES(115, 'SQL', 28);
INSERT INTO GENRE VALUES(116, 'Industrial Health & Safety', 21);
INSERT INTO GENRE VALUES(117, 'Chemical & Biochemical', 21);
INSERT INTO GENRE VALUES(118, 'Drafting & Mechanical Drawing', 21);
INSERT INTO CONTRIBUTOR VALUES(0, 'Niels Ferguson');
INSERT INTO CONTRIBUTOR VALUES(1, 'Bruce Schneier');
INSERT INTO CONTRIBUTOR VALUES(2, 'Chey Cobb');
INSERT INTO CONTRIBUTOR VALUES(3, 'Tadayoshi Kohno');
INSERT INTO CONTRIBUTOR VALUES(4, 'Fred Piper');
INSERT INTO CONTRIBUTOR VALUES(5, 'Sean Murphy');
INSERT INTO CONTRIBUTOR VALUES(6, 'Christof Paar');
INSERT INTO CONTRIBUTOR VALUES(7, 'Jan Pelzl');
INSERT INTO CONTRIBUTOR VALUES(8, 'Hans Delfs');
INSERT INTO CONTRIBUTOR VALUES(9, 'Helmut Knebl');
INSERT INTO CONTRIBUTOR VALUES(10, 'Jean-Philippe Aumasson');
INSERT INTO CONTRIBUTOR VALUES(11, 'Joe Kilian');
INSERT INTO CONTRIBUTOR VALUES(12, 'Daniel J. Bernstein');
INSERT INTO CONTRIBUTOR VALUES(13, 'Johannes Buchmann');
INSERT INTO CONTRIBUTOR VALUES(14, 'Erik Dahmen');
INSERT INTO CONTRIBUTOR VALUES(15, 'Jonathan Katz');
INSERT INTO CONTRIBUTOR VALUES(16, 'Yehuda Lindell');
INSERT INTO CONTRIBUTOR VALUES(17, 'William Stallings');
INSERT INTO CONTRIBUTOR VALUES(18, 'Nigel Smart');
INSERT INTO CONTRIBUTOR VALUES(19, 'Darrel Hankerson');
INSERT INTO CONTRIBUTOR VALUES(20, 'Alfred J. Menezes');
INSERT INTO CONTRIBUTOR VALUES(21, 'Scott Vanstone');
INSERT INTO CONTRIBUTOR VALUES(22, 'Douglas R. Stinson');
INSERT INTO CONTRIBUTOR VALUES(23, 'David Naccache');
INSERT INTO CONTRIBUTOR VALUES(24, 'Seth James Nielson');
INSERT INTO CONTRIBUTOR VALUES(25, 'Christopher K. Monson');
INSERT INTO CONTRIBUTOR VALUES(26, 'Oded Goldreich');
INSERT INTO CONTRIBUTOR VALUES(27, 'Adam Young');
INSERT INTO CONTRIBUTOR VALUES(28, 'Moti Yung');
INSERT INTO CONTRIBUTOR VALUES(29, 'Henk C.A. van Tilborg');
INSERT INTO CONTRIBUTOR VALUES(30, 'Sushil Jajodia');
INSERT INTO CONTRIBUTOR VALUES(31, 'Justin Seitz');
INSERT INTO CONTRIBUTOR VALUES(32, 'TJ O''Connor');
INSERT INTO CONTRIBUTOR VALUES(33, 'Alex Martelli');
INSERT INTO CONTRIBUTOR VALUES(34, 'Al Sweigart');
INSERT INTO CONTRIBUTOR VALUES(35, 'Dan Bader');
INSERT INTO CONTRIBUTOR VALUES(36, 'Sean McManus');
INSERT INTO CONTRIBUTOR VALUES(37, 'Mahesh Venkitachalam');
INSERT INTO CONTRIBUTOR VALUES(38, 'David M. Beazley');
INSERT INTO CONTRIBUTOR VALUES(39, 'John M. Zelle');
INSERT INTO CONTRIBUTOR VALUES(40, 'Jacob T. Vanderplas');
INSERT INTO CONTRIBUTOR VALUES(41, 'Jake VanderPlas');
INSERT INTO CONTRIBUTOR VALUES(42, 'Hans Petter Langtangen');
INSERT INTO CONTRIBUTOR VALUES(43, 'Craig Richardson');
INSERT INTO CONTRIBUTOR VALUES(44, 'Alex Bradbury');
INSERT INTO CONTRIBUTOR VALUES(45, 'Ben Everard');
INSERT INTO CONTRIBUTOR VALUES(46, 'Eric Matthes');
INSERT INTO CONTRIBUTOR VALUES(47, 'Stef Maruch');
INSERT INTO CONTRIBUTOR VALUES(48, 'Aahz Maruch');
INSERT INTO CONTRIBUTOR VALUES(49, 'Luke Sneeringer');
INSERT INTO CONTRIBUTOR VALUES(50, 'John C. Shovic');
INSERT INTO CONTRIBUTOR VALUES(51, 'Alan Simpson');
INSERT INTO CONTRIBUTOR VALUES(52, 'Peter Farrell');
INSERT INTO CONTRIBUTOR VALUES(53, 'Zed Shaw');
INSERT INTO CONTRIBUTOR VALUES(54, 'Matt Harrison');
INSERT INTO CONTRIBUTOR VALUES(55, 'Mark Lutz');
INSERT INTO CONTRIBUTOR VALUES(56, 'Mark Summerfield');
INSERT INTO CONTRIBUTOR VALUES(57, 'Bill Lubanovic');
INSERT INTO CONTRIBUTOR VALUES(58, 'Jason Kinser');
INSERT INTO CONTRIBUTOR VALUES(59, 'Jason M. Kinser');
INSERT INTO CONTRIBUTOR VALUES(60, 'Steve Oualline');
INSERT INTO CONTRIBUTOR VALUES(61, 'Nicolai M. Josuttis');
INSERT INTO CONTRIBUTOR VALUES(62, 'Bjarne Stroustrup');
INSERT INTO CONTRIBUTOR VALUES(63, 'Marc Gregoire');
INSERT INTO CONTRIBUTOR VALUES(64, 'John Lakos');
INSERT INTO CONTRIBUTOR VALUES(65, 'Ulla Kirch-Prinz');
INSERT INTO CONTRIBUTOR VALUES(66, 'Peter Prinz');
INSERT INTO CONTRIBUTOR VALUES(67, 'Stephen Prata');
INSERT INTO CONTRIBUTOR VALUES(68, 'Ray Lischner');
INSERT INTO CONTRIBUTOR VALUES(69, 'Josh Lospinoso');
INSERT INTO CONTRIBUTOR VALUES(70, 'David Abrahams');
INSERT INTO CONTRIBUTOR VALUES(71, 'Aleksey Gurtovoy');
INSERT INTO CONTRIBUTOR VALUES(72, 'Robert C. Martin');
INSERT INTO CONTRIBUTOR VALUES(73, 'Cay S. Horstmann');
INSERT INTO CONTRIBUTOR VALUES(74, 'Milan Stevanovic');
INSERT INTO CONTRIBUTOR VALUES(75, 'Kyle Loudon');
INSERT INTO CONTRIBUTOR VALUES(76, 'Andrew Koenig');
INSERT INTO CONTRIBUTOR VALUES(77, 'Mike Hendrickson');
INSERT INTO CONTRIBUTOR VALUES(78, 'Barbara E. Moo');
INSERT INTO CONTRIBUTOR VALUES(79, 'Michael Dawson');
INSERT INTO CONTRIBUTOR VALUES(80, 'Jesse Liberty');
INSERT INTO CONTRIBUTOR VALUES(81, 'Stanley B. Lippman');
INSERT INTO CONTRIBUTOR VALUES(82, 'Mark Allen Weiss');
INSERT INTO CONTRIBUTOR VALUES(83, 'Rolf Oppliger');
INSERT INTO CONTRIBUTOR VALUES(84, 'Benjamin Graham');
INSERT INTO CONTRIBUTOR VALUES(85, 'David Dodd');
INSERT INTO CONTRIBUTOR VALUES(86, 'Joaquin Garcia-Alfaro');
INSERT INTO CONTRIBUTOR VALUES(87, 'Pascal Lafourcade');
INSERT INTO CONTRIBUTOR VALUES(88, 'Jessey Bullock');
INSERT INTO CONTRIBUTOR VALUES(89, 'Jeff T. Parker');
INSERT INTO CONTRIBUTOR VALUES(90, 'Joseph Migga Kizza');
INSERT INTO CONTRIBUTOR VALUES(91, 'Michael D. Bauer');
INSERT INTO CONTRIBUTOR VALUES(92, 'Ernesto Damiani');
INSERT INTO CONTRIBUTOR VALUES(93, 'Michael Dillon');
INSERT INTO CONTRIBUTOR VALUES(94, 'Mely Caballero-Anthony');
INSERT INTO CONTRIBUTOR VALUES(95, 'Youngho Chang');
INSERT INTO CONTRIBUTOR VALUES(96, 'Nur Azha Putra');
INSERT INTO CONTRIBUTOR VALUES(97, 'Marilyn A. Brown');
INSERT INTO CONTRIBUTOR VALUES(98, 'Benjamin K. Sovacool');
INSERT INTO CONTRIBUTOR VALUES(99, 'Gregory N. Akers');
INSERT INTO CONTRIBUTOR VALUES(100, 'Chris Jackson');
INSERT INTO CONTRIBUTOR VALUES(101, 'Bernhard Seliger');
INSERT INTO CONTRIBUTOR VALUES(102, 'Werner Pascha');
INSERT INTO CONTRIBUTOR VALUES(103, 'James Graham');
INSERT INTO CONTRIBUTOR VALUES(104, 'Ryan Olson');
INSERT INTO CONTRIBUTOR VALUES(105, 'Rick Howard');
INSERT INTO CONTRIBUTOR VALUES(106, 'Charlie Hunt');
INSERT INTO CONTRIBUTOR VALUES(107, 'Binu John');
INSERT INTO CONTRIBUTOR VALUES(108, 'Maurice Naftalin');
INSERT INTO CONTRIBUTOR VALUES(109, 'Philip Wadler');
INSERT INTO CONTRIBUTOR VALUES(110, 'Rick Miller');
INSERT INTO CONTRIBUTOR VALUES(111, 'Raffi Kasparian');
INSERT INTO CONTRIBUTOR VALUES(112, 'Elliotte Rusty Harold');
INSERT INTO CONTRIBUTOR VALUES(113, 'John Hunt');
INSERT INTO CONTRIBUTOR VALUES(114, 'Alexander G. McManus');
INSERT INTO CONTRIBUTOR VALUES(115, 'Mark Wutka');
INSERT INTO CONTRIBUTOR VALUES(116, 'Harvey M. Deitel');
INSERT INTO CONTRIBUTOR VALUES(117, 'Paul J. Deitel');
INSERT INTO CONTRIBUTOR VALUES(118, 'Sun-Chong Wang');
INSERT INTO CONTRIBUTOR VALUES(119, 'Li Gong');
INSERT INTO CONTRIBUTOR VALUES(120, 'Gary Ellison');
INSERT INTO CONTRIBUTOR VALUES(121, 'Mary Dageforde');
INSERT INTO CONTRIBUTOR VALUES(122, 'Bruce Eckel');
INSERT INTO CONTRIBUTOR VALUES(123, 'Dwight Deugo');
INSERT INTO CONTRIBUTOR VALUES(124, 'Esmond Pitt');
INSERT INTO CONTRIBUTOR VALUES(125, 'Kathy McNiff');
INSERT INTO CONTRIBUTOR VALUES(126, 'Jeff Friesen');
INSERT INTO CONTRIBUTOR VALUES(127, 'Max Bramer');
INSERT INTO CONTRIBUTOR VALUES(128, 'Wolfgang Ertel');
INSERT INTO CONTRIBUTOR VALUES(129, 'Grigoris Antoniou');
INSERT INTO CONTRIBUTOR VALUES(130, 'George Potamias');
INSERT INTO CONTRIBUTOR VALUES(131, 'Costas Spyropoulos');
INSERT INTO CONTRIBUTOR VALUES(132, 'Dimitris Plexousakis');
INSERT INTO CONTRIBUTOR VALUES(133, 'Ben Eubanks');
INSERT INTO CONTRIBUTOR VALUES(134, 'John Haugeland');
INSERT INTO CONTRIBUTOR VALUES(135, 'Melanie Mitchell');
INSERT INTO CONTRIBUTOR VALUES(136, 'Nils J. Nilsson');
INSERT INTO CONTRIBUTOR VALUES(137, 'Nils Johan Nilsson');
INSERT INTO CONTRIBUTOR VALUES(138, 'Ben Coppin');
INSERT INTO CONTRIBUTOR VALUES(139, 'International Conference On Industrial & Engineeri');
INSERT INTO CONTRIBUTOR VALUES(140, 'Stuart Russell');
INSERT INTO CONTRIBUTOR VALUES(141, 'Stuart Jonathan Russell');
INSERT INTO CONTRIBUTOR VALUES(142, 'Peter Norvig');
INSERT INTO CONTRIBUTOR VALUES(143, 'Ernest Davis');
INSERT INTO CONTRIBUTOR VALUES(144, 'Hepu Deng');
INSERT INTO CONTRIBUTOR VALUES(145, 'Lanzhou Wang');
INSERT INTO CONTRIBUTOR VALUES(146, 'Fu Lee Wang');
INSERT INTO CONTRIBUTOR VALUES(147, 'Jingsheng Lei');
INSERT INTO CONTRIBUTOR VALUES(148, 'Dario Floreano');
INSERT INTO CONTRIBUTOR VALUES(149, 'Claudio Mattiussi');
INSERT INTO CONTRIBUTOR VALUES(150, 'R. Kerr');
INSERT INTO CONTRIBUTOR VALUES(151, 'Roger M. Kerr');
INSERT INTO CONTRIBUTOR VALUES(152, 'E. Szelke');
INSERT INTO CONTRIBUTOR VALUES(153, 'John Richard Ennals');
INSERT INTO CONTRIBUTOR VALUES(154, 'Richard Ennals');
INSERT INTO CONTRIBUTOR VALUES(155, 'Ian Millington');
INSERT INTO CONTRIBUTOR VALUES(156, 'John Funge');
INSERT INTO CONTRIBUTOR VALUES(157, 'Margaret A. Boden');
INSERT INTO CONTRIBUTOR VALUES(158, 'Blay Whitby');
INSERT INTO CONTRIBUTOR VALUES(159, 'William S. Vincent');
INSERT INTO CONTRIBUTOR VALUES(160, 'Michael Dregni');
INSERT INTO CONTRIBUTOR VALUES(161, 'Marty Alchin');
INSERT INTO CONTRIBUTOR VALUES(162, 'James Bennett');
INSERT INTO CONTRIBUTOR VALUES(163, 'Jesse Legg');
INSERT INTO CONTRIBUTOR VALUES(164, 'Django Reinhardt');
INSERT INTO CONTRIBUTOR VALUES(165, 'Brian Ward');
INSERT INTO CONTRIBUTOR VALUES(166, 'Richard Blum');
INSERT INTO CONTRIBUTOR VALUES(167, 'Christine Bresnahan');
INSERT INTO CONTRIBUTOR VALUES(168, 'William E. Shotts, Jr.');
INSERT INTO CONTRIBUTOR VALUES(169, 'Ellen Siever');
INSERT INTO CONTRIBUTOR VALUES(170, 'Stephen Figgins');
INSERT INTO CONTRIBUTOR VALUES(171, 'Robert Love');
INSERT INTO CONTRIBUTOR VALUES(172, 'Arnold Robbins');
INSERT INTO CONTRIBUTOR VALUES(173, 'Emmett Dulaney');
INSERT INTO CONTRIBUTOR VALUES(174, 'Michael Kerrisk');
INSERT INTO CONTRIBUTOR VALUES(175, 'OccupyTheWeb');
INSERT INTO CONTRIBUTOR VALUES(176, 'James Turnbull');
INSERT INTO CONTRIBUTOR VALUES(177, 'Naba Barkakati');
INSERT INTO CONTRIBUTOR VALUES(178, 'Neil Cherry');
INSERT INTO CONTRIBUTOR VALUES(179, 'Christian Benvenuti');
INSERT INTO CONTRIBUTOR VALUES(180, 'Jason Cannon');
INSERT INTO CONTRIBUTOR VALUES(181, 'Machtelt Garrels');
INSERT INTO CONTRIBUTOR VALUES(182, 'Jack Tackett');
INSERT INTO CONTRIBUTOR VALUES(183, 'David Gunter');
INSERT INTO CONTRIBUTOR VALUES(184, 'Michael Schwarz');
INSERT INTO CONTRIBUTOR VALUES(185, 'Jeremy Anderson');
INSERT INTO CONTRIBUTOR VALUES(186, 'Peter Curtis');
INSERT INTO CONTRIBUTOR VALUES(187, 'Steven Murphy');
INSERT INTO CONTRIBUTOR VALUES(188, 'Michael Rash');
INSERT INTO CONTRIBUTOR VALUES(189, 'Viktor Toth');
INSERT INTO CONTRIBUTOR VALUES(190, 'Chao, Lee');
INSERT INTO CONTRIBUTOR VALUES(191, 'Allen G. Taylor');
INSERT INTO CONTRIBUTOR VALUES(192, 'Miguel Nussbaum');
INSERT INTO CONTRIBUTOR VALUES(193, 'Carlos Coronel');
INSERT INTO CONTRIBUTOR VALUES(194, 'Steven Morris');
INSERT INTO CONTRIBUTOR VALUES(195, 'Peter Rob');
INSERT INTO CONTRIBUTOR VALUES(196, 'Adnan Yazici');
INSERT INTO CONTRIBUTOR VALUES(197, 'Roy George');
INSERT INTO CONTRIBUTOR VALUES(198, 'Thomas M. Connolly');
INSERT INTO CONTRIBUTOR VALUES(199, 'Carolyn E. Beg');
INSERT INTO CONTRIBUTOR VALUES(200, 'Rodney Topor');
INSERT INTO CONTRIBUTOR VALUES(201, 'Katsumi Tanaka');
INSERT INTO CONTRIBUTOR VALUES(202, 'Tapio Lahdenmaki');
INSERT INTO CONTRIBUTOR VALUES(203, 'Mike Leach');
INSERT INTO CONTRIBUTOR VALUES(204, 'R. G. G. Cattell');
INSERT INTO CONTRIBUTOR VALUES(205, 'Roderic Geoffrey Galton Cattell');
INSERT INTO CONTRIBUTOR VALUES(206, 'Douglas K. Barry');
INSERT INTO CONTRIBUTOR VALUES(207, 'Dirk Bartels');
INSERT INTO CONTRIBUTOR VALUES(208, 'Bill Karwin');
INSERT INTO CONTRIBUTOR VALUES(209, 'Zahir Tari');
INSERT INTO CONTRIBUTOR VALUES(210, 'Scott Stevens');
INSERT INTO CONTRIBUTOR VALUES(211, 'Elisa Bertino');
INSERT INTO CONTRIBUTOR VALUES(212, 'Tamer Özsu');
INSERT INTO CONTRIBUTOR VALUES(213, 'Sang-goo Lee');
INSERT INTO CONTRIBUTOR VALUES(214, 'Zhiyong Peng');
INSERT INTO CONTRIBUTOR VALUES(215, 'Xiaofang Zhou');
INSERT INTO CONTRIBUTOR VALUES(216, 'Yang-Sae Moon');
INSERT INTO CONTRIBUTOR VALUES(217, 'Rainer Unland');
INSERT INTO CONTRIBUTOR VALUES(218, 'Jaesoo Yoo');
INSERT INTO CONTRIBUTOR VALUES(219, 'Michael Blotzer');
INSERT INTO CONTRIBUTOR VALUES(220, 'Krister Forsberg');
INSERT INTO CONTRIBUTOR VALUES(221, 'Lawrence H. Keith');
INSERT INTO CONTRIBUTOR VALUES(222, 'Jeffrey Xu Yu');
INSERT INTO CONTRIBUTOR VALUES(223, 'Myoung Ho Kim');
INSERT INTO CONTRIBUTOR VALUES(224, 'Scott McFarlane');
INSERT INTO CONTRIBUTOR VALUES(225, 'Craig Mullins');
INSERT INTO CONTRIBUTION VALUES(0, 'author', 0);
INSERT INTO CONTRIBUTION VALUES(1, 'author', 1);
INSERT INTO CONTRIBUTION VALUES(2, 'author', 2);
INSERT INTO CONTRIBUTION VALUES(3, 'author', 3);
INSERT INTO CONTRIBUTION VALUES(4, 'author', 4);
INSERT INTO CONTRIBUTION VALUES(5, 'author', 5);
INSERT INTO CONTRIBUTION VALUES(6, 'author', 6);
INSERT INTO CONTRIBUTION VALUES(7, 'author', 7);
INSERT INTO CONTRIBUTION VALUES(8, 'author', 8);
INSERT INTO CONTRIBUTION VALUES(9, 'author', 9);
INSERT INTO CONTRIBUTION VALUES(10, 'author', 10);
INSERT INTO CONTRIBUTION VALUES(11, 'author', 11);
INSERT INTO CONTRIBUTION VALUES(12, 'author', 12);
INSERT INTO CONTRIBUTION VALUES(13, 'author', 13);
INSERT INTO CONTRIBUTION VALUES(14, 'author', 14);
INSERT INTO CONTRIBUTION VALUES(15, 'author', 15);
INSERT INTO CONTRIBUTION VALUES(16, 'author', 16);
INSERT INTO CONTRIBUTION VALUES(17, 'author', 17);
INSERT INTO CONTRIBUTION VALUES(18, 'author', 18);
INSERT INTO CONTRIBUTION VALUES(19, 'author', 19);
INSERT INTO CONTRIBUTION VALUES(20, 'author', 20);
INSERT INTO CONTRIBUTION VALUES(21, 'author', 21);
INSERT INTO CONTRIBUTION VALUES(22, 'author', 22);
INSERT INTO CONTRIBUTION VALUES(23, 'author', 23);
INSERT INTO CONTRIBUTION VALUES(24, 'author', 24);
INSERT INTO CONTRIBUTION VALUES(25, 'author', 25);
INSERT INTO CONTRIBUTION VALUES(26, 'author', 26);
INSERT INTO CONTRIBUTION VALUES(27, 'author', 27);
INSERT INTO CONTRIBUTION VALUES(28, 'author', 28);
INSERT INTO CONTRIBUTION VALUES(29, 'author', 29);
INSERT INTO CONTRIBUTION VALUES(30, 'author', 30);
INSERT INTO CONTRIBUTION VALUES(31, 'author', 31);
INSERT INTO CONTRIBUTION VALUES(32, 'author', 32);
INSERT INTO CONTRIBUTION VALUES(33, 'author', 33);
INSERT INTO CONTRIBUTION VALUES(34, 'author', 34);
INSERT INTO CONTRIBUTION VALUES(35, 'author', 35);
INSERT INTO CONTRIBUTION VALUES(36, 'author', 36);
INSERT INTO CONTRIBUTION VALUES(37, 'author', 37);
INSERT INTO CONTRIBUTION VALUES(38, 'author', 38);
INSERT INTO CONTRIBUTION VALUES(39, 'author', 39);
INSERT INTO CONTRIBUTION VALUES(40, 'author', 40);
INSERT INTO CONTRIBUTION VALUES(41, 'author', 41);
INSERT INTO CONTRIBUTION VALUES(42, 'author', 42);
INSERT INTO CONTRIBUTION VALUES(43, 'author', 43);
INSERT INTO CONTRIBUTION VALUES(44, 'author', 44);
INSERT INTO CONTRIBUTION VALUES(45, 'author', 45);
INSERT INTO CONTRIBUTION VALUES(46, 'author', 46);
INSERT INTO CONTRIBUTION VALUES(47, 'author', 47);
INSERT INTO CONTRIBUTION VALUES(48, 'author', 48);
INSERT INTO CONTRIBUTION VALUES(49, 'author', 49);
INSERT INTO CONTRIBUTION VALUES(50, 'author', 50);
INSERT INTO CONTRIBUTION VALUES(51, 'author', 51);
INSERT INTO CONTRIBUTION VALUES(52, 'author', 52);
INSERT INTO CONTRIBUTION VALUES(53, 'author', 53);
INSERT INTO CONTRIBUTION VALUES(54, 'author', 54);
INSERT INTO CONTRIBUTION VALUES(55, 'author', 55);
INSERT INTO CONTRIBUTION VALUES(56, 'author', 56);
INSERT INTO CONTRIBUTION VALUES(57, 'author', 57);
INSERT INTO CONTRIBUTION VALUES(58, 'author', 58);
INSERT INTO CONTRIBUTION VALUES(59, 'author', 59);
INSERT INTO CONTRIBUTION VALUES(60, 'author', 60);
INSERT INTO CONTRIBUTION VALUES(61, 'author', 61);
INSERT INTO CONTRIBUTION VALUES(62, 'author', 62);
INSERT INTO CONTRIBUTION VALUES(63, 'author', 63);
INSERT INTO CONTRIBUTION VALUES(64, 'author', 64);
INSERT INTO CONTRIBUTION VALUES(65, 'author', 65);
INSERT INTO CONTRIBUTION VALUES(66, 'author', 66);
INSERT INTO CONTRIBUTION VALUES(67, 'author', 67);
INSERT INTO CONTRIBUTION VALUES(68, 'author', 68);
INSERT INTO CONTRIBUTION VALUES(69, 'author', 69);
INSERT INTO CONTRIBUTION VALUES(70, 'author', 70);
INSERT INTO CONTRIBUTION VALUES(71, 'author', 71);
INSERT INTO CONTRIBUTION VALUES(72, 'author', 72);
INSERT INTO CONTRIBUTION VALUES(73, 'author', 73);
INSERT INTO CONTRIBUTION VALUES(74, 'author', 74);
INSERT INTO CONTRIBUTION VALUES(75, 'author', 75);
INSERT INTO CONTRIBUTION VALUES(76, 'author', 76);
INSERT INTO CONTRIBUTION VALUES(77, 'author', 77);
INSERT INTO CONTRIBUTION VALUES(78, 'author', 78);
INSERT INTO CONTRIBUTION VALUES(79, 'author', 79);
INSERT INTO CONTRIBUTION VALUES(80, 'author', 80);
INSERT INTO CONTRIBUTION VALUES(81, 'author', 81);
INSERT INTO CONTRIBUTION VALUES(82, 'author', 82);
INSERT INTO CONTRIBUTION VALUES(83, 'author', 83);
INSERT INTO CONTRIBUTION VALUES(84, 'author', 84);
INSERT INTO CONTRIBUTION VALUES(85, 'author', 85);
INSERT INTO CONTRIBUTION VALUES(86, 'author', 86);
INSERT INTO CONTRIBUTION VALUES(87, 'author', 87);
INSERT INTO CONTRIBUTION VALUES(88, 'author', 88);
INSERT INTO CONTRIBUTION VALUES(89, 'author', 89);
INSERT INTO CONTRIBUTION VALUES(90, 'author', 90);
INSERT INTO CONTRIBUTION VALUES(91, 'author', 91);
INSERT INTO CONTRIBUTION VALUES(92, 'author', 92);
INSERT INTO CONTRIBUTION VALUES(93, 'author', 93);
INSERT INTO CONTRIBUTION VALUES(94, 'author', 94);
INSERT INTO CONTRIBUTION VALUES(95, 'author', 95);
INSERT INTO CONTRIBUTION VALUES(96, 'author', 96);
INSERT INTO CONTRIBUTION VALUES(97, 'author', 97);
INSERT INTO CONTRIBUTION VALUES(98, 'author', 98);
INSERT INTO CONTRIBUTION VALUES(99, 'author', 99);
INSERT INTO CONTRIBUTION VALUES(100, 'author', 100);
INSERT INTO CONTRIBUTION VALUES(101, 'author', 101);
INSERT INTO CONTRIBUTION VALUES(102, 'author', 102);
INSERT INTO CONTRIBUTION VALUES(103, 'author', 103);
INSERT INTO CONTRIBUTION VALUES(104, 'author', 104);
INSERT INTO CONTRIBUTION VALUES(105, 'author', 105);
INSERT INTO CONTRIBUTION VALUES(106, 'author', 106);
INSERT INTO CONTRIBUTION VALUES(107, 'author', 107);
INSERT INTO CONTRIBUTION VALUES(108, 'author', 108);
INSERT INTO CONTRIBUTION VALUES(109, 'author', 109);
INSERT INTO CONTRIBUTION VALUES(110, 'author', 110);
INSERT INTO CONTRIBUTION VALUES(111, 'author', 111);
INSERT INTO CONTRIBUTION VALUES(112, 'author', 112);
INSERT INTO CONTRIBUTION VALUES(113, 'author', 113);
INSERT INTO CONTRIBUTION VALUES(114, 'author', 114);
INSERT INTO CONTRIBUTION VALUES(115, 'author', 115);
INSERT INTO CONTRIBUTION VALUES(116, 'author', 116);
INSERT INTO CONTRIBUTION VALUES(117, 'author', 117);
INSERT INTO CONTRIBUTION VALUES(118, 'author', 118);
INSERT INTO CONTRIBUTION VALUES(119, 'author', 119);
INSERT INTO CONTRIBUTION VALUES(120, 'author', 120);
INSERT INTO CONTRIBUTION VALUES(121, 'author', 121);
INSERT INTO CONTRIBUTION VALUES(122, 'author', 122);
INSERT INTO CONTRIBUTION VALUES(123, 'author', 123);
INSERT INTO CONTRIBUTION VALUES(124, 'author', 124);
INSERT INTO CONTRIBUTION VALUES(125, 'author', 125);
INSERT INTO CONTRIBUTION VALUES(126, 'author', 126);
INSERT INTO CONTRIBUTION VALUES(127, 'author', 127);
INSERT INTO CONTRIBUTION VALUES(128, 'author', 128);
INSERT INTO CONTRIBUTION VALUES(129, 'author', 129);
INSERT INTO CONTRIBUTION VALUES(130, 'author', 130);
INSERT INTO CONTRIBUTION VALUES(131, 'author', 131);
INSERT INTO CONTRIBUTION VALUES(132, 'author', 132);
INSERT INTO CONTRIBUTION VALUES(133, 'author', 133);
INSERT INTO CONTRIBUTION VALUES(134, 'author', 134);
INSERT INTO CONTRIBUTION VALUES(135, 'author', 135);
INSERT INTO CONTRIBUTION VALUES(136, 'author', 136);
INSERT INTO CONTRIBUTION VALUES(137, 'author', 137);
INSERT INTO CONTRIBUTION VALUES(138, 'author', 138);
INSERT INTO CONTRIBUTION VALUES(139, 'author', 139);
INSERT INTO CONTRIBUTION VALUES(140, 'author', 140);
INSERT INTO CONTRIBUTION VALUES(141, 'author', 141);
INSERT INTO CONTRIBUTION VALUES(142, 'author', 142);
INSERT INTO CONTRIBUTION VALUES(143, 'author', 143);
INSERT INTO CONTRIBUTION VALUES(144, 'author', 144);
INSERT INTO CONTRIBUTION VALUES(145, 'author', 145);
INSERT INTO CONTRIBUTION VALUES(146, 'author', 146);
INSERT INTO CONTRIBUTION VALUES(147, 'author', 147);
INSERT INTO CONTRIBUTION VALUES(148, 'author', 148);
INSERT INTO CONTRIBUTION VALUES(149, 'author', 149);
INSERT INTO CONTRIBUTION VALUES(150, 'author', 150);
INSERT INTO CONTRIBUTION VALUES(151, 'author', 151);
INSERT INTO CONTRIBUTION VALUES(152, 'author', 152);
INSERT INTO CONTRIBUTION VALUES(153, 'author', 153);
INSERT INTO CONTRIBUTION VALUES(154, 'author', 154);
INSERT INTO CONTRIBUTION VALUES(155, 'author', 155);
INSERT INTO CONTRIBUTION VALUES(156, 'author', 156);
INSERT INTO CONTRIBUTION VALUES(157, 'author', 157);
INSERT INTO CONTRIBUTION VALUES(158, 'author', 158);
INSERT INTO CONTRIBUTION VALUES(159, 'author', 159);
INSERT INTO CONTRIBUTION VALUES(160, 'author', 160);
INSERT INTO CONTRIBUTION VALUES(161, 'author', 161);
INSERT INTO CONTRIBUTION VALUES(162, 'author', 162);
INSERT INTO CONTRIBUTION VALUES(163, 'author', 163);
INSERT INTO CONTRIBUTION VALUES(164, 'author', 164);
INSERT INTO CONTRIBUTION VALUES(165, 'author', 165);
INSERT INTO CONTRIBUTION VALUES(166, 'author', 166);
INSERT INTO CONTRIBUTION VALUES(167, 'author', 167);
INSERT INTO CONTRIBUTION VALUES(168, 'author', 168);
INSERT INTO CONTRIBUTION VALUES(169, 'author', 169);
INSERT INTO CONTRIBUTION VALUES(170, 'author', 170);
INSERT INTO CONTRIBUTION VALUES(171, 'author', 171);
INSERT INTO CONTRIBUTION VALUES(172, 'author', 172);
INSERT INTO CONTRIBUTION VALUES(173, 'author', 173);
INSERT INTO CONTRIBUTION VALUES(174, 'author', 174);
INSERT INTO CONTRIBUTION VALUES(175, 'author', 175);
INSERT INTO CONTRIBUTION VALUES(176, 'author', 176);
INSERT INTO CONTRIBUTION VALUES(177, 'author', 177);
INSERT INTO CONTRIBUTION VALUES(178, 'author', 178);
INSERT INTO CONTRIBUTION VALUES(179, 'author', 179);
INSERT INTO CONTRIBUTION VALUES(180, 'author', 180);
INSERT INTO CONTRIBUTION VALUES(181, 'author', 181);
INSERT INTO CONTRIBUTION VALUES(182, 'author', 182);
INSERT INTO CONTRIBUTION VALUES(183, 'author', 183);
INSERT INTO CONTRIBUTION VALUES(184, 'author', 184);
INSERT INTO CONTRIBUTION VALUES(185, 'author', 185);
INSERT INTO CONTRIBUTION VALUES(186, 'author', 186);
INSERT INTO CONTRIBUTION VALUES(187, 'author', 187);
INSERT INTO CONTRIBUTION VALUES(188, 'author', 188);
INSERT INTO CONTRIBUTION VALUES(189, 'author', 189);
INSERT INTO CONTRIBUTION VALUES(190, 'author', 190);
INSERT INTO CONTRIBUTION VALUES(191, 'author', 191);
INSERT INTO CONTRIBUTION VALUES(192, 'author', 192);
INSERT INTO CONTRIBUTION VALUES(193, 'author', 193);
INSERT INTO CONTRIBUTION VALUES(194, 'author', 194);
INSERT INTO CONTRIBUTION VALUES(195, 'author', 195);
INSERT INTO CONTRIBUTION VALUES(196, 'author', 196);
INSERT INTO CONTRIBUTION VALUES(197, 'author', 197);
INSERT INTO CONTRIBUTION VALUES(198, 'author', 198);
INSERT INTO CONTRIBUTION VALUES(199, 'author', 199);
INSERT INTO CONTRIBUTION VALUES(200, 'author', 200);
INSERT INTO CONTRIBUTION VALUES(201, 'author', 201);
INSERT INTO CONTRIBUTION VALUES(202, 'author', 202);
INSERT INTO CONTRIBUTION VALUES(203, 'author', 203);
INSERT INTO CONTRIBUTION VALUES(204, 'author', 204);
INSERT INTO CONTRIBUTION VALUES(205, 'author', 205);
INSERT INTO CONTRIBUTION VALUES(206, 'author', 206);
INSERT INTO CONTRIBUTION VALUES(207, 'author', 207);
INSERT INTO CONTRIBUTION VALUES(208, 'author', 208);
INSERT INTO CONTRIBUTION VALUES(209, 'author', 209);
INSERT INTO CONTRIBUTION VALUES(210, 'author', 210);
INSERT INTO CONTRIBUTION VALUES(211, 'author', 211);
INSERT INTO CONTRIBUTION VALUES(212, 'author', 212);
INSERT INTO CONTRIBUTION VALUES(213, 'author', 213);
INSERT INTO CONTRIBUTION VALUES(214, 'author', 214);
INSERT INTO CONTRIBUTION VALUES(215, 'author', 215);
INSERT INTO CONTRIBUTION VALUES(216, 'author', 216);
INSERT INTO CONTRIBUTION VALUES(217, 'author', 217);
INSERT INTO CONTRIBUTION VALUES(218, 'author', 218);
INSERT INTO CONTRIBUTION VALUES(219, 'author', 219);
INSERT INTO CONTRIBUTION VALUES(220, 'author', 220);
INSERT INTO CONTRIBUTION VALUES(221, 'author', 221);
INSERT INTO CONTRIBUTION VALUES(222, 'author', 222);
INSERT INTO CONTRIBUTION VALUES(223, 'author', 223);
INSERT INTO CONTRIBUTION VALUES(224, 'author', 224);
INSERT INTO CONTRIBUTION VALUES(225, 'author', 225);
INSERT INTO PUBLISHER VALUES(0, 'Wiley');
INSERT INTO PUBLISHER VALUES(1, 'John Wiley & Sons');
INSERT INTO PUBLISHER VALUES(2, 'OUP Oxford');
INSERT INTO PUBLISHER VALUES(3, 'Springer Science & Business Media');
INSERT INTO PUBLISHER VALUES(4, 'No Starch Press');
INSERT INTO PUBLISHER VALUES(5, 'CRC Press');
INSERT INTO PUBLISHER VALUES(6, 'Prentice Hall');
INSERT INTO PUBLISHER VALUES(7, 'Springer International Publishing');
INSERT INTO PUBLISHER VALUES(8, 'Apress');
INSERT INTO PUBLISHER VALUES(9, 'Cambridge University Press');
INSERT INTO PUBLISHER VALUES(10, 'Springer US');
INSERT INTO PUBLISHER VALUES(11, 'Elsevier Science');
INSERT INTO PUBLISHER VALUES(12, '"O''Reilly Media, Inc."');
INSERT INTO PUBLISHER VALUES(13, 'Ron Holland Designs');
INSERT INTO PUBLISHER VALUES(14, 'Addison-Wesley Professional');
INSERT INTO PUBLISHER VALUES(15, 'Franklin, Beedle & Associates, Inc.');
INSERT INTO PUBLISHER VALUES(16, 'O''Reilly Media, Incorporated');
INSERT INTO PUBLISHER VALUES(17, 'Addison-Wesley');
INSERT INTO PUBLISHER VALUES(18, 'Matt Harrison');
INSERT INTO PUBLISHER VALUES(19, 'Jones & Bartlett Learning');
INSERT INTO PUBLISHER VALUES(20, 'O''Reilly Media');
INSERT INTO PUBLISHER VALUES(21, 'Course Technology');
INSERT INTO PUBLISHER VALUES(22, 'Sams Publishing');
INSERT INTO PUBLISHER VALUES(23, 'Pearson/Prentice Hall');
INSERT INTO PUBLISHER VALUES(24, 'Artech House');
INSERT INTO PUBLISHER VALUES(25, 'Mcgraw-hill');
INSERT INTO PUBLISHER VALUES(26, 'Psychology Press');
INSERT INTO PUBLISHER VALUES(27, 'Springer Berlin Heidelberg');
INSERT INTO PUBLISHER VALUES(28, 'MIT Press');
INSERT INTO PUBLISHER VALUES(29, 'Larstan Pub.');
INSERT INTO PUBLISHER VALUES(30, 'Cisco Press');
INSERT INTO PUBLISHER VALUES(31, 'Taylor & Francis');
INSERT INTO PUBLISHER VALUES(32, 'Pulp Free Press');
INSERT INTO PUBLISHER VALUES(33, 'O''Reilly');
INSERT INTO PUBLISHER VALUES(34, 'Que Publishing');
INSERT INTO PUBLISHER VALUES(35, 'Prentice Hall Professional');
INSERT INTO PUBLISHER VALUES(36, 'Pearson Education');
INSERT INTO PUBLISHER VALUES(37, 'Kogan Page');
INSERT INTO PUBLISHER VALUES(38, 'Picador');
INSERT INTO PUBLISHER VALUES(39, 'Morgan Kaufmann');
INSERT INTO PUBLISHER VALUES(40, 'Springer London');
INSERT INTO PUBLISHER VALUES(41, 'Penguin Publishing Group');
INSERT INTO PUBLISHER VALUES(42, 'Oxford University Press');
INSERT INTO PUBLISHER VALUES(43, 'Oneworld');
INSERT INTO PUBLISHER VALUES(44, 'Amazon Digital Services LLC - KDP Print US');
INSERT INTO PUBLISHER VALUES(45, 'Packt Publishing Ltd');
INSERT INTO PUBLISHER VALUES(46, 'Goodman Group');
INSERT INTO PUBLISHER VALUES(47, 'Createspace Independent Pub');
INSERT INTO PUBLISHER VALUES(48, 'Fultus Corporation');
INSERT INTO PUBLISHER VALUES(49, 'Que Corporation');
INSERT INTO PUBLISHER VALUES(50, 'Sams');
INSERT INTO PUBLISHER VALUES(51, 'IGI Global');
INSERT INTO PUBLISHER VALUES(52, 'Intellect Books');
INSERT INTO PUBLISHER VALUES(53, 'Cengage Learning');
INSERT INTO PUBLISHER VALUES(54, 'Pearson');
INSERT INTO PUBLISHER VALUES(55, 'World Scientific');
INSERT INTO PUBLISHER VALUES(56, 'Morgan Kaufmann Publishers');
INSERT INTO PUBLISHER VALUES(57, 'Pragmatic Bookshelf');
INSERT INTO PUBLISHER VALUES(58, 'Springer');
INSERT INTO PUBLISHER VALUES(59, 'Autodesk Press/Thomson Learning');
INSERT INTO BOOK_TITLE VALUES(0, 'Practical Cryptography');
INSERT INTO EDITION VALUES(0, 23, 'Security is the number one concern for businesses worldwide. The gold standard for attaining security is cryptography because it provides the most reliable tools for storing or transmitting digital information. Written by Niels Ferguson, lead cryptographer for Counterpane, Bruce Schneier''s security company, and Bruce Schneier himself, this is the much anticipated follow-up book to Schneier''s seminal encyclopedic reference, Applied Cryptography, Second Edition (0-471-11709-9), which has sold more than 150,000 copies.<br> Niels Ferguson (Amsterdam, Netherlands) is a cryptographic engineer and consultant at Counterpane Internet Security. He has extensive experience in the creation and design of security algorithms, protocols, and multinational security infrastructures. Previously, Ferguson was a cryptographer for DigiCash and CWI. At CWI he developed the first generation of off-line payment protocols.', '19', 'http://covers.openlibrary.org/b/isbn/9780471223573-L.jpg', 'http://covers.openlibrary.org/b/isbn/9780471223573-M.jpg', 'en', 410, 3.5, 530, true, PARSEDATETIME('2003', 'yyyy'), 0, 0);
INSERT INTO BOOK_TITLE_CONTRIBUTIONS VALUES(0, 0);
INSERT INTO BOOK_TITLE_CONTRIBUTIONS VALUES(0, 1);
INSERT INTO BOOK_TITLE_GENRES(book_title_id, genres_id) VALUES(0, 0);
INSERT INTO BOOK_TITLE_GENRES(book_title_id, genres_id) VALUES(0, 1);
INSERT INTO BOOK_TITLE_GENRES(book_title_id, genres_id) VALUES(0, 2);
INSERT INTO BOOK_TITLE_GENRES(book_title_id, genres_id) VALUES(0, 3);
INSERT INTO EDITION_TAGS VALUES(0, 0);
INSERT INTO EDITION_TAGS VALUES(0, 1);
INSERT INTO EDITION_TAGS VALUES(0, 2);
INSERT INTO EDITION_TAGS VALUES(0, 3);
INSERT INTO BOOK_TITLE VALUES(1, 'Cryptography For Dummies');
INSERT INTO EDITION VALUES(1, 10, '<ul> <li>Cryptography is the most effective way to achieve data security and is essential to e-commerce activities such as online shopping, stock trading, and banking</li> <li>This invaluable introduction to the basics of encryption covers everything from the terminology used in the field to specific technologies to the pros and cons of different implementations</li> <li>Discusses specific technologies that incorporate cryptography in their design, such as authentication methods, wireless encryption, e-commerce, and smart cards</li> <li>Based entirely on real-world issues and situations, the material provides instructions for already available technologies that readers can put to work immediately</li> <li>Expert author Chey Cobb is retired from the NRO, where she held a Top Secret security clearance, instructed employees of the CIA and NSA on computer security and helped develop the computer security policies used by all U.', '20', 'http://covers.openlibrary.org/b/isbn/9780764568312-L.jpg', 'http://covers.openlibrary.org/b/isbn/9780764568312-M.jpg', 'en', 324, 4.9, 323, true, PARSEDATETIME('2004', 'yyyy'), 1, 1);
INSERT INTO BOOK_TITLE_CONTRIBUTIONS VALUES(1, 2);
INSERT INTO BOOK_TITLE_GENRES(book_title_id, genres_id) VALUES(1, 0);
INSERT INTO BOOK_TITLE_GENRES(book_title_id, genres_id) VALUES(1, 1);
INSERT INTO BOOK_TITLE_GENRES(book_title_id, genres_id) VALUES(1, 2);
INSERT INTO BOOK_TITLE_GENRES(book_title_id, genres_id) VALUES(1, 4);
INSERT INTO EDITION_TAGS VALUES(1, 0);
INSERT INTO EDITION_TAGS VALUES(1, 1);
INSERT INTO EDITION_TAGS VALUES(1, 2);
INSERT INTO EDITION_TAGS VALUES(1, 3);
INSERT INTO BOOK_TITLE VALUES(2, 'Cryptography Engineering');
INSERT INTO EDITION VALUES(2, 5, '<b>The ultimate guide to cryptography, updated from an author team of the world''s top cryptography experts.</b> <p>Cryptography is vital to keeping information safe, in an era when the formula to do so becomes more and more challenging. Written by a team of world-renowned cryptography experts, this essential guide is the definitive introduction to all major areas of cryptography: message security, key negotiation, and key management. You''ll learn how to think like a cryptographer. You''ll discover techniques for building cryptography into products from the start and you''ll examine the many technical changes in the field.</p> <p>After a basic overview of cryptography and what it means today, this indispensable resource covers such topics as block ciphers, block modes, hash functions, encryption modes, message authentication codes, implementation issues, negotiation protocols, and more. Helpful examples and hands-on exercises enhance your understanding of the multi-faceted field of cr', '20', 'http://covers.openlibrary.org/b/isbn/9780470474242-L.jpg', 'http://covers.openlibrary.org/b/isbn/9780470474242-M.jpg', 'en', 384, 2.5, 114, false, PARSEDATETIME('2010', 'yyyy'), 0, 2);
INSERT INTO BOOK_TITLE_CONTRIBUTIONS VALUES(2, 0);
INSERT INTO BOOK_TITLE_CONTRIBUTIONS VALUES(2, 1);
INSERT INTO BOOK_TITLE_CONTRIBUTIONS VALUES(2, 3);
INSERT INTO BOOK_TITLE_GENRES(book_title_id, genres_id) VALUES(2, 0);
INSERT INTO BOOK_TITLE_GENRES(book_title_id, genres_id) VALUES(2, 1);
INSERT INTO BOOK_TITLE_GENRES(book_title_id, genres_id) VALUES(2, 2);
INSERT INTO BOOK_TITLE_GENRES(book_title_id, genres_id) VALUES(2, 3);
INSERT INTO EDITION_TAGS VALUES(2, 0);
INSERT INTO EDITION_TAGS VALUES(2, 1);
INSERT INTO EDITION_TAGS VALUES(2, 2);
INSERT INTO EDITION_TAGS VALUES(2, 3);
INSERT INTO BOOK_TITLE VALUES(3, 'Cryptography: A Very Short Introduction');
INSERT INTO EDITION VALUES(3, 43, 'This book is a clear and informative introduction to cryptography and data protection - subjects of considerable social and political importance. It explains what algorithms do, how they are used, the risks associated with using them, and why governments should be concerned. Important areas are highlighted, such as Stream Ciphers, block ciphers, public key algorithms, digital signatures, and applications such as e-commerce. This book highlights the explosive impact of cryptography on modern society, with, for example, the evolution of the internet and the introduction of more sophisticated banking methods. ABOUT THE SERIES: The Very Short Introductions series from Oxford University Press contains hundreds of titles in almost every subject area. These pocket-sized books are the perfect way to get ahead in a new subject quickly. Our expert authors combine facts, analysis, perspective, new ideas, and enthusiasm to make interesting and challenging topics highly readable.', '18', 'http://covers.openlibrary.org/b/isbn/9780192803153-L.jpg', 'http://covers.openlibrary.org/b/isbn/9780192803153-M.jpg', 'en', 142, 2.0, 300, false, PARSEDATETIME('2002', 'yyyy'), 2, 3);
INSERT INTO BOOK_TITLE_CONTRIBUTIONS VALUES(3, 4);
INSERT INTO BOOK_TITLE_CONTRIBUTIONS VALUES(3, 5);
INSERT INTO BOOK_TITLE_GENRES(book_title_id, genres_id) VALUES(3, 0);
INSERT INTO BOOK_TITLE_GENRES(book_title_id, genres_id) VALUES(3, 2);
INSERT INTO BOOK_TITLE_GENRES(book_title_id, genres_id) VALUES(3, 3);
INSERT INTO BOOK_TITLE_GENRES(book_title_id, genres_id) VALUES(3, 4);
INSERT INTO BOOK_TITLE_GENRES(book_title_id, genres_id) VALUES(3, 5);
INSERT INTO BOOK_TITLE_GENRES(book_title_id, genres_id) VALUES(3, 6);
INSERT INTO BOOK_TITLE_GENRES(book_title_id, genres_id) VALUES(3, 7);
INSERT INTO EDITION_TAGS VALUES(3, 0);
INSERT INTO EDITION_TAGS VALUES(3, 1);
INSERT INTO EDITION_TAGS VALUES(3, 2);
INSERT INTO EDITION_TAGS VALUES(3, 3);
INSERT INTO BOOK_TITLE VALUES(4, 'Understanding Cryptography');
INSERT INTO EDITION VALUES(4, 31, '<p>Cryptography is now ubiquitous – moving beyond the traditional environments, such as government communications and banking systems, we see cryptographic techniques realized in Web browsers, e-mail programs, cell phones, manufacturing systems, embedded software, smart buildings, cars, and even medical implants. Today''s designers need a comprehensive understanding of applied cryptography.</p> <p></p> <p>After an introduction to cryptography and data security, the authors explain the main techniques in modern cryptography, with chapters addressing stream ciphers, the Data Encryption Standard (DES) and 3DES, the Advanced Encryption Standard (AES), block ciphers, the RSA cryptosystem, public-key cryptosystems based on the discrete logarithm problem, elliptic-curve cryptography (ECC), digital signatures, hash functions, Message Authentication Codes (MACs), and methods for key establishment, including certificates and public-key infrastructure (PKI).', '22', 'http://covers.openlibrary.org/b/isbn/9783642041013-L.jpg', 'http://covers.openlibrary.org/b/isbn/9783642041013-M.jpg', 'en', 372, 3.4, 257, true, PARSEDATETIME('2009', 'yyyy'), 3, 4);
INSERT INTO BOOK_TITLE_CONTRIBUTIONS VALUES(4, 6);
INSERT INTO BOOK_TITLE_CONTRIBUTIONS VALUES(4, 7);
INSERT INTO BOOK_TITLE_GENRES(book_title_id, genres_id) VALUES(4, 0);
INSERT INTO BOOK_TITLE_GENRES(book_title_id, genres_id) VALUES(4, 2);
INSERT INTO BOOK_TITLE_GENRES(book_title_id, genres_id) VALUES(4, 3);
INSERT INTO BOOK_TITLE_GENRES(book_title_id, genres_id) VALUES(4, 8);
INSERT INTO BOOK_TITLE_GENRES(book_title_id, genres_id) VALUES(4, 9);
INSERT INTO EDITION_TAGS VALUES(4, 0);
INSERT INTO EDITION_TAGS VALUES(4, 1);
INSERT INTO EDITION_TAGS VALUES(4, 2);
INSERT INTO EDITION_TAGS VALUES(4, 3);
INSERT INTO BOOK_TITLE VALUES(5, 'Introduction to Cryptography');
INSERT INTO EDITION VALUES(5, 23, '<p>Due to the rapid growth of digital communication and electronic data exchange, information security has become a crucial issue in industry, business, and administration. Modern cryptography provides essential techniques for securing information and protecting data.</p> <p>In the first part, this book covers the key concepts of cryptography on an undergraduate level, from encryption and digital signatures to cryptographic protocols. Essential techniques are demonstrated in protocols for key exchange, user identification, electronic elections and digital cash. In the second part, more advanced topics are addressed, such as the bit security of one-way functions and computationally perfect pseudorandom bit generators. The security of cryptographic schemes is a central topic. Typical examples of provably secure encryption and signature schemes and their security proofs are given. Though particular attention is given to the mathematical foundations, no special background in mathematics is', '20', 'http://covers.openlibrary.org/b/isbn/9783540492436-L.jpg', 'http://covers.openlibrary.org/b/isbn/9783540492436-M.jpg', 'en', 367, 2.7, 582, false, PARSEDATETIME('2007', 'yyyy'), 3, 5);
INSERT INTO BOOK_TITLE_CONTRIBUTIONS VALUES(5, 8);
INSERT INTO BOOK_TITLE_CONTRIBUTIONS VALUES(5, 9);
INSERT INTO BOOK_TITLE_GENRES(book_title_id, genres_id) VALUES(5, 0);
INSERT INTO BOOK_TITLE_GENRES(book_title_id, genres_id) VALUES(5, 8);
INSERT INTO BOOK_TITLE_GENRES(book_title_id, genres_id) VALUES(5, 10);
INSERT INTO BOOK_TITLE_GENRES(book_title_id, genres_id) VALUES(5, 1);
INSERT INTO EDITION_TAGS VALUES(5, 0);
INSERT INTO EDITION_TAGS VALUES(5, 1);
INSERT INTO EDITION_TAGS VALUES(5, 2);
INSERT INTO EDITION_TAGS VALUES(5, 3);
INSERT INTO BOOK_TITLE VALUES(6, 'Serious Cryptography');
INSERT INTO EDITION VALUES(6, 54, 'This practical guide to modern encryption breaks down the fundamental mathematical concepts at the heart of cryptography without shying away from meaty discussions of how they work. You''ll learn about authenticated encryption, secure randomness, hash functions, block ciphers, and public-key techniques such as RSA and elliptic curve cryptography. <p>You''ll also learn: <br>- Key concepts in cryptography, such as computational security, attacker models, and forward secrecy <br>- The strengths and limitations of the TLS protocol behind HTTPS secure websites <br>- Quantum computation and post-quantum cryptography <br>- About various vulnerabilities by examining numerous code examples and use cases <br>- How to choose the best algorithm or protocol and ask vendors the right questions <p>Each chapter includes a discussion of common implementation mistakes using real-world examples and details what could go wrong and how to avoid these pitfalls.', '20', 'http://covers.openlibrary.org/b/isbn/9781593278267-L.jpg', 'http://covers.openlibrary.org/b/isbn/9781593278267-M.jpg', 'en', 312, 1.2, 212, true, PARSEDATETIME('2017', 'yyyy'), 4, 6);
INSERT INTO BOOK_TITLE_CONTRIBUTIONS VALUES(6, 10);
INSERT INTO BOOK_TITLE_GENRES(book_title_id, genres_id) VALUES(6, 0);
INSERT INTO BOOK_TITLE_GENRES(book_title_id, genres_id) VALUES(6, 2);
INSERT INTO BOOK_TITLE_GENRES(book_title_id, genres_id) VALUES(6, 11);
INSERT INTO EDITION_TAGS VALUES(6, 0);
INSERT INTO EDITION_TAGS VALUES(6, 1);
INSERT INTO EDITION_TAGS VALUES(6, 2);
INSERT INTO EDITION_TAGS VALUES(6, 3);
INSERT INTO BOOK_TITLE VALUES(7, 'Theory of Cryptography');
INSERT INTO EDITION VALUES(7, 57, 'TCC 2005, the 2nd Annual Theory of Cryptography Conference, was held in Cambridge,Massachusetts,onFebruary10–12,2005.Theconferencereceived84 submissions,ofwhichtheprogramcommitteeselected32forpresentation.These proceedings contain the revised versions of the submissions that were presented at the conference. These revisions have not been checked for correctness, and the authors bear full responsibility for the contents of their papers. The conference program also included a panel discussion on the future of theoretical cryptography and its relationship to the real world (whatever that is). It also included the traditional “rump session,” featuring short, informal talks on late-breaking research news. Much as hatters of old faced mercury-induced neurological damage as an occupational hazard, computer scientists will on rare occasion be a?icted with egocentrism, probably due to prolonged CRT exposure.', '21', 'http://covers.openlibrary.org/b/isbn/9783540245735-L.jpg', 'http://covers.openlibrary.org/b/isbn/9783540245735-M.jpg', 'en', 619, 1.2, 591, true, PARSEDATETIME('2005', 'yyyy'), 3, 7);
INSERT INTO BOOK_TITLE_CONTRIBUTIONS VALUES(7, 11);
INSERT INTO BOOK_TITLE_GENRES(book_title_id, genres_id) VALUES(7, 0);
INSERT INTO BOOK_TITLE_GENRES(book_title_id, genres_id) VALUES(7, 10);
INSERT INTO BOOK_TITLE_GENRES(book_title_id, genres_id) VALUES(7, 12);
INSERT INTO BOOK_TITLE_GENRES(book_title_id, genres_id) VALUES(7, 13);
INSERT INTO BOOK_TITLE_GENRES(book_title_id, genres_id) VALUES(7, 14);
INSERT INTO EDITION_TAGS VALUES(7, 0);
INSERT INTO EDITION_TAGS VALUES(7, 1);
INSERT INTO EDITION_TAGS VALUES(7, 2);
INSERT INTO EDITION_TAGS VALUES(7, 3);
INSERT INTO BOOK_TITLE VALUES(8, 'Post-Quantum Cryptography');
INSERT INTO EDITION VALUES(8, 34, '<p>Quantum computers will break today''s most popular public-key cryptographic systems, including RSA, DSA, and ECDSA. This book introduces the reader to the next generation of cryptographic algorithms, the systems that resist quantum-computer attacks: in particular, post-quantum public-key encryption systems and post-quantum public-key signature systems. </p> <p>Leading experts have joined forces for the first time to explain the state of the art in quantum computing, hash-based cryptography, code-based cryptography, lattice-based cryptography, and multivariate cryptography. Mathematical foundations and implementation issues are included. </p> <p>This book is an essential resource for students and researchers who want to contribute to the field of post-quantum cryptography.</p>', '21', 'http://covers.openlibrary.org/b/isbn/9783540887027-L.jpg', 'http://covers.openlibrary.org/b/isbn/9783540887027-M.jpg', 'en', 246, 2.8, 67, true, PARSEDATETIME('2009', 'yyyy'), 3, 8);
INSERT INTO BOOK_TITLE_CONTRIBUTIONS VALUES(8, 12);
INSERT INTO BOOK_TITLE_CONTRIBUTIONS VALUES(8, 13);
INSERT INTO BOOK_TITLE_CONTRIBUTIONS VALUES(8, 14);
INSERT INTO BOOK_TITLE_GENRES(book_title_id, genres_id) VALUES(8, 0);
INSERT INTO BOOK_TITLE_GENRES(book_title_id, genres_id) VALUES(8, 2);
INSERT INTO BOOK_TITLE_GENRES(book_title_id, genres_id) VALUES(8, 3);
INSERT INTO BOOK_TITLE_GENRES(book_title_id, genres_id) VALUES(8, 5);
INSERT INTO BOOK_TITLE_GENRES(book_title_id, genres_id) VALUES(8, 15);
INSERT INTO BOOK_TITLE_GENRES(book_title_id, genres_id) VALUES(8, 16);
INSERT INTO EDITION_TAGS VALUES(8, 0);
INSERT INTO EDITION_TAGS VALUES(8, 1);
INSERT INTO EDITION_TAGS VALUES(8, 2);
INSERT INTO EDITION_TAGS VALUES(8, 3);
INSERT INTO BOOK_TITLE VALUES(9, 'Introduction to Modern Cryptography, Second Edition');
INSERT INTO EDITION VALUES(9, 28, '<p>Cryptography is ubiquitous and plays a key role in ensuring data secrecy and integrity as well as in securing computer systems more broadly. <b>Introduction to Modern Cryptography</b> provides a rigorous yet accessible treatment of this fascinating subject. </p> <p>The authors introduce the core principles of modern cryptography, with an emphasis on formal definitions, clear assumptions, and rigorous proofs of security. The book begins by focusing on private-key cryptography, including an extensive treatment of private-key encryption, message authentication codes, and hash functions. The authors also present design principles for widely used stream ciphers and block ciphers including RC4, DES, and AES, plus provide provable constructions of stream ciphers and block ciphers from lower-level primitives. The second half of the book covers public-key cryptography, beginning with a self-contained introduction to the number theory needed to understand the RSA, Diffie-Hellman, and El Gamal', '21', 'http://covers.openlibrary.org/b/isbn/9781466570269-L.jpg', 'http://covers.openlibrary.org/b/isbn/9781466570269-M.jpg', 'en', 603, 4.2, 583, true, PARSEDATETIME('2014', 'yyyy'), 5, 9);
INSERT INTO BOOK_TITLE_CONTRIBUTIONS VALUES(9, 15);
INSERT INTO BOOK_TITLE_CONTRIBUTIONS VALUES(9, 16);
INSERT INTO BOOK_TITLE_GENRES(book_title_id, genres_id) VALUES(9, 0);
INSERT INTO BOOK_TITLE_GENRES(book_title_id, genres_id) VALUES(9, 2);
INSERT INTO BOOK_TITLE_GENRES(book_title_id, genres_id) VALUES(9, 3);
INSERT INTO BOOK_TITLE_GENRES(book_title_id, genres_id) VALUES(9, 5);
INSERT INTO BOOK_TITLE_GENRES(book_title_id, genres_id) VALUES(9, 11);
INSERT INTO BOOK_TITLE_GENRES(book_title_id, genres_id) VALUES(9, 17);
INSERT INTO BOOK_TITLE_GENRES(book_title_id, genres_id) VALUES(9, 18);
INSERT INTO EDITION_TAGS VALUES(9, 0);
INSERT INTO EDITION_TAGS VALUES(9, 1);
INSERT INTO EDITION_TAGS VALUES(9, 2);
INSERT INTO EDITION_TAGS VALUES(9, 3);
INSERT INTO BOOK_TITLE VALUES(10, 'Cryptography and Network Security');
INSERT INTO EDITION VALUES(10, 37, '<p>William Stallings'' <i>Cryptography and Network Security: Principles and Practice, 5e</i> is a practical survey of cryptography and network security with unmatched support for instructors and students.</p> <p>In this age of universal electronic connectivity, viruses and hackers, electronic eavesdropping, and electronic fraud, security is paramount. This text provides a practical survey of both the principles and practice of cryptography and network security. First, the basic issues to be addressed by a network security capability are explored through a tutorial and survey of cryptography and network security technology. Then, the practice of network security is explored via practical applications that have been implemented and are in use today. An unparalleled support package for instructors and students ensures a successful teaching and learning experience.</p> <p>The new edition has been updated to include coverage of the latest topics including expanded coverage of block cipher m', '18', 'http://covers.openlibrary.org/b/isbn/9780136097044-L.jpg', 'http://covers.openlibrary.org/b/isbn/9780136097044-M.jpg', 'en', 719, 3.1, 419, false, PARSEDATETIME('2011', 'yyyy'), 6, 10);
INSERT INTO BOOK_TITLE_CONTRIBUTIONS VALUES(10, 17);
INSERT INTO BOOK_TITLE_GENRES(book_title_id, genres_id) VALUES(10, 0);
INSERT INTO BOOK_TITLE_GENRES(book_title_id, genres_id) VALUES(10, 19);
INSERT INTO BOOK_TITLE_GENRES(book_title_id, genres_id) VALUES(10, 20);
INSERT INTO EDITION_TAGS VALUES(10, 0);
INSERT INTO EDITION_TAGS VALUES(10, 1);
INSERT INTO EDITION_TAGS VALUES(10, 2);
INSERT INTO EDITION_TAGS VALUES(10, 3);
INSERT INTO BOOK_TITLE VALUES(11, 'Cryptography Made Simple');
INSERT INTO EDITION VALUES(11, 30, 'In this introductory textbook the author explains the key topics in cryptography. He takes a modern approach, where defining what is meant by "secure" is as important as creating something that achieves that goal, and security definitions are central to the discussion throughout.<br>The author balances a largely non-rigorous style — many proofs are sketched only — with appropriate formality and depth. For example, he uses the terminology of groups and finite fields so that the reader can understand both the latest academic research and "real-world" documents such as application programming interface descriptions and cryptographic standards. The text employs colour to distinguish between public and private information, and all chapters include summaries and suggestions for further reading.<br>This is a suitable textbook for advanced undergraduate and graduate students in computer science, mathematics and engineering, and for self-study by professionals in information security.', '20', 'http://covers.openlibrary.org/b/isbn/9783319219356-L.jpg', 'http://covers.openlibrary.org/b/isbn/9783319219356-M.jpg', 'en', 481, 1.9, 563, false, PARSEDATETIME('2015', 'yyyy'), 7, 11);
INSERT INTO BOOK_TITLE_CONTRIBUTIONS VALUES(11, 18);
INSERT INTO BOOK_TITLE_GENRES(book_title_id, genres_id) VALUES(11, 0);
INSERT INTO BOOK_TITLE_GENRES(book_title_id, genres_id) VALUES(11, 3);
INSERT INTO BOOK_TITLE_GENRES(book_title_id, genres_id) VALUES(11, 8);
INSERT INTO BOOK_TITLE_GENRES(book_title_id, genres_id) VALUES(11, 16);
INSERT INTO BOOK_TITLE_GENRES(book_title_id, genres_id) VALUES(11, 21);
INSERT INTO BOOK_TITLE_GENRES(book_title_id, genres_id) VALUES(11, 22);
INSERT INTO EDITION_TAGS VALUES(11, 0);
INSERT INTO EDITION_TAGS VALUES(11, 1);
INSERT INTO EDITION_TAGS VALUES(11, 2);
INSERT INTO EDITION_TAGS VALUES(11, 3);
INSERT INTO BOOK_TITLE VALUES(12, 'Guide to Elliptic Curve Cryptography');
INSERT INTO EDITION VALUES(12, 19, '<p>After two decades of research and development, elliptic curve cryptography now has widespread exposure and acceptance. Industry, banking, and government standards are in place to facilitate extensive deployment of this efficient public-key mechanism. </p> <p></p> <p>Anchored by a comprehensive treatment of the practical aspects of elliptic curve cryptography (ECC), this guide explains the basic mathematics, describes state-of-the-art implementation methods, and presents standardized protocols for public-key encryption, digital signatures, and key establishment. In addition, the book addresses some issues that arise in software and hardware implementation, as well as side-channel attacks and countermeasures. Readers receive the theoretical fundamentals as an underpinning for a wealth of practical and accessible knowledge about efficient application. <br><br>Features & Benefits:</p> <p></p> <p>* Breadth of coverage and unified, integrated approach to elliptic curve cryptosystems</p> <', '20', 'http://covers.openlibrary.org/b/isbn/9780387952734-L.jpg', 'http://covers.openlibrary.org/b/isbn/9780387952734-M.jpg', 'en', 312, 2.1, 235, true, PARSEDATETIME('2004', 'yyyy'), 3, 12);
INSERT INTO BOOK_TITLE_CONTRIBUTIONS VALUES(12, 19);
INSERT INTO BOOK_TITLE_CONTRIBUTIONS VALUES(12, 20);
INSERT INTO BOOK_TITLE_CONTRIBUTIONS VALUES(12, 21);
INSERT INTO BOOK_TITLE_GENRES(book_title_id, genres_id) VALUES(12, 0);
INSERT INTO BOOK_TITLE_GENRES(book_title_id, genres_id) VALUES(12, 2);
INSERT INTO BOOK_TITLE_GENRES(book_title_id, genres_id) VALUES(12, 3);
INSERT INTO BOOK_TITLE_GENRES(book_title_id, genres_id) VALUES(12, 8);
INSERT INTO BOOK_TITLE_GENRES(book_title_id, genres_id) VALUES(12, 11);
INSERT INTO EDITION_TAGS VALUES(12, 0);
INSERT INTO EDITION_TAGS VALUES(12, 1);
INSERT INTO EDITION_TAGS VALUES(12, 2);
INSERT INTO EDITION_TAGS VALUES(12, 3);
INSERT INTO BOOK_TITLE VALUES(13, 'Cryptography');
INSERT INTO EDITION VALUES(13, 56, 'THE LEGACY...<br>First introduced in 1995, Cryptography: Theory and Practice garnered enormous praise and popularity, and soon became the standard textbook for cryptography courses around the world. The second edition was equally embraced, and enjoys status as a perennial bestseller. Now in its third edition, this authoritative text continues to provide a solid foundation for future breakthroughs in cryptography.<br><br>WHY A THIRD EDITION?<br><br>The art and science of cryptography has been evolving for thousands of years. Now, with unprecedented amounts of information circling the globe, we must be prepared to face new threats and employ new encryption schemes on an ongoing basis. This edition updates relevant chapters with the latest advances and includes seven additional chapters covering:<br><li>Pseudorandom bit generation in cryptography<br></li><li>Entity authentication, including schemes built from primitives and special purpose "zero-knowledge" schemes<br></li><li>Key establis', '20', 'http://covers.openlibrary.org/b/isbn/9781584885085-L.jpg', 'http://covers.openlibrary.org/b/isbn/9781584885085-M.jpg', 'en', 616, 3.5, 291, true, PARSEDATETIME('2005', 'yyyy'), 5, 13);
INSERT INTO BOOK_TITLE_CONTRIBUTIONS VALUES(13, 22);
INSERT INTO BOOK_TITLE_GENRES(book_title_id, genres_id) VALUES(13, 0);
INSERT INTO BOOK_TITLE_GENRES(book_title_id, genres_id) VALUES(13, 2);
INSERT INTO BOOK_TITLE_GENRES(book_title_id, genres_id) VALUES(13, 3);
INSERT INTO BOOK_TITLE_GENRES(book_title_id, genres_id) VALUES(13, 5);
INSERT INTO BOOK_TITLE_GENRES(book_title_id, genres_id) VALUES(13, 17);
INSERT INTO BOOK_TITLE_GENRES(book_title_id, genres_id) VALUES(13, 18);
INSERT INTO EDITION_TAGS VALUES(13, 0);
INSERT INTO EDITION_TAGS VALUES(13, 1);
INSERT INTO EDITION_TAGS VALUES(13, 2);
INSERT INTO EDITION_TAGS VALUES(13, 3);
INSERT INTO BOOK_TITLE VALUES(14, 'Cryptography and Security: From Theory to Applications');
INSERT INTO EDITION VALUES(14, 14, '<p>This Festschrift volume, published in honor of Jean-Jaques Quisquater on the occasion of his 65th Birthday, contains 33 papers from colleagues all over the world and deals with all the fields to which Jean-Jacques dedicated his work during his academic career.</p><p>Focusing on personal tributes and re-visits of Jean-Jacques Quisquater''s legacy, the volume addresses the following central topics: symmetric and asymmetric cryptography, side-channels attacks, hardware and implementations, smart cards, and information security. In addition there are four more contributions just "as diverse as Jean-Jacques'' scientific interests".</p>', '21', 'http://covers.openlibrary.org/b/isbn/9783642283673-L.jpg', 'http://covers.openlibrary.org/b/isbn/9783642283673-M.jpg', 'en', 502, 1.9, 332, true, PARSEDATETIME('2012', 'yyyy'), 3, 14);
INSERT INTO BOOK_TITLE_CONTRIBUTIONS VALUES(14, 23);
INSERT INTO BOOK_TITLE_GENRES(book_title_id, genres_id) VALUES(14, 0);
INSERT INTO BOOK_TITLE_GENRES(book_title_id, genres_id) VALUES(14, 3);
INSERT INTO BOOK_TITLE_GENRES(book_title_id, genres_id) VALUES(14, 12);
INSERT INTO BOOK_TITLE_GENRES(book_title_id, genres_id) VALUES(14, 13);
INSERT INTO BOOK_TITLE_GENRES(book_title_id, genres_id) VALUES(14, 14);
INSERT INTO BOOK_TITLE_GENRES(book_title_id, genres_id) VALUES(14, 16);
INSERT INTO EDITION_TAGS VALUES(14, 0);
INSERT INTO EDITION_TAGS VALUES(14, 1);
INSERT INTO EDITION_TAGS VALUES(14, 2);
INSERT INTO EDITION_TAGS VALUES(14, 3);
INSERT INTO BOOK_TITLE VALUES(15, 'Practical Cryptography in Python');
INSERT INTO EDITION VALUES(15, 48, '<p>Develop a greater intuition for the proper use of cryptography. This book teaches the basics of writing cryptographic algorithms in Python, demystifies cryptographic internals, and demonstrates common ways cryptography is used incorrectly.<br></p> <p>Cryptography is the lifeblood of the digital world’s security infrastructure. From governments around the world to the average consumer, most communications are protected in some form or another by cryptography. These days, even Google searches are encrypted. Despite its ubiquity, cryptography is easy to misconfigure, misuse, and misunderstand.</p><p>Developers building cryptographic operations into their applications are not typically experts in the subject, and may not fully grasp the implication of different algorithms, modes, and other parameters. The concepts in this book are largely taught by example, including incorrect uses of cryptography and how "bad" cryptography can be broken.', '21', 'http://covers.openlibrary.org/b/isbn/9781484248997-L.jpg', 'http://covers.openlibrary.org/b/isbn/9781484248997-M.jpg', 'en', 371, 3.6, 216, false, PARSEDATETIME('2019', 'yyyy'), 8, 15);
INSERT INTO BOOK_TITLE_CONTRIBUTIONS VALUES(15, 24);
INSERT INTO BOOK_TITLE_CONTRIBUTIONS VALUES(15, 25);
INSERT INTO BOOK_TITLE_GENRES(book_title_id, genres_id) VALUES(15, 0);
INSERT INTO BOOK_TITLE_GENRES(book_title_id, genres_id) VALUES(15, 1);
INSERT INTO BOOK_TITLE_GENRES(book_title_id, genres_id) VALUES(15, 2);
INSERT INTO BOOK_TITLE_GENRES(book_title_id, genres_id) VALUES(15, 3);
INSERT INTO BOOK_TITLE_GENRES(book_title_id, genres_id) VALUES(15, 23);
INSERT INTO BOOK_TITLE_GENRES(book_title_id, genres_id) VALUES(15, 24);
INSERT INTO EDITION_TAGS VALUES(15, 0);
INSERT INTO EDITION_TAGS VALUES(15, 1);
INSERT INTO EDITION_TAGS VALUES(15, 2);
INSERT INTO EDITION_TAGS VALUES(15, 3);
INSERT INTO BOOK_TITLE VALUES(16, 'Foundations of Cryptography: Volume 2, Basic Applications');
INSERT INTO EDITION VALUES(16, 10, 'Cryptography is concerned with the conceptualization, definition and construction of computing systems that address security concerns. The design of cryptographic systems must be based on firm foundations. Foundations of Cryptography presents a rigorous and systematic treatment of foundational issues, defining cryptographic tasks and solving cryptographic problems. The emphasis is on the clarification of fundamental concepts and on demonstrating the feasibility of solving several central cryptographic problems, as opposed to describing ad-hoc approaches. This second volume contains a thorough treatment of three basic applications: Encryption, Signatures, and General Cryptographic Protocols. It builds on the previous volume, which provided a treatment of one-way functions, pseudorandomness, and zero-knowledge proofs. It is suitable for use in a graduate course on cryptography and as a reference book for experts.', '22', 'http://covers.openlibrary.org/b/isbn/9780521830843-L.jpg', 'http://covers.openlibrary.org/b/isbn/9780521830843-M.jpg', 'en', 452, 1.1, 104, true, PARSEDATETIME('2009', 'yyyy'), 9, 16);
INSERT INTO BOOK_TITLE_CONTRIBUTIONS VALUES(16, 26);
INSERT INTO BOOK_TITLE_GENRES(book_title_id, genres_id) VALUES(16, 0);
INSERT INTO BOOK_TITLE_GENRES(book_title_id, genres_id) VALUES(16, 2);
INSERT INTO BOOK_TITLE_GENRES(book_title_id, genres_id) VALUES(16, 4);
INSERT INTO BOOK_TITLE_GENRES(book_title_id, genres_id) VALUES(16, 5);
INSERT INTO BOOK_TITLE_GENRES(book_title_id, genres_id) VALUES(16, 12);
INSERT INTO BOOK_TITLE_GENRES(book_title_id, genres_id) VALUES(16, 25);
INSERT INTO BOOK_TITLE_GENRES(book_title_id, genres_id) VALUES(16, 26);
INSERT INTO EDITION_TAGS VALUES(16, 0);
INSERT INTO EDITION_TAGS VALUES(16, 1);
INSERT INTO EDITION_TAGS VALUES(16, 2);
INSERT INTO EDITION_TAGS VALUES(16, 3);
INSERT INTO BOOK_TITLE VALUES(17, 'Malicious Cryptography');
INSERT INTO EDITION VALUES(17, 48, 'Hackers have uncovered the dark side of cryptography—that device developed to defeat Trojan horses, viruses, password theft, and other cyber-crime. It’s called cryptovirology, the art of turning the very methods designed to protect your data into a means of subverting it. In this fascinating, disturbing volume, the experts who first identified cryptovirology show you exactly what you’re up against and how to fight back. <p>They will take you inside the brilliant and devious mind of a hacker—as much an addict as the vacant-eyed denizen of the crackhouse—so you can feel the rush and recognize your opponent’s power. Then, they will arm you for the counterattack.</p> <p>This book reads like a futuristic fantasy, but be assured, the threat is ominously real. Vigilance is essential, now.</p> <ul> <li>Understand the mechanics of computationally secure information stealing</li> <li>Learn how non', '19', 'http://covers.openlibrary.org/b/isbn/9780764549755-L.jpg', 'http://covers.openlibrary.org/b/isbn/9780764549755-M.jpg', 'en', 416, 3.0, 119, false, PARSEDATETIME('2004', 'yyyy'), 0, 17);
INSERT INTO BOOK_TITLE_CONTRIBUTIONS VALUES(17, 27);
INSERT INTO BOOK_TITLE_CONTRIBUTIONS VALUES(17, 28);
INSERT INTO BOOK_TITLE_GENRES(book_title_id, genres_id) VALUES(17, 0);
INSERT INTO BOOK_TITLE_GENRES(book_title_id, genres_id) VALUES(17, 1);
INSERT INTO BOOK_TITLE_GENRES(book_title_id, genres_id) VALUES(17, 2);
INSERT INTO BOOK_TITLE_GENRES(book_title_id, genres_id) VALUES(17, 3);
INSERT INTO EDITION_TAGS VALUES(17, 0);
INSERT INTO EDITION_TAGS VALUES(17, 1);
INSERT INTO EDITION_TAGS VALUES(17, 2);
INSERT INTO EDITION_TAGS VALUES(17, 3);
INSERT INTO BOOK_TITLE VALUES(18, 'Encyclopedia of Cryptography and Security');
INSERT INTO EDITION VALUES(18, 19, 'Expanded into two volumes, the Second Edition of Springer’s <i>Encyclopedia of Cryptography and Security </i>brings the latest and most comprehensive coverage of the topic: Definitive information on cryptography and information security from highly regarded researchers Effective tool for professionals in many fields and researchers of all levels Extensive resource with more than 700 contributions in Second Edition 5643 references, more than twice the number of references that appear in the First Edition With over 300 new entries, appearing in an A-Z format, the <i>Encyclopedia of Cryptography and Security </i>provides easy, intuitive access to information on all aspects of cryptography and security. As a critical enhancement to the First Edition’s base of 464 entries, the information in the <i>Encyclopedia</i> is relevant for researchers and professionals alike. Topics for this comprehensive reference were elected, written, and peer-reviewed by a pool of distinguished researchers in th', '22', 'http://covers.openlibrary.org/b/isbn/9781441959072-L.jpg', 'http://covers.openlibrary.org/b/isbn/9781441959072-M.jpg', 'en', 1416, 2.0, 330, true, PARSEDATETIME('2011', 'yyyy'), 10, 18);
INSERT INTO BOOK_TITLE_CONTRIBUTIONS VALUES(18, 29);
INSERT INTO BOOK_TITLE_CONTRIBUTIONS VALUES(18, 30);
INSERT INTO BOOK_TITLE_GENRES(book_title_id, genres_id) VALUES(18, 0);
INSERT INTO BOOK_TITLE_GENRES(book_title_id, genres_id) VALUES(18, 2);
INSERT INTO BOOK_TITLE_GENRES(book_title_id, genres_id) VALUES(18, 3);
INSERT INTO BOOK_TITLE_GENRES(book_title_id, genres_id) VALUES(18, 8);
INSERT INTO BOOK_TITLE_GENRES(book_title_id, genres_id) VALUES(18, 9);
INSERT INTO BOOK_TITLE_GENRES(book_title_id, genres_id) VALUES(18, 27);
INSERT INTO EDITION_TAGS VALUES(18, 0);
INSERT INTO EDITION_TAGS VALUES(18, 1);
INSERT INTO EDITION_TAGS VALUES(18, 2);
INSERT INTO EDITION_TAGS VALUES(18, 3);
INSERT INTO BOOK_TITLE VALUES(19, 'Black Hat Python');
INSERT INTO EDITION VALUES(19, 33, '<p>In <i>Black Hat Python</i>, the latest from Justin Seitz (author of the best-selling <i>Gray Hat Python</i>), you’ll explore the darker side of Python’s capabilities—writing network sniffers, manipulating packets, infecting virtual machines, creating stealthy trojans, and more. You’ll learn how to:</p>Create a trojan command-and-control using GitHubDetect sandboxing and automate com­mon malware tasks, like keylogging and screenshottingEscalate Windows privileges with creative process controlUse offensive memory forensics tricks to retrieve password hashes and inject shellcode into a virtual machineExtend the popular Burp Suite web-hacking toolAbuse Windows COM automation to perform a man-in-the-browser attackExfiltrate data from a network most sneakily<p>Insider techniques and creative challenges throughout show you how to extend the hacks and how to write your own exploits.</p><p>When it comes to offensive security, your ability to create powerful tools on the fly is indispensable.', '18', 'http://covers.openlibrary.org/b/isbn/9781593275907-L.jpg', 'http://covers.openlibrary.org/b/isbn/9781593275907-M.jpg', 'en', 192, 3.7, 515, true, PARSEDATETIME('2014', 'yyyy'), 4, 19);
INSERT INTO BOOK_TITLE_CONTRIBUTIONS VALUES(19, 31);
INSERT INTO BOOK_TITLE_GENRES(book_title_id, genres_id) VALUES(19, 0);
INSERT INTO BOOK_TITLE_GENRES(book_title_id, genres_id) VALUES(19, 2);
INSERT INTO BOOK_TITLE_GENRES(book_title_id, genres_id) VALUES(19, 3);
INSERT INTO BOOK_TITLE_GENRES(book_title_id, genres_id) VALUES(19, 24);
INSERT INTO BOOK_TITLE_GENRES(book_title_id, genres_id) VALUES(19, 28);
INSERT INTO EDITION_TAGS VALUES(19, 4);
INSERT INTO EDITION_TAGS VALUES(19, 5);
INSERT INTO EDITION_TAGS VALUES(19, 2);
INSERT INTO BOOK_TITLE VALUES(20, 'Violent Python');
INSERT INTO EDITION VALUES(20, 14, '<p><i>Violent Python</i> shows you how to move from a theoretical understanding of offensive computing concepts to a practical implementation. Instead of relying on another attacker''s tools, this book will teach you to forge your own weapons using the Python programming language. This book demonstrates how to write Python scripts to automate large-scale network attacks, extract metadata, and investigate forensic artifacts. It also shows how to write code to intercept and analyze network traffic using Python, craft and spoof wireless frames to attack wireless and Bluetooth devices, and how to data-mine popular social media websites and evade modern anti-virus. </p> <br><br><ul><li>Demonstrates how to write Python scripts to automate large-scale network attacks, extract metadata, and investigate forensic artifacts</li><li>Write code to intercept and analyze network traffic using Python. C', '22', 'http://covers.openlibrary.org/b/isbn/9781597499576-L.jpg', 'http://covers.openlibrary.org/b/isbn/9781597499576-M.jpg', 'en', 288, 1.2, 409, true, PARSEDATETIME('2012', 'yyyy'), 11, 20);
INSERT INTO BOOK_TITLE_CONTRIBUTIONS VALUES(20, 32);
INSERT INTO BOOK_TITLE_GENRES(book_title_id, genres_id) VALUES(20, 0);
INSERT INTO BOOK_TITLE_GENRES(book_title_id, genres_id) VALUES(20, 2);
INSERT INTO BOOK_TITLE_GENRES(book_title_id, genres_id) VALUES(20, 3);
INSERT INTO EDITION_TAGS VALUES(20, 4);
INSERT INTO EDITION_TAGS VALUES(20, 5);
INSERT INTO EDITION_TAGS VALUES(20, 2);
INSERT INTO BOOK_TITLE VALUES(21, 'Python in a Nutshell');
INSERT INTO EDITION VALUES(21, 22, '<p> This book offers Python programmers one place to look when they need help remembering or deciphering the syntax of this open source language and its many powerful but scantily documented modules. This comprehensive reference guide makes it easy to look up the most frequently needed information--not just about the Python language itself, but also the most frequently used parts of the standard library and the most important third-party extensions. </p> <p> Ask any Python aficionado and you''ll hear that Python programmers have it all: an elegant object-oriented language with readable and maintainable syntax, that allows for easy integration with components in C, C++, Java, or C#, and an enormous collection of precoded standard library and third-party extension modules. Moreover, Python is easy to learn, yet powerful enough to take on the most ambitious programming challenges. But what Python programmers used to lack is a concise and clear reference resource, with the appropriate meas', '19', 'http://covers.openlibrary.org/b/isbn/9780596100469-L.jpg', 'http://covers.openlibrary.org/b/isbn/9780596100469-M.jpg', 'en', 695, 2.4, 264, true, PARSEDATETIME('2006', 'yyyy'), 12, 21);
INSERT INTO BOOK_TITLE_CONTRIBUTIONS VALUES(21, 33);
INSERT INTO BOOK_TITLE_GENRES(book_title_id, genres_id) VALUES(21, 0);
INSERT INTO BOOK_TITLE_GENRES(book_title_id, genres_id) VALUES(21, 3);
INSERT INTO BOOK_TITLE_GENRES(book_title_id, genres_id) VALUES(21, 17);
INSERT INTO BOOK_TITLE_GENRES(book_title_id, genres_id) VALUES(21, 29);
INSERT INTO BOOK_TITLE_GENRES(book_title_id, genres_id) VALUES(21, 30);
INSERT INTO EDITION_TAGS VALUES(21, 4);
INSERT INTO EDITION_TAGS VALUES(21, 5);
INSERT INTO EDITION_TAGS VALUES(21, 2);
INSERT INTO BOOK_TITLE VALUES(22, 'Automate the Boring Stuff with Python');
INSERT INTO EDITION VALUES(22, 31, '<p> If you’ve ever spent hours renaming files or updating hundreds of spreadsheet cells, you know how tedious tasks like these can be. But what if you could have your computer do them for you?</p><p>In <i>Automate the Boring Stuff with Python</i>, you’ll learn how to use Python to write programs that do in minutes what would take you hours to do by hand—no prior programming experience required. Once you’ve mastered the basics of programming, you’ll create Python programs that effortlessly perform useful and impressive feats of automation to:</p>Search for text in a file or across multiple filesCreate, update, move, and rename files and foldersSearch the Web and download online contentUpdate and format data in Excel spreadsheets of any sizeSplit, merge, watermark, and encrypt PDFsSend reminder emails and text notificationsFill out online forms<p>Step-by-step instructions walk you through each program, and practice projects at the end of each chapter challenge you to improve those progra', '18', 'http://covers.openlibrary.org/b/isbn/9781593275990-L.jpg', 'http://covers.openlibrary.org/b/isbn/9781593275990-M.jpg', 'en', 504, 1.2, 129, false, PARSEDATETIME('2015', 'yyyy'), 4, 22);
INSERT INTO BOOK_TITLE_CONTRIBUTIONS VALUES(22, 34);
INSERT INTO BOOK_TITLE_GENRES(book_title_id, genres_id) VALUES(22, 0);
INSERT INTO BOOK_TITLE_GENRES(book_title_id, genres_id) VALUES(22, 3);
INSERT INTO BOOK_TITLE_GENRES(book_title_id, genres_id) VALUES(22, 9);
INSERT INTO BOOK_TITLE_GENRES(book_title_id, genres_id) VALUES(22, 24);
INSERT INTO BOOK_TITLE_GENRES(book_title_id, genres_id) VALUES(22, 28);
INSERT INTO EDITION_TAGS VALUES(22, 4);
INSERT INTO EDITION_TAGS VALUES(22, 5);
INSERT INTO EDITION_TAGS VALUES(22, 2);
INSERT INTO BOOK_TITLE VALUES(23, 'Python Tricks');
INSERT INTO EDITION VALUES(23, 10, '<p>"I don''t even feel like I''ve scratched the surface of what I can do with Python"</p><p>With Python Tricks: The Book you''ll discover Python''s best practices and the power of beautiful & Pythonic code with simple examples and a step-by-step narrative.</p><p>You''ll get one step closer to mastering Python, so you can write beautiful and idiomatic code that comes to you naturally.</p><p>Learning the ins and outs of Python is difficult-and with this book you''ll be able to focus on the practical skills that really matter. Discover the "hidden gold" in Python''s standard library and start writing clean and Pythonic code today.</p><p>Who Should Read This Book: </p><ul><li>If you''re wondering which lesser known parts in Python you should know about, you''ll get a roadmap with this book. Discover cool (yet practical ) Python tricks and blow your coworkers'' minds in your next code review.</li><li>If you''ve got experience with legacy versions of Python, the book will get you up to speed', '19', 'http://covers.openlibrary.org/b/isbn/9781775093305-L.jpg', 'http://covers.openlibrary.org/b/isbn/9781775093305-M.jpg', 'en', 302, 1.3, 162, true, PARSEDATETIME('2017', 'yyyy'), 13, 23);
INSERT INTO BOOK_TITLE_CONTRIBUTIONS VALUES(23, 35);
INSERT INTO BOOK_TITLE_GENRES(book_title_id, genres_id) VALUES(23, 0);
INSERT INTO BOOK_TITLE_GENRES(book_title_id, genres_id) VALUES(23, 24);
INSERT INTO BOOK_TITLE_GENRES(book_title_id, genres_id) VALUES(23, 23);
INSERT INTO EDITION_TAGS VALUES(23, 4);
INSERT INTO EDITION_TAGS VALUES(23, 5);
INSERT INTO EDITION_TAGS VALUES(23, 2);
INSERT INTO BOOK_TITLE VALUES(24, 'Mission Python');
INSERT INTO EDITION VALUES(24, 9, '<b>Program a graphical adventure game in this hands-on, beginner-friendly introduction to coding in the Python language.</b> <p>Launch into coding with <i>Mission Python</i>, a space-themed guide to building a complete computer game in Python. You''ll learn programming fundamentals like loops, strings, and lists as you build Escape!, an exciting game with a map to explore, items to collect, and tricky logic puzzles to solve. As you work through the book, you''ll build exercises and mini-projects, like making a spacewalk simulator and creating an astronaut''s safety checklist that will put your new Python skills to the test. You''ll learn how to use Pygame Zero, a free resource that lets you add graphics and sound effects to your creations, and you''ll get useful game-making tips, such as how to design fun puzzles and intriguing maps. Before you know it, you''ll have a working, awesome game to stump your friends with (and some nifty coding skills, too!).', '18', 'http://covers.openlibrary.org/b/isbn/9781593278571-L.jpg', 'http://covers.openlibrary.org/b/isbn/9781593278571-M.jpg', 'en', 280, 3.9, 135, true, PARSEDATETIME('2018', 'yyyy'), 4, 24);
INSERT INTO BOOK_TITLE_CONTRIBUTIONS VALUES(24, 36);
INSERT INTO BOOK_TITLE_GENRES(book_title_id, genres_id) VALUES(24, 32);
INSERT INTO BOOK_TITLE_GENRES(book_title_id, genres_id) VALUES(24, 0);
INSERT INTO BOOK_TITLE_GENRES(book_title_id, genres_id) VALUES(24, 33);
INSERT INTO BOOK_TITLE_GENRES(book_title_id, genres_id) VALUES(24, 34);
INSERT INTO BOOK_TITLE_GENRES(book_title_id, genres_id) VALUES(24, 9);
INSERT INTO BOOK_TITLE_GENRES(book_title_id, genres_id) VALUES(24, 24);
INSERT INTO BOOK_TITLE_GENRES(book_title_id, genres_id) VALUES(24, 28);
INSERT INTO BOOK_TITLE_GENRES(book_title_id, genres_id) VALUES(24, 31);
INSERT INTO EDITION_TAGS VALUES(24, 4);
INSERT INTO EDITION_TAGS VALUES(24, 5);
INSERT INTO EDITION_TAGS VALUES(24, 2);
INSERT INTO BOOK_TITLE VALUES(25, 'Python Playground');
INSERT INTO EDITION VALUES(25, 54, '<p> Python is a powerful programming language that’s easy to learn and fun to play with. But once you’ve gotten a handle on the basics, what do you do next?</p><p><i>Python Playground</i> is a collection of imaginative programming projects that will inspire you to use Python to make art and music, build simulations of real-world phenomena, and interact with hardware like the Arduino and Raspberry Pi. You’ll learn to use common Python tools and libraries like numpy, matplotlib, and pygame to do things like:</p><p>*Generate Spirograph-like patterns using parametric equations and the turtle module</p><p>*Create music on your computer by simulating frequency overtones</p><p>*Translate graphical images into ASCII art</p><p>*Write an autostereogram program that produces 3D images hidden beneath random patterns</p><p>*Make realistic animations with OpenGL shaders by exploring particle systems, transparency, and billboarding techniques</p><p>*Construct 3D visualizations using data from CT and ', '22', 'http://covers.openlibrary.org/b/isbn/9781593276041-L.jpg', 'http://covers.openlibrary.org/b/isbn/9781593276041-M.jpg', 'en', 352, 4.5, 335, false, PARSEDATETIME('2015', 'yyyy'), 4, 25);
INSERT INTO BOOK_TITLE_CONTRIBUTIONS VALUES(25, 37);
INSERT INTO BOOK_TITLE_GENRES(book_title_id, genres_id) VALUES(25, 0);
INSERT INTO BOOK_TITLE_GENRES(book_title_id, genres_id) VALUES(25, 35);
INSERT INTO BOOK_TITLE_GENRES(book_title_id, genres_id) VALUES(25, 3);
INSERT INTO BOOK_TITLE_GENRES(book_title_id, genres_id) VALUES(25, 9);
INSERT INTO BOOK_TITLE_GENRES(book_title_id, genres_id) VALUES(25, 24);
INSERT INTO BOOK_TITLE_GENRES(book_title_id, genres_id) VALUES(25, 28);
INSERT INTO EDITION_TAGS VALUES(25, 4);
INSERT INTO EDITION_TAGS VALUES(25, 5);
INSERT INTO EDITION_TAGS VALUES(25, 2);
INSERT INTO BOOK_TITLE VALUES(26, 'Python Essential Reference');
INSERT INTO EDITION VALUES(26, 59, '<i>Python Essential Reference</i> is the definitive reference guide to the Python programming language — the one authoritative handbook that reliably untangles and explains both the core Python language and the most essential parts of the Python library.<br> <br> <p>Designed for the professional programmer, the book is concise, to the point, and highly accessible. It also includes detailed information on the Python library and many advanced subjects that is not available in either the official Python documentation or any other single reference source.</p> <p> </p> <p>Thoroughly updated to reflect the significant new programming language features and library modules that have been introduced in Python 2.6 and Python 3, the fourth edition of <i>Python Essential Reference</i> is the definitive guide for programmers who need to modernize existing Python code or who are planning an eventual migration to Python 3.', '20', 'http://covers.openlibrary.org/b/isbn/9780672329784-L.jpg', 'http://covers.openlibrary.org/b/isbn/9780672329784-M.jpg', 'en', 717, 3.9, 71, false, PARSEDATETIME('2009', 'yyyy'), 14, 26);
INSERT INTO BOOK_TITLE_CONTRIBUTIONS VALUES(26, 38);
INSERT INTO BOOK_TITLE_GENRES(book_title_id, genres_id) VALUES(26, 0);
INSERT INTO BOOK_TITLE_GENRES(book_title_id, genres_id) VALUES(26, 24);
INSERT INTO BOOK_TITLE_GENRES(book_title_id, genres_id) VALUES(26, 36);
INSERT INTO BOOK_TITLE_GENRES(book_title_id, genres_id) VALUES(26, 23);
INSERT INTO EDITION_TAGS VALUES(26, 4);
INSERT INTO EDITION_TAGS VALUES(26, 5);
INSERT INTO EDITION_TAGS VALUES(26, 2);
INSERT INTO BOOK_TITLE VALUES(27, 'Python Programming');
INSERT INTO EDITION VALUES(27, 56, 'This book is suitable for use in a university-level first course in computing (CS1), as well as the increasingly popular course known as CS0. It is difficult for many students to master basic concepts in computer science and programming. A large portion of the confusion can be blamed on the complexity of the tools and materials that are traditionally used to teach CS1 and CS2. This textbook was written with a single overarching goal: to present the core concepts of computer science as simply as possible without being simplistic.', '18', 'http://covers.openlibrary.org/b/isbn/9781887902991-L.jpg', 'http://covers.openlibrary.org/b/isbn/9781887902991-M.jpg', 'en', 517, 3.6, 497, true, PARSEDATETIME('2004', 'yyyy'), 15, 27);
INSERT INTO BOOK_TITLE_CONTRIBUTIONS VALUES(27, 39);
INSERT INTO BOOK_TITLE_GENRES(book_title_id, genres_id) VALUES(27, 0);
INSERT INTO BOOK_TITLE_GENRES(book_title_id, genres_id) VALUES(27, 24);
INSERT INTO BOOK_TITLE_GENRES(book_title_id, genres_id) VALUES(27, 23);
INSERT INTO EDITION_TAGS VALUES(27, 4);
INSERT INTO EDITION_TAGS VALUES(27, 5);
INSERT INTO EDITION_TAGS VALUES(27, 2);
INSERT INTO BOOK_TITLE VALUES(28, 'Python Data Science Handbook');
INSERT INTO EDITION VALUES(28, 14, '<p>For many researchers, Python is a first-class tool mainly because of its libraries for storing, manipulating, and gaining insight from data. Several resources exist for individual pieces of this data science stack, but only with the Python Data Science Handbook do you get them all--IPython, NumPy, Pandas, Matplotlib, Scikit-Learn, and other related tools.</p><p>Working scientists and data crunchers familiar with reading and writing Python code will find this comprehensive desk reference ideal for tackling day-to-day issues: manipulating, transforming, and cleaning data; visualizing different types of data; and using data to build statistical or machine learning models. Quite simply, this is the must-have reference for scientific computing in Python.</p><p>With this handbook, you''ll learn how to use: </p><ul><li><b>IPython and Jupyter: </b> provide computational environments for data ', '19', 'http://covers.openlibrary.org/b/isbn/9781491912058-L.jpg', 'http://covers.openlibrary.org/b/isbn/9781491912058-M.jpg', 'en', 529, 1.7, 375, true, PARSEDATETIME('2016', 'yyyy'), 16, 28);
INSERT INTO BOOK_TITLE_CONTRIBUTIONS VALUES(28, 40);
INSERT INTO BOOK_TITLE_CONTRIBUTIONS VALUES(28, 41);
INSERT INTO BOOK_TITLE_GENRES(book_title_id, genres_id) VALUES(28, 0);
INSERT INTO BOOK_TITLE_GENRES(book_title_id, genres_id) VALUES(28, 37);
INSERT INTO BOOK_TITLE_GENRES(book_title_id, genres_id) VALUES(28, 38);
INSERT INTO BOOK_TITLE_GENRES(book_title_id, genres_id) VALUES(28, 39);
INSERT INTO BOOK_TITLE_GENRES(book_title_id, genres_id) VALUES(28, 24);
INSERT INTO BOOK_TITLE_GENRES(book_title_id, genres_id) VALUES(28, 28);
INSERT INTO EDITION_TAGS VALUES(28, 4);
INSERT INTO EDITION_TAGS VALUES(28, 5);
INSERT INTO EDITION_TAGS VALUES(28, 2);
INSERT INTO BOOK_TITLE VALUES(29, 'Python Scripting for Computational Science');
INSERT INTO EDITION VALUES(29, 47, 'Numerous readers of the second edition have noti?ed me about misprints and possible improvements of the text and the associated computer codes. The resulting modi?cations have been incorporated in this new edition and its accompanying software. The major change between the second and third editions, however, is caused by the new implementation of Numerical Python, now called numpy. The new numpy package encourages a slightly di?erent syntax compared to the old Numeric implementation, which was used in the previous editions. Since Numerical Python functionality appears in a lot of places in the book, there are hence a huge number of updates to the new suggested numpy syntax, especially in Chapters 4, 9, and 10. The second edition was based on Python version 2.3, while the third edition contains updates for version 2.5. Recent Python features, such as generator expressions (Chapter 8.9.4), Ctypes for interfacing shared libraries in C (Chapter 5.', '19', 'http://covers.openlibrary.org/b/isbn/9783540739159-L.jpg', 'http://covers.openlibrary.org/b/isbn/9783540739159-M.jpg', 'en', 756, 4.5, 60, true, PARSEDATETIME('2009', 'yyyy'), 3, 29);
INSERT INTO BOOK_TITLE_CONTRIBUTIONS VALUES(29, 42);
INSERT INTO BOOK_TITLE_GENRES(book_title_id, genres_id) VALUES(29, 0);
INSERT INTO BOOK_TITLE_GENRES(book_title_id, genres_id) VALUES(29, 3);
INSERT INTO BOOK_TITLE_GENRES(book_title_id, genres_id) VALUES(29, 38);
INSERT INTO BOOK_TITLE_GENRES(book_title_id, genres_id) VALUES(29, 40);
INSERT INTO BOOK_TITLE_GENRES(book_title_id, genres_id) VALUES(29, 41);
INSERT INTO BOOK_TITLE_GENRES(book_title_id, genres_id) VALUES(29, 10);
INSERT INTO BOOK_TITLE_GENRES(book_title_id, genres_id) VALUES(29, 42);
INSERT INTO EDITION_TAGS VALUES(29, 4);
INSERT INTO EDITION_TAGS VALUES(29, 5);
INSERT INTO EDITION_TAGS VALUES(29, 2);
INSERT INTO BOOK_TITLE VALUES(30, 'Adventures in Python');
INSERT INTO EDITION VALUES(30, 13, '<b>The complete beginner''s guide to Python, for young people who want to start today</b> <p><i>Adventures in Python</i> is designed for 11-to 15-year olds who want to teach themselves Python programming, but don''t know where to start. Even if you have no programming experience at all, this easy to follow format and clear, simple instruction will get you up and running quickly. The book walks you through nine projects that teach you the fundamentals of programming in general, and Python in particular, gradually building your skills until you have the confidence and ability to tackle your own projects. Video clips accompany each chapter to provide even more detailed explanation of important concepts, so you feel supported every step of the way.</p> <p>Python is one of the top programming languages worldwide, with an install base in the millions. It''s a favourite language at Google, YouTube, the BBC, and Spotify, and is the primary programming language for the Raspberry Pi.', '18', 'http://covers.openlibrary.org/b/isbn/9781118951798-L.jpg', 'http://covers.openlibrary.org/b/isbn/9781118951798-M.jpg', 'en', 280, 4.1, 175, true, PARSEDATETIME('2015', 'yyyy'), 1, 30);
INSERT INTO BOOK_TITLE_CONTRIBUTIONS VALUES(30, 43);
INSERT INTO BOOK_TITLE_GENRES(book_title_id, genres_id) VALUES(30, 0);
INSERT INTO BOOK_TITLE_GENRES(book_title_id, genres_id) VALUES(30, 3);
INSERT INTO BOOK_TITLE_GENRES(book_title_id, genres_id) VALUES(30, 43);
INSERT INTO BOOK_TITLE_GENRES(book_title_id, genres_id) VALUES(30, 23);
INSERT INTO BOOK_TITLE_GENRES(book_title_id, genres_id) VALUES(30, 24);
INSERT INTO EDITION_TAGS VALUES(30, 4);
INSERT INTO EDITION_TAGS VALUES(30, 5);
INSERT INTO EDITION_TAGS VALUES(30, 2);
INSERT INTO BOOK_TITLE VALUES(31, 'Learning Python with Raspberry Pi');
INSERT INTO EDITION VALUES(31, 49, '<p><b>The must-have companion guide to the Raspberry Pi User Guide!</b></p> <p>Raspberry Pi chose Python as its teaching language of choice to encourage a new generation of programmers to learn how to program. This approachable book serves as an ideal resource for anyone wanting to use Raspberry Pi to learn to program and helps you get started with the Python programming language. Aimed at first-time developers with no prior programming language assumed, this beginner book gets you up and running.</p> <ul> <li>Covers variables, loops, and functions</li> <li>Addresses 3D graphics programming</li> <li>Walks you through programming Minecraft</li> <li>Zeroes in on Python for scripting</li> </ul> <p><i>Learning Python with Raspberry Pi</i> proves itself to be a fantastic introduction to coding.</p>', '19', 'http://covers.openlibrary.org/b/isbn/9781118717059-L.jpg', 'http://covers.openlibrary.org/b/isbn/9781118717059-M.jpg', 'en', 286, 1.1, 570, false, PARSEDATETIME('2014', 'yyyy'), 1, 31);
INSERT INTO BOOK_TITLE_CONTRIBUTIONS VALUES(31, 44);
INSERT INTO BOOK_TITLE_CONTRIBUTIONS VALUES(31, 45);
INSERT INTO BOOK_TITLE_GENRES(book_title_id, genres_id) VALUES(31, 0);
INSERT INTO BOOK_TITLE_GENRES(book_title_id, genres_id) VALUES(31, 3);
INSERT INTO BOOK_TITLE_GENRES(book_title_id, genres_id) VALUES(31, 43);
INSERT INTO EDITION_TAGS VALUES(31, 4);
INSERT INTO EDITION_TAGS VALUES(31, 5);
INSERT INTO EDITION_TAGS VALUES(31, 2);
INSERT INTO BOOK_TITLE VALUES(32, 'Python Crash Course');
INSERT INTO EDITION VALUES(32, 41, '<b>Second edition of the best-selling Python book in the world. A fast-paced, no-nonsense guide to programming in Python. Updated and thoroughly revised to reflect the latest in Python code and practices.</b> <p><i>Python Crash Course</i> is the world''s best-selling guide to the Python programming language. This fast-paced, thorough introduction to programming with Python will have you writing programs, solving problems, and making things that work in no time. <p>In the first half of the book, you''ll learn basic programming concepts, such as variables, lists, classes, and loops, and practice writing clean code with exercises for each topic. You''ll also learn how to make your programs interactive and test your code safely before adding it to a project. In the second half, you''ll put your new knowledge into practice with three substantial projects: a Space Invaders-inspired arcade game, a set of data visualizations with Python''s handy libraries, and a simple web app you can deploy o', '19', 'http://covers.openlibrary.org/b/isbn/9781593279288-L.jpg', 'http://covers.openlibrary.org/b/isbn/9781593279288-M.jpg', 'en', 544, 1.6, 96, true, PARSEDATETIME('2019', 'yyyy'), 4, 32);
INSERT INTO BOOK_TITLE_CONTRIBUTIONS VALUES(32, 46);
INSERT INTO BOOK_TITLE_GENRES(book_title_id, genres_id) VALUES(32, 0);
INSERT INTO BOOK_TITLE_GENRES(book_title_id, genres_id) VALUES(32, 24);
INSERT INTO BOOK_TITLE_GENRES(book_title_id, genres_id) VALUES(32, 28);
INSERT INTO EDITION_TAGS VALUES(32, 4);
INSERT INTO EDITION_TAGS VALUES(32, 5);
INSERT INTO EDITION_TAGS VALUES(32, 2);
INSERT INTO BOOK_TITLE VALUES(33, 'Python For Dummies');
INSERT INTO EDITION VALUES(33, 14, 'Python is one of the most powerful, easy-to-read programming languages around, but it does have its limitations. This general purpose, high-level language that can be extended and embedded is a smart option for many programming problems, but a poor solution to others. <p><i>Python For Dummies</i> is the quick-and-easy guide to getting the most out of this robust program. This hands-on book will show you everything you need to know about building programs, debugging code, and simplifying development, as well as defining what actions it can perform. You’ll wrap yourself around all of its advanced features and become an expert Python user in no time. This guide gives you the tools you need to:</p> <ul> <li>Master basic elements and syntax</li> <li>Document, design, and debug programs</li> <li>Work with strings like a pro</li> <li>Direct a program with control structures</li> <li>Integrate integers, complex numbers, and modules</li> <li>Build lists, stacks, and queues</li> <li>Create an or', '20', 'http://covers.openlibrary.org/b/isbn/9780471778646-L.jpg', 'http://covers.openlibrary.org/b/isbn/9780471778646-M.jpg', 'en', 432, 1.5, 416, true, PARSEDATETIME('2006', 'yyyy'), 1, 33);
INSERT INTO BOOK_TITLE_CONTRIBUTIONS VALUES(33, 47);
INSERT INTO BOOK_TITLE_CONTRIBUTIONS VALUES(33, 48);
INSERT INTO BOOK_TITLE_GENRES(book_title_id, genres_id) VALUES(33, 0);
INSERT INTO BOOK_TITLE_GENRES(book_title_id, genres_id) VALUES(33, 9);
INSERT INTO BOOK_TITLE_GENRES(book_title_id, genres_id) VALUES(33, 42);
INSERT INTO BOOK_TITLE_GENRES(book_title_id, genres_id) VALUES(33, 3);
INSERT INTO EDITION_TAGS VALUES(33, 4);
INSERT INTO EDITION_TAGS VALUES(33, 5);
INSERT INTO EDITION_TAGS VALUES(33, 2);
INSERT INTO BOOK_TITLE VALUES(34, 'Professional Python');
INSERT INTO EDITION VALUES(34, 29, '<b>Master the secret tools every Python programmer needs to know</b> <p><i>Professional Python</i> goes beyond the basics to teach beginner- and intermediate-level Python programmers the little-known tools and constructs that build concise, maintainable code. Design better architecture and write easy-to-understand code using highly adoptable techniques that result in more robust and efficient applications. Coverage includes Decorators, Context Managers, Magic Methods, Class Factories, Metaclasses, Regular Expressions, and more, including advanced methods for unit testing using asyncio and CLI tools. Each topic includes an explanation of the concept and a discussion on applications, followed by hands-on tutorials based on real-world scenarios. The "Python 3 first" approach covers multiple current versions, while ensuring long-term relevance.</p> <p>Python offers many tools and techniques for writing better code, but often confusing documentation leaves many programmers in the dark about', '21', 'http://covers.openlibrary.org/b/isbn/9781119070856-L.jpg', 'http://covers.openlibrary.org/b/isbn/9781119070856-M.jpg', 'en', 288, 4.6, 402, false, PARSEDATETIME('2015', 'yyyy'), 1, 34);
INSERT INTO BOOK_TITLE_CONTRIBUTIONS VALUES(34, 49);
INSERT INTO BOOK_TITLE_GENRES(book_title_id, genres_id) VALUES(34, 0);
INSERT INTO BOOK_TITLE_GENRES(book_title_id, genres_id) VALUES(34, 3);
INSERT INTO BOOK_TITLE_GENRES(book_title_id, genres_id) VALUES(34, 9);
INSERT INTO BOOK_TITLE_GENRES(book_title_id, genres_id) VALUES(34, 23);
INSERT INTO BOOK_TITLE_GENRES(book_title_id, genres_id) VALUES(34, 24);
INSERT INTO EDITION_TAGS VALUES(34, 4);
INSERT INTO EDITION_TAGS VALUES(34, 5);
INSERT INTO EDITION_TAGS VALUES(34, 2);
INSERT INTO BOOK_TITLE VALUES(35, 'Python All-in-One For Dummies');
INSERT INTO EDITION VALUES(35, 6, '<p><b>Your one-stop resource on all things Python</b></p> <p>Thanks to its flexibility, Python has grown to become one of the most popular programming languages in the world. Developers use Python in app development, web development, data science, machine learning, and even in coding education classes.</p> <p>There''s almost no type of project that Python can''t make better. From creating apps to building complex websites to sorting big data, Python provides a way to get the work done. <i>Python All-in-One For Dummies </i>offers a starting point for those new to coding by explaining the basics of Python and demonstrating how it’s used in a variety of applications.</p> <ul> <li>Covers the basics of the language</li> <li>Explains its syntax through application in high-profile industries</li> <li>Shows how Python can be applied to projects in enterprise</li> <li>Delves into major undertakings including artificial intelligence, physical computing, machine learning, robotics and data analys', '22', 'http://covers.openlibrary.org/b/isbn/9781119557593-L.jpg', 'http://covers.openlibrary.org/b/isbn/9781119557593-M.jpg', 'en', 704, 3.4, 520, false, PARSEDATETIME('2019', 'yyyy'), 1, 35);
INSERT INTO BOOK_TITLE_CONTRIBUTIONS VALUES(35, 50);
INSERT INTO BOOK_TITLE_CONTRIBUTIONS VALUES(35, 51);
INSERT INTO BOOK_TITLE_GENRES(book_title_id, genres_id) VALUES(35, 0);
INSERT INTO BOOK_TITLE_GENRES(book_title_id, genres_id) VALUES(35, 3);
INSERT INTO BOOK_TITLE_GENRES(book_title_id, genres_id) VALUES(35, 44);
INSERT INTO BOOK_TITLE_GENRES(book_title_id, genres_id) VALUES(35, 23);
INSERT INTO BOOK_TITLE_GENRES(book_title_id, genres_id) VALUES(35, 24);
INSERT INTO EDITION_TAGS VALUES(35, 4);
INSERT INTO EDITION_TAGS VALUES(35, 5);
INSERT INTO EDITION_TAGS VALUES(35, 2);
INSERT INTO BOOK_TITLE VALUES(36, 'Math Adventures with Python');
INSERT INTO EDITION VALUES(36, 38, '<b>Learn math by getting creative with code! Use the Python programming language to transform learning high school-level math topics like algebra, geometry, trigonometry, and calculus!</b> <p><i>Math Adventures with Python</i> will show you how to harness the power of programming to keep math relevant and fun. With the aid of the Python programming language, you''ll learn how to visualize solutions to a range of math problems as you use code to explore key mathematical concepts like algebra, trigonometry, matrices, and cellular automata. <p>Once you''ve learned the programming basics like loops and variables, you''ll write your own programs to solve equations quickly, make cool things like an interactive rainbow grid, and automate tedious tasks like factoring numbers and finding square roots. You''ll learn how to write functions to draw and manipulate shapes, create oscillating sine waves, and solve equations graphically.', '20', 'http://covers.openlibrary.org/b/isbn/9781593278670-L.jpg', 'http://covers.openlibrary.org/b/isbn/9781593278670-M.jpg', 'en', 304, 4.7, 329, true, PARSEDATETIME('2019', 'yyyy'), 4, 36);
INSERT INTO BOOK_TITLE_CONTRIBUTIONS VALUES(36, 52);
INSERT INTO BOOK_TITLE_GENRES(book_title_id, genres_id) VALUES(36, 3);
INSERT INTO BOOK_TITLE_GENRES(book_title_id, genres_id) VALUES(36, 5);
INSERT INTO EDITION_TAGS VALUES(36, 4);
INSERT INTO EDITION_TAGS VALUES(36, 5);
INSERT INTO EDITION_TAGS VALUES(36, 2);
INSERT INTO BOOK_TITLE VALUES(37, 'Learn Python 3 the Hard Way');
INSERT INTO EDITION VALUES(37, 27, '<b>You <i>Will</i> Learn Python 3 </b> </p> </p> Zed Shaw has perfected the world''s best system for learning Python 3. Follow it and you will succeed--just like the millions of beginners Zed has taught to date You bring the discipline, commitment, and persistence; the author supplies everything else.</p> </p> In <i> <b>Learn Python 3 the Hard Way, </b> </i> you''ll learn Python by working through 52 brilliantly crafted exercises. Read them. Type their code precisely. (No copying and pasting ) Fix your mistakes. Watch the programs run. As you do, you''ll learn how a computer works; what good programs look like; and how to read, write, and think about code. Zed then teaches you even more in 5+ hours of video where he shows you how to break, fix, and debug your code--live, as he''s doing the exercises. <br> </p> <ul> <li>Install a complete Python environment</li> <li>Organize and write code</li> <li>Fix and break code</li> <li>Basic mathematics</li> <li>Variables</li> <li>Strings and tex', '18', 'http://covers.openlibrary.org/b/isbn/9780134692883-L.jpg', 'http://covers.openlibrary.org/b/isbn/9780134692883-M.jpg', 'en', 297, 3.4, 564, true, PARSEDATETIME('2017', 'yyyy'), 17, 37);
INSERT INTO BOOK_TITLE_CONTRIBUTIONS VALUES(37, 53);
INSERT INTO BOOK_TITLE_GENRES(book_title_id, genres_id) VALUES(37, 0);
INSERT INTO BOOK_TITLE_GENRES(book_title_id, genres_id) VALUES(37, 24);
INSERT INTO BOOK_TITLE_GENRES(book_title_id, genres_id) VALUES(37, 23);
INSERT INTO EDITION_TAGS VALUES(37, 4);
INSERT INTO EDITION_TAGS VALUES(37, 5);
INSERT INTO EDITION_TAGS VALUES(37, 2);
INSERT INTO BOOK_TITLE VALUES(38, 'Treading on Python Volume 2');
INSERT INTO EDITION VALUES(38, 60, '<p>&nbsp;<b>Do you want to take your Python to the next level?</b></p><b></b>Python is easy to learn. You can learn the basics in a day and be productive with it. But there are&nbsp;<b><i>more advanced constructs</i></b>&nbsp;that you will eventually run across if you spend enough time with it. Don''t be confused by these. Learn them, embrace them, and improve your code and others.', '19', 'http://covers.openlibrary.org/b/isbn/9781490550954-L.jpg', 'http://covers.openlibrary.org/b/isbn/9781490550954-M.jpg', 'en', 162, 4.4, 262, true, PARSEDATETIME('2013', 'yyyy'), 18, 38);
INSERT INTO BOOK_TITLE_CONTRIBUTIONS VALUES(38, 54);
INSERT INTO BOOK_TITLE_GENRES(book_title_id, genres_id) VALUES(38, 0);
INSERT INTO BOOK_TITLE_GENRES(book_title_id, genres_id) VALUES(38, 24);
INSERT INTO BOOK_TITLE_GENRES(book_title_id, genres_id) VALUES(38, 28);
INSERT INTO EDITION_TAGS VALUES(38, 4);
INSERT INTO EDITION_TAGS VALUES(38, 5);
INSERT INTO EDITION_TAGS VALUES(38, 2);
INSERT INTO BOOK_TITLE VALUES(39, 'Programming Python');
INSERT INTO EDITION VALUES(39, 57, '<p><i>Programming Python</i>focuses on advanced uses of the Python programming/scripting language, which has evolved from an emerging language of interest primarily to pioneers, to a widely accepted tool that traditional programmers use for real day-to-day development tasks. With Python, you can do almost anything you can do with C++; but Python is an interpreted language designed for rapid application development and deployment. Among other things, Python supports object-oriented programming; a remarkably simple, readable, and maintainable syntax; integration with C components; and a vast collection of pre-coded interfaces and utilities.</p> <p>As Python has grown to embrace developers on a number of different platforms (Unix, Linux, Windows, Mac), companies have taken notice and are adopting Python for their products. It has shown up animating the latest Star Wars movie, serving up maps and directories on the Internet, guiding users through Linux installations, testing chips and boar', '22', 'http://covers.openlibrary.org/b/isbn/9780596000851-L.jpg', 'http://covers.openlibrary.org/b/isbn/9780596000851-M.jpg', 'en', 1255, 1.7, 296, true, PARSEDATETIME('2001', 'yyyy'), 12, 39);
INSERT INTO BOOK_TITLE_CONTRIBUTIONS VALUES(39, 55);
INSERT INTO BOOK_TITLE_GENRES(book_title_id, genres_id) VALUES(39, 0);
INSERT INTO BOOK_TITLE_GENRES(book_title_id, genres_id) VALUES(39, 9);
INSERT INTO BOOK_TITLE_GENRES(book_title_id, genres_id) VALUES(39, 45);
INSERT INTO EDITION_TAGS VALUES(39, 4);
INSERT INTO EDITION_TAGS VALUES(39, 5);
INSERT INTO EDITION_TAGS VALUES(39, 2);
INSERT INTO BOOK_TITLE VALUES(40, 'Programming in Python 3');
INSERT INTO EDITION VALUES(40, 52, '<p></p> <p></p> <b>A Fully Revised Edition Featuring New Material on Coroutines, Debugging, Testing, Parsing, String Formatting, and More</b> <p></p> <p> </p> <p>Python 3 is the best version of the language yet: It is more powerful, convenient, consistent, and expressive than ever before. Now, leading Python programmer Mark Summerfield demonstrates how to write code that takes full advantage of Python 3''s features and idioms. <b><i>Programming in Python 3, Second Edition, </i></b>brings together all the knowledge you need to write any program, use any standard or third-party Python 3 library, and create new library modules of your own.</p> <p> </p> <p>Summerfield draws on his many years of Python experience to share deep insights into Python 3 development you won''t find anywhere else. He begins by illuminating Python''s "beautiful heart" the eight key elements of Python you need to write robust, high-performance programs.', '19', 'http://covers.openlibrary.org/b/isbn/9780321680563-L.jpg', 'http://covers.openlibrary.org/b/isbn/9780321680563-M.jpg', 'en', 630, 3.2, 417, true, PARSEDATETIME('2010', 'yyyy'), 14, 40);
INSERT INTO BOOK_TITLE_CONTRIBUTIONS VALUES(40, 56);
INSERT INTO BOOK_TITLE_GENRES(book_title_id, genres_id) VALUES(40, 0);
INSERT INTO BOOK_TITLE_GENRES(book_title_id, genres_id) VALUES(40, 24);
INSERT INTO BOOK_TITLE_GENRES(book_title_id, genres_id) VALUES(40, 23);
INSERT INTO EDITION_TAGS VALUES(40, 4);
INSERT INTO EDITION_TAGS VALUES(40, 5);
INSERT INTO EDITION_TAGS VALUES(40, 2);
INSERT INTO BOOK_TITLE VALUES(41, 'Introducing Python');
INSERT INTO EDITION VALUES(41, 6, '<p>Easy to understand and fun to read, Introducing Python is ideal for beginning programmers as well as those new to the language. Author Bill Lubanovic takes you from the basics to more involved and varied topics, mixing tutorials with cookbook-style code recipes to explain concepts in Python 3. End-of-chapter exercises help you practice what you''ve learned.</p> <p>You''ll gain a strong foundation in the language, including best practices for testing, debugging, code reuse, and other development tips. This book also shows you how to use Python for applications in business, science, and the arts, using various Python tools and open source packages.</p> <ul> <li>Learn simple data types, and basic math and text operations</li> <li>Use data-wrangling techniques with Python''s built-in data structures</li> <li>Explore Python code structure, including the use of functions</li> <li>Write larg', '20', 'http://covers.openlibrary.org/b/isbn/9781449359362-L.jpg', 'http://covers.openlibrary.org/b/isbn/9781449359362-M.jpg', 'en', 454, 1.9, 305, true, PARSEDATETIME('2014', 'yyyy'), 16, 41);
INSERT INTO BOOK_TITLE_CONTRIBUTIONS VALUES(41, 57);
INSERT INTO BOOK_TITLE_GENRES(book_title_id, genres_id) VALUES(41, 0);
INSERT INTO BOOK_TITLE_GENRES(book_title_id, genres_id) VALUES(41, 24);
INSERT INTO BOOK_TITLE_GENRES(book_title_id, genres_id) VALUES(41, 28);
INSERT INTO EDITION_TAGS VALUES(41, 4);
INSERT INTO EDITION_TAGS VALUES(41, 5);
INSERT INTO EDITION_TAGS VALUES(41, 2);
INSERT INTO BOOK_TITLE VALUES(42, 'Python for Bioinformatics');
INSERT INTO EDITION VALUES(42, 57, 'Bioinformatics is a growing field that attracts researchers from many different backgrounds who are unfamiliar with the algorithms commonly used in the field. Python for Bioinformatics provides a clear introduction to the Python programming language and instructs beginners on the development of simple programming exercises . Ideal for those with some knowledge of computer programming languages, this book emphasizes Python syntax and methodologies. The text is divided into three complete sections; the first provides an explanation of general Python programming, the second includes a detailed discussion of the Python tools typically used in bioinformatics including clustering, associative memories, and mathematical analysis techniques, and the third section demonstrates how these tools are implemented through numerous applications.', '19', 'http://covers.openlibrary.org/b/isbn/9780763751869-L.jpg', 'http://covers.openlibrary.org/b/isbn/9780763751869-M.jpg', 'en', 417, 4.9, 574, true, PARSEDATETIME('2009', 'yyyy'), 19, 42);
INSERT INTO BOOK_TITLE_CONTRIBUTIONS VALUES(42, 58);
INSERT INTO BOOK_TITLE_CONTRIBUTIONS VALUES(42, 59);
INSERT INTO BOOK_TITLE_GENRES(book_title_id, genres_id) VALUES(42, 0);
INSERT INTO BOOK_TITLE_GENRES(book_title_id, genres_id) VALUES(42, 38);
INSERT INTO BOOK_TITLE_GENRES(book_title_id, genres_id) VALUES(42, 46);
INSERT INTO BOOK_TITLE_GENRES(book_title_id, genres_id) VALUES(42, 47);
INSERT INTO BOOK_TITLE_GENRES(book_title_id, genres_id) VALUES(42, 48);
INSERT INTO EDITION_TAGS VALUES(42, 4);
INSERT INTO EDITION_TAGS VALUES(42, 5);
INSERT INTO EDITION_TAGS VALUES(42, 2);
INSERT INTO BOOK_TITLE VALUES(43, 'Practical C++ Programming');
INSERT INTO EDITION VALUES(43, 58, '<p>C++ is a powerful, highly flexible, and adaptable programming language that allows software engineers to organize and process information quickly and effectively. But this high-level language is relatively difficult to master, even if you already know the C programming language.</p> <p>The 2nd edition of <i>Practical C++ Programming</i> is a complete introduction to the C++ language for programmers who are learning C++. Reflecting the latest changes to the C++ standard, this 2nd edition takes a useful down-to-earth approach, placing a strong emphasis on how to design clean, elegant code.<br></p> <p>In short, to-the-point chapters, all aspects of programming are covered including style, software engineering, programming design, object-oriented design, and debugging. It also covers common mistakes and how to find (and avoid) them. End of chapter exercises help you ensure you''ve mastered the material.', '22', 'http://covers.openlibrary.org/b/isbn/9780596004194-L.jpg', 'http://covers.openlibrary.org/b/isbn/9780596004194-M.jpg', 'en', 549, 3.7, 573, true, PARSEDATETIME('2003', 'yyyy'), 12, 43);
INSERT INTO BOOK_TITLE_CONTRIBUTIONS VALUES(43, 60);
INSERT INTO BOOK_TITLE_GENRES(book_title_id, genres_id) VALUES(43, 0);
INSERT INTO BOOK_TITLE_GENRES(book_title_id, genres_id) VALUES(43, 3);
INSERT INTO BOOK_TITLE_GENRES(book_title_id, genres_id) VALUES(43, 9);
INSERT INTO BOOK_TITLE_GENRES(book_title_id, genres_id) VALUES(43, 42);
INSERT INTO BOOK_TITLE_GENRES(book_title_id, genres_id) VALUES(43, 49);
INSERT INTO BOOK_TITLE_GENRES(book_title_id, genres_id) VALUES(43, 23);
INSERT INTO EDITION_TAGS VALUES(43, 4);
INSERT INTO EDITION_TAGS VALUES(43, 6);
INSERT INTO EDITION_TAGS VALUES(43, 2);
INSERT INTO BOOK_TITLE VALUES(44, 'The C++ Standard Library');
INSERT INTO EDITION VALUES(44, 36, '<b>The Best-Selling C++ Resource</b> <p> <b>Now Updated for C++11</b> </p> <p> </p> <p>The C++ standard library provides a set of common classes and interfaces that greatly extend the core C++ language. The library, however, is not self-explanatory. To make full use of its components–and to benefit from their power–you need a resource that does far more than list the classes and their functions.</p> <p> </p> <p> <b> <i>The C++ Standard Library: A Tutorial and Reference, Second Edition,</i> </b> describes this library as now incorporated into the new ANSI/ISO C++ language standard (C++11). The book provides comprehensive documentation of each library component, including an introduction to its purpose and design; clearly written explanations of complex concepts; the practical programming details needed for effective use; traps and pitfalls; the exact signature and definition of the most important classes and functions; and numerous examples of working code.', '22', 'http://covers.openlibrary.org/b/isbn/9780321623218-L.jpg', 'http://covers.openlibrary.org/b/isbn/9780321623218-M.jpg', 'en', 1099, 2.6, 525, true, PARSEDATETIME('2012', 'yyyy'), 14, 44);
INSERT INTO BOOK_TITLE_CONTRIBUTIONS VALUES(44, 61);
INSERT INTO BOOK_TITLE_GENRES(book_title_id, genres_id) VALUES(44, 0);
INSERT INTO BOOK_TITLE_GENRES(book_title_id, genres_id) VALUES(44, 49);
INSERT INTO BOOK_TITLE_GENRES(book_title_id, genres_id) VALUES(44, 23);
INSERT INTO EDITION_TAGS VALUES(44, 4);
INSERT INTO EDITION_TAGS VALUES(44, 6);
INSERT INTO EDITION_TAGS VALUES(44, 2);
INSERT INTO BOOK_TITLE VALUES(45, 'The C++ Programming Language');
INSERT INTO EDITION VALUES(45, 58, '<p> <b>More than three-quarters of a million programmers have benefited from this book in all of its editions</b> </p> <p> </p> Written by Bjarne Stroustrup, the creator of C++, this is the world''s most trusted and widely read book on C++.<p> </p> For this special hardcover edition, two new appendixes on locales and standard library exception safety (also available at www.research.att.com/~bs/) have been added. The result is complete, authoritative coverage of the C++ language, its standard library, and key design techniques. Based on the ANSI/ISO C++ standard, <i> <b>The C++ Programming Language</b> </i> provides current and comprehensive coverage of all C++ language features and standard library components.<p> </p> For example: <ul> <li>abstract classes as interfaces </li> <li>class hierarchies for object-oriented programming </li> <li>templates as the basis for type-safe generic software </li> <li>exceptions for regular error handling </li> <li>namespaces for modularity in large-sc', '22', 'http://covers.openlibrary.org/b/isbn/9780201700732-L.jpg', 'http://covers.openlibrary.org/b/isbn/9780201700732-M.jpg', 'en', 1019, 1.4, 381, false, PARSEDATETIME('2000', 'yyyy'), 17, 45);
INSERT INTO BOOK_TITLE_CONTRIBUTIONS VALUES(45, 62);
INSERT INTO BOOK_TITLE_GENRES(book_title_id, genres_id) VALUES(45, 0);
INSERT INTO BOOK_TITLE_GENRES(book_title_id, genres_id) VALUES(45, 49);
INSERT INTO BOOK_TITLE_GENRES(book_title_id, genres_id) VALUES(45, 23);
INSERT INTO EDITION_TAGS VALUES(45, 4);
INSERT INTO EDITION_TAGS VALUES(45, 6);
INSERT INTO EDITION_TAGS VALUES(45, 2);
INSERT INTO BOOK_TITLE VALUES(46, 'A Tour of C++');
INSERT INTO EDITION VALUES(46, 30, 'In <b> <i>A Tour of C++, Second Edition, </i> </b> Bjarne Stroustrup, the creator of C++, describes what constitutes modern C++. This concise, self-contained guide covers most major language features and the major standard-library components--not, of course, in great depth, but to a level that gives programmers a meaningful overview of the language, some key examples, and practical help in getting started.</p> </p> Stroustrup presents the C++ features in the context of the programming styles they support, such as object-oriented and generic programming. His tour is remarkably comprehensive. Coverage begins with the basics, then ranges widely through more advanced topics, including many that are new in C++17, such as move semantics, uniform initialization, lambda expressions, improved containers, random numbers, and concurrency. The tour even covers some extensions being made for C++20, such as concepts and modules, and ends with a discussion of the design and evolution of C++.', '18', 'http://covers.openlibrary.org/b/isbn/9780134997834-L.jpg', 'http://covers.openlibrary.org/b/isbn/9780134997834-M.jpg', 'en', 239, 4.9, 518, true, PARSEDATETIME('2018', 'yyyy'), 17, 46);
INSERT INTO BOOK_TITLE_CONTRIBUTIONS VALUES(46, 62);
INSERT INTO BOOK_TITLE_GENRES(book_title_id, genres_id) VALUES(46, 0);
INSERT INTO BOOK_TITLE_GENRES(book_title_id, genres_id) VALUES(46, 49);
INSERT INTO BOOK_TITLE_GENRES(book_title_id, genres_id) VALUES(46, 23);
INSERT INTO EDITION_TAGS VALUES(46, 4);
INSERT INTO EDITION_TAGS VALUES(46, 6);
INSERT INTO EDITION_TAGS VALUES(46, 2);
INSERT INTO BOOK_TITLE VALUES(47, 'Professional C++');
INSERT INTO EDITION VALUES(47, 26, '<b>Get up to date quickly on the new changes coming with C++17</b> <p><i>Professional C++</i> is the advanced manual for C++ programming. Designed to help experienced developers get more out of the latest release, this book skims over the basics and dives right in to exploiting the full capabilities of C++17. Each feature is explained by example, each including actual code snippets that you can plug into your own applications. Case studies include extensive, working code that has been tested on Windows and Linux, and the author''s expert tips, tricks, and workarounds can dramatically enhance your workflow. Even many experienced developers have never fully explored the boundaries of the language''s capabilities; this book reveals the advanced features you never knew about, and drills down to show you how to turn these features into real-world solutions.</p> <p>The C++17 release includes changes that impact the way you work with C++; this new fourth edition covers them all, including nes', '22', 'http://covers.openlibrary.org/b/isbn/9781119421306-L.jpg', 'http://covers.openlibrary.org/b/isbn/9781119421306-M.jpg', 'en', 1184, 1.6, 206, true, PARSEDATETIME('2018', 'yyyy'), 1, 47);
INSERT INTO BOOK_TITLE_CONTRIBUTIONS VALUES(47, 63);
INSERT INTO BOOK_TITLE_GENRES(book_title_id, genres_id) VALUES(47, 0);
INSERT INTO BOOK_TITLE_GENRES(book_title_id, genres_id) VALUES(47, 3);
INSERT INTO BOOK_TITLE_GENRES(book_title_id, genres_id) VALUES(47, 9);
INSERT INTO BOOK_TITLE_GENRES(book_title_id, genres_id) VALUES(47, 49);
INSERT INTO BOOK_TITLE_GENRES(book_title_id, genres_id) VALUES(47, 23);
INSERT INTO EDITION_TAGS VALUES(47, 4);
INSERT INTO EDITION_TAGS VALUES(47, 6);
INSERT INTO EDITION_TAGS VALUES(47, 2);
INSERT INTO BOOK_TITLE VALUES(48, 'Large-scale C++ Software Design');
INSERT INTO EDITION VALUES(48, 12, 'This is the definitive book for all C++ software professionals involved in large development efforts such as databases, operating systems, compilers, and frameworks. It is the first C++ book that actually demonstrates how to design large systems, and one of the few books on object-oriented design specifically geared to practical aspects of the C++ programming language. In this book, Lakos explains the process of decomposing large systems into physical (not inheritance) hierarchies of smaller, more manageable components. Such systems with their acyclic physical dependencies are fundamentally easier and more economical to maintain, test, and reuse than tightly interdependent systems. In addition to explaining the motivation for following good physical as well as logical design practices, Lakos provides you with a catalog of specific techniques designed to eliminate cyclic, compile-time, and link-time (physical) dependencies.', '18', 'http://covers.openlibrary.org/b/isbn/9780201633627-L.jpg', 'http://covers.openlibrary.org/b/isbn/9780201633627-M.jpg', 'en', 846, 3.3, 445, true, PARSEDATETIME('1996', 'yyyy'), 17, 48);
INSERT INTO BOOK_TITLE_CONTRIBUTIONS VALUES(48, 64);
INSERT INTO BOOK_TITLE_GENRES(book_title_id, genres_id) VALUES(48, 0);
INSERT INTO BOOK_TITLE_GENRES(book_title_id, genres_id) VALUES(48, 3);
INSERT INTO BOOK_TITLE_GENRES(book_title_id, genres_id) VALUES(48, 42);
INSERT INTO BOOK_TITLE_GENRES(book_title_id, genres_id) VALUES(48, 49);
INSERT INTO BOOK_TITLE_GENRES(book_title_id, genres_id) VALUES(48, 23);
INSERT INTO EDITION_TAGS VALUES(48, 4);
INSERT INTO EDITION_TAGS VALUES(48, 6);
INSERT INTO EDITION_TAGS VALUES(48, 2);
INSERT INTO BOOK_TITLE VALUES(49, 'A Complete Guide to Programming in C++');
INSERT INTO EDITION VALUES(49, 9, 'A Complete Guide to Programming in C++ was written for both students interested in learning the C++ programming language from scratch, and for advanced C++ programmers wishing to enhance their knowledge of C++. The chapters are organized to guide the reader from elementary language concepts to professional software development, with in-depth coverage of all the C++ language elements ''en route.'' The order in which these elements are discussed reflects the goal of helping students create useful programs every step of the way.', '22', 'http://covers.openlibrary.org/b/isbn/9780763718176-L.jpg', 'http://covers.openlibrary.org/b/isbn/9780763718176-M.jpg', 'en', 825, 3.2, 293, true, PARSEDATETIME('2002', 'yyyy'), 19, 49);
INSERT INTO BOOK_TITLE_CONTRIBUTIONS VALUES(49, 65);
INSERT INTO BOOK_TITLE_CONTRIBUTIONS VALUES(49, 66);
INSERT INTO BOOK_TITLE_GENRES(book_title_id, genres_id) VALUES(49, 0);
INSERT INTO BOOK_TITLE_GENRES(book_title_id, genres_id) VALUES(49, 49);
INSERT INTO BOOK_TITLE_GENRES(book_title_id, genres_id) VALUES(49, 23);
INSERT INTO EDITION_TAGS VALUES(49, 4);
INSERT INTO EDITION_TAGS VALUES(49, 6);
INSERT INTO EDITION_TAGS VALUES(49, 2);
INSERT INTO BOOK_TITLE VALUES(50, 'C++ Primer Plus');
INSERT INTO EDITION VALUES(50, 43, '<p> <b>C++ Primer Plus, Sixth Edition</b> </p> <p>New C++11 Coverage</p> <i> <br> </i> <i>C++ Primer Plus</i> is a carefully crafted, complete tutorial on one of the most significant and widely used programming languages today. An accessible and easy-to-use self-study guide, this book is appropriate for both serious students of programming as well as developers already proficient in other languages.<br> <br>The sixth edition of <i>C++ Primer Plus</i> has been updated and expanded to cover the latest developments in C++, including a detailed look at the new C++11 standard.<br> <br>Author and educator Stephen Prata has created an introduction to C++ that is instructive, clear, and insightful. Fundamental programming concepts are explained along with details of the C++ language. Many short, practical examples illustrate just one or two concepts at a time, encouraging readers to master new topics by immediately putting them to use.', '20', 'http://covers.openlibrary.org/b/isbn/9780321776402-L.jpg', 'http://covers.openlibrary.org/b/isbn/9780321776402-M.jpg', 'en', 1200, 1.5, 220, true, PARSEDATETIME('2011', 'yyyy'), 14, 50);
INSERT INTO BOOK_TITLE_CONTRIBUTIONS VALUES(50, 67);
INSERT INTO BOOK_TITLE_GENRES(book_title_id, genres_id) VALUES(50, 0);
INSERT INTO BOOK_TITLE_GENRES(book_title_id, genres_id) VALUES(50, 49);
INSERT INTO BOOK_TITLE_GENRES(book_title_id, genres_id) VALUES(50, 23);
INSERT INTO EDITION_TAGS VALUES(50, 4);
INSERT INTO EDITION_TAGS VALUES(50, 6);
INSERT INTO EDITION_TAGS VALUES(50, 2);
INSERT INTO BOOK_TITLE VALUES(51, 'C++ In a Nutshell');
INSERT INTO EDITION VALUES(51, 43, '<p>To-the-point, authoritative, no-nonsense solutions have always been a trademark of O''Reilly books. The In a Nutshell books have earned a solid reputation in the field as the well-thumbed references that sit beside the knowledgeable developer''s keyboard. <i>C++ in a Nutshell</i> lives up to the In a Nutshell promise. <i>C++ in a Nutshell</i> is a lean, focused reference that offers practical examples for the most important, most often used, aspects of C++.</p> <p><i>C++ in a Nutshell</i> packs an enormous amount of information on C++ (and the many libraries used with it) in an indispensable quick reference for those who live in a deadline-driven world and need the facts but not the frills.<br></p> <p>The book''s language reference is organized first by topic, followed by an alphabetical reference to the language''s keywords, complete with syntax summaries and pointers to the topic references.', '19', 'http://covers.openlibrary.org/b/isbn/9780596002985-L.jpg', 'http://covers.openlibrary.org/b/isbn/9780596002985-M.jpg', 'en', 791, 3.6, 136, true, PARSEDATETIME('2003', 'yyyy'), 16, 51);
INSERT INTO BOOK_TITLE_CONTRIBUTIONS VALUES(51, 68);
INSERT INTO BOOK_TITLE_GENRES(book_title_id, genres_id) VALUES(51, 0);
INSERT INTO BOOK_TITLE_GENRES(book_title_id, genres_id) VALUES(51, 3);
INSERT INTO BOOK_TITLE_GENRES(book_title_id, genres_id) VALUES(51, 9);
INSERT INTO BOOK_TITLE_GENRES(book_title_id, genres_id) VALUES(51, 42);
INSERT INTO BOOK_TITLE_GENRES(book_title_id, genres_id) VALUES(51, 49);
INSERT INTO BOOK_TITLE_GENRES(book_title_id, genres_id) VALUES(51, 23);
INSERT INTO EDITION_TAGS VALUES(51, 4);
INSERT INTO EDITION_TAGS VALUES(51, 6);
INSERT INTO EDITION_TAGS VALUES(51, 2);
INSERT INTO BOOK_TITLE VALUES(52, 'C++ Crash Course');
INSERT INTO EDITION VALUES(52, 8, '<b>A fast-paced, thorough introduction to modern C++ written for experienced programmers. After reading <i>C++ Crash Course</i>, you''ll be proficient in the core language concepts, the C++ Standard Library, and the Boost Libraries.</b> <p>C++ is one of the most widely used languages for real-world software. In the hands of a knowledgeable programmer, C++ can produce small, efficient, and readable code that any programmer would be proud of. <p>Designed for intermediate to advanced programmers, C++ Crash Course cuts through the weeds to get you straight to the core of C++17, the most modern revision of the ISO standard. Part 1 covers the core of the C++ language, where you''ll learn about everything from types and functions, to the object life cycle and expressions. Part 2 introduces you to the C++ Standard Library and Boost Libraries, where you''ll learn about all of the high-quality, fully-featured facilities available to you.', '19', 'http://covers.openlibrary.org/b/isbn/9781593278885-L.jpg', 'http://covers.openlibrary.org/b/isbn/9781593278885-M.jpg', 'en', 733, 4.5, 344, true, PARSEDATETIME('2019', 'yyyy'), 4, 52);
INSERT INTO BOOK_TITLE_CONTRIBUTIONS VALUES(52, 69);
INSERT INTO BOOK_TITLE_GENRES(book_title_id, genres_id) VALUES(52, 0);
INSERT INTO BOOK_TITLE_GENRES(book_title_id, genres_id) VALUES(52, 49);
INSERT INTO BOOK_TITLE_GENRES(book_title_id, genres_id) VALUES(52, 28);
INSERT INTO EDITION_TAGS VALUES(52, 4);
INSERT INTO EDITION_TAGS VALUES(52, 6);
INSERT INTO EDITION_TAGS VALUES(52, 2);
INSERT INTO BOOK_TITLE VALUES(53, 'C++ Template Metaprogramming');
INSERT INTO EDITION VALUES(53, 24, 'This book explains what metaprogramming is and how it is best used. It provides the foundation you''ll need to use the template metaprogramming effectively in your own work.<br>This book is aimed at any programmer who is comfortable with idioms of the Standard Template Library (STL). C++ power-users will gain a new insight into their existing work and a new fluency in the domain of metaprogramming. Intermediate-level programmers who have learned a few advanced template techniques will see where these tricks fit in the big picture and will gain the conceptual foundation to use them with discipline. Programmers who have caught the scent of metaprogramming, but for whom it is still mysterious, will finally gain a clear understanding of how, when, and why it works. All readers will leave with a new tool of unprecedented power at their disposal - the Boost Metaprogramming Library.', '18', 'http://covers.openlibrary.org/b/isbn/9780321227256-L.jpg', 'http://covers.openlibrary.org/b/isbn/9780321227256-M.jpg', 'en', 373, 1.1, 354, false, PARSEDATETIME('2005', 'yyyy'), 17, 53);
INSERT INTO BOOK_TITLE_CONTRIBUTIONS VALUES(53, 70);
INSERT INTO BOOK_TITLE_CONTRIBUTIONS VALUES(53, 71);
INSERT INTO BOOK_TITLE_GENRES(book_title_id, genres_id) VALUES(53, 0);
INSERT INTO BOOK_TITLE_GENRES(book_title_id, genres_id) VALUES(53, 49);
INSERT INTO BOOK_TITLE_GENRES(book_title_id, genres_id) VALUES(53, 23);
INSERT INTO EDITION_TAGS VALUES(53, 4);
INSERT INTO EDITION_TAGS VALUES(53, 6);
INSERT INTO EDITION_TAGS VALUES(53, 2);
INSERT INTO BOOK_TITLE VALUES(54, 'More C++ Gems');
INSERT INTO EDITION VALUES(54, 37, 'Robert Martin, Editor-in-Chief of C++ Report, presents the long-awaited follow-up to C++ Gems. Since the publication of the first book, the C++ language has experienced very many changes. The ISO has adopted a standard for the language and its library. The Unified Modeling Language has affected software development in C++, and Java has changed things as well. Through all of these turbulent changes, C++ Report has been the forum for developers and programmers to share their experience and discuss new directions for the industry. More C++ Gems picks up where the first book left off, presenting tips, tricks, proven strategies, easy-to-follow techniques, and usable source code. This book contains the very best from the most renowned experts in the field.', '18', 'http://covers.openlibrary.org/b/isbn/9780521786188-L.jpg', 'http://covers.openlibrary.org/b/isbn/9780521786188-M.jpg', 'en', 525, 3.5, 68, false, PARSEDATETIME('2000', 'yyyy'), 9, 54);
INSERT INTO BOOK_TITLE_CONTRIBUTIONS VALUES(54, 72);
INSERT INTO BOOK_TITLE_GENRES(book_title_id, genres_id) VALUES(54, 0);
INSERT INTO BOOK_TITLE_GENRES(book_title_id, genres_id) VALUES(54, 3);
INSERT INTO BOOK_TITLE_GENRES(book_title_id, genres_id) VALUES(54, 38);
INSERT INTO BOOK_TITLE_GENRES(book_title_id, genres_id) VALUES(54, 9);
INSERT INTO BOOK_TITLE_GENRES(book_title_id, genres_id) VALUES(54, 42);
INSERT INTO BOOK_TITLE_GENRES(book_title_id, genres_id) VALUES(54, 45);
INSERT INTO BOOK_TITLE_GENRES(book_title_id, genres_id) VALUES(54, 50);
INSERT INTO BOOK_TITLE_GENRES(book_title_id, genres_id) VALUES(54, 51);
INSERT INTO EDITION_TAGS VALUES(54, 4);
INSERT INTO EDITION_TAGS VALUES(54, 6);
INSERT INTO EDITION_TAGS VALUES(54, 2);
INSERT INTO BOOK_TITLE VALUES(55, 'C++ for Everyone');
INSERT INTO EDITION VALUES(55, 41, 'Thorough and updated coverage on all the essential C++ concepts <p>Aimed at providing you with a solid foundation in programming with C++, this new edition incorporates programming exercises with helpful self-check questions that reinforce the concepts discussed throughout the book. You’ll benefit from the how-to sections that show you how concepts are applied and advanced materials are featured on the accompanying Web site when you’re ready to take your programming skills to the next level.</p> <ul> <li>Shows you how to use C++ to your benefit</li> <li>Includes advice for avoiding pitfalls</li> <li>Incorporates self-check questions and programming exercises to reinforce what you learn</li> <li>Encourages you to take your C++ programming skills to the next level with the advanced material featured on the accompanying Web site</li> </ul> <p><i>C++ for Everyone, Second Edition</i>, is the ', '22', 'http://covers.openlibrary.org/b/isbn/9780470927137-L.jpg', 'http://covers.openlibrary.org/b/isbn/9780470927137-M.jpg', 'en', 560, 3.6, 299, true, PARSEDATETIME('2010', 'yyyy'), 1, 55);
INSERT INTO BOOK_TITLE_CONTRIBUTIONS VALUES(55, 73);
INSERT INTO BOOK_TITLE_GENRES(book_title_id, genres_id) VALUES(55, 0);
INSERT INTO BOOK_TITLE_GENRES(book_title_id, genres_id) VALUES(55, 3);
INSERT INTO BOOK_TITLE_GENRES(book_title_id, genres_id) VALUES(55, 9);
INSERT INTO BOOK_TITLE_GENRES(book_title_id, genres_id) VALUES(55, 49);
INSERT INTO BOOK_TITLE_GENRES(book_title_id, genres_id) VALUES(55, 23);
INSERT INTO EDITION_TAGS VALUES(55, 4);
INSERT INTO EDITION_TAGS VALUES(55, 6);
INSERT INTO EDITION_TAGS VALUES(55, 2);
INSERT INTO BOOK_TITLE VALUES(56, 'Advanced C and C++ Compiling');
INSERT INTO EDITION VALUES(56, 32, 'Learning how to write C/C++ code is only the first step. To be a serious programmer, you need to understand the structure and purpose of the binary files produced by the compiler: object files, static libraries, shared libraries, and, of course, executables.<p> <p> Advanced C and C++ Compiling explains the build process in detail and shows how to integrate code from other developers in the form of deployed libraries as well as how to resolve issues and potential mismatches between your own and external code trees.<p> <p> With the proliferation of open source, understanding these issues is increasingly the responsibility of the individual programmer. Advanced C and C++ Compiling brings all of the information needed to move from intermediate to expert programmer together in one place -- an engineering guide on the topic of C/C++ binaries to help you get the most accurate and pertinent information in the quickest possible time.', '20', 'http://covers.openlibrary.org/b/isbn/9781430266679-L.jpg', 'http://covers.openlibrary.org/b/isbn/9781430266679-M.jpg', 'en', 340, 1.1, 233, false, PARSEDATETIME('2014', 'yyyy'), 8, 56);
INSERT INTO BOOK_TITLE_CONTRIBUTIONS VALUES(56, 74);
INSERT INTO BOOK_TITLE_GENRES(book_title_id, genres_id) VALUES(56, 0);
INSERT INTO BOOK_TITLE_GENRES(book_title_id, genres_id) VALUES(56, 3);
INSERT INTO BOOK_TITLE_GENRES(book_title_id, genres_id) VALUES(56, 9);
INSERT INTO BOOK_TITLE_GENRES(book_title_id, genres_id) VALUES(56, 42);
INSERT INTO BOOK_TITLE_GENRES(book_title_id, genres_id) VALUES(56, 23);
INSERT INTO EDITION_TAGS VALUES(56, 4);
INSERT INTO EDITION_TAGS VALUES(56, 6);
INSERT INTO EDITION_TAGS VALUES(56, 2);
INSERT INTO BOOK_TITLE VALUES(57, 'C++ Pocket Reference');
INSERT INTO EDITION VALUES(57, 26, '<p>C++ is a complex language with many subtle facets. This is especially true when it comes to object-oriented and template programming. The <i>C++ Pocket Reference</i> is a memory aid for C++ programmers, enabling them to quickly look up usage and syntax for unfamiliar and infrequently used aspects of the language. The book''s small size makes it easy to carry about, ensuring that it will always be at-hand when needed. Programmers will also appreciate the book''s brevity; as much information as possible has been crammed into its small pages. </p> <p>In the <i>C++ Pocket Reference</i>, you will find:</p><ul><li>Information on C++ types and type conversions</li> <li>Syntax for C++ statements and preprocessor directives</li> <li>Help declaring and defining classes, and managing inheritance</li> <li>Information on declarations, storage classes, arrays, pointers, strings, and expressions</li> <li>Refreshers on key concepts of C++ such as namespaces and scope</li> <li>More!</li></ul><i>C++ ', '19', 'http://covers.openlibrary.org/b/isbn/9780596004965-L.jpg', 'http://covers.openlibrary.org/b/isbn/9780596004965-M.jpg', 'en', 144, 3.4, 475, true, PARSEDATETIME('2006', 'yyyy'), 20, 57);
INSERT INTO BOOK_TITLE_CONTRIBUTIONS VALUES(57, 75);
INSERT INTO BOOK_TITLE_GENRES(book_title_id, genres_id) VALUES(57, 0);
INSERT INTO BOOK_TITLE_GENRES(book_title_id, genres_id) VALUES(57, 49);
INSERT INTO BOOK_TITLE_GENRES(book_title_id, genres_id) VALUES(57, 23);
INSERT INTO EDITION_TAGS VALUES(57, 4);
INSERT INTO EDITION_TAGS VALUES(57, 6);
INSERT INTO EDITION_TAGS VALUES(57, 2);
INSERT INTO BOOK_TITLE VALUES(58, 'Accelerated C++');
INSERT INTO EDITION VALUES(58, 42, '<p><b></b> Want to learn how to program in C++ <i>immediately?</i> Want to start writing better, more powerful C++ programs <i>today?</i> <i>Accelerated C++''s</i> uniquely modern approach will help you learn faster and more fluently than you ever believed possible. <b>KEY TOPICS: </b> Based on the authors'' intensive summer C++ courses at Stanford University, <i>Accelerated C++</i> covers virtually every concept that most professional C++ programmers will ever use -- but it turns the traditional C++ curriculum upside down, starting with the high-level C++ data structures and algorithms that let you write robust programs <i>immediately</i>. Once you''re getting results, <i>Accelerated C++</i> takes you under the hood, introducing complex language features such as memory management <i>in context</i>, and explaining <i>exactly</i> how and when to use them. Along the way, you''ll master the standard library and STL; define your own data types; write generic programs; work effectively with', '18', 'http://covers.openlibrary.org/b/isbn/9780201703535-L.jpg', 'http://covers.openlibrary.org/b/isbn/9780201703535-M.jpg', 'en', 336, 2.9, 208, true, PARSEDATETIME('2000', 'yyyy'), 17, 58);
INSERT INTO BOOK_TITLE_CONTRIBUTIONS VALUES(58, 76);
INSERT INTO BOOK_TITLE_CONTRIBUTIONS VALUES(58, 77);
INSERT INTO BOOK_TITLE_CONTRIBUTIONS VALUES(58, 78);
INSERT INTO BOOK_TITLE_GENRES(book_title_id, genres_id) VALUES(58, 0);
INSERT INTO BOOK_TITLE_GENRES(book_title_id, genres_id) VALUES(58, 49);
INSERT INTO BOOK_TITLE_GENRES(book_title_id, genres_id) VALUES(58, 23);
INSERT INTO EDITION_TAGS VALUES(58, 4);
INSERT INTO EDITION_TAGS VALUES(58, 6);
INSERT INTO EDITION_TAGS VALUES(58, 2);
INSERT INTO BOOK_TITLE VALUES(59, 'Beginning C++ Through Game Programming');
INSERT INTO EDITION VALUES(59, 23, 'BEGINNING C++ THROUGH GAME PROGRAMMING, THIRD EDITION approaches learning C++ from the unique and fun perspective of games. Written for the beginning game developer or programmer, the book assumes no previous programming experience and each new skill and concept is taught using simple language and step-by-step instructions. Readers will complete small projects in each chapter to reinforce what they''ve learned and a final project at the end combines all of the major topics covered in the book. Featuring twenty five percent new material, this third edition covers all the latest technology and advances.', '19', 'http://covers.openlibrary.org/b/isbn/9781435457423-L.jpg', 'http://covers.openlibrary.org/b/isbn/9781435457423-M.jpg', 'en', 410, 2.0, 487, false, PARSEDATETIME('2011', 'yyyy'), 21, 59);
INSERT INTO BOOK_TITLE_CONTRIBUTIONS VALUES(59, 79);
INSERT INTO BOOK_TITLE_GENRES(book_title_id, genres_id) VALUES(59, 0);
INSERT INTO BOOK_TITLE_GENRES(book_title_id, genres_id) VALUES(59, 32);
INSERT INTO BOOK_TITLE_GENRES(book_title_id, genres_id) VALUES(59, 9);
INSERT INTO BOOK_TITLE_GENRES(book_title_id, genres_id) VALUES(59, 49);
INSERT INTO BOOK_TITLE_GENRES(book_title_id, genres_id) VALUES(59, 28);
INSERT INTO EDITION_TAGS VALUES(59, 4);
INSERT INTO EDITION_TAGS VALUES(59, 6);
INSERT INTO EDITION_TAGS VALUES(59, 2);
INSERT INTO BOOK_TITLE VALUES(60, 'Sams Teach Yourself C++ in 24 Hours');
INSERT INTO EDITION VALUES(60, 46, '<p><i>Sams Teach Yourself C++ in 24 Hours, Third Edition</i> extends to the beginning C++ programmer the promise of a solid and thorough tutorial broken down into consistent, manageable lessons of one hour each. The readers can master the core concepts and techniques of C++ programming at their own pace. The book covers all the basics, from introducing C++ syntax to developing C++ classes to introductory OOP concepts in a non-threatening, positive approach.</p>', '18', 'http://covers.openlibrary.org/b/isbn/9780672322242-L.jpg', 'http://covers.openlibrary.org/b/isbn/9780672322242-M.jpg', 'en', 482, 4.7, 308, true, PARSEDATETIME('2002', 'yyyy'), 22, 60);
INSERT INTO BOOK_TITLE_CONTRIBUTIONS VALUES(60, 80);
INSERT INTO BOOK_TITLE_GENRES(book_title_id, genres_id) VALUES(60, 0);
INSERT INTO BOOK_TITLE_GENRES(book_title_id, genres_id) VALUES(60, 49);
INSERT INTO BOOK_TITLE_GENRES(book_title_id, genres_id) VALUES(60, 23);
INSERT INTO EDITION_TAGS VALUES(60, 4);
INSERT INTO EDITION_TAGS VALUES(60, 6);
INSERT INTO EDITION_TAGS VALUES(60, 2);
INSERT INTO BOOK_TITLE VALUES(61, 'Programming');
INSERT INTO EDITION VALUES(61, 59, '<b><p>An Introduction to Programming by the Inventor of C++</p><p></b></p><i><p>Preparation for Programming in the Real World</p><p></i>The book assumes that you aim eventually to write non-trivial programs, whether for work in software development or in some other technical field.</p><p></p><i><p>Focus on Fundamental Concepts and Techniques</p><p></i>The book explains fundamental concepts and techniques in greater depth than traditional introductions. This approach will give you a solid foundation for writing useful, correct, maintainable, and efficient code.</p><p></p><i><p>Programming with Today''s C++ (C++11 and C++14)</p><p></i>The book is an introduction to programming in general, including object-oriented programming and generic programming. It is also a solid introduction to the C++ programming language, one of the most widely used languages for real-world software. The book presents modern C++ programming techniques from the start,</p><p>introducing the C++ standard library an', '21', 'http://covers.openlibrary.org/b/isbn/9780321992789-L.jpg', 'http://covers.openlibrary.org/b/isbn/9780321992789-M.jpg', 'en', 1274, 4.9, 87, true, PARSEDATETIME('2014', 'yyyy'), 17, 61);
INSERT INTO BOOK_TITLE_CONTRIBUTIONS VALUES(61, 62);
INSERT INTO BOOK_TITLE_GENRES(book_title_id, genres_id) VALUES(61, 0);
INSERT INTO BOOK_TITLE_GENRES(book_title_id, genres_id) VALUES(61, 49);
INSERT INTO BOOK_TITLE_GENRES(book_title_id, genres_id) VALUES(61, 23);
INSERT INTO EDITION_TAGS VALUES(61, 4);
INSERT INTO EDITION_TAGS VALUES(61, 6);
INSERT INTO EDITION_TAGS VALUES(61, 2);
INSERT INTO BOOK_TITLE VALUES(62, 'C++ Gems');
INSERT INTO EDITION VALUES(62, 37, 'Stan Lippman, former C++ Report Editor (and best-selling author), brings you pearls of wisdom for getting the most out of C++. This carefully selected collection covers the first seven years of the C++ Report, from January 1989 through December 1995. It presents the pinnacle of writing on C++ by renowned experts in the field, and is a must-read for todayas C++ programmer. It contains tips, tricks, proven strategies, easy-to-follow techniques, and usable source code.', '18', 'http://covers.openlibrary.org/b/isbn/9780135705810-L.jpg', 'http://covers.openlibrary.org/b/isbn/9780135705810-M.jpg', 'en', 601, 3.7, 260, true, PARSEDATETIME('1998', 'yyyy'), 9, 62);
INSERT INTO BOOK_TITLE_CONTRIBUTIONS VALUES(62, 81);
INSERT INTO BOOK_TITLE_GENRES(book_title_id, genres_id) VALUES(62, 0);
INSERT INTO BOOK_TITLE_GENRES(book_title_id, genres_id) VALUES(62, 3);
INSERT INTO BOOK_TITLE_GENRES(book_title_id, genres_id) VALUES(62, 9);
INSERT INTO BOOK_TITLE_GENRES(book_title_id, genres_id) VALUES(62, 45);
INSERT INTO BOOK_TITLE_GENRES(book_title_id, genres_id) VALUES(62, 49);
INSERT INTO BOOK_TITLE_GENRES(book_title_id, genres_id) VALUES(62, 23);
INSERT INTO EDITION_TAGS VALUES(62, 4);
INSERT INTO EDITION_TAGS VALUES(62, 6);
INSERT INTO EDITION_TAGS VALUES(62, 2);
INSERT INTO BOOK_TITLE VALUES(63, 'C++ for Java Programmers');
INSERT INTO EDITION VALUES(63, 28, '<p><b></b> Written for the moderately experienced Java programmer, this book builds on readers¿ existing knowledge of object-oriented programming and covers all important aspects of Standard C++--emphasizing more lower-level C-style details later in the presentation. <b>KEY TOPICS: </b> Chapter topics include philosophy of C++, simplest C++, pointers and reference variables, object-based programming: classes, operator overloading, object-oriented programming: inheritance, templates, abnormal control flow, input and output, collections: the standard template library, primitive arrays and strings, C-style C++, and using Java and C++: the JNI. <b>MARKET: </b> For new C++ programmers converted from Java. </p>', '19', 'http://covers.openlibrary.org/b/isbn/9780139194245-L.jpg', 'http://covers.openlibrary.org/b/isbn/9780139194245-M.jpg', 'en', 280, 4.3, 157, true, PARSEDATETIME('2004', 'yyyy'), 23, 63);
INSERT INTO BOOK_TITLE_CONTRIBUTIONS VALUES(63, 82);
INSERT INTO BOOK_TITLE_GENRES(book_title_id, genres_id) VALUES(63, 0);
INSERT INTO BOOK_TITLE_GENRES(book_title_id, genres_id) VALUES(63, 49);
INSERT INTO BOOK_TITLE_GENRES(book_title_id, genres_id) VALUES(63, 23);
INSERT INTO EDITION_TAGS VALUES(63, 4);
INSERT INTO EDITION_TAGS VALUES(63, 6);
INSERT INTO EDITION_TAGS VALUES(63, 2);
INSERT INTO BOOK_TITLE VALUES(64, 'Internet and Intranet Security');
INSERT INTO EDITION VALUES(64, 27, 'Annotation Oppliger (computer security series editor at Artech House) presents the second edition of this text for computer, network, and security professionals, on the most current security technologies available today. The second edition provides practical guidance in TCP/IP networking and cryptographic fundamentals, firewall technologies providing access control services, the latest communication security protocols for securing today''s Internet applications, and public key infrastructures. The book requires familiarity with the fundamentals of computer networks and distributed systems, cryptography and the use of crytographic protocols in networked and distributed systems. Annotation c. Book News, Inc., Portland, OR (booknews.com).', '18', 'http://covers.openlibrary.org/b/isbn/9781580531665-L.jpg', 'http://covers.openlibrary.org/b/isbn/9781580531665-M.jpg', 'en', 403, 3.9, 337, false, PARSEDATETIME('2001', 'yyyy'), 24, 64);
INSERT INTO BOOK_TITLE_CONTRIBUTIONS VALUES(64, 83);
INSERT INTO BOOK_TITLE_GENRES(book_title_id, genres_id) VALUES(64, 0);
INSERT INTO BOOK_TITLE_GENRES(book_title_id, genres_id) VALUES(64, 2);
INSERT INTO BOOK_TITLE_GENRES(book_title_id, genres_id) VALUES(64, 3);
INSERT INTO BOOK_TITLE_GENRES(book_title_id, genres_id) VALUES(64, 19);
INSERT INTO BOOK_TITLE_GENRES(book_title_id, genres_id) VALUES(64, 52);
INSERT INTO BOOK_TITLE_GENRES(book_title_id, genres_id) VALUES(64, 53);
INSERT INTO EDITION_TAGS VALUES(64, 4);
INSERT INTO EDITION_TAGS VALUES(64, 7);
INSERT INTO EDITION_TAGS VALUES(64, 1);
INSERT INTO EDITION_TAGS VALUES(64, 0);
INSERT INTO EDITION_TAGS VALUES(64, 2);
INSERT INTO BOOK_TITLE VALUES(65, 'Security Analysis: Sixth Edition, Foreword by Warren Buffett');
INSERT INTO EDITION VALUES(65, 49, '<p><b>"A road map for investing that I have now been following for 57 years."<br>--From the Foreword by Warren E. Buffett</b></br> <p>First published in 1934, <i>Security Analysis</i> is one of the most influential financial books ever written. Selling more than one million copies through five editions, it has provided generations of investors with the timeless value investing philosophy and techniques of Benjamin Graham and David L. Dodd.</p> <p>As relevant today as when they first appeared nearly 75 years ago, the teachings of Benjamin Graham, “the father of value investing,” have withstood the test of time across a wide diversity of market conditions, countries, and asset classes.</p> <p>This new sixth edition, based on the classic 1940 version, is enhanced with 200 additional pages of commentary from some of today’s leading Wall Street money managers. These masters of value investing explain why the principles and techniques of Graham and Dodd are still highly relevant even in toda', '20', 'http://covers.openlibrary.org/b/isbn/9780071592536-L.jpg', 'http://covers.openlibrary.org/b/isbn/9780071592536-M.jpg', 'en', 700, 4.6, 186, true, PARSEDATETIME('2008', 'yyyy'), 25, 65);
INSERT INTO BOOK_TITLE_CONTRIBUTIONS VALUES(65, 84);
INSERT INTO BOOK_TITLE_CONTRIBUTIONS VALUES(65, 85);
INSERT INTO BOOK_TITLE_GENRES(book_title_id, genres_id) VALUES(65, 3);
INSERT INTO BOOK_TITLE_GENRES(book_title_id, genres_id) VALUES(65, 12);
INSERT INTO BOOK_TITLE_GENRES(book_title_id, genres_id) VALUES(65, 54);
INSERT INTO EDITION_TAGS VALUES(65, 4);
INSERT INTO EDITION_TAGS VALUES(65, 7);
INSERT INTO EDITION_TAGS VALUES(65, 1);
INSERT INTO EDITION_TAGS VALUES(65, 0);
INSERT INTO EDITION_TAGS VALUES(65, 2);
INSERT INTO BOOK_TITLE VALUES(66, 'Foundations and Practice of Security');
INSERT INTO EDITION VALUES(66, 41, '<p>This book constitutes the carefully refereed and revised selected papers of the 4th Canada-France MITACS Workshop on Foundations and Practice of Security, FPS 2011, held in Paris, France, in May 2011. The book contains a revised version of 10 full papers, accompanied by 3 keynote addresses, 2 short papers, and 5 ongoing research reports. The papers were carefully reviewed and selected from 30 submissions. The topics covered are pervasive security and threshold cryptography; encryption, cryptanalysis and automatic verification; and formal methods in network security.</p>', '18', 'http://covers.openlibrary.org/b/isbn/9783642279003-L.jpg', 'http://covers.openlibrary.org/b/isbn/9783642279003-M.jpg', 'en', 253, 2.2, 77, true, PARSEDATETIME('2012', 'yyyy'), 3, 66);
INSERT INTO BOOK_TITLE_CONTRIBUTIONS VALUES(66, 86);
INSERT INTO BOOK_TITLE_CONTRIBUTIONS VALUES(66, 87);
INSERT INTO BOOK_TITLE_GENRES(book_title_id, genres_id) VALUES(66, 0);
INSERT INTO BOOK_TITLE_GENRES(book_title_id, genres_id) VALUES(66, 2);
INSERT INTO BOOK_TITLE_GENRES(book_title_id, genres_id) VALUES(66, 3);
INSERT INTO BOOK_TITLE_GENRES(book_title_id, genres_id) VALUES(66, 42);
INSERT INTO BOOK_TITLE_GENRES(book_title_id, genres_id) VALUES(66, 12);
INSERT INTO BOOK_TITLE_GENRES(book_title_id, genres_id) VALUES(66, 13);
INSERT INTO EDITION_TAGS VALUES(66, 4);
INSERT INTO EDITION_TAGS VALUES(66, 7);
INSERT INTO EDITION_TAGS VALUES(66, 1);
INSERT INTO EDITION_TAGS VALUES(66, 0);
INSERT INTO EDITION_TAGS VALUES(66, 2);
INSERT INTO BOOK_TITLE VALUES(67, 'Wireshark for Security Professionals');
INSERT INTO EDITION VALUES(67, 48, '<p><b>Master Wireshark to solve real-world security problems</b> </p> <p>If you don’t already use Wireshark for a wide range of information security tasks, you will after this book. Mature and powerful, Wireshark is commonly used to find root cause of challenging network issues. This book extends that power to information security professionals, complete with a downloadable, virtual lab environment.</p> <p><i>Wireshark for Security Professionals</i> covers both offensive and defensive concepts that can be applied to essentially any InfoSec role. Whether into network security, malware analysis, intrusion detection, or penetration testing, this book demonstrates Wireshark through relevant and useful examples.</p> <p>Master Wireshark through both lab scenarios and exercises. Early in the book, a virtual lab environment is provided for the purpose of getting hands-on experience with Wireshark.', '20', 'http://covers.openlibrary.org/b/isbn/9781118918210-L.jpg', 'http://covers.openlibrary.org/b/isbn/9781118918210-M.jpg', 'en', 288, 1.7, 541, true, PARSEDATETIME('2017', 'yyyy'), 1, 67);
INSERT INTO BOOK_TITLE_CONTRIBUTIONS VALUES(67, 88);
INSERT INTO BOOK_TITLE_CONTRIBUTIONS VALUES(67, 89);
INSERT INTO BOOK_TITLE_GENRES(book_title_id, genres_id) VALUES(67, 0);
INSERT INTO BOOK_TITLE_GENRES(book_title_id, genres_id) VALUES(67, 2);
INSERT INTO BOOK_TITLE_GENRES(book_title_id, genres_id) VALUES(67, 3);
INSERT INTO BOOK_TITLE_GENRES(book_title_id, genres_id) VALUES(67, 4);
INSERT INTO BOOK_TITLE_GENRES(book_title_id, genres_id) VALUES(67, 55);
INSERT INTO EDITION_TAGS VALUES(67, 4);
INSERT INTO EDITION_TAGS VALUES(67, 7);
INSERT INTO EDITION_TAGS VALUES(67, 1);
INSERT INTO EDITION_TAGS VALUES(67, 0);
INSERT INTO EDITION_TAGS VALUES(67, 2);
INSERT INTO BOOK_TITLE VALUES(68, 'Computer Network Security');
INSERT INTO EDITION VALUES(68, 55, 'A comprehensive survey of computer network security concepts, methods, and practices. This authoritative volume provides an optimal description of the principles and applications of computer network security in particular, and cyberspace security in general. The book is thematically divided into three segments: Part I describes the operation and security conditions surrounding computer networks; Part II builds from there and exposes readers to the prevailing security situation based on a constant security threat; and Part III - the core - presents readers with most of the best practices and solutions currently in use. It is intended as both a teaching tool and reference. This broad-ranging text/reference comprehensively surveys computer network security concepts, methods, and practices and covers network security tools, policies, and administrative goals in an integrated manner. It is an essential security resource for undergraduate or graduate study, practitioners in networks, and pro', '21', 'http://covers.openlibrary.org/b/isbn/9780387204734-L.jpg', 'http://covers.openlibrary.org/b/isbn/9780387204734-M.jpg', 'en', 535, 1.4, 199, true, PARSEDATETIME('2005', 'yyyy'), 3, 68);
INSERT INTO BOOK_TITLE_CONTRIBUTIONS VALUES(68, 90);
INSERT INTO BOOK_TITLE_GENRES(book_title_id, genres_id) VALUES(68, 0);
INSERT INTO BOOK_TITLE_GENRES(book_title_id, genres_id) VALUES(68, 43);
INSERT INTO BOOK_TITLE_GENRES(book_title_id, genres_id) VALUES(68, 12);
INSERT INTO BOOK_TITLE_GENRES(book_title_id, genres_id) VALUES(68, 13);
INSERT INTO BOOK_TITLE_GENRES(book_title_id, genres_id) VALUES(68, 52);
INSERT INTO BOOK_TITLE_GENRES(book_title_id, genres_id) VALUES(68, 56);
INSERT INTO BOOK_TITLE_GENRES(book_title_id, genres_id) VALUES(68, 57);
INSERT INTO EDITION_TAGS VALUES(68, 4);
INSERT INTO EDITION_TAGS VALUES(68, 7);
INSERT INTO EDITION_TAGS VALUES(68, 1);
INSERT INTO EDITION_TAGS VALUES(68, 0);
INSERT INTO EDITION_TAGS VALUES(68, 2);
INSERT INTO BOOK_TITLE VALUES(69, 'Linux Server Security');
INSERT INTO EDITION VALUES(69, 55, '<p>Linux consistently appears high up in the list of popular Internet servers, whether it''s for the Web, anonymous FTP, or general services such as DNS and delivering mail. But security is the foremost concern of anyone providing such a service. Any server experiences casual probe attempts dozens of time a day, and serious break-in attempts with some frequency as well.</p> <p>This highly regarded book, originally titled <i>Building Secure Servers with Linux</i>, combines practical advice with a firm knowledge of the technical tools needed to ensure security. The book focuses on the most common use of Linux--as a hub offering services to an organization or the Internet--and shows readers how to harden their hosts against attacks. An all-inclusive resource for Linux users who wish to harden their systems, <i>Linux Server Security</i> covers general security such as intrusion detection and firewalling a hub, as well as key services such as DNS, the Apache Web server, mail, and secure she', '22', 'http://covers.openlibrary.org/b/isbn/9780596006709-L.jpg', 'http://covers.openlibrary.org/b/isbn/9780596006709-M.jpg', 'en', 522, 4.6, 181, true, PARSEDATETIME('2005', 'yyyy'), 20, 69);
INSERT INTO BOOK_TITLE_CONTRIBUTIONS VALUES(69, 91);
INSERT INTO BOOK_TITLE_GENRES(book_title_id, genres_id) VALUES(69, 0);
INSERT INTO BOOK_TITLE_GENRES(book_title_id, genres_id) VALUES(69, 1);
INSERT INTO BOOK_TITLE_GENRES(book_title_id, genres_id) VALUES(69, 3);
INSERT INTO BOOK_TITLE_GENRES(book_title_id, genres_id) VALUES(69, 17);
INSERT INTO EDITION_TAGS VALUES(69, 4);
INSERT INTO EDITION_TAGS VALUES(69, 7);
INSERT INTO EDITION_TAGS VALUES(69, 1);
INSERT INTO EDITION_TAGS VALUES(69, 0);
INSERT INTO EDITION_TAGS VALUES(69, 2);
INSERT INTO BOOK_TITLE VALUES(70, 'Data and Applications Security XX');
INSERT INTO EDITION VALUES(70, 58, 'For 20 years, the IFIP WG 11. 3 Working Conference on Data and Appli- tions Security (DBSEC) has been a major forum for presenting originalresearch results, practical experiences, and innovative ideas in data and applications - curity. Looking back, it is di?cult not to appreciatethe full extent of the change that has occurred in our ?eld. Once considered afterthoughts in systems and application design, data protection, privacy and trust have become the key problems of our day. This central role of security in the information society has however brought increased responsibilities to the research community. - day practitioners and researchers alike need to ?nd new ways to cope with the increasing scale and complexity of the security problems that must be solved on the global information infrastructure. Like the previous conference, the 20th DBSEC has proved to be up to this challenge. DBSEC 2006 received 56 submissions, out of which the program committee selected22 high-qualitypaperscov', '20', 'http://covers.openlibrary.org/b/isbn/9783540367963-L.jpg', 'http://covers.openlibrary.org/b/isbn/9783540367963-M.jpg', 'en', 317, 4.2, 369, true, PARSEDATETIME('2006', 'yyyy'), 3, 70);
INSERT INTO BOOK_TITLE_CONTRIBUTIONS VALUES(70, 92);
INSERT INTO BOOK_TITLE_GENRES(book_title_id, genres_id) VALUES(70, 0);
INSERT INTO BOOK_TITLE_GENRES(book_title_id, genres_id) VALUES(70, 12);
INSERT INTO BOOK_TITLE_GENRES(book_title_id, genres_id) VALUES(70, 13);
INSERT INTO BOOK_TITLE_GENRES(book_title_id, genres_id) VALUES(70, 14);
INSERT INTO BOOK_TITLE_GENRES(book_title_id, genres_id) VALUES(70, 58);
INSERT INTO BOOK_TITLE_GENRES(book_title_id, genres_id) VALUES(70, 59);
INSERT INTO EDITION_TAGS VALUES(70, 4);
INSERT INTO EDITION_TAGS VALUES(70, 7);
INSERT INTO EDITION_TAGS VALUES(70, 1);
INSERT INTO EDITION_TAGS VALUES(70, 0);
INSERT INTO EDITION_TAGS VALUES(70, 2);
INSERT INTO BOOK_TITLE VALUES(71, 'Politics of Security');
INSERT INTO EDITION VALUES(71, 35, '<p>In this critique of security studies, with insights into the thinking of Heidegger, Foucault, Derrida, Levinas and Arendt, Michael Dillon contributes to the rethinking of some of the fundamentals of international politics developing what might be called a political philosophy of continental thought. Drawing on the work of Martin Heidegger, Politics of Security establishes the relationship between Heidegger''s readical hermeneutical phenomenology and politics and the fundamental link between politics, the tragic and the ethical. It breaks new ground by providing an etymology of security, tracing the word back to the Greek asphaleia (not to trip up or fall down), and a unique political reading of Oedipus Rex . Michael Dillon traces the roots of desire for security to the metaphysical desire for certitude, and points out that our way of seeking that security is embedded in 20th century technology, thus resulting in a global crisis.', '21', 'http://covers.openlibrary.org/b/isbn/9780415129602-L.jpg', 'http://covers.openlibrary.org/b/isbn/9780415129602-M.jpg', 'en', 252, 1.8, 238, true, PARSEDATETIME('1996', 'yyyy'), 26, 71);
INSERT INTO BOOK_TITLE_CONTRIBUTIONS VALUES(71, 93);
INSERT INTO BOOK_TITLE_GENRES(book_title_id, genres_id) VALUES(71, 60);
INSERT INTO BOOK_TITLE_GENRES(book_title_id, genres_id) VALUES(71, 6);
INSERT INTO BOOK_TITLE_GENRES(book_title_id, genres_id) VALUES(71, 7);
INSERT INTO EDITION_TAGS VALUES(71, 4);
INSERT INTO EDITION_TAGS VALUES(71, 7);
INSERT INTO EDITION_TAGS VALUES(71, 1);
INSERT INTO EDITION_TAGS VALUES(71, 0);
INSERT INTO EDITION_TAGS VALUES(71, 2);
INSERT INTO BOOK_TITLE VALUES(72, 'Energy and Non-Traditional Security (NTS) in Asia');
INSERT INTO EDITION VALUES(72, 41, 'Traditional notions of security are premised on the primacy of state security. In relation to energy security, traditional policy thinking has focused on ensuring supply without much emphasis on socioeconomic and environmental impacts. Non-traditional security (NTS) scholars argue that threats to human security have become increasingly prominent since the end of the Cold War, and that it is thus critical to adopt a holistic and multidisciplinary approach in addressing rising energy needs. This volume represents the perspectives of scholars from across Asia, looking at diverse aspects of energy security through a non-traditional security lens. The issues covered include environmental and socioeconomic impacts, the role of the market, the role of civil society, energy sustainability and policy trends in the ASEAN region.', '20', 'http://covers.openlibrary.org/b/isbn/9783642297052-L.jpg', 'http://covers.openlibrary.org/b/isbn/9783642297052-M.jpg', 'en', 121, 1.2, 473, true, PARSEDATETIME('2012', 'yyyy'), 27, 72);
INSERT INTO BOOK_TITLE_CONTRIBUTIONS VALUES(72, 94);
INSERT INTO BOOK_TITLE_CONTRIBUTIONS VALUES(72, 95);
INSERT INTO BOOK_TITLE_CONTRIBUTIONS VALUES(72, 96);
INSERT INTO BOOK_TITLE_GENRES(book_title_id, genres_id) VALUES(72, 64);
INSERT INTO BOOK_TITLE_GENRES(book_title_id, genres_id) VALUES(72, 38);
INSERT INTO BOOK_TITLE_GENRES(book_title_id, genres_id) VALUES(72, 12);
INSERT INTO BOOK_TITLE_GENRES(book_title_id, genres_id) VALUES(72, 50);
INSERT INTO BOOK_TITLE_GENRES(book_title_id, genres_id) VALUES(72, 51);
INSERT INTO BOOK_TITLE_GENRES(book_title_id, genres_id) VALUES(72, 61);
INSERT INTO BOOK_TITLE_GENRES(book_title_id, genres_id) VALUES(72, 62);
INSERT INTO BOOK_TITLE_GENRES(book_title_id, genres_id) VALUES(72, 63);
INSERT INTO EDITION_TAGS VALUES(72, 4);
INSERT INTO EDITION_TAGS VALUES(72, 7);
INSERT INTO EDITION_TAGS VALUES(72, 1);
INSERT INTO EDITION_TAGS VALUES(72, 0);
INSERT INTO EDITION_TAGS VALUES(72, 2);
INSERT INTO BOOK_TITLE VALUES(73, 'Climate Change and Global Energy Security');
INSERT INTO EDITION VALUES(73, 28, '<p><b>An exploration of commercially available technologies that can enhance energy security and address climate change and public policy options crucial to their adoption.</b></p><p>Tackling climate change and improving energy security are two of the twenty-first century''s greatest challenges. In this book, Marilyn Brown and Benjamin Sovacool offer detailed assessments of the most advanced commercially available technologies for strengthening global energy security, mitigating the effects of climate change, and enhancing resilience through adaptation and geo-engineering. They also evaluate the barriers to the deployment of these technologies and critically review public policy options crucial to their adoption.</p><p>Arguing that society has all the technologies necessary for the task, Brown and Sovacool discuss an array of options available today, including high-efficiency transportation, renewable energy, carbon sequestration, and demand-side management.', '18', 'http://covers.openlibrary.org/b/isbn/9780262516310-L.jpg', 'http://covers.openlibrary.org/b/isbn/9780262516310-M.jpg', 'en', 416, 3.0, 442, true, PARSEDATETIME('2011', 'yyyy'), 28, 73);
INSERT INTO BOOK_TITLE_CONTRIBUTIONS VALUES(73, 97);
INSERT INTO BOOK_TITLE_CONTRIBUTIONS VALUES(73, 98);
INSERT INTO BOOK_TITLE_GENRES(book_title_id, genres_id) VALUES(73, 64);
INSERT INTO BOOK_TITLE_GENRES(book_title_id, genres_id) VALUES(73, 65);
INSERT INTO BOOK_TITLE_GENRES(book_title_id, genres_id) VALUES(73, 66);
INSERT INTO BOOK_TITLE_GENRES(book_title_id, genres_id) VALUES(73, 67);
INSERT INTO BOOK_TITLE_GENRES(book_title_id, genres_id) VALUES(73, 38);
INSERT INTO BOOK_TITLE_GENRES(book_title_id, genres_id) VALUES(73, 6);
INSERT INTO EDITION_TAGS VALUES(73, 4);
INSERT INTO EDITION_TAGS VALUES(73, 7);
INSERT INTO EDITION_TAGS VALUES(73, 1);
INSERT INTO EDITION_TAGS VALUES(73, 0);
INSERT INTO EDITION_TAGS VALUES(73, 2);
INSERT INTO BOOK_TITLE VALUES(74, 'Larstan''s the Black Book on Government Security');
INSERT INTO EDITION VALUES(74, 14, 'Written for federal, state, and local governments, each chapter in this book covers a different aspect of securing government information. Each expert author has agreed to share the secrets and advanced-level information gained by years in the business. Chapters cover identity/access management, identity theft, intellectual property, content security, converged networks, recovery strategies, national infrastructure, and more. Case studies, charts and author analysis, and proprietary research make the book accessible, while the writing style makes complex information intelligible to a wide range of readers.', '18', 'http://covers.openlibrary.org/b/isbn/9780976426639-L.jpg', 'http://covers.openlibrary.org/b/isbn/9780976426639-M.jpg', 'en', 243, 4.1, 50, true, PARSEDATETIME('2006', 'yyyy'), 29, 74);
INSERT INTO BOOK_TITLE_CONTRIBUTIONS VALUES(74, 99);
INSERT INTO BOOK_TITLE_GENRES(book_title_id, genres_id) VALUES(74, 0);
INSERT INTO BOOK_TITLE_GENRES(book_title_id, genres_id) VALUES(74, 2);
INSERT INTO BOOK_TITLE_GENRES(book_title_id, genres_id) VALUES(74, 3);
INSERT INTO EDITION_TAGS VALUES(74, 4);
INSERT INTO EDITION_TAGS VALUES(74, 7);
INSERT INTO EDITION_TAGS VALUES(74, 1);
INSERT INTO EDITION_TAGS VALUES(74, 0);
INSERT INTO EDITION_TAGS VALUES(74, 2);
INSERT INTO BOOK_TITLE VALUES(75, 'Network Security Auditing');
INSERT INTO EDITION VALUES(75, 14, '<p>This complete new guide to auditing network security is an indispensable resource for security, network, and IT professionals, and for the consultants and technology partners who serve them.</p> <p> </p> <p>Cisco network security expert Chris Jackson begins with a thorough overview of the auditing process, including coverage of the latest regulations, compliance issues, and industry best practices. The author then demonstrates how to segment security architectures into domains and measure security effectiveness through a comprehensive systems approach.</p> <p> </p> <p>Network Security Auditing thoroughly covers the use of both commercial and open source tools to assist in auditing and validating security policy assumptions. The book also introduces leading IT governance frameworks such as COBIT, ITIL, and ISO 17799/27001, explaining their values, usages, and effective integrations with Cisco security products.', '18', 'http://covers.openlibrary.org/b/isbn/9781587053528-L.jpg', 'http://covers.openlibrary.org/b/isbn/9781587053528-M.jpg', 'en', 488, 3.0, 420, true, PARSEDATETIME('2010', 'yyyy'), 30, 75);
INSERT INTO BOOK_TITLE_CONTRIBUTIONS VALUES(75, 100);
INSERT INTO BOOK_TITLE_GENRES(book_title_id, genres_id) VALUES(75, 0);
INSERT INTO BOOK_TITLE_GENRES(book_title_id, genres_id) VALUES(75, 2);
INSERT INTO BOOK_TITLE_GENRES(book_title_id, genres_id) VALUES(75, 52);
INSERT INTO BOOK_TITLE_GENRES(book_title_id, genres_id) VALUES(75, 20);
INSERT INTO EDITION_TAGS VALUES(75, 4);
INSERT INTO EDITION_TAGS VALUES(75, 7);
INSERT INTO EDITION_TAGS VALUES(75, 1);
INSERT INTO EDITION_TAGS VALUES(75, 0);
INSERT INTO EDITION_TAGS VALUES(75, 2);
INSERT INTO BOOK_TITLE VALUES(76, 'Towards a Northeast Asian Security Community');
INSERT INTO EDITION VALUES(76, 30, 'The Northeast Asian security environment is closely linked to Korea’s growth perspectives for the future. The spectacular rise of the South Korean economy in the past half century, also known as “Miracle on the Han River,” has been duly highlighted as one of the most successful cases of economic development worldwide. However, among the factors curbing South Korea’s growth perspectives has been, from the very beginning of its rise, the coexistence of the difficult neighbour to the North, Democratic People’s Republic of Korea. While in the cold war this coexistence has been taken as inevitable, after the end of the cold war there were hopes to overcome this obstacle to further growth either through collapse or enhanced cooperation with the North, neither of which became reality. North Korea’s unprecedented aggressiveness and development of long-range ballistic missiles and nuclear devices, made this threat truly an international question with multilateral talks coming into existence as ', '21', 'http://covers.openlibrary.org/b/isbn/9781441996572-L.jpg', 'http://covers.openlibrary.org/b/isbn/9781441996572-M.jpg', 'en', 262, 4.1, 166, true, PARSEDATETIME('2011', 'yyyy'), 3, 76);
INSERT INTO BOOK_TITLE_CONTRIBUTIONS VALUES(76, 101);
INSERT INTO BOOK_TITLE_CONTRIBUTIONS VALUES(76, 102);
INSERT INTO BOOK_TITLE_GENRES(book_title_id, genres_id) VALUES(76, 3);
INSERT INTO BOOK_TITLE_GENRES(book_title_id, genres_id) VALUES(76, 68);
INSERT INTO BOOK_TITLE_GENRES(book_title_id, genres_id) VALUES(76, 69);
INSERT INTO BOOK_TITLE_GENRES(book_title_id, genres_id) VALUES(76, 6);
INSERT INTO BOOK_TITLE_GENRES(book_title_id, genres_id) VALUES(76, 70);
INSERT INTO BOOK_TITLE_GENRES(book_title_id, genres_id) VALUES(76, 12);
INSERT INTO EDITION_TAGS VALUES(76, 4);
INSERT INTO EDITION_TAGS VALUES(76, 7);
INSERT INTO EDITION_TAGS VALUES(76, 1);
INSERT INTO EDITION_TAGS VALUES(76, 0);
INSERT INTO EDITION_TAGS VALUES(76, 2);
INSERT INTO BOOK_TITLE VALUES(77, 'Cyber Security Essentials');
INSERT INTO EDITION VALUES(77, 41, '<p>The sophisticated methods used in recent high-profile cyber incidents have driven many to need to understand how such security issues work. Demystifying the complexity often associated with information assurance, Cyber Security Essentials provides a clear understanding of the concepts behind prevalent threats, tactics, and procedures.<br><br>To accomplish this, the team of security professionals from VeriSign’s iDefense® Security Intelligence Services supply an extensive review of the computer security landscape. Although the text is accessible to those new to cyber security, its comprehensive nature makes it ideal for experts who need to explain how computer security works to non-technical staff. Providing a fundamental understanding of the theory behind the key issues impacting cyber security, the book:</p> <ul> <li>Covers attacker methods and motivations, exploitation trends, malicious code techniques, and the latest threat vectors </li> <li>Addresses more than 75 key security co', '19', 'http://covers.openlibrary.org/b/isbn/9781439851234-L.jpg', 'http://covers.openlibrary.org/b/isbn/9781439851234-M.jpg', 'en', 341, 3.0, 336, true, PARSEDATETIME('2010', 'yyyy'), 31, 77);
INSERT INTO BOOK_TITLE_CONTRIBUTIONS VALUES(77, 103);
INSERT INTO BOOK_TITLE_CONTRIBUTIONS VALUES(77, 104);
INSERT INTO BOOK_TITLE_CONTRIBUTIONS VALUES(77, 105);
INSERT INTO BOOK_TITLE_GENRES(book_title_id, genres_id) VALUES(77, 0);
INSERT INTO BOOK_TITLE_GENRES(book_title_id, genres_id) VALUES(77, 1);
INSERT INTO BOOK_TITLE_GENRES(book_title_id, genres_id) VALUES(77, 2);
INSERT INTO BOOK_TITLE_GENRES(book_title_id, genres_id) VALUES(77, 3);
INSERT INTO BOOK_TITLE_GENRES(book_title_id, genres_id) VALUES(77, 71);
INSERT INTO BOOK_TITLE_GENRES(book_title_id, genres_id) VALUES(77, 12);
INSERT INTO EDITION_TAGS VALUES(77, 4);
INSERT INTO EDITION_TAGS VALUES(77, 7);
INSERT INTO EDITION_TAGS VALUES(77, 1);
INSERT INTO EDITION_TAGS VALUES(77, 0);
INSERT INTO EDITION_TAGS VALUES(77, 2);
INSERT INTO BOOK_TITLE VALUES(78, 'Java Performance');
INSERT INTO EDITION VALUES(78, 17, '<i>“The definitive master class in performance tuning Java applications…if you love all the gory details, this is the book for you.”</i> <p> <b>–James Gosling, creator of the Java Programming Language</b> </p> <p> </p> <p>Improvements in the Java platform and new multicore/multiprocessor hardware have made it possible to dramatically improve the performance and scalability of Java software. <br> </p> <p> <br> </p> <p> <b> <i>Java™ Performance</i> </b> covers the latest Oracle and third-party tools for monitoring and measuring performance on a wide variety of hardware architectures and operating systems. The authors present dozens of tips and tricks you''ll find nowhere else. <br> </p> <p> <br> </p> <p>You''ll learn how to construct experiments that identify opportunities for optimization, interpret the results, and take effective action. You''ll also find powerful insights into microbenchmarking–including how to avoid common mistakes that can mislead you into writing poorly performing ', '18', 'http://covers.openlibrary.org/b/isbn/9780137142521-L.jpg', 'http://covers.openlibrary.org/b/isbn/9780137142521-M.jpg', 'en', 693, 4.1, 395, true, PARSEDATETIME('2012', 'yyyy'), 6, 78);
INSERT INTO BOOK_TITLE_CONTRIBUTIONS VALUES(78, 106);
INSERT INTO BOOK_TITLE_CONTRIBUTIONS VALUES(78, 107);
INSERT INTO BOOK_TITLE_GENRES(book_title_id, genres_id) VALUES(78, 0);
INSERT INTO BOOK_TITLE_GENRES(book_title_id, genres_id) VALUES(78, 72);
INSERT INTO BOOK_TITLE_GENRES(book_title_id, genres_id) VALUES(78, 23);
INSERT INTO EDITION_TAGS VALUES(78, 4);
INSERT INTO EDITION_TAGS VALUES(78, 8);
INSERT INTO EDITION_TAGS VALUES(78, 2);
INSERT INTO BOOK_TITLE VALUES(79, 'Java Generics and Collections');
INSERT INTO EDITION VALUES(79, 52, '<p>This comprehensive guide shows you how to master the most importantchanges to Java since it was first released. Generics and the greatlyexpanded collection libraries have tremendously increased the power ofJava 5 and Java 6. But they have also confused many developers whohaven''t known how to take advantage of these new features.</p><p><i>Java Generics and Collections</i> covers everything from the mostbasic uses of generics to the strangest corner cases. It teaches youeverything you need to know about the collections libraries, so you''llalways know which collection is appropriate for any given task, andhow to use it.</p><p>Topics covered include: </p><ul><li>Fundamentals of generics: type parameters and generic methods</li><li>Other new features: boxing and unboxing, foreach loops, varargs</li><li>Subtyping and wildcards</li><li>Evolution not revolution: generic libraries with legacy clients andgeneric clients with legacy libraries</li><li>Generics and reflection</li><li>Design pa', '21', 'http://covers.openlibrary.org/b/isbn/9780596527754-L.jpg', 'http://covers.openlibrary.org/b/isbn/9780596527754-M.jpg', 'en', 273, 1.0, 351, true, PARSEDATETIME('2007', 'yyyy'), 12, 79);
INSERT INTO BOOK_TITLE_CONTRIBUTIONS VALUES(79, 108);
INSERT INTO BOOK_TITLE_CONTRIBUTIONS VALUES(79, 109);
INSERT INTO BOOK_TITLE_GENRES(book_title_id, genres_id) VALUES(79, 0);
INSERT INTO BOOK_TITLE_GENRES(book_title_id, genres_id) VALUES(79, 3);
INSERT INTO BOOK_TITLE_GENRES(book_title_id, genres_id) VALUES(79, 72);
INSERT INTO BOOK_TITLE_GENRES(book_title_id, genres_id) VALUES(79, 9);
INSERT INTO BOOK_TITLE_GENRES(book_title_id, genres_id) VALUES(79, 42);
INSERT INTO BOOK_TITLE_GENRES(book_title_id, genres_id) VALUES(79, 45);
INSERT INTO BOOK_TITLE_GENRES(book_title_id, genres_id) VALUES(79, 23);
INSERT INTO EDITION_TAGS VALUES(79, 4);
INSERT INTO EDITION_TAGS VALUES(79, 8);
INSERT INTO EDITION_TAGS VALUES(79, 2);
INSERT INTO BOOK_TITLE VALUES(80, 'Java for Artists');
INSERT INTO EDITION VALUES(80, 52, 'Java For Artists: The Art, Philosophy, and Science of Object-Oriented Programming is a Java programming language text/tradebook that targets beginner and intermediate Java programmers.', '19', 'http://covers.openlibrary.org/b/isbn/9781932504057-L.jpg', 'http://covers.openlibrary.org/b/isbn/9781932504057-M.jpg', 'en', 800, 1.2, 164, true, PARSEDATETIME('2006', 'yyyy'), 32, 80);
INSERT INTO BOOK_TITLE_CONTRIBUTIONS VALUES(80, 110);
INSERT INTO BOOK_TITLE_CONTRIBUTIONS VALUES(80, 111);
INSERT INTO BOOK_TITLE_GENRES(book_title_id, genres_id) VALUES(80, 0);
INSERT INTO BOOK_TITLE_GENRES(book_title_id, genres_id) VALUES(80, 9);
INSERT INTO BOOK_TITLE_GENRES(book_title_id, genres_id) VALUES(80, 3);
INSERT INTO EDITION_TAGS VALUES(80, 4);
INSERT INTO EDITION_TAGS VALUES(80, 8);
INSERT INTO EDITION_TAGS VALUES(80, 2);
INSERT INTO BOOK_TITLE VALUES(81, 'Java Network Programming');
INSERT INTO EDITION VALUES(81, 58, '<p>This practical guide provides a complete introduction to developing network programs with Java. You''ll learn how to use Java''s network class library to quickly and easily accomplish common networking tasks such as writing multithreaded servers, encrypting communications, broadcasting to the local network, and posting data to server-side programs.</p> <p>Author Elliotte Rusty Harold provides complete working programs to illustrate the methods and classes he describes. This thoroughly revised fourth edition covers REST, SPDY, asynchronous I/O, and many other recent technologies.</p> <ul> <li>Explore protocols that underlie the Internet, such as TCP/IP and UDP/IP</li> <li>Learn how Java''s core I/O API handles network input and output</li> <li>Discover how the InetAddress class helps Java programs interact with DNS</li> <li>Locate, identify, and download network resources with Java''s ', '18', 'http://covers.openlibrary.org/b/isbn/9781449357672-L.jpg', 'http://covers.openlibrary.org/b/isbn/9781449357672-M.jpg', 'en', 477, 1.9, 597, true, PARSEDATETIME('2013', 'yyyy'), 33, 81);
INSERT INTO BOOK_TITLE_CONTRIBUTIONS VALUES(81, 112);
INSERT INTO BOOK_TITLE_GENRES(book_title_id, genres_id) VALUES(81, 0);
INSERT INTO BOOK_TITLE_GENRES(book_title_id, genres_id) VALUES(81, 72);
INSERT INTO BOOK_TITLE_GENRES(book_title_id, genres_id) VALUES(81, 73);
INSERT INTO BOOK_TITLE_GENRES(book_title_id, genres_id) VALUES(81, 52);
INSERT INTO BOOK_TITLE_GENRES(book_title_id, genres_id) VALUES(81, 28);
INSERT INTO EDITION_TAGS VALUES(81, 4);
INSERT INTO EDITION_TAGS VALUES(81, 8);
INSERT INTO EDITION_TAGS VALUES(81, 2);
INSERT INTO BOOK_TITLE VALUES(82, 'Key Java');
INSERT INTO EDITION VALUES(82, 49, 'Java is such a rapidly evolving language, it can be difficult for developers to keep abreast of developments. It has moved beyond a lnaguage used just for creating Web-based applets to one that is being used for developing serious applications. Key Java is intended for those who already know the Java language, the classes and the tools, but who want to get more out of Java. They are wanting to know about subjects such as good Java style for reusable components, about using Java beans, about the JDBC, about optimising their code, about testing their code appropriately and about using the IFC, tools and the new JFC. This book explores some of the more significant and exciting developments in Java. It covers techniques that will be fundamental to programmers developing significant applications in Java. Each of the self-contained chapters looks beyond the mechanics of coding applications and explores the concepts that will prove vital to getting the most out of the Java language.', '22', 'http://covers.openlibrary.org/b/isbn/9783540762591-L.jpg', 'http://covers.openlibrary.org/b/isbn/9783540762591-M.jpg', 'en', 331, 2.5, 158, true, PARSEDATETIME('1998', 'yyyy'), 3, 82);
INSERT INTO BOOK_TITLE_CONTRIBUTIONS VALUES(82, 113);
INSERT INTO BOOK_TITLE_CONTRIBUTIONS VALUES(82, 114);
INSERT INTO BOOK_TITLE_GENRES(book_title_id, genres_id) VALUES(82, 0);
INSERT INTO BOOK_TITLE_GENRES(book_title_id, genres_id) VALUES(82, 1);
INSERT INTO BOOK_TITLE_GENRES(book_title_id, genres_id) VALUES(82, 3);
INSERT INTO BOOK_TITLE_GENRES(book_title_id, genres_id) VALUES(82, 9);
INSERT INTO BOOK_TITLE_GENRES(book_title_id, genres_id) VALUES(82, 28);
INSERT INTO EDITION_TAGS VALUES(82, 4);
INSERT INTO EDITION_TAGS VALUES(82, 8);
INSERT INTO EDITION_TAGS VALUES(82, 2);
INSERT INTO BOOK_TITLE VALUES(83, 'Using Java Server Pages and Servlets');
INSERT INTO EDITION VALUES(83, 54, 'Special Edition Using JSP and Servlets starts by detailing the evolution of web servers that led to the creation of ASP and JSP. It explains both the limitations of previous technologies and the benefits that JSP provides including platform independence. Includes coverage of: organizing applications with multiple files and client-side objects, generating well-formed XML using JSP, storing data in cookies and sessions, interacting with Enterprise Java Beans, displaying dynamic graphics with Java 2D, and using RMI and Corba to enhance JSP applications. The final chapters demonstrate advanced JSP & Servlet techniques, including using JSP to create wireless & XML-based applications. Appendices provide an overview of popular JSP & Servlet runtime environments, including Jrun, Tomcat and ServletExec.', '19', 'http://covers.openlibrary.org/b/isbn/9780789724410-L.jpg', 'http://covers.openlibrary.org/b/isbn/9780789724410-M.jpg', 'en', 754, 2.5, 487, true, PARSEDATETIME('2000', 'yyyy'), 34, 83);
INSERT INTO BOOK_TITLE_CONTRIBUTIONS VALUES(83, 115);
INSERT INTO BOOK_TITLE_GENRES(book_title_id, genres_id) VALUES(83, 0);
INSERT INTO BOOK_TITLE_GENRES(book_title_id, genres_id) VALUES(83, 72);
INSERT INTO BOOK_TITLE_GENRES(book_title_id, genres_id) VALUES(83, 23);
INSERT INTO EDITION_TAGS VALUES(83, 4);
INSERT INTO EDITION_TAGS VALUES(83, 8);
INSERT INTO EDITION_TAGS VALUES(83, 2);
INSERT INTO BOOK_TITLE VALUES(84, 'Java');
INSERT INTO EDITION VALUES(84, 28, 'Preface 1 Introduction to Computers, the Internet and the Web What Is a Computer? Computer Organization Evolution of Operating Systems Personal, Distributed and Client/Server Computing Machine Languages, Assembly Languages and High-Level Languages History of C++ History of Java Java Class Libraries Fortran, Cobol, Pascal and Ada Basic, Visual Basic, Visual C++, C# and .NET The Internet and the World Wide Web Basics of a Typical Java Environment General Notes about Java and This Book Thinking About Objects: Introduction to Object Technology and the Unified Modeling Language Discovering Design Patterns: Introduction 2 Introduction to Java Applications A First Program in Java: Printing a Line of Text Modifying Our First Java Program Displaying Text in a Dialog Box Another Java Application: Adding Integers Memory Concepts Arithmetic Decision Making: Equality and Relational Operators (Optional Case Study) Thinking About Objects: Examining the Problem Statement 3 Introduction to Java Applets', '20', 'http://covers.openlibrary.org/b/isbn/9780138993948-L.jpg', 'http://covers.openlibrary.org/b/isbn/9780138993948-M.jpg', 'en', 1063, 1.5, 355, true, PARSEDATETIME('1998', 'yyyy'), 6, 84);
INSERT INTO BOOK_TITLE_CONTRIBUTIONS VALUES(84, 116);
INSERT INTO BOOK_TITLE_CONTRIBUTIONS VALUES(84, 117);
INSERT INTO BOOK_TITLE_GENRES(book_title_id, genres_id) VALUES(84, 0);
INSERT INTO BOOK_TITLE_GENRES(book_title_id, genres_id) VALUES(84, 3);
INSERT INTO BOOK_TITLE_GENRES(book_title_id, genres_id) VALUES(84, 23);
INSERT INTO EDITION_TAGS VALUES(84, 4);
INSERT INTO EDITION_TAGS VALUES(84, 8);
INSERT INTO EDITION_TAGS VALUES(84, 2);
INSERT INTO BOOK_TITLE VALUES(85, 'Interdisciplinary Computing in Java Programming');
INSERT INTO EDITION VALUES(85, 60, '<p>Books on computation in the marketplace tend to discuss the topics within specific fields. Many computational algorithms, however, share common roots. Great advantages emerge if numerical methodologies break the boundaries and find their uses across disciplines. Interdisciplinary Computing In Java Programming Language introduces readers of different backgrounds to the beauty of the selected algorithms. Serious quantitative researchers, writing customized codes for computation, enjoy cracking source codes as opposed to the black-box approach. Most C and Fortran programs, despite being slightly faster in program execution, lack built-in support for plotting and graphical user interface. This book selects Java as the platform where source codes are developed and applications are run, helping readers/users best appreciate the fun of computation. </p> <p>Interdisciplinary Computing In Java Programming Language is designed to meet the needs of a professional audience composed of practitio', '20', 'http://covers.openlibrary.org/b/isbn/9781402075131-L.jpg', 'http://covers.openlibrary.org/b/isbn/9781402075131-M.jpg', 'en', 266, 4.9, 141, true, PARSEDATETIME('2003', 'yyyy'), 3, 85);
INSERT INTO BOOK_TITLE_CONTRIBUTIONS VALUES(85, 118);
INSERT INTO BOOK_TITLE_GENRES(book_title_id, genres_id) VALUES(85, 0);
INSERT INTO BOOK_TITLE_GENRES(book_title_id, genres_id) VALUES(85, 5);
INSERT INTO BOOK_TITLE_GENRES(book_title_id, genres_id) VALUES(85, 10);
INSERT INTO BOOK_TITLE_GENRES(book_title_id, genres_id) VALUES(85, 75);
INSERT INTO BOOK_TITLE_GENRES(book_title_id, genres_id) VALUES(85, 74);
INSERT INTO EDITION_TAGS VALUES(85, 4);
INSERT INTO EDITION_TAGS VALUES(85, 8);
INSERT INTO EDITION_TAGS VALUES(85, 2);
INSERT INTO BOOK_TITLE VALUES(86, 'Inside Java 2 Platform Security');
INSERT INTO EDITION VALUES(86, 37, '<p> <i>Inside Java(TM) 2 Platform Security</i>, the definitive and comprehensive guide to the Java security platform, has been thoroughly updated to reflect key additions and revisions to Java security technologies currently in use by leading technology companies. This second edition, penned by the Java experts at Sun Microsystems, provides a detailed look into the central workings of the Java security architecture and describes tools and techniques for successful implementation on even the most demanding network computing environment.</p> <p>While Java has always provided a stronger security model than other platforms, this book reviews all the methods and practices required to improve security without sacrificing functionality. With tips on how to customize, extend, and refine the Java security architecture, users will have everything they need to protect their information assets from both external and internal threats.', '21', 'http://covers.openlibrary.org/b/isbn/9780201787917-L.jpg', 'http://covers.openlibrary.org/b/isbn/9780201787917-M.jpg', 'en', 356, 3.0, 274, true, PARSEDATETIME('2003', 'yyyy'), 14, 86);
INSERT INTO BOOK_TITLE_CONTRIBUTIONS VALUES(86, 119);
INSERT INTO BOOK_TITLE_CONTRIBUTIONS VALUES(86, 120);
INSERT INTO BOOK_TITLE_CONTRIBUTIONS VALUES(86, 121);
INSERT INTO BOOK_TITLE_GENRES(book_title_id, genres_id) VALUES(86, 0);
INSERT INTO BOOK_TITLE_GENRES(book_title_id, genres_id) VALUES(86, 2);
INSERT INTO BOOK_TITLE_GENRES(book_title_id, genres_id) VALUES(86, 3);
INSERT INTO BOOK_TITLE_GENRES(book_title_id, genres_id) VALUES(86, 72);
INSERT INTO BOOK_TITLE_GENRES(book_title_id, genres_id) VALUES(86, 14);
INSERT INTO BOOK_TITLE_GENRES(book_title_id, genres_id) VALUES(86, 23);
INSERT INTO EDITION_TAGS VALUES(86, 4);
INSERT INTO EDITION_TAGS VALUES(86, 8);
INSERT INTO EDITION_TAGS VALUES(86, 2);
INSERT INTO BOOK_TITLE VALUES(87, 'Thinking in Java');
INSERT INTO EDITION VALUES(87, 39, '<p><b>Appropriate for intermediate to advanced courses in Java.</b></p> <p>In <i>Thinking in Java, Third Edition</i>, Bruce Eckel revises his widely-praised Java introduction to fully reflect the power of Java 2 Standard Edition, Version 1.4. This new edition of the book that won the 1999 Software Development Magazine Productivity Award adds thoroughly updated coverage of servlets, JSP, and EJB. As always, Eckel doesn''t just show students what to do, but <i>why</i>. He introduces all the basics of objects as Java uses them; then walks carefully through the fundamentals of Java programming, including program flow, initialization and cleanup, implementation hiding, reusing classes and polymorphism. Using to-the-point examples, he introduces exception handling, Java I/O, run-time type identification, and passing and returning objects. Coverage also includes: database integration, transactions, security, Swing GUI development, Jini, JavaSpaces, and much more.', '21', 'http://covers.openlibrary.org/b/isbn/9780131002876-L.jpg', 'http://covers.openlibrary.org/b/isbn/9780131002876-M.jpg', 'en', 1119, 1.6, 122, true, PARSEDATETIME('2003', 'yyyy'), 35, 87);
INSERT INTO BOOK_TITLE_CONTRIBUTIONS VALUES(87, 122);
INSERT INTO BOOK_TITLE_GENRES(book_title_id, genres_id) VALUES(87, 0);
INSERT INTO BOOK_TITLE_GENRES(book_title_id, genres_id) VALUES(87, 72);
INSERT INTO BOOK_TITLE_GENRES(book_title_id, genres_id) VALUES(87, 23);
INSERT INTO EDITION_TAGS VALUES(87, 4);
INSERT INTO EDITION_TAGS VALUES(87, 8);
INSERT INTO EDITION_TAGS VALUES(87, 2);
INSERT INTO BOOK_TITLE VALUES(88, 'Java Gems');
INSERT INTO EDITION VALUES(88, 11, 'The support of Java Report by the pioneers of the language has always made it the source for Java development. From the very beginnings of Java, Java Report was there, examining each new aspect of the language with a clear independent eye. Now, Dwight Deugo, the editor of Java Report, has gathered the most important articles from the first year of the magazine. Written by a savvy Who''s Who of industry experts, Java Gems covers today''s most important aspects of Java development. Top writers and developers walk you through the topic areas that are essential to today''s Java developers, including multitasking, design patterns, class libraries, persistence, distributed computing, and Java vs C++.', '21', 'http://covers.openlibrary.org/b/isbn/9780521648240-L.jpg', 'http://covers.openlibrary.org/b/isbn/9780521648240-M.jpg', 'en', 230, 2.9, 542, true, PARSEDATETIME('1998', 'yyyy'), 9, 88);
INSERT INTO BOOK_TITLE_CONTRIBUTIONS VALUES(88, 123);
INSERT INTO BOOK_TITLE_GENRES(book_title_id, genres_id) VALUES(88, 0);
INSERT INTO BOOK_TITLE_GENRES(book_title_id, genres_id) VALUES(88, 3);
INSERT INTO BOOK_TITLE_GENRES(book_title_id, genres_id) VALUES(88, 9);
INSERT INTO BOOK_TITLE_GENRES(book_title_id, genres_id) VALUES(88, 45);
INSERT INTO BOOK_TITLE_GENRES(book_title_id, genres_id) VALUES(88, 23);
INSERT INTO EDITION_TAGS VALUES(88, 4);
INSERT INTO EDITION_TAGS VALUES(88, 8);
INSERT INTO EDITION_TAGS VALUES(88, 2);
INSERT INTO BOOK_TITLE VALUES(89, 'Java.rmi');
INSERT INTO EDITION VALUES(89, 44, '"This book collects an astonishing range of Java RMI material, suitable for any Java programmer regardless of experience with RMI. The RMI novice will be able to run RMI programs without excessive hair-pulling; the accomplished RMI programmer will find enough techniques and explanations to improve the performance, capability, or aesthetic quality of his or her code; and the RMI expert will be able to perform great RMI-based hacks without the JDK source code. If you''re looking at this book because I directed you to it on the RMI-USERS mailing list, then, yes, you''ve found the right one!" --from the foreword by Adrian Colley, RMI team, Sun Microsystems, Ireland "Esmond is one of the long-time RMI ''gurus'', accumulating a vast and deep arsenal of practical knowledge in RMI uses, internals, tricks and techniques. I am amazed he has packed so much in just under 300 pages. An effective RMI or Jini developer should absolutely have this reference in his collection.', '21', 'http://covers.openlibrary.org/b/isbn/9780201700435-L.jpg', 'http://covers.openlibrary.org/b/isbn/9780201700435-M.jpg', 'en', 284, 3.2, 446, true, PARSEDATETIME('2001', 'yyyy'), 36, 89);
INSERT INTO BOOK_TITLE_CONTRIBUTIONS VALUES(89, 124);
INSERT INTO BOOK_TITLE_CONTRIBUTIONS VALUES(89, 125);
INSERT INTO BOOK_TITLE_GENRES(book_title_id, genres_id) VALUES(89, 0);
INSERT INTO BOOK_TITLE_GENRES(book_title_id, genres_id) VALUES(89, 72);
INSERT INTO BOOK_TITLE_GENRES(book_title_id, genres_id) VALUES(89, 23);
INSERT INTO EDITION_TAGS VALUES(89, 4);
INSERT INTO EDITION_TAGS VALUES(89, 8);
INSERT INTO EDITION_TAGS VALUES(89, 2);
INSERT INTO BOOK_TITLE VALUES(90, 'Learn Java for Android Development');
INSERT INTO EDITION VALUES(90, 41, '<p> Android development is hot, and many programmers are interested in joining the fun. However, because this technology is based on Java, you should first obtain a solid grasp of the Java language and its foundational APIs to improve your chances of succeeding as an Android app developer. After all, you will be busy learning the architecture of an Android app, the various Android-specific APIs, and Android-specific tools. If you do not already know Java fundamentals, you will probably end up with a massive headache from also having to quickly cram those fundamentals into your knowledge base. <p> <p> Learn Java for Android Development, Second Edition teaches programmers of any skill level the essential Java language and foundational Java API skills that must be learned to improve the programmer’s chances of succeeding as an Android app developer. Each of the book’s 14 chapters provides an exercise section that gives you the opportunity to reinforce your understanding of the chapter’s m', '21', 'http://covers.openlibrary.org/b/isbn/9781430257226-L.jpg', 'http://covers.openlibrary.org/b/isbn/9781430257226-M.jpg', 'en', 751, 1.8, 224, true, PARSEDATETIME('2013', 'yyyy'), 8, 90);
INSERT INTO BOOK_TITLE_CONTRIBUTIONS VALUES(90, 126);
INSERT INTO BOOK_TITLE_GENRES(book_title_id, genres_id) VALUES(90, 0);
INSERT INTO BOOK_TITLE_GENRES(book_title_id, genres_id) VALUES(90, 3);
INSERT INTO BOOK_TITLE_GENRES(book_title_id, genres_id) VALUES(90, 72);
INSERT INTO BOOK_TITLE_GENRES(book_title_id, genres_id) VALUES(90, 43);
INSERT INTO BOOK_TITLE_GENRES(book_title_id, genres_id) VALUES(90, 28);
INSERT INTO EDITION_TAGS VALUES(90, 4);
INSERT INTO EDITION_TAGS VALUES(90, 8);
INSERT INTO EDITION_TAGS VALUES(90, 2);
INSERT INTO BOOK_TITLE VALUES(91, 'Artificial Intelligence.');
INSERT INTO EDITION VALUES(91, 40, '<p>Artificial Intelligence (AI) is a rapidly growing inter-disciplinary field with a long and distinguished history that involves many countries and considerably pre-dates the development of computers. It can be traced back at least as far as Ancient Greece and has evolved over time to become a major subfield of computer science in general.</p> <p>This state-of-the-art survey not only serves as a "position paper" on the field from the viewpoint of expert members of the IFIP Technical Committee 12, its Working Groups and their colleagues, but also presents overviews of current work in different countries.</p> <p>The chapters describe important relatively new or emerging areas of work in which the authors are personally involved, including text and hypertext categorization; autonomous systems; affective intelligence; AI in electronic healthcare systems; artifact-mediated society and social intelligence design; multilingual knowledge management; agents, intelligence and tools; intelligent', '20', 'http://covers.openlibrary.org/b/isbn/9783642032257-L.jpg', 'http://covers.openlibrary.org/b/isbn/9783642032257-M.jpg', 'en', 247, 3.5, 229, false, PARSEDATETIME('2009', 'yyyy'), 3, 91);
INSERT INTO BOOK_TITLE_CONTRIBUTIONS VALUES(91, 127);
INSERT INTO BOOK_TITLE_GENRES(book_title_id, genres_id) VALUES(91, 0);
INSERT INTO BOOK_TITLE_GENRES(book_title_id, genres_id) VALUES(91, 3);
INSERT INTO BOOK_TITLE_GENRES(book_title_id, genres_id) VALUES(91, 10);
INSERT INTO BOOK_TITLE_GENRES(book_title_id, genres_id) VALUES(91, 76);
INSERT INTO BOOK_TITLE_GENRES(book_title_id, genres_id) VALUES(91, 16);
INSERT INTO BOOK_TITLE_GENRES(book_title_id, genres_id) VALUES(91, 58);
INSERT INTO EDITION_TAGS VALUES(91, 9);
INSERT INTO EDITION_TAGS VALUES(91, 10);
INSERT INTO EDITION_TAGS VALUES(91, 2);
INSERT INTO BOOK_TITLE VALUES(92, 'Introduction to Artificial Intelligence');
INSERT INTO EDITION VALUES(92, 56, '<p>The ultimate aim of artificial intelligence (A.I.) is to understand intelligence and to build intelligent software and robots that come close to the performance of humans. On their way towards this goal, A.I. researchers have developed a number of quite different subdisciplines.</p><p>This concise and accessible <i>Introduction to Artificial Intelligence</i> supports a foundation or module course on A.I., covering a broad selection of the subdisciplines within this field. The textbook presents concrete algorithms and applications in the areas of agents, logic, search, reasoning under uncertainty, machine learning, neural networks and reinforcement learning.</p><p>Topics and features: presents an application-focused and hands-on approach to learning the subject; provides study exercises of varying degrees of difficulty at the end of each chapter, with solutions given at the end of the book; supports the text with highlighted examples, definitions, theorems, and illustrative cartoons;', '20', 'http://covers.openlibrary.org/b/isbn/9783319584867-L.jpg', 'http://covers.openlibrary.org/b/isbn/9783319584867-M.jpg', 'en', 356, 3.6, 449, true, PARSEDATETIME('2018', 'yyyy'), 7, 92);
INSERT INTO BOOK_TITLE_CONTRIBUTIONS VALUES(92, 128);
INSERT INTO BOOK_TITLE_GENRES(book_title_id, genres_id) VALUES(92, 0);
INSERT INTO BOOK_TITLE_GENRES(book_title_id, genres_id) VALUES(92, 1);
INSERT INTO BOOK_TITLE_GENRES(book_title_id, genres_id) VALUES(92, 58);
INSERT INTO BOOK_TITLE_GENRES(book_title_id, genres_id) VALUES(92, 3);
INSERT INTO EDITION_TAGS VALUES(92, 9);
INSERT INTO EDITION_TAGS VALUES(92, 10);
INSERT INTO EDITION_TAGS VALUES(92, 2);
INSERT INTO BOOK_TITLE VALUES(93, 'Advances in Artificial Intelligence');
INSERT INTO EDITION VALUES(93, 40, '<p>This book constitutes the refereed proceedings of the 4th Hellenic Conference on Artificial Intelligence, SETN 2006, held at Heraklion, Crete, Greece in May 2006. The 43 revised full papers and extended abstracts of 34 revised short papers presented together with 2 invited contributions address many areas of artificial intelligence; particular fields of interest include: logic programming, knowledge-based systems, intelligent information retrieval, machine learning, neural nets, genetic algorithms, and more. </p>', '18', 'http://covers.openlibrary.org/b/isbn/9783540341178-L.jpg', 'http://covers.openlibrary.org/b/isbn/9783540341178-M.jpg', 'en', 611, 3.4, 50, true, PARSEDATETIME('2006', 'yyyy'), 3, 93);
INSERT INTO BOOK_TITLE_CONTRIBUTIONS VALUES(93, 129);
INSERT INTO BOOK_TITLE_CONTRIBUTIONS VALUES(93, 130);
INSERT INTO BOOK_TITLE_CONTRIBUTIONS VALUES(93, 131);
INSERT INTO BOOK_TITLE_CONTRIBUTIONS VALUES(93, 132);
INSERT INTO BOOK_TITLE_GENRES(book_title_id, genres_id) VALUES(93, 0);
INSERT INTO BOOK_TITLE_GENRES(book_title_id, genres_id) VALUES(93, 1);
INSERT INTO BOOK_TITLE_GENRES(book_title_id, genres_id) VALUES(93, 77);
INSERT INTO BOOK_TITLE_GENRES(book_title_id, genres_id) VALUES(93, 56);
INSERT INTO BOOK_TITLE_GENRES(book_title_id, genres_id) VALUES(93, 57);
INSERT INTO EDITION_TAGS VALUES(93, 9);
INSERT INTO EDITION_TAGS VALUES(93, 10);
INSERT INTO EDITION_TAGS VALUES(93, 2);
INSERT INTO BOOK_TITLE VALUES(94, 'Artificial Intelligence for HR');
INSERT INTO EDITION VALUES(94, 42, '<p>HR professionals need to get to grips with artificial intelligence and the way it''s changing the world of work. From using natural language processing to ensure job adverts are free from bias and gendered language to implementing chatbots to enhance the employee experience, AI has created a variety of opportunities for the HR function. <b><i>Artificial Intelligence for HR</i> </b>empowers HR professionals to leverage this potential and use AI to improve efficiency and develop a talented and productive workforce. Outlining the current technology landscape as well as the latest AI developments, this book ensures that HR professionals fully understand what AI is and what it means for HR in practice.</p><p>Covering everything from recruitment and retention to employee engagement and learning and development, <b><i>Artificial Intelligence for HR</i> </b>outlines the value AI can add to HR.', '22', 'http://covers.openlibrary.org/b/isbn/9780749483814-L.jpg', 'http://covers.openlibrary.org/b/isbn/9780749483814-M.jpg', 'en', 215, 4.1, 569, true, PARSEDATETIME('2018', 'yyyy'), 37, 94);
INSERT INTO BOOK_TITLE_CONTRIBUTIONS VALUES(94, 133);
INSERT INTO BOOK_TITLE_GENRES(book_title_id, genres_id) VALUES(94, 12);
INSERT INTO BOOK_TITLE_GENRES(book_title_id, genres_id) VALUES(94, 78);
INSERT INTO EDITION_TAGS VALUES(94, 9);
INSERT INTO EDITION_TAGS VALUES(94, 10);
INSERT INTO EDITION_TAGS VALUES(94, 2);
INSERT INTO BOOK_TITLE VALUES(95, 'Artificial Intelligence');
INSERT INTO EDITION VALUES(95, 28, '<p>"Machines who think--how utterly preposterous," huff beleaguered humanists, defending their dwindling turf. "Artificial Intelligence--it''s here and about to surpass our own," crow techno-visionaries, proclaiming dominion. It''s so simple and obvious, each side maintains, only a fanatic could disagree.</p> <p>Deciding where the truth lies between these two extremes is the main purpose of John Haugeland''s marvelously lucid and witty book on what artificial intelligence is all about. Although presented entirely in non-technical terms, it neither oversimplifies the science nor evades the fundamental philosophical issues. Far from ducking the really hard questions, it takes them on, one by one.</p> <p>Artificial intelligence, Haugeland notes, is based on a very good idea, which might well be right, and just as well might not. That idea, the idea that human thinking and machine computing are "radically the same," provides the central theme for his illuminating and provocative book about', '18', 'http://covers.openlibrary.org/b/isbn/9780262580953-L.jpg', 'http://covers.openlibrary.org/b/isbn/9780262580953-M.jpg', 'en', 287, 2.7, 168, true, PARSEDATETIME('1989', 'yyyy'), 28, 95);
INSERT INTO BOOK_TITLE_CONTRIBUTIONS VALUES(95, 134);
INSERT INTO BOOK_TITLE_GENRES(book_title_id, genres_id) VALUES(95, 80);
INSERT INTO BOOK_TITLE_GENRES(book_title_id, genres_id) VALUES(95, 79);
INSERT INTO EDITION_TAGS VALUES(95, 9);
INSERT INTO EDITION_TAGS VALUES(95, 10);
INSERT INTO EDITION_TAGS VALUES(95, 2);
INSERT INTO BOOK_TITLE VALUES(96, 'Artificial Intelligence');
INSERT INTO EDITION VALUES(96, 59, '<p><b>Melanie Mitchell separates science fact from science fiction in this sweeping examination of the current state of AI and how it is remaking our world</b><br><br>No recent scientific enterprise has proved as alluring, terrifying, and filled with extravagant promise and frustrating setbacks as artificial intelligence. The award-winning author Melanie Mitchell, a leading computer scientist, now reveals AI’s turbulent history and the recent spate of apparent successes, grand hopes, and emerging fears surrounding it.<br><br>In <i>Artificial Intelligence</i>, Mitchell turns to the most urgent questions concerning AI today: How intelligent—really—are the best AI programs? How do they work? What can they actually do, and when do they fail? How humanlike do we expect them to become, and how soon do we need to worry about them surpassing us? Along the way, she introduces the dominant models of modern AI and machine learning, describing cutting-edge AI programs, their human inventors, and t', '22', 'http://covers.openlibrary.org/b/isbn/9781250758040-L.jpg', 'http://covers.openlibrary.org/b/isbn/9781250758040-M.jpg', 'en', 336, 3.8, 386, false, PARSEDATETIME('2020', 'yyyy'), 38, 96);
INSERT INTO BOOK_TITLE_CONTRIBUTIONS VALUES(96, 135);
INSERT INTO BOOK_TITLE_GENRES(book_title_id, genres_id) VALUES(96, 0);
INSERT INTO BOOK_TITLE_GENRES(book_title_id, genres_id) VALUES(96, 3);
INSERT INTO BOOK_TITLE_GENRES(book_title_id, genres_id) VALUES(96, 81);
INSERT INTO BOOK_TITLE_GENRES(book_title_id, genres_id) VALUES(96, 82);
INSERT INTO BOOK_TITLE_GENRES(book_title_id, genres_id) VALUES(96, 58);
INSERT INTO EDITION_TAGS VALUES(96, 9);
INSERT INTO EDITION_TAGS VALUES(96, 10);
INSERT INTO EDITION_TAGS VALUES(96, 2);
INSERT INTO BOOK_TITLE VALUES(97, 'Artificial Intelligence');
INSERT INTO EDITION VALUES(97, 27, 'Intelligent agents are employed as the central characters in this introductory text. Beginning with elementary reactive agents, Nilsson gradually increases their cognitive horsepower to illustrate the most important and lasting ideas in AI. Neural networks, genetic programming, computer vision, heuristic search, knowledge representation and reasoning, Bayes networks, planning, and language understanding are each revealed through the growing capabilities of these agents. A distinguishing feature of this text is in its evolutionary approach to the study of AI. This book provides a refreshing and motivating synthesis of the field by one of AI''s master expositors and leading researches.', '18', 'http://covers.openlibrary.org/b/isbn/9781558605350-L.jpg', 'http://covers.openlibrary.org/b/isbn/9781558605350-M.jpg', 'en', 513, 4.4, 183, true, PARSEDATETIME('1998', 'yyyy'), 39, 97);
INSERT INTO BOOK_TITLE_CONTRIBUTIONS VALUES(97, 136);
INSERT INTO BOOK_TITLE_CONTRIBUTIONS VALUES(97, 137);
INSERT INTO BOOK_TITLE_GENRES(book_title_id, genres_id) VALUES(97, 0);
INSERT INTO BOOK_TITLE_GENRES(book_title_id, genres_id) VALUES(97, 83);
INSERT INTO BOOK_TITLE_GENRES(book_title_id, genres_id) VALUES(97, 3);
INSERT INTO BOOK_TITLE_GENRES(book_title_id, genres_id) VALUES(97, 84);
INSERT INTO EDITION_TAGS VALUES(97, 9);
INSERT INTO EDITION_TAGS VALUES(97, 10);
INSERT INTO EDITION_TAGS VALUES(97, 2);
INSERT INTO BOOK_TITLE VALUES(98, 'Artificial Intelligence Illuminated');
INSERT INTO EDITION VALUES(98, 29, 'Artificial Intelligence Illuminated presents an overview of the background and history of artificial intelligence, emphasizing its importance in today''s society and potential for the future. The book covers a range of AI techniques, algorithms, and methodologies, including game playing, intelligent agents, machine learning, genetic algorithms, and Artificial Life. Material is presented in a lively and accessible manner and the author focuses on explaining how AI techniques relate to and are derived from natural systems, such as the human brain and evolution, and explaining how the artificial equivalents are used in the real world. Each chapter includes student exercises and review questions, and a detailed glossary at the end of the book defines important terms and concepts highlighted throughout the text.', '18', 'http://covers.openlibrary.org/b/isbn/9780763732301-L.jpg', 'http://covers.openlibrary.org/b/isbn/9780763732301-M.jpg', 'en', 739, 4.7, 184, true, PARSEDATETIME('2004', 'yyyy'), 19, 98);
INSERT INTO BOOK_TITLE_CONTRIBUTIONS VALUES(98, 138);
INSERT INTO BOOK_TITLE_GENRES(book_title_id, genres_id) VALUES(98, 0);
INSERT INTO BOOK_TITLE_GENRES(book_title_id, genres_id) VALUES(98, 58);
INSERT INTO BOOK_TITLE_GENRES(book_title_id, genres_id) VALUES(98, 3);
INSERT INTO EDITION_TAGS VALUES(98, 9);
INSERT INTO EDITION_TAGS VALUES(98, 10);
INSERT INTO EDITION_TAGS VALUES(98, 2);
INSERT INTO BOOK_TITLE VALUES(99, 'Developments in Applied Artificial Intelligence');
INSERT INTO EDITION VALUES(99, 8, '<p> </p> <p>This book constitutes the refereed proceedings of the 16th International Conference on Industrial and Engineering Applications of Artificial Intelligence and Expert Systems, IEA/AIE 2003, held in Loughborough, UK in June 2003.</p> <p></p> <p>The 81 revised full papers presented were carefully reviewed and selected from more than 140 submissions. Among the topics addressed are soft computing, fuzzy logic, diagnosis, knowledge representation, knowledge management, automated reasoning, machine learning, planning and scheduling, evolutionary computation, computer vision, agent systems, algorithmic learning, tutoring systems, financial analysis, etc.</p>', '18', 'http://covers.openlibrary.org/b/isbn/9783540404552-L.jpg', 'http://covers.openlibrary.org/b/isbn/9783540404552-M.jpg', 'en', 817, 3.3, 163, false, PARSEDATETIME('2003', 'yyyy'), 3, 99);
INSERT INTO BOOK_TITLE_CONTRIBUTIONS VALUES(99, 139);
INSERT INTO BOOK_TITLE_GENRES(book_title_id, genres_id) VALUES(99, 0);
INSERT INTO BOOK_TITLE_GENRES(book_title_id, genres_id) VALUES(99, 3);
INSERT INTO BOOK_TITLE_GENRES(book_title_id, genres_id) VALUES(99, 10);
INSERT INTO BOOK_TITLE_GENRES(book_title_id, genres_id) VALUES(99, 85);
INSERT INTO BOOK_TITLE_GENRES(book_title_id, genres_id) VALUES(99, 58);
INSERT INTO EDITION_TAGS VALUES(99, 9);
INSERT INTO EDITION_TAGS VALUES(99, 10);
INSERT INTO EDITION_TAGS VALUES(99, 2);
INSERT INTO BOOK_TITLE VALUES(100, 'Artificial Intelligence');
INSERT INTO EDITION VALUES(100, 16, '<p> <i>Artificial Intelligence: A Modern Approach, 3e</i> offers the most comprehensive, up-to-date introduction to the theory and practice of artificial intelligence. Number one in its field, this textbook is ideal for one or two-semester, undergraduate or graduate-level courses in Artificial Intelligence.</p> <br> <p> Dr. Peter Norvig, contributing <i>Artificial Intelligence </i>author and Professor Sebastian Thrun, a Pearson author are offering a free online course at Stanford University on artificial intelligence. <br> </p> <p> <br>According to an article in <i> The New York Times </i>, the course on artificial intelligence is “one of three being offered experimentally by the Stanford computer science department to extend technology knowledge and skills beyond this elite campus to the entire world.” One of the other two courses, an introduction to database software, is being taught by Pearson author Dr.', '18', 'http://covers.openlibrary.org/b/isbn/9780136042594-L.jpg', 'http://covers.openlibrary.org/b/isbn/9780136042594-M.jpg', 'en', 1132, 3.8, 50, true, PARSEDATETIME('2010', 'yyyy'), 6, 100);
INSERT INTO BOOK_TITLE_CONTRIBUTIONS VALUES(100, 140);
INSERT INTO BOOK_TITLE_CONTRIBUTIONS VALUES(100, 141);
INSERT INTO BOOK_TITLE_CONTRIBUTIONS VALUES(100, 142);
INSERT INTO BOOK_TITLE_CONTRIBUTIONS VALUES(100, 143);
INSERT INTO BOOK_TITLE_GENRES(book_title_id, genres_id) VALUES(100, 0);
INSERT INTO BOOK_TITLE_GENRES(book_title_id, genres_id) VALUES(100, 58);
INSERT INTO BOOK_TITLE_GENRES(book_title_id, genres_id) VALUES(100, 3);
INSERT INTO EDITION_TAGS VALUES(100, 9);
INSERT INTO EDITION_TAGS VALUES(100, 10);
INSERT INTO EDITION_TAGS VALUES(100, 2);
INSERT INTO BOOK_TITLE VALUES(101, 'Artificial Intelligence and Computational Intelligence');
INSERT INTO EDITION VALUES(101, 45, 'The 2009 International Conference on Artificial Intelligence and Computational Int- ligence (AICI 2009) was held during November 7–8, 2009 in Shanghai, China. The technical program of the conference reflects the tremendous growth in the fields of artificial intelligence and computational intelligence with contributions from a large number of participants around the world. AICI 2009 received 1,203 submissions from 20 countries and regions. After rig- ous reviews, 79 high-quality papers were selected for this volume, representing an acceptance rate of 6.6%. These selected papers cover many new developments and their applications in the fields of artificial intelligence and computational intelligence. Their publications reflect a sustainable interest from the wide academic community worldwide in tirelessly pursuing new solutions through effective utilizations of arti- cial intelligence and computational intelligence to real-world problems.', '19', 'http://covers.openlibrary.org/b/isbn/9783642052521-L.jpg', 'http://covers.openlibrary.org/b/isbn/9783642052521-M.jpg', 'en', 737, 4.3, 166, true, PARSEDATETIME('2009', 'yyyy'), 3, 101);
INSERT INTO BOOK_TITLE_CONTRIBUTIONS VALUES(101, 144);
INSERT INTO BOOK_TITLE_CONTRIBUTIONS VALUES(101, 145);
INSERT INTO BOOK_TITLE_CONTRIBUTIONS VALUES(101, 146);
INSERT INTO BOOK_TITLE_CONTRIBUTIONS VALUES(101, 147);
INSERT INTO BOOK_TITLE_GENRES(book_title_id, genres_id) VALUES(101, 0);
INSERT INTO BOOK_TITLE_GENRES(book_title_id, genres_id) VALUES(101, 3);
INSERT INTO BOOK_TITLE_GENRES(book_title_id, genres_id) VALUES(101, 10);
INSERT INTO BOOK_TITLE_GENRES(book_title_id, genres_id) VALUES(101, 85);
INSERT INTO BOOK_TITLE_GENRES(book_title_id, genres_id) VALUES(101, 58);
INSERT INTO EDITION_TAGS VALUES(101, 9);
INSERT INTO EDITION_TAGS VALUES(101, 10);
INSERT INTO EDITION_TAGS VALUES(101, 2);
INSERT INTO BOOK_TITLE VALUES(102, 'Bio-Inspired Artificial Intelligence');
INSERT INTO EDITION VALUES(102, 56, '<p><b>A comprehensive introduction to new approaches in artificial intelligence and robotics that are inspired by self-organizing biological processes and structures.</b></p><p>New approaches to artificial intelligence spring from the idea that intelligence emerges as much from cells, bodies, and societies as it does from evolution, development, and learning. Traditionally, artificial intelligence has been concerned with reproducing the abilities of human brains; newer approaches take inspiration from a wider range of biological structures that that are capable of autonomous self-organization. Examples of these new approaches include evolutionary computation and evolutionary electronics, artificial neural networks, immune systems, biorobotics, and swarm intelligence—to mention only a few. This book offers a comprehensive introduction to the emerging field of biologically inspired artificial intelligence that can be used as an upper-level text or as a reference for researchers.', '22', 'http://covers.openlibrary.org/b/isbn/9780262062718-L.jpg', 'http://covers.openlibrary.org/b/isbn/9780262062718-M.jpg', 'en', 674, 2.7, 454, true, PARSEDATETIME('2008', 'yyyy'), 28, 102);
INSERT INTO BOOK_TITLE_CONTRIBUTIONS VALUES(102, 148);
INSERT INTO BOOK_TITLE_CONTRIBUTIONS VALUES(102, 149);
INSERT INTO BOOK_TITLE_GENRES(book_title_id, genres_id) VALUES(102, 0);
INSERT INTO BOOK_TITLE_GENRES(book_title_id, genres_id) VALUES(102, 58);
INSERT INTO BOOK_TITLE_GENRES(book_title_id, genres_id) VALUES(102, 3);
INSERT INTO EDITION_TAGS VALUES(102, 9);
INSERT INTO EDITION_TAGS VALUES(102, 10);
INSERT INTO EDITION_TAGS VALUES(102, 2);
INSERT INTO BOOK_TITLE VALUES(103, 'Artificial Intelligence in Reactive Scheduling');
INSERT INTO EDITION VALUES(103, 19, 'This volume encompasses state-of-the-art developments in AI-based reactive scheduling for real-time operation management in manufacturing shop floors. It is a collection of papers from the Second International Workshop of the IFIP Working Group 5.7 which brought together researchers from management information systems and knowledge engineering to expand the focus on applying new knowledge-based techniques.', '21', 'http://covers.openlibrary.org/b/isbn/9780412729003-L.jpg', 'http://covers.openlibrary.org/b/isbn/9780412729003-M.jpg', 'en', 166, 2.7, 252, true, PARSEDATETIME('1995', 'yyyy'), 3, 103);
INSERT INTO BOOK_TITLE_CONTRIBUTIONS VALUES(103, 150);
INSERT INTO BOOK_TITLE_CONTRIBUTIONS VALUES(103, 151);
INSERT INTO BOOK_TITLE_CONTRIBUTIONS VALUES(103, 152);
INSERT INTO BOOK_TITLE_GENRES(book_title_id, genres_id) VALUES(103, 0);
INSERT INTO BOOK_TITLE_GENRES(book_title_id, genres_id) VALUES(103, 3);
INSERT INTO BOOK_TITLE_GENRES(book_title_id, genres_id) VALUES(103, 38);
INSERT INTO BOOK_TITLE_GENRES(book_title_id, genres_id) VALUES(103, 21);
INSERT INTO BOOK_TITLE_GENRES(book_title_id, genres_id) VALUES(103, 86);
INSERT INTO BOOK_TITLE_GENRES(book_title_id, genres_id) VALUES(103, 87);
INSERT INTO BOOK_TITLE_GENRES(book_title_id, genres_id) VALUES(103, 58);
INSERT INTO EDITION_TAGS VALUES(103, 9);
INSERT INTO EDITION_TAGS VALUES(103, 10);
INSERT INTO EDITION_TAGS VALUES(103, 2);
INSERT INTO BOOK_TITLE VALUES(104, 'Artificial Intelligence and Human Institutions');
INSERT INTO EDITION VALUES(104, 16, '<b>Artificial Intelligence and Human Institutions</b> argues that successful applications of artificial intelligence are possible only within an understanding of human institutions and the limitations of technology. Products of artificial intelligence research are becoming widely available to non-specialists using low-cost computer systems, but there has been a lack of communication between re- searchers and community groups. Taking the "weak AI" position, the book explores the way insights and tools from artificial intelligence can be valuable in coming to terms with real world problems. Drawing on the author''s extensive practical experience in AI research and research management, the book brings together case studies from the fields of education, training, business, engineering, defence, health, and community work, and suggests future directions. This book deals with advanced concepts of artificial intelligence for non-specialist readers, while providing an introduction to state-of-', '20', 'http://covers.openlibrary.org/b/isbn/9783540195795-L.jpg', 'http://covers.openlibrary.org/b/isbn/9783540195795-M.jpg', 'en', 181, 3.4, 411, true, PARSEDATETIME('1991', 'yyyy'), 40, 104);
INSERT INTO BOOK_TITLE_CONTRIBUTIONS VALUES(104, 153);
INSERT INTO BOOK_TITLE_CONTRIBUTIONS VALUES(104, 154);
INSERT INTO BOOK_TITLE_GENRES(book_title_id, genres_id) VALUES(104, 0);
INSERT INTO BOOK_TITLE_GENRES(book_title_id, genres_id) VALUES(104, 3);
INSERT INTO BOOK_TITLE_GENRES(book_title_id, genres_id) VALUES(104, 12);
INSERT INTO BOOK_TITLE_GENRES(book_title_id, genres_id) VALUES(104, 13);
INSERT INTO BOOK_TITLE_GENRES(book_title_id, genres_id) VALUES(104, 88);
INSERT INTO BOOK_TITLE_GENRES(book_title_id, genres_id) VALUES(104, 58);
INSERT INTO EDITION_TAGS VALUES(104, 9);
INSERT INTO EDITION_TAGS VALUES(104, 10);
INSERT INTO EDITION_TAGS VALUES(104, 2);
INSERT INTO BOOK_TITLE VALUES(105, 'Artificial Intelligence for Games');
INSERT INTO EDITION VALUES(105, 9, 'Creating robust artificial intelligence is one of the greatest challenges for game developers, yet the commercial success of a game is often dependent upon the quality of the AI. In this book, Ian Millington brings extensive professional experience to the problem of improving the quality of AI in games. He describes numerous examples from real games and explores the underlying ideas through detailed case studies. He goes further to introduce many techniques little used by developers today. The book''s associated web site contains a library of C++ source code and demonstration programs, and a complete commercial source code library of AI algorithms and techniques.<br><br>"Artificial Intelligence for Games - 2nd edition" will be highly useful to academics teaching courses on game AI, in that it includes exercises with each chapter. It will also include new and expanded coverage of the following: AI-oriented gameplay; Behavior driven AI; Casual games (puzzle games).', '20', 'http://covers.openlibrary.org/b/isbn/9780123747310-L.jpg', 'http://covers.openlibrary.org/b/isbn/9780123747310-M.jpg', 'en', 872, 3.4, 570, true, PARSEDATETIME('2009', 'yyyy'), 5, 105);
INSERT INTO BOOK_TITLE_CONTRIBUTIONS VALUES(105, 155);
INSERT INTO BOOK_TITLE_CONTRIBUTIONS VALUES(105, 156);
INSERT INTO BOOK_TITLE_GENRES(book_title_id, genres_id) VALUES(105, 0);
INSERT INTO BOOK_TITLE_GENRES(book_title_id, genres_id) VALUES(105, 89);
INSERT INTO BOOK_TITLE_GENRES(book_title_id, genres_id) VALUES(105, 90);
INSERT INTO BOOK_TITLE_GENRES(book_title_id, genres_id) VALUES(105, 91);
INSERT INTO BOOK_TITLE_GENRES(book_title_id, genres_id) VALUES(105, 92);
INSERT INTO EDITION_TAGS VALUES(105, 9);
INSERT INTO EDITION_TAGS VALUES(105, 10);
INSERT INTO EDITION_TAGS VALUES(105, 2);
INSERT INTO BOOK_TITLE VALUES(106, 'Human Compatible');
INSERT INTO EDITION VALUES(106, 57, '<b>"The most important book I have read in quite some time" (Daniel Kahneman); "A must-read" (Max Tegmark); "The book we''ve all been waiting for" (Sam Harris)<br> <br> A leading artificial intelligence researcher lays out a new approach to AI that will enable us to coexist successfully with increasingly intelligent machines<br> <br> Longlisted for the 2019 <i>Financial Times</i>/McKinsey Business Book of the Year Award</b><br> <br> In the popular imagination, superhuman artificial intelligence is an approaching tidal wave that threatens not just jobs and human relationships, but civilization itself. Conflict between humans and machines is seen as inevitable and its outcome all too predictable.<br> <br> In this groundbreaking book, distinguished AI researcher Stuart Russell argues that this scenario can be avoided, but only if we rethink AI from the ground up. Russell begins by exploring the idea of intelligence in humans and in machines.', '21', 'http://covers.openlibrary.org/b/isbn/9780525558613-L.jpg', 'http://covers.openlibrary.org/b/isbn/9780525558613-M.jpg', 'en', 352, 2.1, 474, false, PARSEDATETIME('2019', 'yyyy'), 41, 106);
INSERT INTO BOOK_TITLE_CONTRIBUTIONS VALUES(106, 140);
INSERT INTO BOOK_TITLE_GENRES(book_title_id, genres_id) VALUES(106, 93);
INSERT INTO BOOK_TITLE_GENRES(book_title_id, genres_id) VALUES(106, 21);
INSERT INTO EDITION_TAGS VALUES(106, 9);
INSERT INTO EDITION_TAGS VALUES(106, 10);
INSERT INTO EDITION_TAGS VALUES(106, 2);
INSERT INTO BOOK_TITLE VALUES(107, 'The Philosophy of Artificial Intelligence');
INSERT INTO EDITION VALUES(107, 33, 'Is `artificial intelligence'' a contradiction in terms? Could computers (in principle) model every aspect of the mind, including logic, language, and emotion? What of the more brain-like, connectionist computers: could they really understand, even if digital computers cannot? This collection of classic and contemporary readings (which includes an editor''s introduction and an up-to-date reading list) provides a clearly signposted pathway into hotly disputed philosophical issues at the heart of artificial intelligence.', '18', 'http://covers.openlibrary.org/b/isbn/9780198248545-L.jpg', 'http://covers.openlibrary.org/b/isbn/9780198248545-M.jpg', 'en', 452, 4.1, 478, true, PARSEDATETIME('1990', 'yyyy'), 42, 107);
INSERT INTO BOOK_TITLE_CONTRIBUTIONS VALUES(107, 157);
INSERT INTO BOOK_TITLE_GENRES(book_title_id, genres_id) VALUES(107, 0);
INSERT INTO BOOK_TITLE_GENRES(book_title_id, genres_id) VALUES(107, 96);
INSERT INTO BOOK_TITLE_GENRES(book_title_id, genres_id) VALUES(107, 38);
INSERT INTO BOOK_TITLE_GENRES(book_title_id, genres_id) VALUES(107, 77);
INSERT INTO BOOK_TITLE_GENRES(book_title_id, genres_id) VALUES(107, 94);
INSERT INTO BOOK_TITLE_GENRES(book_title_id, genres_id) VALUES(107, 95);
INSERT INTO EDITION_TAGS VALUES(107, 9);
INSERT INTO EDITION_TAGS VALUES(107, 10);
INSERT INTO EDITION_TAGS VALUES(107, 2);
INSERT INTO BOOK_TITLE VALUES(108, 'Artificial Intelligence');
INSERT INTO EDITION VALUES(108, 37, 'This engaging and accessible guide adopts a jargon-free approach to outline the history, development and the many different applications of Artifical Intelligence. Featuring examples from chess-playing computers to tiny robotic insects, it also discusses the social and ethical implications of AI and addresses the key controversies and debates in an unsensational manner.', '22', 'http://covers.openlibrary.org/b/isbn/9781851683222-L.jpg', 'http://covers.openlibrary.org/b/isbn/9781851683222-M.jpg', 'en', 144, 2.6, 493, true, PARSEDATETIME('2003', 'yyyy'), 43, 108);
INSERT INTO BOOK_TITLE_CONTRIBUTIONS VALUES(108, 158);
INSERT INTO BOOK_TITLE_GENRES(book_title_id, genres_id) VALUES(108, 0);
INSERT INTO BOOK_TITLE_GENRES(book_title_id, genres_id) VALUES(108, 96);
INSERT INTO BOOK_TITLE_GENRES(book_title_id, genres_id) VALUES(108, 3);
INSERT INTO BOOK_TITLE_GENRES(book_title_id, genres_id) VALUES(108, 38);
INSERT INTO BOOK_TITLE_GENRES(book_title_id, genres_id) VALUES(108, 58);
INSERT INTO EDITION_TAGS VALUES(108, 9);
INSERT INTO EDITION_TAGS VALUES(108, 10);
INSERT INTO EDITION_TAGS VALUES(108, 2);
INSERT INTO BOOK_TITLE VALUES(109, 'Django for Beginners');
INSERT INTO EDITION VALUES(109, 8, '<p><b>Completely updated for Django 3.1.</b></p><p><i>Django for Beginners</i> is a project-based introduction to Django, the popular Python-based web framework. Suitable for total beginners who have never built a website before as well as professional programmers looking for a fast-paced guide to modern web development and Django fundamentals.</p><p>In the book you''ll learn how to: </p><ul> <li>Build 5 websites from scratch, including a <i>Blog</i> and <i>Newspaper website</i></li> <li>Deploy online using security best practices</li> <li>Customize the look and feel of your sites</li> <li>Write tests and run them for all your code</li> <li>Integrate user authentication, email, and custom user models</li> <li>Add permissions and authorizations to make your app more secure</li> <li>Identify common mistakes and errors so you can build your own websites</li></ul><p>If you''re curious about Python-based web development, <i>Django for Beginners</i> is a best-practices guide to writing and d', '21', 'http://covers.openlibrary.org/b/isbn/9781735467207-L.jpg', 'http://covers.openlibrary.org/b/isbn/9781735467207-M.jpg', 'en', 294, 4.3, 594, true, PARSEDATETIME('2020', 'yyyy'), 44, 109);
INSERT INTO BOOK_TITLE_CONTRIBUTIONS VALUES(109, 159);
INSERT INTO BOOK_TITLE_GENRES(book_title_id, genres_id) VALUES(109, 0);
INSERT INTO BOOK_TITLE_GENRES(book_title_id, genres_id) VALUES(109, 97);
INSERT INTO BOOK_TITLE_GENRES(book_title_id, genres_id) VALUES(109, 19);
INSERT INTO BOOK_TITLE_GENRES(book_title_id, genres_id) VALUES(109, 23);
INSERT INTO BOOK_TITLE_GENRES(book_title_id, genres_id) VALUES(109, 24);
INSERT INTO EDITION_TAGS VALUES(109, 4);
INSERT INTO EDITION_TAGS VALUES(109, 11);
INSERT INTO EDITION_TAGS VALUES(109, 5);
INSERT INTO EDITION_TAGS VALUES(109, 12);
INSERT INTO BOOK_TITLE VALUES(110, 'Django');
INSERT INTO EDITION VALUES(110, 49, 'Django Reinhardt was arguably the greatest guitarist who ever lived, an important influence on Les Paul, Charlie Christian, B.B. King, Jerry Garcia, Chet Atkins, and many others. Yet there is no major biography of Reinhardt. <p>Now, in Django, Michael Dregni offers a definitive portrait of this great guitarist. Handsome, charismatic, childlike, and unpredictable, Reinhardt was a character out of a picaresque novel. Born in a gypsy caravan at a crossroads in Belgium, he was almost killed in a freak fire that burned half of<br>his body and left his left hand twisted into a claw. But with this maimed left hand flying over the frets and his right hand plucking at dizzying speed, Django became Europe''s most famous jazz musician, commanding exorbitant fees--and spending the money as fast as he made it. Dregni not only<br>chronicles this remarkably colorful life--including a fascinating account of gypsy culture--but he also sheds much light on Django''s musicianship.', '21', 'http://covers.openlibrary.org/b/isbn/9780195304480-L.jpg', 'http://covers.openlibrary.org/b/isbn/9780195304480-M.jpg', 'en', 326, 1.1, 506, true, PARSEDATETIME('2006', 'yyyy'), 42, 110);
INSERT INTO BOOK_TITLE_CONTRIBUTIONS VALUES(110, 160);
INSERT INTO BOOK_TITLE_GENRES(book_title_id, genres_id) VALUES(110, 98);
INSERT INTO BOOK_TITLE_GENRES(book_title_id, genres_id) VALUES(110, 99);
INSERT INTO BOOK_TITLE_GENRES(book_title_id, genres_id) VALUES(110, 100);
INSERT INTO EDITION_TAGS VALUES(110, 4);
INSERT INTO EDITION_TAGS VALUES(110, 11);
INSERT INTO EDITION_TAGS VALUES(110, 5);
INSERT INTO EDITION_TAGS VALUES(110, 12);
INSERT INTO BOOK_TITLE VALUES(111, 'Pro Django');
INSERT INTO EDITION VALUES(111, 37, '<p> Learn how to leverage Django, the leading Python web application development framework, to its full potential in this advanced tutorial and reference. Updated for Django 1.5 and Python 3, Pro Django, Second Edition examines in great detail the complex problems that Python web application developers can face and how to solve them. It provides in–depth information about advanced tools and techniques available in every Django installation, running the gamut from the theory of Django’s internal operations to actual code that solves real–world problems for high–volume environments.<p> <p> Pro Django, Second Edition goes above and beyond other books, leaving the basics far behind and showing how Django can do things even its core developers never expected. By drawing on the dynamic nature of Python, you can write Django applications that stretch the limits of what you thought possible! </p> What you’ll learn Use Django’s models, views, forms, and templates  Handle HTTP and customizing ba', '20', 'http://covers.openlibrary.org/b/isbn/9781430258094-L.jpg', 'http://covers.openlibrary.org/b/isbn/9781430258094-M.jpg', 'en', 300, 2.8, 335, true, PARSEDATETIME('2013', 'yyyy'), 8, 111);
INSERT INTO BOOK_TITLE_CONTRIBUTIONS VALUES(111, 161);
INSERT INTO BOOK_TITLE_GENRES(book_title_id, genres_id) VALUES(111, 0);
INSERT INTO BOOK_TITLE_GENRES(book_title_id, genres_id) VALUES(111, 97);
INSERT INTO BOOK_TITLE_GENRES(book_title_id, genres_id) VALUES(111, 101);
INSERT INTO BOOK_TITLE_GENRES(book_title_id, genres_id) VALUES(111, 102);
INSERT INTO BOOK_TITLE_GENRES(book_title_id, genres_id) VALUES(111, 9);
INSERT INTO BOOK_TITLE_GENRES(book_title_id, genres_id) VALUES(111, 24);
INSERT INTO BOOK_TITLE_GENRES(book_title_id, genres_id) VALUES(111, 28);
INSERT INTO EDITION_TAGS VALUES(111, 4);
INSERT INTO EDITION_TAGS VALUES(111, 11);
INSERT INTO EDITION_TAGS VALUES(111, 5);
INSERT INTO EDITION_TAGS VALUES(111, 12);
INSERT INTO BOOK_TITLE VALUES(112, 'Practical Django Projects');
INSERT INTO EDITION VALUES(112, 18, '<p>Build a Django content management system, blog, and social networking site with James Bennett as he introduces version 1.1 of the popular Django framework. </p><p>You’ll work through the development of each project, implementing and running the applications while learning new features along the way.</p><p>Web frameworks are playing a major role in the creation of today’s most compelling web applications, because they automate many of the tedious tasks, allowing developers to instead focus on providing users with creative and powerful features. Python developers have been particularly fortunate in this area, having been able to take advantage of Django, a very popular open-source web framework whose stated goal is to "make it easier to build better web applications more quickly with less code."</p><p>Practical Django Projects introduces this popular framework by way of a series of real–world projects.', '19', 'http://covers.openlibrary.org/b/isbn/9781430219385-L.jpg', 'http://covers.openlibrary.org/b/isbn/9781430219385-M.jpg', 'en', 272, 1.7, 325, true, PARSEDATETIME('2009', 'yyyy'), 8, 112);
INSERT INTO BOOK_TITLE_CONTRIBUTIONS VALUES(112, 162);
INSERT INTO BOOK_TITLE_GENRES(book_title_id, genres_id) VALUES(112, 0);
INSERT INTO BOOK_TITLE_GENRES(book_title_id, genres_id) VALUES(112, 97);
INSERT INTO BOOK_TITLE_GENRES(book_title_id, genres_id) VALUES(112, 1);
INSERT INTO BOOK_TITLE_GENRES(book_title_id, genres_id) VALUES(112, 3);
INSERT INTO BOOK_TITLE_GENRES(book_title_id, genres_id) VALUES(112, 101);
INSERT INTO BOOK_TITLE_GENRES(book_title_id, genres_id) VALUES(112, 42);
INSERT INTO EDITION_TAGS VALUES(112, 4);
INSERT INTO EDITION_TAGS VALUES(112, 11);
INSERT INTO EDITION_TAGS VALUES(112, 5);
INSERT INTO EDITION_TAGS VALUES(112, 12);
INSERT INTO BOOK_TITLE VALUES(113, 'Django 1.2 E-Commerce');
INSERT INTO EDITION VALUES(113, 21, 'Packed with code examples and configuration hints for related web technologies, the book helps you add a new feature to your store in each chapter. It also provides additional documentation and comments for popular web APIs. If you are a Django developer and wish to build an e-commerce application, then this book is for you. You need to be familiar with the basics of developing in Django.', '20', 'http://covers.openlibrary.org/b/isbn/9781847197016-L.jpg', 'http://covers.openlibrary.org/b/isbn/9781847197016-M.jpg', 'en', 244, 2.2, 483, false, PARSEDATETIME('2010', 'yyyy'), 45, 113);
INSERT INTO BOOK_TITLE_CONTRIBUTIONS VALUES(113, 163);
INSERT INTO BOOK_TITLE_GENRES(book_title_id, genres_id) VALUES(113, 0);
INSERT INTO BOOK_TITLE_GENRES(book_title_id, genres_id) VALUES(113, 3);
INSERT INTO EDITION_TAGS VALUES(113, 4);
INSERT INTO EDITION_TAGS VALUES(113, 11);
INSERT INTO EDITION_TAGS VALUES(113, 5);
INSERT INTO EDITION_TAGS VALUES(113, 12);
INSERT INTO BOOK_TITLE VALUES(114, 'A treasury of Django Reinhardt guitar solos');
INSERT INTO EDITION VALUES(114, 24, 'Just solos! If you want a close up look at the soloing style of Django, this book has 75 of them. Songs from 1935 through 1946 including: Blues Minor * Daphne * Diminushing * Impromptu * Naguine * Swing 41 * Tears * and Ultra Fox.', '19', 'http://covers.openlibrary.org/b/isbn/9780793522279-L.jpg', 'http://covers.openlibrary.org/b/isbn/9780793522279-M.jpg', 'en', 80, 2.1, 154, true, PARSEDATETIME('1992', 'yyyy'), 46, 114);
INSERT INTO BOOK_TITLE_CONTRIBUTIONS VALUES(114, 164);
INSERT INTO BOOK_TITLE_GENRES(book_title_id, genres_id) VALUES(114, 104);
INSERT INTO BOOK_TITLE_GENRES(book_title_id, genres_id) VALUES(114, 3);
INSERT INTO BOOK_TITLE_GENRES(book_title_id, genres_id) VALUES(114, 103);
INSERT INTO EDITION_TAGS VALUES(114, 4);
INSERT INTO EDITION_TAGS VALUES(114, 11);
INSERT INTO EDITION_TAGS VALUES(114, 5);
INSERT INTO EDITION_TAGS VALUES(114, 12);
INSERT INTO BOOK_TITLE VALUES(115, 'How Linux Works, 2nd Edition');
INSERT INTO EDITION VALUES(115, 12, '<p>Unlike some operating systems, Linux doesn’t try to hide the important bits from you—it gives you full control of your computer. But to truly master Linux, you need to understand its internals, like how the system boots, how networking works, and what the kernel actually does.<br><br>In this completely revised second edition of the perennial best seller <i>How Linux Works</i>, author Brian Ward makes the concepts behind Linux internals accessible to anyone curious about the inner workings of the operating system. Inside, you’ll find the kind of knowledge that normally comes from years of experience doing things the hard way. You’ll learn:</p><p>* How Linux boots, from boot loaders to init implementations (systemd, Upstart, and System V)<br>* How the kernel manages devices, device drivers, and processes<br>* How networking, interfaces, firewalls, and servers work<br>* How development tools work and relate to shared libraries<br>* How to write effective shell scripts<br><br>You’ll als', '21', 'http://covers.openlibrary.org/b/isbn/9781593275679-L.jpg', 'http://covers.openlibrary.org/b/isbn/9781593275679-M.jpg', 'en', 392, 1.2, 91, true, PARSEDATETIME('2014', 'yyyy'), 4, 115);
INSERT INTO BOOK_TITLE_CONTRIBUTIONS VALUES(115, 165);
INSERT INTO BOOK_TITLE_GENRES(book_title_id, genres_id) VALUES(115, 0);
INSERT INTO BOOK_TITLE_GENRES(book_title_id, genres_id) VALUES(115, 3);
INSERT INTO BOOK_TITLE_GENRES(book_title_id, genres_id) VALUES(115, 17);
INSERT INTO BOOK_TITLE_GENRES(book_title_id, genres_id) VALUES(115, 56);
INSERT INTO BOOK_TITLE_GENRES(book_title_id, genres_id) VALUES(115, 30);
INSERT INTO EDITION_TAGS VALUES(115, 13);
INSERT INTO EDITION_TAGS VALUES(115, 1);
INSERT INTO EDITION_TAGS VALUES(115, 4);
INSERT INTO EDITION_TAGS VALUES(115, 2);
INSERT INTO BOOK_TITLE VALUES(116, 'Linux Command Line and Shell Scripting Bible');
INSERT INTO EDITION VALUES(116, 47, '<p><b>Advance your understanding of the Linux command line with this invaluable resource </b></p> <p><i>Linux Command Line and Shell Scripting Bible, 4th Edition</i> is the newest installment in the indispensable series known to Linux developers all over the world. Packed with concrete strategies and practical tips, the latest edition includes brand-new content covering:</p> <ul> <li>Understanding the Shell </li> <li>Writing Simple Script Utilities </li> <li>Producing Database, Web & Email Scripts </li> <li>Creating Fun Little Shell Scripts </li> </ul> <p>Written by accomplished Linux professionals Christine Bresnahan and Richard Blum, Linux Command Line and Shell Scripting Bible, 4th Edition teaches readers the fundamentals and advanced topics necessary for a comprehensive understanding of shell scripting in Linux. The book is filled with real-world examples and usable scripts, helping readers navigate the challenging Linux environment with ease and convenience.', '19', 'http://covers.openlibrary.org/b/isbn/9781119700913-L.jpg', 'http://covers.openlibrary.org/b/isbn/9781119700913-M.jpg', 'en', 832, 1.3, 136, true, PARSEDATETIME('2021', 'yyyy'), 1, 116);
INSERT INTO BOOK_TITLE_CONTRIBUTIONS VALUES(116, 166);
INSERT INTO BOOK_TITLE_CONTRIBUTIONS VALUES(116, 167);
INSERT INTO BOOK_TITLE_GENRES(book_title_id, genres_id) VALUES(116, 0);
INSERT INTO BOOK_TITLE_GENRES(book_title_id, genres_id) VALUES(116, 1);
INSERT INTO BOOK_TITLE_GENRES(book_title_id, genres_id) VALUES(116, 102);
INSERT INTO BOOK_TITLE_GENRES(book_title_id, genres_id) VALUES(116, 9);
INSERT INTO BOOK_TITLE_GENRES(book_title_id, genres_id) VALUES(116, 17);
INSERT INTO BOOK_TITLE_GENRES(book_title_id, genres_id) VALUES(116, 30);
INSERT INTO EDITION_TAGS VALUES(116, 13);
INSERT INTO EDITION_TAGS VALUES(116, 1);
INSERT INTO EDITION_TAGS VALUES(116, 4);
INSERT INTO EDITION_TAGS VALUES(116, 2);
INSERT INTO BOOK_TITLE VALUES(117, 'The Linux Command Line');
INSERT INTO EDITION VALUES(117, 13, '<p>You''ve experienced the shiny, point-and-click surface of your Linux computer—now dive below and explore its depths with the power of the command line.<br><br><i>The Linux Command Line</i> takes you from your very first terminal keystrokes to writing full programs in Bash, the most popular Linux shell. Along the way you''ll learn the timeless skills handed down by generations of gray-bearded, mouse-shunning gurus: file navigation, environment configuration, command chaining, pattern matching with regular expressions, and more.<br><br>In addition to that practical knowledge, author William Shotts reveals the philosophy behind these tools and the rich heritage that your desktop Linux machine has inherited from Unix supercomputers of yore.<br><br>As you make your way through the book''s short, easily-digestible chapters, you''ll learn how to:<br><br>* Create and delete files, directories, and symlinks<br>* Administer your system, including networking, package installation, and process ', '20', 'http://covers.openlibrary.org/b/isbn/9781593273897-L.jpg', 'http://covers.openlibrary.org/b/isbn/9781593273897-M.jpg', 'en', 480, 2.3, 177, false, PARSEDATETIME('2012', 'yyyy'), 4, 117);
INSERT INTO BOOK_TITLE_CONTRIBUTIONS VALUES(117, 168);
INSERT INTO BOOK_TITLE_GENRES(book_title_id, genres_id) VALUES(117, 0);
INSERT INTO BOOK_TITLE_GENRES(book_title_id, genres_id) VALUES(117, 3);
INSERT INTO BOOK_TITLE_GENRES(book_title_id, genres_id) VALUES(117, 17);
INSERT INTO BOOK_TITLE_GENRES(book_title_id, genres_id) VALUES(117, 56);
INSERT INTO BOOK_TITLE_GENRES(book_title_id, genres_id) VALUES(117, 29);
INSERT INTO BOOK_TITLE_GENRES(book_title_id, genres_id) VALUES(117, 30);
INSERT INTO EDITION_TAGS VALUES(117, 13);
INSERT INTO EDITION_TAGS VALUES(117, 1);
INSERT INTO EDITION_TAGS VALUES(117, 4);
INSERT INTO EDITION_TAGS VALUES(117, 2);
INSERT INTO BOOK_TITLE VALUES(118, 'Linux in a Nutshell');
INSERT INTO EDITION VALUES(118, 47, '<p>Everything you need to know about Linux is in this book. Written by Stephen Figgins, Ellen Siever, Robert Love, and Arnold Robbins -- people with years of active participation in the Linux community -- <i>Linux in a Nutshell</i>, Sixth Edition, thoroughly covers programming tools, system and network administration tools, the shell, editors, and LILO and GRUB boot loaders. <br><br> This updated edition offers a tighter focus on Linux system essentials, as well as more coverage of new capabilities such as virtualization, wireless network management, and revision control with git. It also highlights the most important options for using the vast number of Linux commands. You''ll find many helpful new tips and techniques in this reference, whether you''re new to this operating system or have been using it for years. <br><br></p><ul><li>Get the Linux commands for system administration and n', '18', 'http://covers.openlibrary.org/b/isbn/9780596154486-L.jpg', 'http://covers.openlibrary.org/b/isbn/9780596154486-M.jpg', 'en', 944, 3.0, 279, true, PARSEDATETIME('2009', 'yyyy'), 20, 118);
INSERT INTO BOOK_TITLE_CONTRIBUTIONS VALUES(118, 169);
INSERT INTO BOOK_TITLE_CONTRIBUTIONS VALUES(118, 170);
INSERT INTO BOOK_TITLE_CONTRIBUTIONS VALUES(118, 171);
INSERT INTO BOOK_TITLE_CONTRIBUTIONS VALUES(118, 172);
INSERT INTO BOOK_TITLE_GENRES(book_title_id, genres_id) VALUES(118, 0);
INSERT INTO BOOK_TITLE_GENRES(book_title_id, genres_id) VALUES(118, 17);
INSERT INTO BOOK_TITLE_GENRES(book_title_id, genres_id) VALUES(118, 29);
INSERT INTO EDITION_TAGS VALUES(118, 13);
INSERT INTO EDITION_TAGS VALUES(118, 1);
INSERT INTO EDITION_TAGS VALUES(118, 4);
INSERT INTO EDITION_TAGS VALUES(118, 2);
INSERT INTO BOOK_TITLE VALUES(119, 'Linux All-in-One For Dummies');
INSERT INTO EDITION VALUES(119, 41, '<p><b>8 mini books chock full of Linux!</b></p> <p>Inside, over 800 pages of Linux topics are organized into eight task-oriented mini books that help you understand all aspects of the latest OS distributions of the most popular open-source operating system in use today. Topics include getting up and running with basics, desktops, networking, internet services, administration, security, scripting, Linux certification, and more. </p> <p>This new edition of <i>Linux All-in-One For Dummies</i> has a unique focus on Ubuntu, while still including coverage of Debian, Red Hat, SuSE, and others. The market is looking for administrators, and part of the qualifications needed for job openings is the authentication of skills by vendor-neutral third parties (CompTIA/Linux Professional Institute)—and that’s something other books out there don’t address.</p> <ul> <li>Install and configure peripherals, ', '19', 'http://covers.openlibrary.org/b/isbn/9781119490463-L.jpg', 'http://covers.openlibrary.org/b/isbn/9781119490463-M.jpg', 'en', 560, 3.2, 182, false, PARSEDATETIME('2018', 'yyyy'), 1, 119);
INSERT INTO BOOK_TITLE_CONTRIBUTIONS VALUES(119, 173);
INSERT INTO BOOK_TITLE_GENRES(book_title_id, genres_id) VALUES(119, 0);
INSERT INTO BOOK_TITLE_GENRES(book_title_id, genres_id) VALUES(119, 3);
INSERT INTO BOOK_TITLE_GENRES(book_title_id, genres_id) VALUES(119, 43);
INSERT INTO BOOK_TITLE_GENRES(book_title_id, genres_id) VALUES(119, 17);
INSERT INTO BOOK_TITLE_GENRES(book_title_id, genres_id) VALUES(119, 30);
INSERT INTO EDITION_TAGS VALUES(119, 13);
INSERT INTO EDITION_TAGS VALUES(119, 1);
INSERT INTO EDITION_TAGS VALUES(119, 4);
INSERT INTO EDITION_TAGS VALUES(119, 2);
INSERT INTO BOOK_TITLE VALUES(120, 'The Linux Programming Interface');
INSERT INTO EDITION VALUES(120, 45, '<p><i>The Linux Programming Interface</i> is the definitive guide to the Linux and UNIX programming interface—the interface employed by nearly every application that runs on a Linux or UNIX system.</p> <p>In this authoritative work, Linux programming expert Michael Kerrisk provides detailed descriptions of the system calls and library functions that you need in order to master the craft of system programming, and accompanies his explanations with clear, complete example programs.</p> <p>You''ll find descriptions of over 500 system calls and library functions, and more than 200 example programs, 88 tables, and 115 diagrams. You''ll learn how to:</p><p>* Read and write files efficiently <br>* Use signals, clocks, and timers <br>* Create processes and execute programs <br>* Write secure programs <br>* Write multithreaded programs using POSIX threads <br>* Build and use shared libraries <br>* Perform interprocess communication using pipes, message queues, shared memory, and semaphores <br>', '21', 'http://covers.openlibrary.org/b/isbn/9781593272203-L.jpg', 'http://covers.openlibrary.org/b/isbn/9781593272203-M.jpg', 'en', 1552, 3.3, 560, true, PARSEDATETIME('2010', 'yyyy'), 4, 120);
INSERT INTO BOOK_TITLE_CONTRIBUTIONS VALUES(120, 174);
INSERT INTO BOOK_TITLE_GENRES(book_title_id, genres_id) VALUES(120, 0);
INSERT INTO BOOK_TITLE_GENRES(book_title_id, genres_id) VALUES(120, 102);
INSERT INTO BOOK_TITLE_GENRES(book_title_id, genres_id) VALUES(120, 9);
INSERT INTO BOOK_TITLE_GENRES(book_title_id, genres_id) VALUES(120, 17);
INSERT INTO BOOK_TITLE_GENRES(book_title_id, genres_id) VALUES(120, 29);
INSERT INTO BOOK_TITLE_GENRES(book_title_id, genres_id) VALUES(120, 30);
INSERT INTO EDITION_TAGS VALUES(120, 13);
INSERT INTO EDITION_TAGS VALUES(120, 1);
INSERT INTO EDITION_TAGS VALUES(120, 4);
INSERT INTO EDITION_TAGS VALUES(120, 2);
INSERT INTO BOOK_TITLE VALUES(121, 'Linux Basics for Hackers');
INSERT INTO EDITION VALUES(121, 51, '<b>This practical, tutorial-style book uses the Kali Linux distribution to teach Linux basics with a focus on how hackers would use them. Topics include Linux command line basics, filesystems, networking, BASH basics, package management, logging, and the Linux kernel and drivers.</b> <p>If you''re getting started along the exciting path of hacking, cybersecurity, and pentesting, <i>Linux Basics for Hackers</i> is an excellent first step. Using Kali Linux, an advanced penetration testing distribution of Linux, you''ll learn the basics of using the Linux operating system and acquire the tools and techniques you''ll need to take control of a Linux environment. <p>First, you''ll learn how to install Kali on a virtual machine and get an introduction to basic Linux concepts. Next, you''ll tackle broader Linux topics like manipulating text, controlling file and directory permissions, and managing user environment variables.', '22', 'http://covers.openlibrary.org/b/isbn/9781593278557-L.jpg', 'http://covers.openlibrary.org/b/isbn/9781593278557-M.jpg', 'en', 248, 2.8, 289, false, PARSEDATETIME('2018', 'yyyy'), 4, 121);
INSERT INTO BOOK_TITLE_CONTRIBUTIONS VALUES(121, 175);
INSERT INTO BOOK_TITLE_GENRES(book_title_id, genres_id) VALUES(121, 0);
INSERT INTO BOOK_TITLE_GENRES(book_title_id, genres_id) VALUES(121, 17);
INSERT INTO BOOK_TITLE_GENRES(book_title_id, genres_id) VALUES(121, 30);
INSERT INTO EDITION_TAGS VALUES(121, 13);
INSERT INTO EDITION_TAGS VALUES(121, 1);
INSERT INTO EDITION_TAGS VALUES(121, 4);
INSERT INTO EDITION_TAGS VALUES(121, 2);
INSERT INTO BOOK_TITLE VALUES(122, 'Hardening Linux');
INSERT INTO EDITION VALUES(122, 27, '“Hardening” is the process of protecting a system and its applications against unknown threats. <i>Hardening Linux</i> identifies many of the risks of running Linux hosts and applications and provides practical examples and methods to minimize those risks. The book is written for Linux/UNIX administrators who do not necessarily have in-depth knowledge of security but need to know how to secure their networks.', '18', 'http://covers.openlibrary.org/b/isbn/9781590594445-L.jpg', 'http://covers.openlibrary.org/b/isbn/9781590594445-M.jpg', 'en', 584, 1.7, 453, true, PARSEDATETIME('2005', 'yyyy'), 8, 122);
INSERT INTO BOOK_TITLE_CONTRIBUTIONS VALUES(122, 176);
INSERT INTO BOOK_TITLE_GENRES(book_title_id, genres_id) VALUES(122, 0);
INSERT INTO BOOK_TITLE_GENRES(book_title_id, genres_id) VALUES(122, 1);
INSERT INTO BOOK_TITLE_GENRES(book_title_id, genres_id) VALUES(122, 42);
INSERT INTO BOOK_TITLE_GENRES(book_title_id, genres_id) VALUES(122, 3);
INSERT INTO EDITION_TAGS VALUES(122, 13);
INSERT INTO EDITION_TAGS VALUES(122, 1);
INSERT INTO EDITION_TAGS VALUES(122, 4);
INSERT INTO EDITION_TAGS VALUES(122, 2);
INSERT INTO BOOK_TITLE VALUES(123, 'Red Hat Fedora Linux 2 All-in-One Desk Reference For Dummies');
INSERT INTO EDITION VALUES(123, 15, '<ul> <li>This essential reference organizes material into a set of nine stand-alone, task-oriented minibooks that enable readers to understand all aspects of the Fedora OS, the latest release of the most popular Linux distribution</li> <li>Each minibook covers a different aspect of Fedora, such as getting users started with Fedora, the various workstations and applications, OpenOffice.org, networking, system administration, security, running Internet servers on a Fedora system, and programming</li> <li>More experienced readers can use this desktop reference to look up how to perform specific tasks, such as hooking up to the Internet, using a cable modem, or reading e-mail</li> <li>Includes the full Fedora Core distribution with source code on DVD and all of the CD content that comes with Fedora, saving readers hours of download time</li> </ul>', '20', 'http://covers.openlibrary.org/b/isbn/9780764567933-L.jpg', 'http://covers.openlibrary.org/b/isbn/9780764567933-M.jpg', 'en', 850, 3.5, 173, true, PARSEDATETIME('2004', 'yyyy'), 1, 123);
INSERT INTO BOOK_TITLE_CONTRIBUTIONS VALUES(123, 177);
INSERT INTO BOOK_TITLE_GENRES(book_title_id, genres_id) VALUES(123, 0);
INSERT INTO BOOK_TITLE_GENRES(book_title_id, genres_id) VALUES(123, 3);
INSERT INTO BOOK_TITLE_GENRES(book_title_id, genres_id) VALUES(123, 36);
INSERT INTO BOOK_TITLE_GENRES(book_title_id, genres_id) VALUES(123, 17);
INSERT INTO BOOK_TITLE_GENRES(book_title_id, genres_id) VALUES(123, 30);
INSERT INTO EDITION_TAGS VALUES(123, 13);
INSERT INTO EDITION_TAGS VALUES(123, 1);
INSERT INTO EDITION_TAGS VALUES(123, 4);
INSERT INTO EDITION_TAGS VALUES(123, 2);
INSERT INTO BOOK_TITLE VALUES(124, 'Linux Smart Homes For Dummies');
INSERT INTO EDITION VALUES(124, 46, 'A Linux smart home is about controlling and monitoring devices and information around your home using a standard personal computer, Linux, and its vast array of open source tools. You don’t have to be a master programmer to create one. If you like to tinker with Linux, <i>Linux Smart Homes For Dummies</i> will guide you through cool home automation projects that are as much fun to work on as they are to use. <p>Home automation used to be limited to turning on lights and appliances, and maybe controlling your thermostat and lawn sprinkler, from your computer. While you still might not be able to create all the Jetsons’ toys, today you can also</p> <ul> <li>Build a wireless network</li> <li>Create and set up a weather station</li> <li>Automate your TV and sound system</li> <li>Spy on your pets when you’re not home</li> <li>Set up an answering system that knows what to do with calls</li> <li>Increase your home’s security</li> </ul> <p>If you know how to use Linux and a few basic developme', '21', 'http://covers.openlibrary.org/b/isbn/9780470085967-L.jpg', 'http://covers.openlibrary.org/b/isbn/9780470085967-M.jpg', 'en', 384, 2.2, 254, true, PARSEDATETIME('2006', 'yyyy'), 1, 124);
INSERT INTO BOOK_TITLE_CONTRIBUTIONS VALUES(124, 178);
INSERT INTO BOOK_TITLE_GENRES(book_title_id, genres_id) VALUES(124, 0);
INSERT INTO BOOK_TITLE_GENRES(book_title_id, genres_id) VALUES(124, 17);
INSERT INTO BOOK_TITLE_GENRES(book_title_id, genres_id) VALUES(124, 3);
INSERT INTO BOOK_TITLE_GENRES(book_title_id, genres_id) VALUES(124, 30);
INSERT INTO EDITION_TAGS VALUES(124, 13);
INSERT INTO EDITION_TAGS VALUES(124, 1);
INSERT INTO EDITION_TAGS VALUES(124, 4);
INSERT INTO EDITION_TAGS VALUES(124, 2);
INSERT INTO BOOK_TITLE VALUES(125, 'Understanding Linux Network Internals');
INSERT INTO EDITION VALUES(125, 18, '<p>If you''ve ever wondered how Linux carries out the complicated tasks assigned to it by the IP protocols -- or if you just want to learn about modern networking through real-life examples -- <i>Understanding Linux Network Internals</i> is for you. </p><p> Like the popular O''Reilly book, <i>Understanding the Linux Kernel</i>, this book clearly explains the underlying concepts and teaches you how to follow the actual C code that implements it. Although some background in the TCP/IP protocols is helpful, you can learn a great deal from this text about the protocols themselves and their uses. And if you already have a base knowledge of C, you can use the book''s code walkthroughs to figure out exactly what this sophisticated part of the Linux kernel is doing. </p><p> Part of the difficulty in understanding networks -- and implementing them -- is that the tasks are broken up and performed at many different times by different pieces of code.', '20', 'http://covers.openlibrary.org/b/isbn/9780596002558-L.jpg', 'http://covers.openlibrary.org/b/isbn/9780596002558-M.jpg', 'en', 1035, 1.2, 394, true, PARSEDATETIME('2006', 'yyyy'), 12, 125);
INSERT INTO BOOK_TITLE_CONTRIBUTIONS VALUES(125, 179);
INSERT INTO BOOK_TITLE_GENRES(book_title_id, genres_id) VALUES(125, 0);
INSERT INTO BOOK_TITLE_GENRES(book_title_id, genres_id) VALUES(125, 17);
INSERT INTO BOOK_TITLE_GENRES(book_title_id, genres_id) VALUES(125, 3);
INSERT INTO BOOK_TITLE_GENRES(book_title_id, genres_id) VALUES(125, 52);
INSERT INTO EDITION_TAGS VALUES(125, 13);
INSERT INTO EDITION_TAGS VALUES(125, 1);
INSERT INTO EDITION_TAGS VALUES(125, 4);
INSERT INTO EDITION_TAGS VALUES(125, 2);
INSERT INTO BOOK_TITLE VALUES(126, 'Linux for Beginners');
INSERT INTO EDITION VALUES(126, 60, '<b>If you want to learn how to use Linux, but don''t know where to start read on.</b><br> <br> Knowing where to start when learning a new skill can be a challenge, especially when the topic seems so vast. There can be so much information available that you can''t even decide where to start. Or worse, you start down the path of learning and quickly discover too many concepts, commands, and nuances that aren''t explained. This kind of experience is frustrating and leaves you with more questions than answers.<br> <br> <i><br> Linux for Beginners</i> doesn''t make any assumptions about your background or knowledge of Linux. You need no prior knowledge to benefit from this book. You will be guided step by step using a logical and systematic approach. As new concepts, commands, or jargon are encountered they are explained in plain language, making it easy for anyone to understand.<br> <br> <br> Here is what you will learn by reading <i>Linux for Beginners</i>:<br> <ul> <li><i><br></i></li> <', '20', 'http://covers.openlibrary.org/b/isbn/9781496145093-L.jpg', 'http://covers.openlibrary.org/b/isbn/9781496145093-M.jpg', 'en', 202, 3.7, 168, true, PARSEDATETIME('2014', 'yyyy'), 47, 126);
INSERT INTO BOOK_TITLE_CONTRIBUTIONS VALUES(126, 180);
INSERT INTO BOOK_TITLE_GENRES(book_title_id, genres_id) VALUES(126, 0);
INSERT INTO BOOK_TITLE_GENRES(book_title_id, genres_id) VALUES(126, 105);
INSERT INTO BOOK_TITLE_GENRES(book_title_id, genres_id) VALUES(126, 56);
INSERT INTO EDITION_TAGS VALUES(126, 13);
INSERT INTO EDITION_TAGS VALUES(126, 1);
INSERT INTO EDITION_TAGS VALUES(126, 4);
INSERT INTO EDITION_TAGS VALUES(126, 2);
INSERT INTO BOOK_TITLE VALUES(127, 'Introduction to Linux (Second Edition)');
INSERT INTO EDITION VALUES(127, 45, 'Whether you''re just starting out with Linux or looking to hone your existing skills, this book will provide you with the knowledge you need.', '21', 'http://covers.openlibrary.org/b/isbn/9781596821125-L.jpg', 'http://covers.openlibrary.org/b/isbn/9781596821125-M.jpg', 'en', 300, 3.5, 532, true, PARSEDATETIME('2007', 'yyyy'), 48, 127);
INSERT INTO BOOK_TITLE_CONTRIBUTIONS VALUES(127, 181);
INSERT INTO BOOK_TITLE_GENRES(book_title_id, genres_id) VALUES(127, 0);
INSERT INTO BOOK_TITLE_GENRES(book_title_id, genres_id) VALUES(127, 17);
INSERT INTO BOOK_TITLE_GENRES(book_title_id, genres_id) VALUES(127, 106);
INSERT INTO BOOK_TITLE_GENRES(book_title_id, genres_id) VALUES(127, 30);
INSERT INTO EDITION_TAGS VALUES(127, 13);
INSERT INTO EDITION_TAGS VALUES(127, 1);
INSERT INTO EDITION_TAGS VALUES(127, 4);
INSERT INTO EDITION_TAGS VALUES(127, 2);
INSERT INTO BOOK_TITLE VALUES(128, 'Using Linux');
INSERT INTO EDITION VALUES(128, 31, 'The secrets of unleashing the full power of Linux -- at your fingertips! Que''s Special Edition Using Linux, Third Editions is your all-in-one resource for installing, configuring, and working with this powerful operating system. From running Linux applications and backing up data to configuring a TCP/IP network, using email, and creating your own HTML page, you''ll find all the information you need to master the power of Linux!<p>- Learn how to install Red Hat Linux on various DECAlpha platforms<p>- Install and configure the XFree86 windowing system, and get XWindows resource files<p>-Learn the Linux file and directory structure and how to move within it<p>- Maneuver through Linux and manage users with basic commands<p>- Learn how to get Apache, the world''s most popular Linux Web server, up and running<p>- Make the most of your Internet connection by accessing Usenet news and email<p>-', '18', 'http://covers.openlibrary.org/b/isbn/9780789711328-L.jpg', 'http://covers.openlibrary.org/b/isbn/9780789711328-M.jpg', 'en', 774, 1.3, 461, true, PARSEDATETIME('1997', 'yyyy'), 49, 128);
INSERT INTO BOOK_TITLE_CONTRIBUTIONS VALUES(128, 182);
INSERT INTO BOOK_TITLE_CONTRIBUTIONS VALUES(128, 183);
INSERT INTO BOOK_TITLE_GENRES(book_title_id, genres_id) VALUES(128, 0);
INSERT INTO BOOK_TITLE_GENRES(book_title_id, genres_id) VALUES(128, 3);
INSERT INTO EDITION_TAGS VALUES(128, 13);
INSERT INTO EDITION_TAGS VALUES(128, 1);
INSERT INTO EDITION_TAGS VALUES(128, 4);
INSERT INTO EDITION_TAGS VALUES(128, 2);
INSERT INTO BOOK_TITLE VALUES(129, 'Multitool Linux');
INSERT INTO EDITION VALUES(129, 43, 'This unique, practical resource delivers specific Linux-based open source solutions to dozens of today''s most common computing and business challenges. Each modular chapter covers all you need to know to solve a specific set of problems -- with extensive examples, and detailed guidance on acquiring and running the Linux-based open source software you''ll need. Multitool Linux begins by reviewing the skills and mindset you need to make the most of Linux and open source software. The authors present comprehensive coverage of Linux as a solution for networking problems, covering remote control applications, routing, virtual private networks, file and print services for Windows clients, email, Web services, and more. The book covers a wide range of Linux-based security solutions, including secure logins, file transfers, email security, and encryption. The book also includes a full section on multimedia, ranging from video production to CD burning, 3D graphics to image processing.', '18', 'http://covers.openlibrary.org/b/isbn/9780201734201-L.jpg', 'http://covers.openlibrary.org/b/isbn/9780201734201-M.jpg', 'en', 532, 3.9, 276, true, PARSEDATETIME('2002', 'yyyy'), 14, 129);
INSERT INTO BOOK_TITLE_CONTRIBUTIONS VALUES(129, 184);
INSERT INTO BOOK_TITLE_CONTRIBUTIONS VALUES(129, 185);
INSERT INTO BOOK_TITLE_CONTRIBUTIONS VALUES(129, 186);
INSERT INTO BOOK_TITLE_CONTRIBUTIONS VALUES(129, 187);
INSERT INTO BOOK_TITLE_GENRES(book_title_id, genres_id) VALUES(129, 0);
INSERT INTO BOOK_TITLE_GENRES(book_title_id, genres_id) VALUES(129, 17);
INSERT INTO BOOK_TITLE_GENRES(book_title_id, genres_id) VALUES(129, 29);
INSERT INTO EDITION_TAGS VALUES(129, 13);
INSERT INTO EDITION_TAGS VALUES(129, 1);
INSERT INTO EDITION_TAGS VALUES(129, 4);
INSERT INTO EDITION_TAGS VALUES(129, 2);
INSERT INTO BOOK_TITLE VALUES(130, 'Linux Firewalls');
INSERT INTO EDITION VALUES(130, 13, '<p>System administrators need to stay ahead of new security vulnerabilities that leave their networks exposed every day. A firewall and an intrusion detection systems (IDS) are two important weapons in that fight, enabling you to proactively deny access and monitor network traffic for signs of an attack.</p> <p><i>Linux Firewalls</i> discusses the technical details of the iptables firewall and the Netfilter framework that are built into the Linux kernel, and it explains how they provide strong filtering, Network Address Translation (NAT), state tracking, and application layer inspection capabilities that rival many commercial tools. You''ll learn how to deploy iptables as an IDS with psad and fwsnort and how to build a strong, passive authentication layer around iptables with fwknop.</p> <p>Concrete examples illustrate concepts such as firewall log analysis and policies, passive network authentication and authorization, exploit packet traces, Snort ruleset emulation, and more with cove', '21', 'http://covers.openlibrary.org/b/isbn/9781593271411-L.jpg', 'http://covers.openlibrary.org/b/isbn/9781593271411-M.jpg', 'en', 336, 3.6, 271, true, PARSEDATETIME('2007', 'yyyy'), 4, 130);
INSERT INTO BOOK_TITLE_CONTRIBUTIONS VALUES(130, 188);
INSERT INTO BOOK_TITLE_GENRES(book_title_id, genres_id) VALUES(130, 0);
INSERT INTO BOOK_TITLE_GENRES(book_title_id, genres_id) VALUES(130, 2);
INSERT INTO BOOK_TITLE_GENRES(book_title_id, genres_id) VALUES(130, 3);
INSERT INTO BOOK_TITLE_GENRES(book_title_id, genres_id) VALUES(130, 17);
INSERT INTO BOOK_TITLE_GENRES(book_title_id, genres_id) VALUES(130, 52);
INSERT INTO BOOK_TITLE_GENRES(book_title_id, genres_id) VALUES(130, 30);
INSERT INTO EDITION_TAGS VALUES(130, 13);
INSERT INTO EDITION_TAGS VALUES(130, 1);
INSERT INTO EDITION_TAGS VALUES(130, 4);
INSERT INTO EDITION_TAGS VALUES(130, 2);
INSERT INTO BOOK_TITLE VALUES(131, 'Linux');
INSERT INTO EDITION VALUES(131, 34, 'Linux as a Business OS is a step-by-step, focused tutorial on installing and reliably maintaining a comprehensive Internet solution, including a corporate mail server, Web Server and more on a shoestring budget. Topics include: Set up and Installation, Connecting to the Internet, Basic services-mail and news, Setting up a Web server, Security, Advanced networking, Managing the system--accounts, logs, backups, configuring workstations, and Troubleshooting.', '22', 'http://covers.openlibrary.org/b/isbn/9780672316289-L.jpg', 'http://covers.openlibrary.org/b/isbn/9780672316289-M.jpg', 'en', 512, 2.5, 152, true, PARSEDATETIME('1999', 'yyyy'), 50, 131);
INSERT INTO BOOK_TITLE_CONTRIBUTIONS VALUES(131, 189);
INSERT INTO BOOK_TITLE_GENRES(book_title_id, genres_id) VALUES(131, 0);
INSERT INTO BOOK_TITLE_GENRES(book_title_id, genres_id) VALUES(131, 17);
INSERT INTO BOOK_TITLE_GENRES(book_title_id, genres_id) VALUES(131, 29);
INSERT INTO EDITION_TAGS VALUES(131, 13);
INSERT INTO EDITION_TAGS VALUES(131, 1);
INSERT INTO EDITION_TAGS VALUES(131, 4);
INSERT INTO EDITION_TAGS VALUES(131, 2);
INSERT INTO BOOK_TITLE VALUES(132, 'Utilizing Open Source Tools for Online Teaching and Learning: Applying Linux Technologies');
INSERT INTO EDITION VALUES(132, 44, '<p>It is necessary for online teaching designers and developers to understand the roles played by open source products in developing and supporting an online learning system.</p><p><b>Utilizing Open Source Tools for Online Teaching and Learning: Applying Linux Technologies</b> covers strategies on using and evaluating open source products for online teaching and learning systems. By going through each phase of the development process, this book provides comprehensive coverage on the application of open source products to meet the goals and objectives of instructional technology.</p>', '18', 'http://covers.openlibrary.org/b/isbn/9781605663777-L.jpg', 'http://covers.openlibrary.org/b/isbn/9781605663777-M.jpg', 'en', 364, 1.0, 71, false, PARSEDATETIME('2009', 'yyyy'), 51, 132);
INSERT INTO BOOK_TITLE_CONTRIBUTIONS VALUES(132, 190);
INSERT INTO BOOK_TITLE_GENRES(book_title_id, genres_id) VALUES(132, 0);
INSERT INTO BOOK_TITLE_GENRES(book_title_id, genres_id) VALUES(132, 102);
INSERT INTO BOOK_TITLE_GENRES(book_title_id, genres_id) VALUES(132, 9);
INSERT INTO BOOK_TITLE_GENRES(book_title_id, genres_id) VALUES(132, 107);
INSERT INTO BOOK_TITLE_GENRES(book_title_id, genres_id) VALUES(132, 108);
INSERT INTO BOOK_TITLE_GENRES(book_title_id, genres_id) VALUES(132, 109);
INSERT INTO EDITION_TAGS VALUES(132, 13);
INSERT INTO EDITION_TAGS VALUES(132, 1);
INSERT INTO EDITION_TAGS VALUES(132, 4);
INSERT INTO EDITION_TAGS VALUES(132, 2);
INSERT INTO BOOK_TITLE VALUES(133, 'Database Development For Dummies');
INSERT INTO EDITION VALUES(133, 29, '<p>Powerful, low-cost database development tools make it possible for virtually anybody to create their own database—and this hands-on guide makes it fun and easy </p> <p>Databases permeate every nook and cranny of our highly connected, information-intensive world, from ATMs to personal finance, online shopping, and networked information management. Databases have become so integral to the business environment that, nowadays, it’s next to impossible to stay competitive without the assistance of some sort of database technology—no matter what type or size of business you run. But developing your own database can be tricky. Whether you want to keep records for a small business or run a large e-commerce website, developing the right database system can be a major challenge. Which is where Database Development For Dummies comes in. </p> <p>From data modeling methods and development tools to Internet accessibility and security, this comprehensive guide shows you, step-by-step and with illus', '20', 'http://covers.openlibrary.org/b/isbn/9780764507526-L.jpg', 'http://covers.openlibrary.org/b/isbn/9780764507526-M.jpg', 'en', 360, 2.6, 516, false, PARSEDATETIME('2000', 'yyyy'), 0, 133);
INSERT INTO BOOK_TITLE_CONTRIBUTIONS VALUES(133, 191);
INSERT INTO BOOK_TITLE_GENRES(book_title_id, genres_id) VALUES(133, 0);
INSERT INTO BOOK_TITLE_GENRES(book_title_id, genres_id) VALUES(133, 19);
INSERT INTO BOOK_TITLE_GENRES(book_title_id, genres_id) VALUES(133, 42);
INSERT INTO BOOK_TITLE_GENRES(book_title_id, genres_id) VALUES(133, 3);
INSERT INTO EDITION_TAGS VALUES(133, 14);
INSERT INTO EDITION_TAGS VALUES(133, 15);
INSERT INTO EDITION_TAGS VALUES(133, 11);
INSERT INTO EDITION_TAGS VALUES(133, 16);
INSERT INTO BOOK_TITLE VALUES(134, 'Building a Deductive Database');
INSERT INTO EDITION VALUES(134, 10, 'This text illustrates the main issues and concepts behind deductive databases through the description of a real system. Both theory and practice combine to advance a pragmatic approach. The book covers all related topics from basic theory to its coupling with a known database management system and its implementation on a commerical multiprocessor. An overview describes the problems related to the field. In the introduction, basic tools and references to related work give the necessary background context. Chapter two slowly begins building the concepts that finally lead to the kern algorithm used throughout the book - mixed top-down, bottom-up computation. Upon completion of the book, the reader should be able to build a deductive database. Implementation problems are exposed and solved and new strategies and algorithms with their performance behaviour are presented. Additionally the reader should also learn the benefits and drawbacks of working with an existing database and the usefuln', '21', 'http://covers.openlibrary.org/b/isbn/9780893917685-L.jpg', 'http://covers.openlibrary.org/b/isbn/9780893917685-M.jpg', 'en', 259, 2.4, 197, true, PARSEDATETIME('1992', 'yyyy'), 52, 134);
INSERT INTO BOOK_TITLE_CONTRIBUTIONS VALUES(134, 192);
INSERT INTO BOOK_TITLE_GENRES(book_title_id, genres_id) VALUES(134, 0);
INSERT INTO BOOK_TITLE_GENRES(book_title_id, genres_id) VALUES(134, 110);
INSERT INTO EDITION_TAGS VALUES(134, 14);
INSERT INTO EDITION_TAGS VALUES(134, 15);
INSERT INTO EDITION_TAGS VALUES(134, 11);
INSERT INTO EDITION_TAGS VALUES(134, 16);
INSERT INTO BOOK_TITLE VALUES(135, 'Database Systems: Design, Implementation, and Management');
INSERT INTO EDITION VALUES(135, 39, 'Practical and easy to understand, DATABASE SYSTEMS: DESIGN, IMPLEMENTATION, AND MANAGEMENT, Tenth Edition, gives students a solid foundation in database design and implementation. Filled with visual aids such as diagrams, illustrations, and tables, this market-leading text provides in-depth coverage of database design, demonstrating that the key to successful database implementation is in proper design of databases to fit within a larger strategic view of the data environment. Renowned for its clear, straightforward writing style, this text provides students with an outstanding balance of theory and practice. The tenth edition has been thoroughly updated to include hot topics such as green computing/sustainability for modern data centers, the role of redundant relationships, and examples of web-database connectivity and code security. In addition, new review questions, problem sets, and cases have been added throughout the book so that students have multiple opportunities to test their', '20', 'http://covers.openlibrary.org/b/isbn/9781111969608-L.jpg', 'http://covers.openlibrary.org/b/isbn/9781111969608-M.jpg', 'en', 720, 4.9, 109, true, PARSEDATETIME('2012', 'yyyy'), 53, 135);
INSERT INTO BOOK_TITLE_CONTRIBUTIONS VALUES(135, 193);
INSERT INTO BOOK_TITLE_CONTRIBUTIONS VALUES(135, 194);
INSERT INTO BOOK_TITLE_CONTRIBUTIONS VALUES(135, 195);
INSERT INTO BOOK_TITLE_GENRES(book_title_id, genres_id) VALUES(135, 0);
INSERT INTO BOOK_TITLE_GENRES(book_title_id, genres_id) VALUES(135, 1);
INSERT INTO EDITION_TAGS VALUES(135, 14);
INSERT INTO EDITION_TAGS VALUES(135, 15);
INSERT INTO EDITION_TAGS VALUES(135, 11);
INSERT INTO EDITION_TAGS VALUES(135, 16);
INSERT INTO BOOK_TITLE VALUES(136, 'Fuzzy Database Modeling');
INSERT INTO EDITION VALUES(136, 15, 'Some recent fuzzy database modeling advances for the non-traditional applications are introduced in this book. The focus is on database models for modeling complex information and uncertainty at the conceptual, logical, physical design levels and from integrity constraints defined on the fuzzy relations. <br>The database models addressed here are; the conceptual data models, including the ExIFO and ExIFO2 data models, the logical database models, including the extended NF2 database model, fuzzy object-oriented database model, and the fuzzy deductive object-oriented database model. Integrity constraints are defined on the fuzzy relations are also addressed. A continuing reason for the limited adoption of fuzzy database systems has been performance. There have been few efforts at defining physical structures that accomodate fuzzy information. A new access structure and data organization for fuzzy information is introduced in this book.', '18', 'http://covers.openlibrary.org/b/isbn/9783790811711-L.jpg', 'http://covers.openlibrary.org/b/isbn/9783790811711-M.jpg', 'en', 234, 4.8, 257, true, PARSEDATETIME('1999', 'yyyy'), 3, 136);
INSERT INTO BOOK_TITLE_CONTRIBUTIONS VALUES(136, 196);
INSERT INTO BOOK_TITLE_CONTRIBUTIONS VALUES(136, 197);
INSERT INTO BOOK_TITLE_GENRES(book_title_id, genres_id) VALUES(136, 0);
INSERT INTO BOOK_TITLE_GENRES(book_title_id, genres_id) VALUES(136, 5);
INSERT INTO BOOK_TITLE_GENRES(book_title_id, genres_id) VALUES(136, 8);
INSERT INTO BOOK_TITLE_GENRES(book_title_id, genres_id) VALUES(136, 111);
INSERT INTO BOOK_TITLE_GENRES(book_title_id, genres_id) VALUES(136, 112);
INSERT INTO EDITION_TAGS VALUES(136, 14);
INSERT INTO EDITION_TAGS VALUES(136, 15);
INSERT INTO EDITION_TAGS VALUES(136, 11);
INSERT INTO EDITION_TAGS VALUES(136, 16);
INSERT INTO BOOK_TITLE VALUES(137, 'Database Systems');
INSERT INTO EDITION VALUES(137, 5, '<b>KEY MESSAGE: </b> This best-selling text introduces the theory behind databases in a concise yet comprehensive manner, providing database design methodology that can be used by both technical and non-technical readers. The methodology for relational Database Management Systems is presented in simple, step-by-step instructions in conjunction with a realistic worked example using three explicit phases-conceptual, logical, and physical database design. <b> KEY TOPICS: </b> <b>Background: </b>Introduction to Databases; Database Environment; Database Architectures and the Web. <b>The Relational Model and Languages: </b>The Relational model; Relational Algebra and Relational Calculus; SQL: Data Manipulation; SQL: Data Definition; Query-By-Example (QBE). <b>Database Analysis and Design: </b>Database System Lifecycle; Database Analysis and the <i>DreamHome</i> Case Study; Entity--Relationship Modeling; Enhanced Entity--Relationship Modeling; Normalization; Advanced Normalization.', '21', 'http://covers.openlibrary.org/b/isbn/9780132943260-L.jpg', 'http://covers.openlibrary.org/b/isbn/9780132943260-M.jpg', 'en', 1281, 2.6, 412, false, PARSEDATETIME('2015', 'yyyy'), 54, 137);
INSERT INTO BOOK_TITLE_CONTRIBUTIONS VALUES(137, 198);
INSERT INTO BOOK_TITLE_CONTRIBUTIONS VALUES(137, 199);
INSERT INTO BOOK_TITLE_GENRES(book_title_id, genres_id) VALUES(137, 0);
INSERT INTO BOOK_TITLE_GENRES(book_title_id, genres_id) VALUES(137, 16);
INSERT INTO BOOK_TITLE_GENRES(book_title_id, genres_id) VALUES(137, 113);
INSERT INTO EDITION_TAGS VALUES(137, 14);
INSERT INTO EDITION_TAGS VALUES(137, 15);
INSERT INTO EDITION_TAGS VALUES(137, 11);
INSERT INTO EDITION_TAGS VALUES(137, 16);
INSERT INTO BOOK_TITLE VALUES(138, 'Database Systems for Advanced Applications ''97');
INSERT INTO EDITION VALUES(138, 40, 'This volume contains the proceedings of the Fifth International Conference on Database Systems for Advanced Applications (DASFAA ''97). DASFAA ''97 focused on advanced database technologies and their applications. The 55 papers in this volume cover a wide range of areas in the field of database systems and applications ? including the rapidly emerging areas of the Internet, multimedia, and document database systems ? and should be of great interest to all database system researchers and developers, and practitioners.', '20', 'http://covers.openlibrary.org/b/isbn/9789810231071-L.jpg', 'http://covers.openlibrary.org/b/isbn/9789810231071-M.jpg', 'en', 542, 1.1, 250, true, PARSEDATETIME('1997', 'yyyy'), 55, 138);
INSERT INTO BOOK_TITLE_CONTRIBUTIONS VALUES(138, 200);
INSERT INTO BOOK_TITLE_CONTRIBUTIONS VALUES(138, 201);
INSERT INTO BOOK_TITLE_GENRES(book_title_id, genres_id) VALUES(138, 0);
INSERT INTO BOOK_TITLE_GENRES(book_title_id, genres_id) VALUES(138, 3);
INSERT INTO BOOK_TITLE_GENRES(book_title_id, genres_id) VALUES(138, 114);
INSERT INTO BOOK_TITLE_GENRES(book_title_id, genres_id) VALUES(138, 56);
INSERT INTO BOOK_TITLE_GENRES(book_title_id, genres_id) VALUES(138, 57);
INSERT INTO EDITION_TAGS VALUES(138, 14);
INSERT INTO EDITION_TAGS VALUES(138, 15);
INSERT INTO EDITION_TAGS VALUES(138, 11);
INSERT INTO EDITION_TAGS VALUES(138, 16);
INSERT INTO BOOK_TITLE VALUES(139, 'Relational Database Index Design and the Optimizers');
INSERT INTO EDITION VALUES(139, 48, 'Improve the performance of relational databases with indexes designed for today''s hardware<br><br>Over the last few years, hardware and software have advanced beyond all recognition, so it''s hardly surprising that relational database performance now receives much less attention. Unfortunately, the reality is that the improved hardware hasn''t kept pace with the ever-increasing quantity of data processed today. Although disk packing densities have increased enormously, making storage costs extremely low and sequential read very fast, random reads are still painfully slow. Many of the old design recommendations are therefore no longer valid-the optimal point of indexing has come a long way. Consequently many of the old problems haven''t actually gone away-they have simply changed their appearance.<br><br>This book provides an easy but effective approach to the design of indexes and tables.', '21', 'http://covers.openlibrary.org/b/isbn/9780471721369-L.jpg', 'http://covers.openlibrary.org/b/isbn/9780471721369-M.jpg', 'en', 300, 2.2, 166, true, PARSEDATETIME('2005', 'yyyy'), 1, 139);
INSERT INTO BOOK_TITLE_CONTRIBUTIONS VALUES(139, 202);
INSERT INTO BOOK_TITLE_CONTRIBUTIONS VALUES(139, 203);
INSERT INTO BOOK_TITLE_GENRES(book_title_id, genres_id) VALUES(139, 0);
INSERT INTO BOOK_TITLE_GENRES(book_title_id, genres_id) VALUES(139, 1);
INSERT INTO BOOK_TITLE_GENRES(book_title_id, genres_id) VALUES(139, 110);
INSERT INTO EDITION_TAGS VALUES(139, 14);
INSERT INTO EDITION_TAGS VALUES(139, 15);
INSERT INTO EDITION_TAGS VALUES(139, 11);
INSERT INTO EDITION_TAGS VALUES(139, 16);
INSERT INTO BOOK_TITLE VALUES(140, 'The Object Database Standard');
INSERT INTO EDITION VALUES(140, 16, 'This completely revised standard for object database management systems is an essential guide to future trends in object-oriented and database technology. It represents an important industry consensus on component technology for database products and languages that enables wide acceptance and adoption of object database technology. ODMG 2.0 provides for object databases what SQL provided for relational databases by ensuring the portability of applications across platforms and products. The goal of the standard is to combine programming languages and database systems into a single environment, providing better performance and more powerful representation for complex database applications. ODMG 2.0 draws upon related work represented by ANSI SQL-92 and the OMG Object Model and Interface Definition Language.', '18', 'http://covers.openlibrary.org/b/isbn/9781558604636-L.jpg', 'http://covers.openlibrary.org/b/isbn/9781558604636-M.jpg', 'en', 270, 1.1, 75, true, PARSEDATETIME('1997', 'yyyy'), 56, 140);
INSERT INTO BOOK_TITLE_CONTRIBUTIONS VALUES(140, 204);
INSERT INTO BOOK_TITLE_CONTRIBUTIONS VALUES(140, 205);
INSERT INTO BOOK_TITLE_CONTRIBUTIONS VALUES(140, 206);
INSERT INTO BOOK_TITLE_CONTRIBUTIONS VALUES(140, 207);
INSERT INTO BOOK_TITLE_GENRES(book_title_id, genres_id) VALUES(140, 0);
INSERT INTO BOOK_TITLE_GENRES(book_title_id, genres_id) VALUES(140, 110);
INSERT INTO EDITION_TAGS VALUES(140, 14);
INSERT INTO EDITION_TAGS VALUES(140, 15);
INSERT INTO EDITION_TAGS VALUES(140, 11);
INSERT INTO EDITION_TAGS VALUES(140, 16);
INSERT INTO BOOK_TITLE VALUES(141, 'SQL Antipatterns');
INSERT INTO EDITION VALUES(141, 21, '<p>Bill Karwin has helped thousands of people write better SQL and build stronger relational databases. Now he''s sharing his collection of antipatterns--the most common errors he''s identified in those thousands of requests for help.<br> <br> <br> <br> Most developers aren''t SQL experts, and most of the SQL that gets used is inefficient, hard to maintain, and sometimes just plain wrong. This book shows you all the common mistakes, and then leads you through the best fixes. What''s more, it shows you what''s <i>behind</i> these fixes, so you''ll learn a lot about relational databases along the way.<br> <br> <br> <br> Each chapter in this book helps you identify, explain, and correct a unique and dangerous antipattern. The four parts of the book group the anti​patterns in terms of logical database design, physical database design, queries, and application development.<br> <br> <br> <br> The chances are good that your application''s database layer already contains problems such as <i>In', '18', 'http://covers.openlibrary.org/b/isbn/9781934356555-L.jpg', 'http://covers.openlibrary.org/b/isbn/9781934356555-M.jpg', 'en', 333, 1.9, 531, true, PARSEDATETIME('2010', 'yyyy'), 57, 141);
INSERT INTO BOOK_TITLE_CONTRIBUTIONS VALUES(141, 208);
INSERT INTO BOOK_TITLE_GENRES(book_title_id, genres_id) VALUES(141, 0);
INSERT INTO BOOK_TITLE_GENRES(book_title_id, genres_id) VALUES(141, 115);
INSERT INTO BOOK_TITLE_GENRES(book_title_id, genres_id) VALUES(141, 28);
INSERT INTO EDITION_TAGS VALUES(141, 14);
INSERT INTO EDITION_TAGS VALUES(141, 15);
INSERT INTO EDITION_TAGS VALUES(141, 11);
INSERT INTO EDITION_TAGS VALUES(141, 16);
INSERT INTO BOOK_TITLE VALUES(142, 'Database Semantics');
INSERT INTO EDITION VALUES(142, 57, 'Database Semantics: Semantic Issues in Multimedia Systems reflects the state of the art of emerging research on the meaning of multimedia information, as presented during IFIP''s Eighth Data Semantics Working Conference (DS-8), organized by its Working Group 2.6 on Databases, and held at Rotorua, New Zealand, in January 1999. DS-8 was planned as an active forum for researchers and practitioners focusing on those issues that involve the semantics of the information represented, stored, and manipulated by multimedia systems. Depending on the topic and state of research, issues may be covered either deeply theoretically or quite practically, or even both. <br> These proceedings contain twenty-one papers carefully selected by an International Programme Committee and organized in six thematic areas: <ul> <li>Video Data Modelling and Use; </li> <li>Image Databases; </li> <li>Applications of Multimedia Systems; </li> <li>Multimedia Modeling in General; </li> <li>Multimedia Information Retriev', '21', 'http://covers.openlibrary.org/b/isbn/9780387355610-L.jpg', 'http://covers.openlibrary.org/b/isbn/9780387355610-M.jpg', 'en', 458, 2.0, 418, true, PARSEDATETIME('2013', 'yyyy'), 58, 142);
INSERT INTO BOOK_TITLE_CONTRIBUTIONS VALUES(142, 209);
INSERT INTO BOOK_TITLE_CONTRIBUTIONS VALUES(142, 210);
INSERT INTO BOOK_TITLE_GENRES(book_title_id, genres_id) VALUES(142, 0);
INSERT INTO BOOK_TITLE_GENRES(book_title_id, genres_id) VALUES(142, 8);
INSERT INTO BOOK_TITLE_GENRES(book_title_id, genres_id) VALUES(142, 10);
INSERT INTO BOOK_TITLE_GENRES(book_title_id, genres_id) VALUES(142, 56);
INSERT INTO BOOK_TITLE_GENRES(book_title_id, genres_id) VALUES(142, 57);
INSERT INTO EDITION_TAGS VALUES(142, 14);
INSERT INTO EDITION_TAGS VALUES(142, 15);
INSERT INTO EDITION_TAGS VALUES(142, 11);
INSERT INTO EDITION_TAGS VALUES(142, 16);
INSERT INTO BOOK_TITLE VALUES(143, 'Distributed and Parallel Database Object Management');
INSERT INTO EDITION VALUES(143, 23, 'Distributed and Parallel Database Object Management brings together in one place important contributions and state-of-the-art research results in this rapidly advancing area of computer science. <br> Distributed and Parallel Database Object Management serves as an excellent reference, providing insights into some of the most important issues in the field. <br>', '21', 'http://covers.openlibrary.org/b/isbn/9781461527466-L.jpg', 'http://covers.openlibrary.org/b/isbn/9781461527466-M.jpg', 'en', 126, 4.8, 281, false, PARSEDATETIME('2012', 'yyyy'), 3, 143);
INSERT INTO BOOK_TITLE_CONTRIBUTIONS VALUES(143, 211);
INSERT INTO BOOK_TITLE_CONTRIBUTIONS VALUES(143, 212);
INSERT INTO BOOK_TITLE_GENRES(book_title_id, genres_id) VALUES(143, 0);
INSERT INTO BOOK_TITLE_GENRES(book_title_id, genres_id) VALUES(143, 1);
INSERT INTO BOOK_TITLE_GENRES(book_title_id, genres_id) VALUES(143, 3);
INSERT INTO BOOK_TITLE_GENRES(book_title_id, genres_id) VALUES(143, 10);
INSERT INTO BOOK_TITLE_GENRES(book_title_id, genres_id) VALUES(143, 58);
INSERT INTO EDITION_TAGS VALUES(143, 14);
INSERT INTO EDITION_TAGS VALUES(143, 15);
INSERT INTO EDITION_TAGS VALUES(143, 11);
INSERT INTO EDITION_TAGS VALUES(143, 16);
INSERT INTO BOOK_TITLE VALUES(144, 'Database Systems for Advanced Applications');
INSERT INTO EDITION VALUES(144, 41, 'This two volume set LNCS 7238 and LNCS 7239 constitutes the refereed proceedings of the 17th International Conference on Database Systems for Advanced Applications, DASFAA 2012, held in Busan, South Korea, in April 2012. <br>The 44 revised full papers and 8 short papers presented together with 2 invited keynote papers, 8 industrial papers, 8 demo presentations, 4 tutorials and 1 panel paper were carefully reviewed and selected from a total of 159 submissions. The topics covered are query processing and optimization, data semantics, XML and semi-structured data, data mining and knowledge discovery, privacy and anonymity, data management in the Web, graphs and data mining applications, temporal and spatial data, top-k and skyline query processing, information retrieval and recommendation, indexing and search systems, cloud computing and scalability, memory-based query processing, semantic and decision support systems, social data, data mining.', '20', 'http://covers.openlibrary.org/b/isbn/9783642290381-L.jpg', 'http://covers.openlibrary.org/b/isbn/9783642290381-M.jpg', 'en', 595, 4.5, 438, true, PARSEDATETIME('2012', 'yyyy'), 58, 144);
INSERT INTO BOOK_TITLE_CONTRIBUTIONS VALUES(144, 213);
INSERT INTO BOOK_TITLE_CONTRIBUTIONS VALUES(144, 214);
INSERT INTO BOOK_TITLE_CONTRIBUTIONS VALUES(144, 215);
INSERT INTO BOOK_TITLE_CONTRIBUTIONS VALUES(144, 216);
INSERT INTO BOOK_TITLE_CONTRIBUTIONS VALUES(144, 217);
INSERT INTO BOOK_TITLE_CONTRIBUTIONS VALUES(144, 218);
INSERT INTO BOOK_TITLE_GENRES(book_title_id, genres_id) VALUES(144, 0);
INSERT INTO BOOK_TITLE_GENRES(book_title_id, genres_id) VALUES(144, 76);
INSERT INTO BOOK_TITLE_GENRES(book_title_id, genres_id) VALUES(144, 110);
INSERT INTO BOOK_TITLE_GENRES(book_title_id, genres_id) VALUES(144, 16);
INSERT INTO BOOK_TITLE_GENRES(book_title_id, genres_id) VALUES(144, 56);
INSERT INTO BOOK_TITLE_GENRES(book_title_id, genres_id) VALUES(144, 57);
INSERT INTO EDITION_TAGS VALUES(144, 14);
INSERT INTO EDITION_TAGS VALUES(144, 15);
INSERT INTO EDITION_TAGS VALUES(144, 11);
INSERT INTO EDITION_TAGS VALUES(144, 16);
INSERT INTO BOOK_TITLE VALUES(145, 'Chemical Protective Clothing Permeation/Degradation Database - Macintosh Version');
INSERT INTO EDITION VALUES(145, 56, 'The three most important things to evaluate when selecting Chemical Protective Clothing (CPC) are 1) evidence of degradation of the garment exposed to a chemical; 2) breakthrough time, and 3) permeation rate. Because proper CPC selection must be based on permeation and degradation tests performed upon specific manufacturer products, you need an information source that enables you to access test results quickly and easily. Chemical Protective Clothing Permeation/Degradation Database is that source. It is the world''s largest international CPC database, containing over 10,000 results from tests of more than 660 chemicals and mixtures against more than 250 CPC models. Every test result has a complete reference source. <br>Use Chemical Protective Clothing Permeation/Degradation Database as a supplement to your Material Safety Data Sheets to help select the best garments for your particular needs.', '21', 'http://covers.openlibrary.org/b/isbn/9780873717076-L.jpg', 'http://covers.openlibrary.org/b/isbn/9780873717076-M.jpg', 'en', 94, 3.0, 354, true, PARSEDATETIME('1992', 'yyyy'), 5, 145);
INSERT INTO BOOK_TITLE_CONTRIBUTIONS VALUES(145, 219);
INSERT INTO BOOK_TITLE_CONTRIBUTIONS VALUES(145, 220);
INSERT INTO BOOK_TITLE_CONTRIBUTIONS VALUES(145, 221);
INSERT INTO BOOK_TITLE_GENRES(book_title_id, genres_id) VALUES(145, 117);
INSERT INTO BOOK_TITLE_GENRES(book_title_id, genres_id) VALUES(145, 116);
INSERT INTO BOOK_TITLE_GENRES(book_title_id, genres_id) VALUES(145, 21);
INSERT INTO EDITION_TAGS VALUES(145, 14);
INSERT INTO EDITION_TAGS VALUES(145, 15);
INSERT INTO EDITION_TAGS VALUES(145, 11);
INSERT INTO EDITION_TAGS VALUES(145, 16);
INSERT INTO BOOK_TITLE VALUES(146, 'Database Systems for Advanced Applications');
INSERT INTO EDITION VALUES(146, 19, 'This two volume set LNCS 6587 and LNCS 6588 constitutes the refereed proceedings of the 16th International Conference on Database Systems for Advanced Applications, DASFAA 2011, held in Saarbrücken, Germany, in April 2010. The 53 revised full papers and 12 revised short papers presented together with 2 invited keynote papers, 22 demonstration papers, 4 industrial papers, 8 demo papers, and the abstract of 1 panel discussion, were carefully reviewed and selected from a total of 225 submissions. The topics covered are social network, social network and privacy, data mining, probability and uncertainty, stream processing, graph, XML, XML and graph, similarity, searching and digital preservation, spatial queries, query processing, as well as indexing and high performance.', '18', 'http://covers.openlibrary.org/b/isbn/9783642201493-L.jpg', 'http://covers.openlibrary.org/b/isbn/9783642201493-M.jpg', 'en', 583, 4.2, 166, true, PARSEDATETIME('2011', 'yyyy'), 58, 146);
INSERT INTO BOOK_TITLE_CONTRIBUTIONS VALUES(146, 222);
INSERT INTO BOOK_TITLE_CONTRIBUTIONS VALUES(146, 223);
INSERT INTO BOOK_TITLE_CONTRIBUTIONS VALUES(146, 217);
INSERT INTO BOOK_TITLE_GENRES(book_title_id, genres_id) VALUES(146, 0);
INSERT INTO BOOK_TITLE_GENRES(book_title_id, genres_id) VALUES(146, 76);
INSERT INTO BOOK_TITLE_GENRES(book_title_id, genres_id) VALUES(146, 110);
INSERT INTO BOOK_TITLE_GENRES(book_title_id, genres_id) VALUES(146, 16);
INSERT INTO BOOK_TITLE_GENRES(book_title_id, genres_id) VALUES(146, 56);
INSERT INTO BOOK_TITLE_GENRES(book_title_id, genres_id) VALUES(146, 57);
INSERT INTO EDITION_TAGS VALUES(146, 14);
INSERT INTO EDITION_TAGS VALUES(146, 15);
INSERT INTO EDITION_TAGS VALUES(146, 11);
INSERT INTO EDITION_TAGS VALUES(146, 16);
INSERT INTO BOOK_TITLE VALUES(147, 'AutoCAD Database Connectivity');
INSERT INTO EDITION VALUES(147, 6, 'AutoCad is the most programmable, customizable, and extensible design system on the market today, and the new and exciting Autodesk''s Programmer Series is designed to give you the tools you need to get the most out of this software. All of the important application programming interfaces (APIs) in AutoCad are covered in the series, so whether you are a novice or an experienced programmer, you''ll find a book that''s just right for you. AutoCad Database Connectivity is the ultimate resource for professionals looking to create robust database applications with AutoCad. This book will show you how to transform your AutoCad drawings into intelligent electronic documents and how to create custom applications that will integrate databases with AutoCad. Scott McFarlane, an expert in the field, Mentors you through the dbConnect user interface, the fundamentals of good database design, and the steps involved in the design and development of custom database applications within AutoCad.', '21', 'http://covers.openlibrary.org/b/isbn/9780766816404-L.jpg', 'http://covers.openlibrary.org/b/isbn/9780766816404-M.jpg', 'en', 288, 5.0, 191, true, PARSEDATETIME('2000', 'yyyy'), 59, 147);
INSERT INTO BOOK_TITLE_CONTRIBUTIONS VALUES(147, 224);
INSERT INTO BOOK_TITLE_GENRES(book_title_id, genres_id) VALUES(147, 0);
INSERT INTO BOOK_TITLE_GENRES(book_title_id, genres_id) VALUES(147, 3);
INSERT INTO BOOK_TITLE_GENRES(book_title_id, genres_id) VALUES(147, 114);
INSERT INTO BOOK_TITLE_GENRES(book_title_id, genres_id) VALUES(147, 84);
INSERT INTO BOOK_TITLE_GENRES(book_title_id, genres_id) VALUES(147, 21);
INSERT INTO BOOK_TITLE_GENRES(book_title_id, genres_id) VALUES(147, 118);
INSERT INTO EDITION_TAGS VALUES(147, 14);
INSERT INTO EDITION_TAGS VALUES(147, 15);
INSERT INTO EDITION_TAGS VALUES(147, 11);
INSERT INTO EDITION_TAGS VALUES(147, 16);
INSERT INTO BOOK_TITLE VALUES(148, 'Database Administration');
INSERT INTO EDITION VALUES(148, 17, '<p>The first platform-independent guide to the discipline of database administration, this book presents best practices and procedures that apply to <i>any</i> database platform: Oracle, Microsoft, IBM, Sybase, even MySQL and Postgres. It will be an ideal resource for organizations that have deployed multiple databases -- and for professionals who want to move comfortably amongst database platforms. Craig Mullins begins with an up-to-date introduction to the field of database administration, outlining a broad range of DBA roles and responsibilities, and showing how evolving technology has changed the profession. He walks through creating the database environment; data modeling and normalization; database/application design; and change management. Next, he introduces best practices for maximizing availability, security, data integrity, and all aspects of system, database, and application performance.', '22', 'http://covers.openlibrary.org/b/isbn/9780201741292-L.jpg', 'http://covers.openlibrary.org/b/isbn/9780201741292-M.jpg', 'en', 703, 2.3, 587, true, PARSEDATETIME('2002', 'yyyy'), 17, 148);
INSERT INTO BOOK_TITLE_CONTRIBUTIONS VALUES(148, 225);
INSERT INTO BOOK_TITLE_GENRES(book_title_id, genres_id) VALUES(148, 0);
INSERT INTO BOOK_TITLE_GENRES(book_title_id, genres_id) VALUES(148, 110);
INSERT INTO EDITION_TAGS VALUES(148, 14);
INSERT INTO EDITION_TAGS VALUES(148, 15);
INSERT INTO EDITION_TAGS VALUES(148, 11);
INSERT INTO EDITION_TAGS VALUES(148, 16);
INSERT INTO BOOK(book_id, condition, state, edition_id, line_id) VALUES(0, 0, 0, 0, 158);
INSERT INTO BOOK(book_id, condition, state, edition_id, line_id) VALUES(1, 1, 0, 0, 99);
INSERT INTO BOOK(book_id, condition, state, edition_id, line_id) VALUES(2, 1, 0, 0, 112);
INSERT INTO BOOK(book_id, condition, state, edition_id, line_id) VALUES(3, 2, 0, 0, 279);
INSERT INTO BOOK(book_id, condition, state, edition_id, line_id) VALUES(4, 0, 0, 0, 94);
INSERT INTO BOOK(book_id, condition, state, edition_id, line_id) VALUES(5, 2, 0, 0, 114);
INSERT INTO BOOK(book_id, condition, state, edition_id, line_id) VALUES(6, 1, 0, 0, 243);
INSERT INTO BOOK(book_id, condition, state, edition_id, line_id) VALUES(7, 1, 0, 0, 264);
INSERT INTO BOOK(book_id, condition, state, edition_id, line_id) VALUES(8, 2, 0, 0, 300);
INSERT INTO BOOK(book_id, condition, state, edition_id, line_id) VALUES(9, 1, 0, 0, 243);
INSERT INTO BOOK(book_id, condition, state, edition_id, line_id) VALUES(10, 0, 0, 0, 182);
INSERT INTO BOOK(book_id, condition, state, edition_id, line_id) VALUES(11, 1, 0, 0, 285);
INSERT INTO BOOK(book_id, condition, state, edition_id, line_id) VALUES(12, 1, 0, 0, 129);
INSERT INTO BOOK(book_id, condition, state, edition_id, line_id) VALUES(13, 0, 0, 0, 195);
INSERT INTO BOOK(book_id, condition, state, edition_id, line_id) VALUES(14, 1, 0, 0, 99);
INSERT INTO BOOK(book_id, condition, state, edition_id, line_id) VALUES(15, 2, 0, 0, 193);
INSERT INTO BOOK(book_id, condition, state, edition_id, line_id) VALUES(16, 1, 0, 0, 264);
INSERT INTO BOOK(book_id, condition, state, edition_id, line_id) VALUES(17, 1, 0, 0, 125);
INSERT INTO BOOK(book_id, condition, state, edition_id, line_id) VALUES(18, 0, 0, 0, 136);
INSERT INTO BOOK(book_id, condition, state, edition_id, line_id) VALUES(19, 0, 0, 0, 110);
INSERT INTO BOOK(book_id, condition, state, edition_id, line_id) VALUES(20, 3, 0, 0, 44);
INSERT INTO BOOK(book_id, condition, state, edition_id, line_id) VALUES(21, 1, 0, 0, 111);
INSERT INTO BOOK(book_id, condition, state, edition_id, line_id) VALUES(22, 3, 0, 0, 321);
INSERT INTO BOOK(book_id, condition, state, edition_id, line_id) VALUES(23, 0, 0, 1, 127);
INSERT INTO BOOK(book_id, condition, state, edition_id, line_id) VALUES(24, 0, 0, 1, 164);
INSERT INTO BOOK(book_id, condition, state, edition_id, line_id) VALUES(25, 0, 0, 1, 63);
INSERT INTO BOOK(book_id, condition, state, edition_id, line_id) VALUES(26, 1, 0, 1, 265);
INSERT INTO BOOK(book_id, condition, state, edition_id, line_id) VALUES(27, 1, 0, 1, 133);
INSERT INTO BOOK(book_id, condition, state, edition_id, line_id) VALUES(28, 2, 0, 1, 310);
INSERT INTO BOOK(book_id, condition, state, edition_id, line_id) VALUES(29, 1, 0, 1, 141);
INSERT INTO BOOK(book_id, condition, state, edition_id, line_id) VALUES(30, 0, 0, 1, 163);
INSERT INTO BOOK(book_id, condition, state, edition_id, line_id) VALUES(31, 2, 0, 1, 70);
INSERT INTO BOOK(book_id, condition, state, edition_id, line_id) VALUES(32, 3, 0, 1, 269);
INSERT INTO BOOK(book_id, condition, state, edition_id, line_id) VALUES(33, 2, 0, 2, 297);
INSERT INTO BOOK(book_id, condition, state, edition_id, line_id) VALUES(34, 0, 0, 2, 3);
INSERT INTO BOOK(book_id, condition, state, edition_id, line_id) VALUES(35, 1, 0, 2, 5);
INSERT INTO BOOK(book_id, condition, state, edition_id, line_id) VALUES(36, 2, 0, 2, 219);
INSERT INTO BOOK(book_id, condition, state, edition_id, line_id) VALUES(37, 0, 0, 2, 123);
INSERT INTO BOOK(book_id, condition, state, edition_id, line_id) VALUES(38, 1, 0, 3, 319);
INSERT INTO BOOK(book_id, condition, state, edition_id, line_id) VALUES(39, 1, 0, 3, 164);
INSERT INTO BOOK(book_id, condition, state, edition_id, line_id) VALUES(40, 2, 0, 3, 324);
INSERT INTO BOOK(book_id, condition, state, edition_id, line_id) VALUES(41, 0, 0, 3, 5);
INSERT INTO BOOK(book_id, condition, state, edition_id, line_id) VALUES(42, 1, 0, 3, 47);
INSERT INTO BOOK(book_id, condition, state, edition_id, line_id) VALUES(43, 0, 0, 3, 102);
INSERT INTO BOOK(book_id, condition, state, edition_id, line_id) VALUES(44, 1, 0, 3, 328);
INSERT INTO BOOK(book_id, condition, state, edition_id, line_id) VALUES(45, 1, 0, 3, 161);
INSERT INTO BOOK(book_id, condition, state, edition_id, line_id) VALUES(46, 2, 0, 3, 165);
INSERT INTO BOOK(book_id, condition, state, edition_id, line_id) VALUES(47, 2, 0, 3, 72);
INSERT INTO BOOK(book_id, condition, state, edition_id, line_id) VALUES(48, 1, 0, 3, 284);
INSERT INTO BOOK(book_id, condition, state, edition_id, line_id) VALUES(49, 1, 0, 3, 242);
INSERT INTO BOOK(book_id, condition, state, edition_id, line_id) VALUES(50, 2, 0, 3, 61);
INSERT INTO BOOK(book_id, condition, state, edition_id, line_id) VALUES(51, 0, 0, 3, 125);
INSERT INTO BOOK(book_id, condition, state, edition_id, line_id) VALUES(52, 2, 0, 3, 302);
INSERT INTO BOOK(book_id, condition, state, edition_id, line_id) VALUES(53, 1, 0, 3, 286);
INSERT INTO BOOK(book_id, condition, state, edition_id, line_id) VALUES(54, 1, 0, 3, 44);
INSERT INTO BOOK(book_id, condition, state, edition_id, line_id) VALUES(55, 1, 0, 3, 70);
INSERT INTO BOOK(book_id, condition, state, edition_id, line_id) VALUES(56, 1, 0, 3, 268);
INSERT INTO BOOK(book_id, condition, state, edition_id, line_id) VALUES(57, 2, 0, 3, 218);
INSERT INTO BOOK(book_id, condition, state, edition_id, line_id) VALUES(58, 2, 0, 3, 166);
INSERT INTO BOOK(book_id, condition, state, edition_id, line_id) VALUES(59, 0, 0, 3, 156);
INSERT INTO BOOK(book_id, condition, state, edition_id, line_id) VALUES(60, 0, 0, 3, 21);
INSERT INTO BOOK(book_id, condition, state, edition_id, line_id) VALUES(61, 0, 0, 3, 165);
INSERT INTO BOOK(book_id, condition, state, edition_id, line_id) VALUES(62, 1, 0, 3, 27);
INSERT INTO BOOK(book_id, condition, state, edition_id, line_id) VALUES(63, 0, 0, 3, 2);
INSERT INTO BOOK(book_id, condition, state, edition_id, line_id) VALUES(64, 3, 0, 3, 201);
INSERT INTO BOOK(book_id, condition, state, edition_id, line_id) VALUES(65, 0, 0, 3, 141);
INSERT INTO BOOK(book_id, condition, state, edition_id, line_id) VALUES(66, 2, 0, 3, 276);
INSERT INTO BOOK(book_id, condition, state, edition_id, line_id) VALUES(67, 2, 0, 3, 234);
INSERT INTO BOOK(book_id, condition, state, edition_id, line_id) VALUES(68, 1, 0, 3, 86);
INSERT INTO BOOK(book_id, condition, state, edition_id, line_id) VALUES(69, 1, 0, 3, 44);
INSERT INTO BOOK(book_id, condition, state, edition_id, line_id) VALUES(70, 1, 0, 3, 77);
INSERT INTO BOOK(book_id, condition, state, edition_id, line_id) VALUES(71, 0, 0, 3, 197);
INSERT INTO BOOK(book_id, condition, state, edition_id, line_id) VALUES(72, 0, 0, 3, 136);
INSERT INTO BOOK(book_id, condition, state, edition_id, line_id) VALUES(73, 1, 0, 3, 0);
INSERT INTO BOOK(book_id, condition, state, edition_id, line_id) VALUES(74, 1, 0, 3, 79);
INSERT INTO BOOK(book_id, condition, state, edition_id, line_id) VALUES(75, 1, 0, 3, 15);
INSERT INTO BOOK(book_id, condition, state, edition_id, line_id) VALUES(76, 1, 0, 3, 91);
INSERT INTO BOOK(book_id, condition, state, edition_id, line_id) VALUES(77, 3, 0, 3, 320);
INSERT INTO BOOK(book_id, condition, state, edition_id, line_id) VALUES(78, 1, 0, 3, 242);
INSERT INTO BOOK(book_id, condition, state, edition_id, line_id) VALUES(79, 3, 0, 3, 156);
INSERT INTO BOOK(book_id, condition, state, edition_id, line_id) VALUES(80, 2, 0, 3, 263);
INSERT INTO BOOK(book_id, condition, state, edition_id, line_id) VALUES(81, 2, 0, 4, 187);
INSERT INTO BOOK(book_id, condition, state, edition_id, line_id) VALUES(82, 0, 0, 4, 120);
INSERT INTO BOOK(book_id, condition, state, edition_id, line_id) VALUES(83, 0, 0, 4, 131);
INSERT INTO BOOK(book_id, condition, state, edition_id, line_id) VALUES(84, 1, 0, 4, 99);
INSERT INTO BOOK(book_id, condition, state, edition_id, line_id) VALUES(85, 1, 0, 4, 278);
INSERT INTO BOOK(book_id, condition, state, edition_id, line_id) VALUES(86, 1, 0, 4, 175);
INSERT INTO BOOK(book_id, condition, state, edition_id, line_id) VALUES(87, 0, 0, 4, 246);
INSERT INTO BOOK(book_id, condition, state, edition_id, line_id) VALUES(88, 0, 0, 4, 142);
INSERT INTO BOOK(book_id, condition, state, edition_id, line_id) VALUES(89, 0, 0, 4, 248);
INSERT INTO BOOK(book_id, condition, state, edition_id, line_id) VALUES(90, 0, 0, 4, 176);
INSERT INTO BOOK(book_id, condition, state, edition_id, line_id) VALUES(91, 2, 0, 4, 232);
INSERT INTO BOOK(book_id, condition, state, edition_id, line_id) VALUES(92, 2, 0, 4, 74);
INSERT INTO BOOK(book_id, condition, state, edition_id, line_id) VALUES(93, 1, 0, 4, 266);
INSERT INTO BOOK(book_id, condition, state, edition_id, line_id) VALUES(94, 3, 0, 4, 257);
INSERT INTO BOOK(book_id, condition, state, edition_id, line_id) VALUES(95, 0, 0, 4, 5);
INSERT INTO BOOK(book_id, condition, state, edition_id, line_id) VALUES(96, 1, 0, 4, 7);
INSERT INTO BOOK(book_id, condition, state, edition_id, line_id) VALUES(97, 2, 0, 4, 114);
INSERT INTO BOOK(book_id, condition, state, edition_id, line_id) VALUES(98, 1, 0, 4, 248);
INSERT INTO BOOK(book_id, condition, state, edition_id, line_id) VALUES(99, 0, 0, 4, 143);
INSERT INTO BOOK(book_id, condition, state, edition_id, line_id) VALUES(100, 3, 0, 4, 69);
INSERT INTO BOOK(book_id, condition, state, edition_id, line_id) VALUES(101, 0, 0, 4, 226);
INSERT INTO BOOK(book_id, condition, state, edition_id, line_id) VALUES(102, 0, 0, 4, 128);
INSERT INTO BOOK(book_id, condition, state, edition_id, line_id) VALUES(103, 2, 0, 4, 324);
INSERT INTO BOOK(book_id, condition, state, edition_id, line_id) VALUES(104, 1, 0, 4, 6);
INSERT INTO BOOK(book_id, condition, state, edition_id, line_id) VALUES(105, 2, 0, 4, 6);
INSERT INTO BOOK(book_id, condition, state, edition_id, line_id) VALUES(106, 0, 0, 4, 181);
INSERT INTO BOOK(book_id, condition, state, edition_id, line_id) VALUES(107, 2, 0, 4, 214);
INSERT INTO BOOK(book_id, condition, state, edition_id, line_id) VALUES(108, 1, 0, 4, 141);
INSERT INTO BOOK(book_id, condition, state, edition_id, line_id) VALUES(109, 1, 0, 4, 296);
INSERT INTO BOOK(book_id, condition, state, edition_id, line_id) VALUES(110, 1, 0, 4, 151);
INSERT INTO BOOK(book_id, condition, state, edition_id, line_id) VALUES(111, 1, 0, 4, 54);
INSERT INTO BOOK(book_id, condition, state, edition_id, line_id) VALUES(112, 2, 0, 5, 201);
INSERT INTO BOOK(book_id, condition, state, edition_id, line_id) VALUES(113, 1, 0, 5, 59);
INSERT INTO BOOK(book_id, condition, state, edition_id, line_id) VALUES(114, 1, 0, 5, 249);
INSERT INTO BOOK(book_id, condition, state, edition_id, line_id) VALUES(115, 1, 0, 5, 242);
INSERT INTO BOOK(book_id, condition, state, edition_id, line_id) VALUES(116, 2, 0, 5, 80);
INSERT INTO BOOK(book_id, condition, state, edition_id, line_id) VALUES(117, 0, 0, 5, 41);
INSERT INTO BOOK(book_id, condition, state, edition_id, line_id) VALUES(118, 1, 0, 5, 258);
INSERT INTO BOOK(book_id, condition, state, edition_id, line_id) VALUES(119, 2, 0, 5, 233);
INSERT INTO BOOK(book_id, condition, state, edition_id, line_id) VALUES(120, 1, 0, 5, 113);
INSERT INTO BOOK(book_id, condition, state, edition_id, line_id) VALUES(121, 3, 0, 5, 229);
INSERT INTO BOOK(book_id, condition, state, edition_id, line_id) VALUES(122, 0, 0, 5, 131);
INSERT INTO BOOK(book_id, condition, state, edition_id, line_id) VALUES(123, 2, 0, 5, 6);
INSERT INTO BOOK(book_id, condition, state, edition_id, line_id) VALUES(124, 0, 0, 5, 164);
INSERT INTO BOOK(book_id, condition, state, edition_id, line_id) VALUES(125, 0, 0, 5, 177);
INSERT INTO BOOK(book_id, condition, state, edition_id, line_id) VALUES(126, 1, 0, 5, 139);
INSERT INTO BOOK(book_id, condition, state, edition_id, line_id) VALUES(127, 0, 0, 5, 69);
INSERT INTO BOOK(book_id, condition, state, edition_id, line_id) VALUES(128, 1, 0, 5, 34);
INSERT INTO BOOK(book_id, condition, state, edition_id, line_id) VALUES(129, 2, 0, 5, 115);
INSERT INTO BOOK(book_id, condition, state, edition_id, line_id) VALUES(130, 3, 0, 5, 125);
INSERT INTO BOOK(book_id, condition, state, edition_id, line_id) VALUES(131, 1, 0, 5, 28);
INSERT INTO BOOK(book_id, condition, state, edition_id, line_id) VALUES(132, 3, 0, 5, 319);
INSERT INTO BOOK(book_id, condition, state, edition_id, line_id) VALUES(133, 2, 0, 5, 52);
INSERT INTO BOOK(book_id, condition, state, edition_id, line_id) VALUES(134, 1, 0, 5, 4);
INSERT INTO BOOK(book_id, condition, state, edition_id, line_id) VALUES(135, 1, 0, 6, 207);
INSERT INTO BOOK(book_id, condition, state, edition_id, line_id) VALUES(136, 1, 0, 6, 188);
INSERT INTO BOOK(book_id, condition, state, edition_id, line_id) VALUES(137, 3, 0, 6, 295);
INSERT INTO BOOK(book_id, condition, state, edition_id, line_id) VALUES(138, 0, 0, 6, 3);
INSERT INTO BOOK(book_id, condition, state, edition_id, line_id) VALUES(139, 0, 0, 6, 259);
INSERT INTO BOOK(book_id, condition, state, edition_id, line_id) VALUES(140, 2, 0, 6, 70);
INSERT INTO BOOK(book_id, condition, state, edition_id, line_id) VALUES(141, 0, 0, 6, 185);
INSERT INTO BOOK(book_id, condition, state, edition_id, line_id) VALUES(142, 2, 0, 6, 194);
INSERT INTO BOOK(book_id, condition, state, edition_id, line_id) VALUES(143, 0, 0, 6, 187);
INSERT INTO BOOK(book_id, condition, state, edition_id, line_id) VALUES(144, 1, 0, 6, 61);
INSERT INTO BOOK(book_id, condition, state, edition_id, line_id) VALUES(145, 0, 0, 6, 201);
INSERT INTO BOOK(book_id, condition, state, edition_id, line_id) VALUES(146, 0, 0, 6, 315);
INSERT INTO BOOK(book_id, condition, state, edition_id, line_id) VALUES(147, 3, 0, 6, 21);
INSERT INTO BOOK(book_id, condition, state, edition_id, line_id) VALUES(148, 2, 0, 6, 269);
INSERT INTO BOOK(book_id, condition, state, edition_id, line_id) VALUES(149, 2, 0, 6, 251);
INSERT INTO BOOK(book_id, condition, state, edition_id, line_id) VALUES(150, 2, 0, 6, 64);
INSERT INTO BOOK(book_id, condition, state, edition_id, line_id) VALUES(151, 1, 0, 6, 22);
INSERT INTO BOOK(book_id, condition, state, edition_id, line_id) VALUES(152, 3, 0, 6, 33);
INSERT INTO BOOK(book_id, condition, state, edition_id, line_id) VALUES(153, 0, 0, 6, 264);
INSERT INTO BOOK(book_id, condition, state, edition_id, line_id) VALUES(154, 0, 0, 6, 108);
INSERT INTO BOOK(book_id, condition, state, edition_id, line_id) VALUES(155, 1, 0, 6, 67);
INSERT INTO BOOK(book_id, condition, state, edition_id, line_id) VALUES(156, 2, 0, 6, 6);
INSERT INTO BOOK(book_id, condition, state, edition_id, line_id) VALUES(157, 3, 0, 6, 36);
INSERT INTO BOOK(book_id, condition, state, edition_id, line_id) VALUES(158, 1, 0, 6, 145);
INSERT INTO BOOK(book_id, condition, state, edition_id, line_id) VALUES(159, 2, 0, 6, 190);
INSERT INTO BOOK(book_id, condition, state, edition_id, line_id) VALUES(160, 1, 0, 6, 260);
INSERT INTO BOOK(book_id, condition, state, edition_id, line_id) VALUES(161, 1, 0, 6, 277);
INSERT INTO BOOK(book_id, condition, state, edition_id, line_id) VALUES(162, 1, 0, 6, 301);
INSERT INTO BOOK(book_id, condition, state, edition_id, line_id) VALUES(163, 1, 0, 6, 13);
INSERT INTO BOOK(book_id, condition, state, edition_id, line_id) VALUES(164, 3, 0, 6, 305);
INSERT INTO BOOK(book_id, condition, state, edition_id, line_id) VALUES(165, 2, 0, 6, 102);
INSERT INTO BOOK(book_id, condition, state, edition_id, line_id) VALUES(166, 0, 0, 6, 7);
INSERT INTO BOOK(book_id, condition, state, edition_id, line_id) VALUES(167, 1, 0, 6, 234);
INSERT INTO BOOK(book_id, condition, state, edition_id, line_id) VALUES(168, 0, 0, 6, 298);
INSERT INTO BOOK(book_id, condition, state, edition_id, line_id) VALUES(169, 0, 0, 6, 151);
INSERT INTO BOOK(book_id, condition, state, edition_id, line_id) VALUES(170, 0, 0, 6, 247);
INSERT INTO BOOK(book_id, condition, state, edition_id, line_id) VALUES(171, 1, 0, 6, 92);
INSERT INTO BOOK(book_id, condition, state, edition_id, line_id) VALUES(172, 1, 0, 6, 259);
INSERT INTO BOOK(book_id, condition, state, edition_id, line_id) VALUES(173, 1, 0, 6, 121);
INSERT INTO BOOK(book_id, condition, state, edition_id, line_id) VALUES(174, 1, 0, 6, 207);
INSERT INTO BOOK(book_id, condition, state, edition_id, line_id) VALUES(175, 1, 0, 6, 82);
INSERT INTO BOOK(book_id, condition, state, edition_id, line_id) VALUES(176, 1, 0, 6, 107);
INSERT INTO BOOK(book_id, condition, state, edition_id, line_id) VALUES(177, 1, 0, 6, 178);
INSERT INTO BOOK(book_id, condition, state, edition_id, line_id) VALUES(178, 1, 0, 6, 326);
INSERT INTO BOOK(book_id, condition, state, edition_id, line_id) VALUES(179, 0, 0, 6, 303);
INSERT INTO BOOK(book_id, condition, state, edition_id, line_id) VALUES(180, 2, 0, 6, 285);
INSERT INTO BOOK(book_id, condition, state, edition_id, line_id) VALUES(181, 2, 0, 6, 92);
INSERT INTO BOOK(book_id, condition, state, edition_id, line_id) VALUES(182, 2, 0, 6, 326);
INSERT INTO BOOK(book_id, condition, state, edition_id, line_id) VALUES(183, 2, 0, 6, 31);
INSERT INTO BOOK(book_id, condition, state, edition_id, line_id) VALUES(184, 0, 0, 6, 121);
INSERT INTO BOOK(book_id, condition, state, edition_id, line_id) VALUES(185, 2, 0, 6, 197);
INSERT INTO BOOK(book_id, condition, state, edition_id, line_id) VALUES(186, 0, 0, 6, 311);
INSERT INTO BOOK(book_id, condition, state, edition_id, line_id) VALUES(187, 0, 0, 6, 130);
INSERT INTO BOOK(book_id, condition, state, edition_id, line_id) VALUES(188, 1, 0, 6, 228);
INSERT INTO BOOK(book_id, condition, state, edition_id, line_id) VALUES(189, 1, 0, 7, 84);
INSERT INTO BOOK(book_id, condition, state, edition_id, line_id) VALUES(190, 1, 0, 7, 226);
INSERT INTO BOOK(book_id, condition, state, edition_id, line_id) VALUES(191, 1, 0, 7, 234);
INSERT INTO BOOK(book_id, condition, state, edition_id, line_id) VALUES(192, 1, 0, 7, 6);
INSERT INTO BOOK(book_id, condition, state, edition_id, line_id) VALUES(193, 3, 0, 7, 317);
INSERT INTO BOOK(book_id, condition, state, edition_id, line_id) VALUES(194, 1, 0, 7, 135);
INSERT INTO BOOK(book_id, condition, state, edition_id, line_id) VALUES(195, 1, 0, 7, 169);
INSERT INTO BOOK(book_id, condition, state, edition_id, line_id) VALUES(196, 1, 0, 7, 287);
INSERT INTO BOOK(book_id, condition, state, edition_id, line_id) VALUES(197, 1, 0, 7, 29);
INSERT INTO BOOK(book_id, condition, state, edition_id, line_id) VALUES(198, 3, 0, 7, 246);
INSERT INTO BOOK(book_id, condition, state, edition_id, line_id) VALUES(199, 0, 0, 7, 218);
INSERT INTO BOOK(book_id, condition, state, edition_id, line_id) VALUES(200, 0, 0, 7, 148);
INSERT INTO BOOK(book_id, condition, state, edition_id, line_id) VALUES(201, 0, 0, 7, 179);
INSERT INTO BOOK(book_id, condition, state, edition_id, line_id) VALUES(202, 3, 0, 7, 297);
INSERT INTO BOOK(book_id, condition, state, edition_id, line_id) VALUES(203, 1, 0, 7, 310);
INSERT INTO BOOK(book_id, condition, state, edition_id, line_id) VALUES(204, 1, 0, 7, 2);
INSERT INTO BOOK(book_id, condition, state, edition_id, line_id) VALUES(205, 0, 0, 7, 33);
INSERT INTO BOOK(book_id, condition, state, edition_id, line_id) VALUES(206, 1, 0, 7, 110);
INSERT INTO BOOK(book_id, condition, state, edition_id, line_id) VALUES(207, 1, 0, 7, 241);
INSERT INTO BOOK(book_id, condition, state, edition_id, line_id) VALUES(208, 2, 0, 7, 91);
INSERT INTO BOOK(book_id, condition, state, edition_id, line_id) VALUES(209, 1, 0, 7, 324);
INSERT INTO BOOK(book_id, condition, state, edition_id, line_id) VALUES(210, 0, 0, 7, 68);
INSERT INTO BOOK(book_id, condition, state, edition_id, line_id) VALUES(211, 2, 0, 7, 300);
INSERT INTO BOOK(book_id, condition, state, edition_id, line_id) VALUES(212, 0, 0, 7, 49);
INSERT INTO BOOK(book_id, condition, state, edition_id, line_id) VALUES(213, 0, 0, 7, 312);
INSERT INTO BOOK(book_id, condition, state, edition_id, line_id) VALUES(214, 1, 0, 7, 309);
INSERT INTO BOOK(book_id, condition, state, edition_id, line_id) VALUES(215, 0, 0, 7, 34);
INSERT INTO BOOK(book_id, condition, state, edition_id, line_id) VALUES(216, 3, 0, 7, 85);
INSERT INTO BOOK(book_id, condition, state, edition_id, line_id) VALUES(217, 1, 0, 7, 266);
INSERT INTO BOOK(book_id, condition, state, edition_id, line_id) VALUES(218, 1, 0, 7, 291);
INSERT INTO BOOK(book_id, condition, state, edition_id, line_id) VALUES(219, 3, 0, 7, 234);
INSERT INTO BOOK(book_id, condition, state, edition_id, line_id) VALUES(220, 0, 0, 7, 172);
INSERT INTO BOOK(book_id, condition, state, edition_id, line_id) VALUES(221, 3, 0, 7, 94);
INSERT INTO BOOK(book_id, condition, state, edition_id, line_id) VALUES(222, 1, 0, 7, 53);
INSERT INTO BOOK(book_id, condition, state, edition_id, line_id) VALUES(223, 3, 0, 7, 71);
INSERT INTO BOOK(book_id, condition, state, edition_id, line_id) VALUES(224, 2, 0, 7, 86);
INSERT INTO BOOK(book_id, condition, state, edition_id, line_id) VALUES(225, 1, 0, 7, 146);
INSERT INTO BOOK(book_id, condition, state, edition_id, line_id) VALUES(226, 1, 0, 7, 161);
INSERT INTO BOOK(book_id, condition, state, edition_id, line_id) VALUES(227, 0, 0, 7, 180);
INSERT INTO BOOK(book_id, condition, state, edition_id, line_id) VALUES(228, 2, 0, 7, 270);
INSERT INTO BOOK(book_id, condition, state, edition_id, line_id) VALUES(229, 2, 0, 7, 117);
INSERT INTO BOOK(book_id, condition, state, edition_id, line_id) VALUES(230, 1, 0, 7, 92);
INSERT INTO BOOK(book_id, condition, state, edition_id, line_id) VALUES(231, 1, 0, 7, 225);
INSERT INTO BOOK(book_id, condition, state, edition_id, line_id) VALUES(232, 0, 0, 7, 179);
INSERT INTO BOOK(book_id, condition, state, edition_id, line_id) VALUES(233, 0, 0, 7, 154);
INSERT INTO BOOK(book_id, condition, state, edition_id, line_id) VALUES(234, 2, 0, 7, 186);
INSERT INTO BOOK(book_id, condition, state, edition_id, line_id) VALUES(235, 3, 0, 7, 283);
INSERT INTO BOOK(book_id, condition, state, edition_id, line_id) VALUES(236, 2, 0, 7, 325);
INSERT INTO BOOK(book_id, condition, state, edition_id, line_id) VALUES(237, 0, 0, 7, 231);
INSERT INTO BOOK(book_id, condition, state, edition_id, line_id) VALUES(238, 1, 0, 7, 216);
INSERT INTO BOOK(book_id, condition, state, edition_id, line_id) VALUES(239, 0, 0, 7, 104);
INSERT INTO BOOK(book_id, condition, state, edition_id, line_id) VALUES(240, 2, 0, 7, 305);
INSERT INTO BOOK(book_id, condition, state, edition_id, line_id) VALUES(241, 0, 0, 7, 157);
INSERT INTO BOOK(book_id, condition, state, edition_id, line_id) VALUES(242, 1, 0, 7, 109);
INSERT INTO BOOK(book_id, condition, state, edition_id, line_id) VALUES(243, 2, 0, 7, 312);
INSERT INTO BOOK(book_id, condition, state, edition_id, line_id) VALUES(244, 1, 0, 7, 256);
INSERT INTO BOOK(book_id, condition, state, edition_id, line_id) VALUES(245, 1, 0, 7, 83);
INSERT INTO BOOK(book_id, condition, state, edition_id, line_id) VALUES(246, 0, 0, 8, 277);
INSERT INTO BOOK(book_id, condition, state, edition_id, line_id) VALUES(247, 1, 0, 8, 117);
INSERT INTO BOOK(book_id, condition, state, edition_id, line_id) VALUES(248, 0, 0, 8, 211);
INSERT INTO BOOK(book_id, condition, state, edition_id, line_id) VALUES(249, 0, 0, 8, 123);
INSERT INTO BOOK(book_id, condition, state, edition_id, line_id) VALUES(250, 3, 0, 8, 320);
INSERT INTO BOOK(book_id, condition, state, edition_id, line_id) VALUES(251, 0, 0, 8, 191);
INSERT INTO BOOK(book_id, condition, state, edition_id, line_id) VALUES(252, 1, 0, 8, 174);
INSERT INTO BOOK(book_id, condition, state, edition_id, line_id) VALUES(253, 2, 0, 8, 115);
INSERT INTO BOOK(book_id, condition, state, edition_id, line_id) VALUES(254, 2, 0, 8, 184);
INSERT INTO BOOK(book_id, condition, state, edition_id, line_id) VALUES(255, 2, 0, 8, 99);
INSERT INTO BOOK(book_id, condition, state, edition_id, line_id) VALUES(256, 1, 0, 8, 214);
INSERT INTO BOOK(book_id, condition, state, edition_id, line_id) VALUES(257, 3, 0, 8, 75);
INSERT INTO BOOK(book_id, condition, state, edition_id, line_id) VALUES(258, 1, 0, 8, 29);
INSERT INTO BOOK(book_id, condition, state, edition_id, line_id) VALUES(259, 1, 0, 8, 73);
INSERT INTO BOOK(book_id, condition, state, edition_id, line_id) VALUES(260, 1, 0, 8, 111);
INSERT INTO BOOK(book_id, condition, state, edition_id, line_id) VALUES(261, 1, 0, 8, 153);
INSERT INTO BOOK(book_id, condition, state, edition_id, line_id) VALUES(262, 2, 0, 8, 1);
INSERT INTO BOOK(book_id, condition, state, edition_id, line_id) VALUES(263, 3, 0, 8, 103);
INSERT INTO BOOK(book_id, condition, state, edition_id, line_id) VALUES(264, 0, 0, 8, 50);
INSERT INTO BOOK(book_id, condition, state, edition_id, line_id) VALUES(265, 2, 0, 8, 196);
INSERT INTO BOOK(book_id, condition, state, edition_id, line_id) VALUES(266, 0, 0, 8, 72);
INSERT INTO BOOK(book_id, condition, state, edition_id, line_id) VALUES(267, 0, 0, 8, 41);
INSERT INTO BOOK(book_id, condition, state, edition_id, line_id) VALUES(268, 2, 0, 8, 126);
INSERT INTO BOOK(book_id, condition, state, edition_id, line_id) VALUES(269, 0, 0, 8, 291);
INSERT INTO BOOK(book_id, condition, state, edition_id, line_id) VALUES(270, 0, 0, 8, 235);
INSERT INTO BOOK(book_id, condition, state, edition_id, line_id) VALUES(271, 2, 0, 8, 1);
INSERT INTO BOOK(book_id, condition, state, edition_id, line_id) VALUES(272, 1, 0, 8, 95);
INSERT INTO BOOK(book_id, condition, state, edition_id, line_id) VALUES(273, 3, 0, 8, 173);
INSERT INTO BOOK(book_id, condition, state, edition_id, line_id) VALUES(274, 2, 0, 8, 260);
INSERT INTO BOOK(book_id, condition, state, edition_id, line_id) VALUES(275, 3, 0, 8, 146);
INSERT INTO BOOK(book_id, condition, state, edition_id, line_id) VALUES(276, 0, 0, 8, 97);
INSERT INTO BOOK(book_id, condition, state, edition_id, line_id) VALUES(277, 3, 0, 8, 244);
INSERT INTO BOOK(book_id, condition, state, edition_id, line_id) VALUES(278, 0, 0, 8, 314);
INSERT INTO BOOK(book_id, condition, state, edition_id, line_id) VALUES(279, 1, 0, 8, 296);
INSERT INTO BOOK(book_id, condition, state, edition_id, line_id) VALUES(280, 0, 0, 9, 37);
INSERT INTO BOOK(book_id, condition, state, edition_id, line_id) VALUES(281, 0, 0, 9, 212);
INSERT INTO BOOK(book_id, condition, state, edition_id, line_id) VALUES(282, 1, 0, 9, 134);
INSERT INTO BOOK(book_id, condition, state, edition_id, line_id) VALUES(283, 0, 0, 9, 142);
INSERT INTO BOOK(book_id, condition, state, edition_id, line_id) VALUES(284, 1, 0, 9, 285);
INSERT INTO BOOK(book_id, condition, state, edition_id, line_id) VALUES(285, 2, 0, 9, 26);
INSERT INTO BOOK(book_id, condition, state, edition_id, line_id) VALUES(286, 0, 0, 9, 14);
INSERT INTO BOOK(book_id, condition, state, edition_id, line_id) VALUES(287, 0, 0, 9, 208);
INSERT INTO BOOK(book_id, condition, state, edition_id, line_id) VALUES(288, 1, 0, 9, 230);
INSERT INTO BOOK(book_id, condition, state, edition_id, line_id) VALUES(289, 1, 0, 9, 230);
INSERT INTO BOOK(book_id, condition, state, edition_id, line_id) VALUES(290, 0, 0, 9, 204);
INSERT INTO BOOK(book_id, condition, state, edition_id, line_id) VALUES(291, 2, 0, 9, 215);
INSERT INTO BOOK(book_id, condition, state, edition_id, line_id) VALUES(292, 0, 0, 9, 272);
INSERT INTO BOOK(book_id, condition, state, edition_id, line_id) VALUES(293, 1, 0, 9, 74);
INSERT INTO BOOK(book_id, condition, state, edition_id, line_id) VALUES(294, 3, 0, 9, 109);
INSERT INTO BOOK(book_id, condition, state, edition_id, line_id) VALUES(295, 0, 0, 9, 220);
INSERT INTO BOOK(book_id, condition, state, edition_id, line_id) VALUES(296, 1, 0, 9, 30);
INSERT INTO BOOK(book_id, condition, state, edition_id, line_id) VALUES(297, 3, 0, 9, 2);
INSERT INTO BOOK(book_id, condition, state, edition_id, line_id) VALUES(298, 2, 0, 9, 171);
INSERT INTO BOOK(book_id, condition, state, edition_id, line_id) VALUES(299, 0, 0, 9, 143);
INSERT INTO BOOK(book_id, condition, state, edition_id, line_id) VALUES(300, 0, 0, 9, 229);
INSERT INTO BOOK(book_id, condition, state, edition_id, line_id) VALUES(301, 1, 0, 9, 158);
INSERT INTO BOOK(book_id, condition, state, edition_id, line_id) VALUES(302, 1, 0, 9, 1);
INSERT INTO BOOK(book_id, condition, state, edition_id, line_id) VALUES(303, 0, 0, 9, 311);
INSERT INTO BOOK(book_id, condition, state, edition_id, line_id) VALUES(304, 1, 0, 9, 132);
INSERT INTO BOOK(book_id, condition, state, edition_id, line_id) VALUES(305, 0, 0, 9, 152);
INSERT INTO BOOK(book_id, condition, state, edition_id, line_id) VALUES(306, 2, 0, 9, 145);
INSERT INTO BOOK(book_id, condition, state, edition_id, line_id) VALUES(307, 2, 0, 9, 1);
INSERT INTO BOOK(book_id, condition, state, edition_id, line_id) VALUES(308, 3, 0, 10, 163);
INSERT INTO BOOK(book_id, condition, state, edition_id, line_id) VALUES(309, 0, 0, 10, 247);
INSERT INTO BOOK(book_id, condition, state, edition_id, line_id) VALUES(310, 1, 0, 10, 179);
INSERT INTO BOOK(book_id, condition, state, edition_id, line_id) VALUES(311, 0, 0, 10, 14);
INSERT INTO BOOK(book_id, condition, state, edition_id, line_id) VALUES(312, 3, 0, 10, 169);
INSERT INTO BOOK(book_id, condition, state, edition_id, line_id) VALUES(313, 3, 0, 10, 246);
INSERT INTO BOOK(book_id, condition, state, edition_id, line_id) VALUES(314, 0, 0, 10, 300);
INSERT INTO BOOK(book_id, condition, state, edition_id, line_id) VALUES(315, 0, 0, 10, 27);
INSERT INTO BOOK(book_id, condition, state, edition_id, line_id) VALUES(316, 1, 0, 10, 181);
INSERT INTO BOOK(book_id, condition, state, edition_id, line_id) VALUES(317, 1, 0, 10, 310);
INSERT INTO BOOK(book_id, condition, state, edition_id, line_id) VALUES(318, 1, 0, 10, 144);
INSERT INTO BOOK(book_id, condition, state, edition_id, line_id) VALUES(319, 0, 0, 10, 48);
INSERT INTO BOOK(book_id, condition, state, edition_id, line_id) VALUES(320, 0, 0, 10, 218);
INSERT INTO BOOK(book_id, condition, state, edition_id, line_id) VALUES(321, 2, 0, 10, 213);
INSERT INTO BOOK(book_id, condition, state, edition_id, line_id) VALUES(322, 2, 0, 10, 179);
INSERT INTO BOOK(book_id, condition, state, edition_id, line_id) VALUES(323, 0, 0, 10, 79);
INSERT INTO BOOK(book_id, condition, state, edition_id, line_id) VALUES(324, 2, 0, 10, 249);
INSERT INTO BOOK(book_id, condition, state, edition_id, line_id) VALUES(325, 0, 0, 10, 1);
INSERT INTO BOOK(book_id, condition, state, edition_id, line_id) VALUES(326, 2, 0, 10, 263);
INSERT INTO BOOK(book_id, condition, state, edition_id, line_id) VALUES(327, 1, 0, 10, 238);
INSERT INTO BOOK(book_id, condition, state, edition_id, line_id) VALUES(328, 2, 0, 10, 127);
INSERT INTO BOOK(book_id, condition, state, edition_id, line_id) VALUES(329, 0, 0, 10, 3);
INSERT INTO BOOK(book_id, condition, state, edition_id, line_id) VALUES(330, 1, 0, 10, 13);
INSERT INTO BOOK(book_id, condition, state, edition_id, line_id) VALUES(331, 1, 0, 10, 142);
INSERT INTO BOOK(book_id, condition, state, edition_id, line_id) VALUES(332, 0, 0, 10, 19);
INSERT INTO BOOK(book_id, condition, state, edition_id, line_id) VALUES(333, 2, 0, 10, 43);
INSERT INTO BOOK(book_id, condition, state, edition_id, line_id) VALUES(334, 0, 0, 10, 128);
INSERT INTO BOOK(book_id, condition, state, edition_id, line_id) VALUES(335, 0, 0, 10, 16);
INSERT INTO BOOK(book_id, condition, state, edition_id, line_id) VALUES(336, 0, 0, 10, 301);
INSERT INTO BOOK(book_id, condition, state, edition_id, line_id) VALUES(337, 0, 0, 10, 18);
INSERT INTO BOOK(book_id, condition, state, edition_id, line_id) VALUES(338, 0, 0, 10, 263);
INSERT INTO BOOK(book_id, condition, state, edition_id, line_id) VALUES(339, 0, 0, 10, 90);
INSERT INTO BOOK(book_id, condition, state, edition_id, line_id) VALUES(340, 0, 0, 10, 235);
INSERT INTO BOOK(book_id, condition, state, edition_id, line_id) VALUES(341, 1, 0, 10, 235);
INSERT INTO BOOK(book_id, condition, state, edition_id, line_id) VALUES(342, 3, 0, 10, 285);
INSERT INTO BOOK(book_id, condition, state, edition_id, line_id) VALUES(343, 3, 0, 10, 57);
INSERT INTO BOOK(book_id, condition, state, edition_id, line_id) VALUES(344, 2, 0, 10, 177);
INSERT INTO BOOK(book_id, condition, state, edition_id, line_id) VALUES(345, 0, 0, 11, 209);
INSERT INTO BOOK(book_id, condition, state, edition_id, line_id) VALUES(346, 0, 0, 11, 32);
INSERT INTO BOOK(book_id, condition, state, edition_id, line_id) VALUES(347, 1, 0, 11, 110);
INSERT INTO BOOK(book_id, condition, state, edition_id, line_id) VALUES(348, 1, 0, 11, 324);
INSERT INTO BOOK(book_id, condition, state, edition_id, line_id) VALUES(349, 1, 0, 11, 321);
INSERT INTO BOOK(book_id, condition, state, edition_id, line_id) VALUES(350, 3, 0, 11, 325);
INSERT INTO BOOK(book_id, condition, state, edition_id, line_id) VALUES(351, 3, 0, 11, 183);
INSERT INTO BOOK(book_id, condition, state, edition_id, line_id) VALUES(352, 1, 0, 11, 50);
INSERT INTO BOOK(book_id, condition, state, edition_id, line_id) VALUES(353, 3, 0, 11, 188);
INSERT INTO BOOK(book_id, condition, state, edition_id, line_id) VALUES(354, 0, 0, 11, 235);
INSERT INTO BOOK(book_id, condition, state, edition_id, line_id) VALUES(355, 0, 0, 11, 134);
INSERT INTO BOOK(book_id, condition, state, edition_id, line_id) VALUES(356, 0, 0, 11, 12);
INSERT INTO BOOK(book_id, condition, state, edition_id, line_id) VALUES(357, 2, 0, 11, 187);
INSERT INTO BOOK(book_id, condition, state, edition_id, line_id) VALUES(358, 0, 0, 11, 60);
INSERT INTO BOOK(book_id, condition, state, edition_id, line_id) VALUES(359, 1, 0, 11, 253);
INSERT INTO BOOK(book_id, condition, state, edition_id, line_id) VALUES(360, 1, 0, 11, 318);
INSERT INTO BOOK(book_id, condition, state, edition_id, line_id) VALUES(361, 3, 0, 11, 129);
INSERT INTO BOOK(book_id, condition, state, edition_id, line_id) VALUES(362, 1, 0, 11, 79);
INSERT INTO BOOK(book_id, condition, state, edition_id, line_id) VALUES(363, 3, 0, 11, 315);
INSERT INTO BOOK(book_id, condition, state, edition_id, line_id) VALUES(364, 3, 0, 11, 255);
INSERT INTO BOOK(book_id, condition, state, edition_id, line_id) VALUES(365, 3, 0, 11, 183);
INSERT INTO BOOK(book_id, condition, state, edition_id, line_id) VALUES(366, 1, 0, 11, 188);
INSERT INTO BOOK(book_id, condition, state, edition_id, line_id) VALUES(367, 2, 0, 11, 276);
INSERT INTO BOOK(book_id, condition, state, edition_id, line_id) VALUES(368, 2, 0, 11, 36);
INSERT INTO BOOK(book_id, condition, state, edition_id, line_id) VALUES(369, 2, 0, 11, 305);
INSERT INTO BOOK(book_id, condition, state, edition_id, line_id) VALUES(370, 0, 0, 11, 299);
INSERT INTO BOOK(book_id, condition, state, edition_id, line_id) VALUES(371, 0, 0, 11, 66);
INSERT INTO BOOK(book_id, condition, state, edition_id, line_id) VALUES(372, 1, 0, 11, 112);
INSERT INTO BOOK(book_id, condition, state, edition_id, line_id) VALUES(373, 2, 0, 11, 201);
INSERT INTO BOOK(book_id, condition, state, edition_id, line_id) VALUES(374, 1, 0, 11, 199);
INSERT INTO BOOK(book_id, condition, state, edition_id, line_id) VALUES(375, 2, 0, 12, 258);
INSERT INTO BOOK(book_id, condition, state, edition_id, line_id) VALUES(376, 1, 0, 12, 314);
INSERT INTO BOOK(book_id, condition, state, edition_id, line_id) VALUES(377, 2, 0, 12, 312);
INSERT INTO BOOK(book_id, condition, state, edition_id, line_id) VALUES(378, 1, 0, 12, 280);
INSERT INTO BOOK(book_id, condition, state, edition_id, line_id) VALUES(379, 2, 0, 12, 155);
INSERT INTO BOOK(book_id, condition, state, edition_id, line_id) VALUES(380, 2, 0, 12, 276);
INSERT INTO BOOK(book_id, condition, state, edition_id, line_id) VALUES(381, 1, 0, 12, 135);
INSERT INTO BOOK(book_id, condition, state, edition_id, line_id) VALUES(382, 2, 0, 12, 321);
INSERT INTO BOOK(book_id, condition, state, edition_id, line_id) VALUES(383, 2, 0, 12, 12);
INSERT INTO BOOK(book_id, condition, state, edition_id, line_id) VALUES(384, 1, 0, 12, 37);
INSERT INTO BOOK(book_id, condition, state, edition_id, line_id) VALUES(385, 3, 0, 12, 146);
INSERT INTO BOOK(book_id, condition, state, edition_id, line_id) VALUES(386, 0, 0, 12, 294);
INSERT INTO BOOK(book_id, condition, state, edition_id, line_id) VALUES(387, 3, 0, 12, 212);
INSERT INTO BOOK(book_id, condition, state, edition_id, line_id) VALUES(388, 1, 0, 12, 45);
INSERT INTO BOOK(book_id, condition, state, edition_id, line_id) VALUES(389, 0, 0, 12, 14);
INSERT INTO BOOK(book_id, condition, state, edition_id, line_id) VALUES(390, 0, 0, 12, 69);
INSERT INTO BOOK(book_id, condition, state, edition_id, line_id) VALUES(391, 0, 0, 12, 16);
INSERT INTO BOOK(book_id, condition, state, edition_id, line_id) VALUES(392, 1, 0, 12, 303);
INSERT INTO BOOK(book_id, condition, state, edition_id, line_id) VALUES(393, 0, 0, 12, 207);
INSERT INTO BOOK(book_id, condition, state, edition_id, line_id) VALUES(394, 2, 0, 13, 69);
INSERT INTO BOOK(book_id, condition, state, edition_id, line_id) VALUES(395, 2, 0, 13, 33);
INSERT INTO BOOK(book_id, condition, state, edition_id, line_id) VALUES(396, 1, 0, 13, 227);
INSERT INTO BOOK(book_id, condition, state, edition_id, line_id) VALUES(397, 2, 0, 13, 105);
INSERT INTO BOOK(book_id, condition, state, edition_id, line_id) VALUES(398, 0, 0, 13, 137);
INSERT INTO BOOK(book_id, condition, state, edition_id, line_id) VALUES(399, 1, 0, 13, 52);
INSERT INTO BOOK(book_id, condition, state, edition_id, line_id) VALUES(400, 2, 0, 13, 45);
INSERT INTO BOOK(book_id, condition, state, edition_id, line_id) VALUES(401, 3, 0, 13, 220);
INSERT INTO BOOK(book_id, condition, state, edition_id, line_id) VALUES(402, 1, 0, 13, 313);
INSERT INTO BOOK(book_id, condition, state, edition_id, line_id) VALUES(403, 1, 0, 13, 54);
INSERT INTO BOOK(book_id, condition, state, edition_id, line_id) VALUES(404, 0, 0, 13, 122);
INSERT INTO BOOK(book_id, condition, state, edition_id, line_id) VALUES(405, 2, 0, 13, 267);
INSERT INTO BOOK(book_id, condition, state, edition_id, line_id) VALUES(406, 0, 0, 13, 324);
INSERT INTO BOOK(book_id, condition, state, edition_id, line_id) VALUES(407, 2, 0, 13, 263);
INSERT INTO BOOK(book_id, condition, state, edition_id, line_id) VALUES(408, 0, 0, 13, 151);
INSERT INTO BOOK(book_id, condition, state, edition_id, line_id) VALUES(409, 1, 0, 13, 181);
INSERT INTO BOOK(book_id, condition, state, edition_id, line_id) VALUES(410, 2, 0, 13, 145);
INSERT INTO BOOK(book_id, condition, state, edition_id, line_id) VALUES(411, 0, 0, 13, 24);
INSERT INTO BOOK(book_id, condition, state, edition_id, line_id) VALUES(412, 2, 0, 13, 186);
INSERT INTO BOOK(book_id, condition, state, edition_id, line_id) VALUES(413, 1, 0, 13, 67);
INSERT INTO BOOK(book_id, condition, state, edition_id, line_id) VALUES(414, 2, 0, 13, 282);
INSERT INTO BOOK(book_id, condition, state, edition_id, line_id) VALUES(415, 1, 0, 13, 61);
INSERT INTO BOOK(book_id, condition, state, edition_id, line_id) VALUES(416, 2, 0, 13, 132);
INSERT INTO BOOK(book_id, condition, state, edition_id, line_id) VALUES(417, 0, 0, 13, 283);
INSERT INTO BOOK(book_id, condition, state, edition_id, line_id) VALUES(418, 0, 0, 13, 182);
INSERT INTO BOOK(book_id, condition, state, edition_id, line_id) VALUES(419, 1, 0, 13, 37);
INSERT INTO BOOK(book_id, condition, state, edition_id, line_id) VALUES(420, 1, 0, 13, 325);
INSERT INTO BOOK(book_id, condition, state, edition_id, line_id) VALUES(421, 1, 0, 13, 40);
INSERT INTO BOOK(book_id, condition, state, edition_id, line_id) VALUES(422, 2, 0, 13, 89);
INSERT INTO BOOK(book_id, condition, state, edition_id, line_id) VALUES(423, 1, 0, 13, 46);
INSERT INTO BOOK(book_id, condition, state, edition_id, line_id) VALUES(424, 2, 0, 13, 162);
INSERT INTO BOOK(book_id, condition, state, edition_id, line_id) VALUES(425, 2, 0, 13, 187);
INSERT INTO BOOK(book_id, condition, state, edition_id, line_id) VALUES(426, 1, 0, 13, 1);
INSERT INTO BOOK(book_id, condition, state, edition_id, line_id) VALUES(427, 0, 0, 13, 7);
INSERT INTO BOOK(book_id, condition, state, edition_id, line_id) VALUES(428, 0, 0, 13, 276);
INSERT INTO BOOK(book_id, condition, state, edition_id, line_id) VALUES(429, 1, 0, 13, 88);
INSERT INTO BOOK(book_id, condition, state, edition_id, line_id) VALUES(430, 0, 0, 13, 193);
INSERT INTO BOOK(book_id, condition, state, edition_id, line_id) VALUES(431, 0, 0, 13, 266);
INSERT INTO BOOK(book_id, condition, state, edition_id, line_id) VALUES(432, 0, 0, 13, 85);
INSERT INTO BOOK(book_id, condition, state, edition_id, line_id) VALUES(433, 1, 0, 13, 201);
INSERT INTO BOOK(book_id, condition, state, edition_id, line_id) VALUES(434, 1, 0, 13, 243);
INSERT INTO BOOK(book_id, condition, state, edition_id, line_id) VALUES(435, 1, 0, 13, 253);
INSERT INTO BOOK(book_id, condition, state, edition_id, line_id) VALUES(436, 2, 0, 13, 236);
INSERT INTO BOOK(book_id, condition, state, edition_id, line_id) VALUES(437, 1, 0, 13, 143);
INSERT INTO BOOK(book_id, condition, state, edition_id, line_id) VALUES(438, 1, 0, 13, 163);
INSERT INTO BOOK(book_id, condition, state, edition_id, line_id) VALUES(439, 1, 0, 13, 232);
INSERT INTO BOOK(book_id, condition, state, edition_id, line_id) VALUES(440, 0, 0, 13, 327);
INSERT INTO BOOK(book_id, condition, state, edition_id, line_id) VALUES(441, 2, 0, 13, 299);
INSERT INTO BOOK(book_id, condition, state, edition_id, line_id) VALUES(442, 1, 0, 13, 23);
INSERT INTO BOOK(book_id, condition, state, edition_id, line_id) VALUES(443, 2, 0, 13, 114);
INSERT INTO BOOK(book_id, condition, state, edition_id, line_id) VALUES(444, 1, 0, 13, 25);
INSERT INTO BOOK(book_id, condition, state, edition_id, line_id) VALUES(445, 1, 0, 13, 55);
INSERT INTO BOOK(book_id, condition, state, edition_id, line_id) VALUES(446, 0, 0, 13, 196);
INSERT INTO BOOK(book_id, condition, state, edition_id, line_id) VALUES(447, 3, 0, 13, 42);
INSERT INTO BOOK(book_id, condition, state, edition_id, line_id) VALUES(448, 0, 0, 13, 223);
INSERT INTO BOOK(book_id, condition, state, edition_id, line_id) VALUES(449, 0, 0, 13, 315);
INSERT INTO BOOK(book_id, condition, state, edition_id, line_id) VALUES(450, 1, 0, 14, 80);
INSERT INTO BOOK(book_id, condition, state, edition_id, line_id) VALUES(451, 1, 0, 14, 244);
INSERT INTO BOOK(book_id, condition, state, edition_id, line_id) VALUES(452, 0, 0, 14, 201);
INSERT INTO BOOK(book_id, condition, state, edition_id, line_id) VALUES(453, 3, 0, 14, 263);
INSERT INTO BOOK(book_id, condition, state, edition_id, line_id) VALUES(454, 1, 0, 14, 288);
INSERT INTO BOOK(book_id, condition, state, edition_id, line_id) VALUES(455, 0, 0, 14, 163);
INSERT INTO BOOK(book_id, condition, state, edition_id, line_id) VALUES(456, 1, 0, 14, 227);
INSERT INTO BOOK(book_id, condition, state, edition_id, line_id) VALUES(457, 2, 0, 14, 178);
INSERT INTO BOOK(book_id, condition, state, edition_id, line_id) VALUES(458, 2, 0, 14, 11);
INSERT INTO BOOK(book_id, condition, state, edition_id, line_id) VALUES(459, 1, 0, 14, 280);
INSERT INTO BOOK(book_id, condition, state, edition_id, line_id) VALUES(460, 1, 0, 14, 13);
INSERT INTO BOOK(book_id, condition, state, edition_id, line_id) VALUES(461, 2, 0, 14, 316);
INSERT INTO BOOK(book_id, condition, state, edition_id, line_id) VALUES(462, 0, 0, 14, 34);
INSERT INTO BOOK(book_id, condition, state, edition_id, line_id) VALUES(463, 1, 0, 14, 184);
INSERT INTO BOOK(book_id, condition, state, edition_id, line_id) VALUES(464, 1, 0, 15, 188);
INSERT INTO BOOK(book_id, condition, state, edition_id, line_id) VALUES(465, 1, 0, 15, 199);
INSERT INTO BOOK(book_id, condition, state, edition_id, line_id) VALUES(466, 1, 0, 15, 57);
INSERT INTO BOOK(book_id, condition, state, edition_id, line_id) VALUES(467, 1, 0, 15, 307);
INSERT INTO BOOK(book_id, condition, state, edition_id, line_id) VALUES(468, 0, 0, 15, 141);
INSERT INTO BOOK(book_id, condition, state, edition_id, line_id) VALUES(469, 0, 0, 15, 112);
INSERT INTO BOOK(book_id, condition, state, edition_id, line_id) VALUES(470, 1, 0, 15, 242);
INSERT INTO BOOK(book_id, condition, state, edition_id, line_id) VALUES(471, 2, 0, 15, 220);
INSERT INTO BOOK(book_id, condition, state, edition_id, line_id) VALUES(472, 1, 0, 15, 35);
INSERT INTO BOOK(book_id, condition, state, edition_id, line_id) VALUES(473, 3, 0, 15, 216);
INSERT INTO BOOK(book_id, condition, state, edition_id, line_id) VALUES(474, 2, 0, 15, 131);
INSERT INTO BOOK(book_id, condition, state, edition_id, line_id) VALUES(475, 2, 0, 15, 242);
INSERT INTO BOOK(book_id, condition, state, edition_id, line_id) VALUES(476, 3, 0, 15, 260);
INSERT INTO BOOK(book_id, condition, state, edition_id, line_id) VALUES(477, 1, 0, 15, 133);
INSERT INTO BOOK(book_id, condition, state, edition_id, line_id) VALUES(478, 0, 0, 15, 280);
INSERT INTO BOOK(book_id, condition, state, edition_id, line_id) VALUES(479, 2, 0, 15, 289);
INSERT INTO BOOK(book_id, condition, state, edition_id, line_id) VALUES(480, 1, 0, 15, 210);
INSERT INTO BOOK(book_id, condition, state, edition_id, line_id) VALUES(481, 0, 0, 15, 228);
INSERT INTO BOOK(book_id, condition, state, edition_id, line_id) VALUES(482, 2, 0, 15, 318);
INSERT INTO BOOK(book_id, condition, state, edition_id, line_id) VALUES(483, 2, 0, 15, 50);
INSERT INTO BOOK(book_id, condition, state, edition_id, line_id) VALUES(484, 1, 0, 15, 84);
INSERT INTO BOOK(book_id, condition, state, edition_id, line_id) VALUES(485, 1, 0, 15, 239);
INSERT INTO BOOK(book_id, condition, state, edition_id, line_id) VALUES(486, 2, 0, 15, 279);
INSERT INTO BOOK(book_id, condition, state, edition_id, line_id) VALUES(487, 1, 0, 15, 85);
INSERT INTO BOOK(book_id, condition, state, edition_id, line_id) VALUES(488, 2, 0, 15, 286);
INSERT INTO BOOK(book_id, condition, state, edition_id, line_id) VALUES(489, 1, 0, 15, 225);
INSERT INTO BOOK(book_id, condition, state, edition_id, line_id) VALUES(490, 3, 0, 15, 30);
INSERT INTO BOOK(book_id, condition, state, edition_id, line_id) VALUES(491, 3, 0, 15, 213);
INSERT INTO BOOK(book_id, condition, state, edition_id, line_id) VALUES(492, 2, 0, 15, 248);
INSERT INTO BOOK(book_id, condition, state, edition_id, line_id) VALUES(493, 0, 0, 15, 151);
INSERT INTO BOOK(book_id, condition, state, edition_id, line_id) VALUES(494, 0, 0, 15, 167);
INSERT INTO BOOK(book_id, condition, state, edition_id, line_id) VALUES(495, 1, 0, 15, 11);
INSERT INTO BOOK(book_id, condition, state, edition_id, line_id) VALUES(496, 2, 0, 15, 9);
INSERT INTO BOOK(book_id, condition, state, edition_id, line_id) VALUES(497, 1, 0, 15, 225);
INSERT INTO BOOK(book_id, condition, state, edition_id, line_id) VALUES(498, 0, 0, 15, 142);
INSERT INTO BOOK(book_id, condition, state, edition_id, line_id) VALUES(499, 1, 0, 15, 33);
INSERT INTO BOOK(book_id, condition, state, edition_id, line_id) VALUES(500, 2, 0, 15, 205);
INSERT INTO BOOK(book_id, condition, state, edition_id, line_id) VALUES(501, 2, 0, 15, 52);
INSERT INTO BOOK(book_id, condition, state, edition_id, line_id) VALUES(502, 0, 0, 15, 207);
INSERT INTO BOOK(book_id, condition, state, edition_id, line_id) VALUES(503, 1, 0, 15, 135);
INSERT INTO BOOK(book_id, condition, state, edition_id, line_id) VALUES(504, 0, 0, 15, 294);
INSERT INTO BOOK(book_id, condition, state, edition_id, line_id) VALUES(505, 3, 0, 15, 240);
INSERT INTO BOOK(book_id, condition, state, edition_id, line_id) VALUES(506, 3, 0, 15, 318);
INSERT INTO BOOK(book_id, condition, state, edition_id, line_id) VALUES(507, 1, 0, 15, 6);
INSERT INTO BOOK(book_id, condition, state, edition_id, line_id) VALUES(508, 2, 0, 15, 140);
INSERT INTO BOOK(book_id, condition, state, edition_id, line_id) VALUES(509, 1, 0, 15, 156);
INSERT INTO BOOK(book_id, condition, state, edition_id, line_id) VALUES(510, 0, 0, 15, 126);
INSERT INTO BOOK(book_id, condition, state, edition_id, line_id) VALUES(511, 3, 0, 15, 218);
INSERT INTO BOOK(book_id, condition, state, edition_id, line_id) VALUES(512, 0, 0, 16, 3);
INSERT INTO BOOK(book_id, condition, state, edition_id, line_id) VALUES(513, 1, 0, 16, 178);
INSERT INTO BOOK(book_id, condition, state, edition_id, line_id) VALUES(514, 1, 0, 16, 81);
INSERT INTO BOOK(book_id, condition, state, edition_id, line_id) VALUES(515, 1, 0, 16, 238);
INSERT INTO BOOK(book_id, condition, state, edition_id, line_id) VALUES(516, 2, 0, 16, 288);
INSERT INTO BOOK(book_id, condition, state, edition_id, line_id) VALUES(517, 0, 0, 16, 111);
INSERT INTO BOOK(book_id, condition, state, edition_id, line_id) VALUES(518, 3, 0, 16, 256);
INSERT INTO BOOK(book_id, condition, state, edition_id, line_id) VALUES(519, 0, 0, 16, 237);
INSERT INTO BOOK(book_id, condition, state, edition_id, line_id) VALUES(520, 3, 0, 16, 184);
INSERT INTO BOOK(book_id, condition, state, edition_id, line_id) VALUES(521, 1, 0, 16, 75);
INSERT INTO BOOK(book_id, condition, state, edition_id, line_id) VALUES(522, 0, 0, 17, 219);
INSERT INTO BOOK(book_id, condition, state, edition_id, line_id) VALUES(523, 3, 0, 17, 95);
INSERT INTO BOOK(book_id, condition, state, edition_id, line_id) VALUES(524, 1, 0, 17, 68);
INSERT INTO BOOK(book_id, condition, state, edition_id, line_id) VALUES(525, 3, 0, 17, 76);
INSERT INTO BOOK(book_id, condition, state, edition_id, line_id) VALUES(526, 1, 0, 17, 35);
INSERT INTO BOOK(book_id, condition, state, edition_id, line_id) VALUES(527, 0, 0, 17, 3);
INSERT INTO BOOK(book_id, condition, state, edition_id, line_id) VALUES(528, 3, 0, 17, 202);
INSERT INTO BOOK(book_id, condition, state, edition_id, line_id) VALUES(529, 1, 0, 17, 95);
INSERT INTO BOOK(book_id, condition, state, edition_id, line_id) VALUES(530, 0, 0, 17, 170);
INSERT INTO BOOK(book_id, condition, state, edition_id, line_id) VALUES(531, 2, 0, 17, 68);
INSERT INTO BOOK(book_id, condition, state, edition_id, line_id) VALUES(532, 1, 0, 17, 91);
INSERT INTO BOOK(book_id, condition, state, edition_id, line_id) VALUES(533, 0, 0, 17, 51);
INSERT INTO BOOK(book_id, condition, state, edition_id, line_id) VALUES(534, 0, 0, 17, 328);
INSERT INTO BOOK(book_id, condition, state, edition_id, line_id) VALUES(535, 0, 0, 17, 238);
INSERT INTO BOOK(book_id, condition, state, edition_id, line_id) VALUES(536, 0, 0, 17, 9);
INSERT INTO BOOK(book_id, condition, state, edition_id, line_id) VALUES(537, 0, 0, 17, 210);
INSERT INTO BOOK(book_id, condition, state, edition_id, line_id) VALUES(538, 0, 0, 17, 309);
INSERT INTO BOOK(book_id, condition, state, edition_id, line_id) VALUES(539, 3, 0, 17, 296);
INSERT INTO BOOK(book_id, condition, state, edition_id, line_id) VALUES(540, 2, 0, 17, 119);
INSERT INTO BOOK(book_id, condition, state, edition_id, line_id) VALUES(541, 0, 0, 17, 269);
INSERT INTO BOOK(book_id, condition, state, edition_id, line_id) VALUES(542, 1, 0, 17, 223);
INSERT INTO BOOK(book_id, condition, state, edition_id, line_id) VALUES(543, 1, 0, 17, 78);
INSERT INTO BOOK(book_id, condition, state, edition_id, line_id) VALUES(544, 0, 0, 17, 117);
INSERT INTO BOOK(book_id, condition, state, edition_id, line_id) VALUES(545, 0, 0, 17, 145);
INSERT INTO BOOK(book_id, condition, state, edition_id, line_id) VALUES(546, 1, 0, 17, 262);
INSERT INTO BOOK(book_id, condition, state, edition_id, line_id) VALUES(547, 1, 0, 17, 176);
INSERT INTO BOOK(book_id, condition, state, edition_id, line_id) VALUES(548, 0, 0, 17, 95);
INSERT INTO BOOK(book_id, condition, state, edition_id, line_id) VALUES(549, 1, 0, 17, 125);
INSERT INTO BOOK(book_id, condition, state, edition_id, line_id) VALUES(550, 1, 0, 17, 97);
INSERT INTO BOOK(book_id, condition, state, edition_id, line_id) VALUES(551, 0, 0, 17, 283);
INSERT INTO BOOK(book_id, condition, state, edition_id, line_id) VALUES(552, 1, 0, 17, 203);
INSERT INTO BOOK(book_id, condition, state, edition_id, line_id) VALUES(553, 2, 0, 17, 221);
INSERT INTO BOOK(book_id, condition, state, edition_id, line_id) VALUES(554, 2, 0, 17, 179);
INSERT INTO BOOK(book_id, condition, state, edition_id, line_id) VALUES(555, 2, 0, 17, 57);
INSERT INTO BOOK(book_id, condition, state, edition_id, line_id) VALUES(556, 0, 0, 17, 303);
INSERT INTO BOOK(book_id, condition, state, edition_id, line_id) VALUES(557, 0, 0, 17, 295);
INSERT INTO BOOK(book_id, condition, state, edition_id, line_id) VALUES(558, 2, 0, 17, 32);
INSERT INTO BOOK(book_id, condition, state, edition_id, line_id) VALUES(559, 1, 0, 17, 34);
INSERT INTO BOOK(book_id, condition, state, edition_id, line_id) VALUES(560, 0, 0, 17, 81);
INSERT INTO BOOK(book_id, condition, state, edition_id, line_id) VALUES(561, 0, 0, 17, 7);
INSERT INTO BOOK(book_id, condition, state, edition_id, line_id) VALUES(562, 1, 0, 17, 289);
INSERT INTO BOOK(book_id, condition, state, edition_id, line_id) VALUES(563, 1, 0, 17, 122);
INSERT INTO BOOK(book_id, condition, state, edition_id, line_id) VALUES(564, 1, 0, 17, 126);
INSERT INTO BOOK(book_id, condition, state, edition_id, line_id) VALUES(565, 0, 0, 17, 286);
INSERT INTO BOOK(book_id, condition, state, edition_id, line_id) VALUES(566, 1, 0, 17, 246);
INSERT INTO BOOK(book_id, condition, state, edition_id, line_id) VALUES(567, 1, 0, 17, 100);
INSERT INTO BOOK(book_id, condition, state, edition_id, line_id) VALUES(568, 0, 0, 17, 327);
INSERT INTO BOOK(book_id, condition, state, edition_id, line_id) VALUES(569, 1, 0, 17, 42);
INSERT INTO BOOK(book_id, condition, state, edition_id, line_id) VALUES(570, 1, 0, 18, 213);
INSERT INTO BOOK(book_id, condition, state, edition_id, line_id) VALUES(571, 3, 0, 18, 56);
INSERT INTO BOOK(book_id, condition, state, edition_id, line_id) VALUES(572, 1, 0, 18, 150);
INSERT INTO BOOK(book_id, condition, state, edition_id, line_id) VALUES(573, 2, 0, 18, 204);
INSERT INTO BOOK(book_id, condition, state, edition_id, line_id) VALUES(574, 1, 0, 18, 318);
INSERT INTO BOOK(book_id, condition, state, edition_id, line_id) VALUES(575, 1, 0, 18, 80);
INSERT INTO BOOK(book_id, condition, state, edition_id, line_id) VALUES(576, 1, 0, 18, 160);
INSERT INTO BOOK(book_id, condition, state, edition_id, line_id) VALUES(577, 0, 0, 18, 186);
INSERT INTO BOOK(book_id, condition, state, edition_id, line_id) VALUES(578, 1, 0, 18, 123);
INSERT INTO BOOK(book_id, condition, state, edition_id, line_id) VALUES(579, 1, 0, 18, 182);
INSERT INTO BOOK(book_id, condition, state, edition_id, line_id) VALUES(580, 1, 0, 18, 262);
INSERT INTO BOOK(book_id, condition, state, edition_id, line_id) VALUES(581, 1, 0, 18, 210);
INSERT INTO BOOK(book_id, condition, state, edition_id, line_id) VALUES(582, 1, 0, 18, 140);
INSERT INTO BOOK(book_id, condition, state, edition_id, line_id) VALUES(583, 2, 0, 18, 309);
INSERT INTO BOOK(book_id, condition, state, edition_id, line_id) VALUES(584, 0, 0, 18, 127);
INSERT INTO BOOK(book_id, condition, state, edition_id, line_id) VALUES(585, 0, 0, 18, 167);
INSERT INTO BOOK(book_id, condition, state, edition_id, line_id) VALUES(586, 1, 0, 18, 257);
INSERT INTO BOOK(book_id, condition, state, edition_id, line_id) VALUES(587, 2, 0, 18, 220);
INSERT INTO BOOK(book_id, condition, state, edition_id, line_id) VALUES(588, 2, 0, 18, 290);
INSERT INTO BOOK(book_id, condition, state, edition_id, line_id) VALUES(589, 1, 0, 19, 130);
INSERT INTO BOOK(book_id, condition, state, edition_id, line_id) VALUES(590, 3, 0, 19, 287);
INSERT INTO BOOK(book_id, condition, state, edition_id, line_id) VALUES(591, 1, 0, 19, 51);
INSERT INTO BOOK(book_id, condition, state, edition_id, line_id) VALUES(592, 1, 0, 19, 131);
INSERT INTO BOOK(book_id, condition, state, edition_id, line_id) VALUES(593, 0, 0, 19, 208);
INSERT INTO BOOK(book_id, condition, state, edition_id, line_id) VALUES(594, 2, 0, 19, 313);
INSERT INTO BOOK(book_id, condition, state, edition_id, line_id) VALUES(595, 0, 0, 19, 93);
INSERT INTO BOOK(book_id, condition, state, edition_id, line_id) VALUES(596, 0, 0, 19, 138);
INSERT INTO BOOK(book_id, condition, state, edition_id, line_id) VALUES(597, 0, 0, 19, 222);
INSERT INTO BOOK(book_id, condition, state, edition_id, line_id) VALUES(598, 0, 0, 19, 197);
INSERT INTO BOOK(book_id, condition, state, edition_id, line_id) VALUES(599, 1, 0, 19, 136);
INSERT INTO BOOK(book_id, condition, state, edition_id, line_id) VALUES(600, 1, 0, 19, 311);
INSERT INTO BOOK(book_id, condition, state, edition_id, line_id) VALUES(601, 2, 0, 19, 61);
INSERT INTO BOOK(book_id, condition, state, edition_id, line_id) VALUES(602, 2, 0, 19, 211);
INSERT INTO BOOK(book_id, condition, state, edition_id, line_id) VALUES(603, 1, 0, 19, 302);
INSERT INTO BOOK(book_id, condition, state, edition_id, line_id) VALUES(604, 2, 0, 19, 241);
INSERT INTO BOOK(book_id, condition, state, edition_id, line_id) VALUES(605, 0, 0, 19, 252);
INSERT INTO BOOK(book_id, condition, state, edition_id, line_id) VALUES(606, 1, 0, 19, 70);
INSERT INTO BOOK(book_id, condition, state, edition_id, line_id) VALUES(607, 0, 0, 19, 228);
INSERT INTO BOOK(book_id, condition, state, edition_id, line_id) VALUES(608, 2, 0, 19, 226);
INSERT INTO BOOK(book_id, condition, state, edition_id, line_id) VALUES(609, 1, 0, 19, 223);
INSERT INTO BOOK(book_id, condition, state, edition_id, line_id) VALUES(610, 2, 0, 19, 245);
INSERT INTO BOOK(book_id, condition, state, edition_id, line_id) VALUES(611, 0, 0, 19, 327);
INSERT INTO BOOK(book_id, condition, state, edition_id, line_id) VALUES(612, 2, 0, 19, 235);
INSERT INTO BOOK(book_id, condition, state, edition_id, line_id) VALUES(613, 0, 0, 19, 4);
INSERT INTO BOOK(book_id, condition, state, edition_id, line_id) VALUES(614, 3, 0, 19, 221);
INSERT INTO BOOK(book_id, condition, state, edition_id, line_id) VALUES(615, 0, 0, 19, 121);
INSERT INTO BOOK(book_id, condition, state, edition_id, line_id) VALUES(616, 1, 0, 19, 310);
INSERT INTO BOOK(book_id, condition, state, edition_id, line_id) VALUES(617, 1, 0, 19, 50);
INSERT INTO BOOK(book_id, condition, state, edition_id, line_id) VALUES(618, 1, 0, 19, 311);
INSERT INTO BOOK(book_id, condition, state, edition_id, line_id) VALUES(619, 0, 0, 19, 327);
INSERT INTO BOOK(book_id, condition, state, edition_id, line_id) VALUES(620, 0, 0, 19, 67);
INSERT INTO BOOK(book_id, condition, state, edition_id, line_id) VALUES(621, 1, 0, 19, 324);
INSERT INTO BOOK(book_id, condition, state, edition_id, line_id) VALUES(622, 2, 0, 20, 76);
INSERT INTO BOOK(book_id, condition, state, edition_id, line_id) VALUES(623, 1, 0, 20, 186);
INSERT INTO BOOK(book_id, condition, state, edition_id, line_id) VALUES(624, 0, 0, 20, 141);
INSERT INTO BOOK(book_id, condition, state, edition_id, line_id) VALUES(625, 2, 0, 20, 86);
INSERT INTO BOOK(book_id, condition, state, edition_id, line_id) VALUES(626, 0, 0, 20, 85);
INSERT INTO BOOK(book_id, condition, state, edition_id, line_id) VALUES(627, 1, 0, 20, 194);
INSERT INTO BOOK(book_id, condition, state, edition_id, line_id) VALUES(628, 1, 0, 20, 178);
INSERT INTO BOOK(book_id, condition, state, edition_id, line_id) VALUES(629, 2, 0, 20, 225);
INSERT INTO BOOK(book_id, condition, state, edition_id, line_id) VALUES(630, 2, 0, 20, 11);
INSERT INTO BOOK(book_id, condition, state, edition_id, line_id) VALUES(631, 3, 0, 20, 83);
INSERT INTO BOOK(book_id, condition, state, edition_id, line_id) VALUES(632, 1, 0, 20, 168);
INSERT INTO BOOK(book_id, condition, state, edition_id, line_id) VALUES(633, 1, 0, 20, 220);
INSERT INTO BOOK(book_id, condition, state, edition_id, line_id) VALUES(634, 2, 0, 20, 89);
INSERT INTO BOOK(book_id, condition, state, edition_id, line_id) VALUES(635, 0, 0, 20, 94);
INSERT INTO BOOK(book_id, condition, state, edition_id, line_id) VALUES(636, 0, 0, 21, 3);
INSERT INTO BOOK(book_id, condition, state, edition_id, line_id) VALUES(637, 0, 0, 21, 53);
INSERT INTO BOOK(book_id, condition, state, edition_id, line_id) VALUES(638, 1, 0, 21, 323);
INSERT INTO BOOK(book_id, condition, state, edition_id, line_id) VALUES(639, 2, 0, 21, 107);
INSERT INTO BOOK(book_id, condition, state, edition_id, line_id) VALUES(640, 1, 0, 21, 196);
INSERT INTO BOOK(book_id, condition, state, edition_id, line_id) VALUES(641, 0, 0, 21, 325);
INSERT INTO BOOK(book_id, condition, state, edition_id, line_id) VALUES(642, 1, 0, 21, 186);
INSERT INTO BOOK(book_id, condition, state, edition_id, line_id) VALUES(643, 0, 0, 21, 22);
INSERT INTO BOOK(book_id, condition, state, edition_id, line_id) VALUES(644, 1, 0, 21, 160);
INSERT INTO BOOK(book_id, condition, state, edition_id, line_id) VALUES(645, 1, 0, 21, 267);
INSERT INTO BOOK(book_id, condition, state, edition_id, line_id) VALUES(646, 1, 0, 21, 133);
INSERT INTO BOOK(book_id, condition, state, edition_id, line_id) VALUES(647, 3, 0, 21, 99);
INSERT INTO BOOK(book_id, condition, state, edition_id, line_id) VALUES(648, 3, 0, 21, 59);
INSERT INTO BOOK(book_id, condition, state, edition_id, line_id) VALUES(649, 1, 0, 21, 193);
INSERT INTO BOOK(book_id, condition, state, edition_id, line_id) VALUES(650, 0, 0, 21, 169);
INSERT INTO BOOK(book_id, condition, state, edition_id, line_id) VALUES(651, 1, 0, 21, 193);
INSERT INTO BOOK(book_id, condition, state, edition_id, line_id) VALUES(652, 1, 0, 21, 153);
INSERT INTO BOOK(book_id, condition, state, edition_id, line_id) VALUES(653, 3, 0, 21, 314);
INSERT INTO BOOK(book_id, condition, state, edition_id, line_id) VALUES(654, 2, 0, 21, 176);
INSERT INTO BOOK(book_id, condition, state, edition_id, line_id) VALUES(655, 2, 0, 21, 74);
INSERT INTO BOOK(book_id, condition, state, edition_id, line_id) VALUES(656, 3, 0, 21, 179);
INSERT INTO BOOK(book_id, condition, state, edition_id, line_id) VALUES(657, 1, 0, 21, 73);
INSERT INTO BOOK(book_id, condition, state, edition_id, line_id) VALUES(658, 1, 0, 22, 8);
INSERT INTO BOOK(book_id, condition, state, edition_id, line_id) VALUES(659, 2, 0, 22, 43);
INSERT INTO BOOK(book_id, condition, state, edition_id, line_id) VALUES(660, 0, 0, 22, 226);
INSERT INTO BOOK(book_id, condition, state, edition_id, line_id) VALUES(661, 3, 0, 22, 200);
INSERT INTO BOOK(book_id, condition, state, edition_id, line_id) VALUES(662, 0, 0, 22, 297);
INSERT INTO BOOK(book_id, condition, state, edition_id, line_id) VALUES(663, 1, 0, 22, 37);
INSERT INTO BOOK(book_id, condition, state, edition_id, line_id) VALUES(664, 2, 0, 22, 221);
INSERT INTO BOOK(book_id, condition, state, edition_id, line_id) VALUES(665, 0, 0, 22, 0);
INSERT INTO BOOK(book_id, condition, state, edition_id, line_id) VALUES(666, 3, 0, 22, 296);
INSERT INTO BOOK(book_id, condition, state, edition_id, line_id) VALUES(667, 0, 0, 22, 19);
INSERT INTO BOOK(book_id, condition, state, edition_id, line_id) VALUES(668, 3, 0, 22, 80);
INSERT INTO BOOK(book_id, condition, state, edition_id, line_id) VALUES(669, 3, 0, 22, 175);
INSERT INTO BOOK(book_id, condition, state, edition_id, line_id) VALUES(670, 3, 0, 22, 73);
INSERT INTO BOOK(book_id, condition, state, edition_id, line_id) VALUES(671, 1, 0, 22, 197);
INSERT INTO BOOK(book_id, condition, state, edition_id, line_id) VALUES(672, 2, 0, 22, 146);
INSERT INTO BOOK(book_id, condition, state, edition_id, line_id) VALUES(673, 0, 0, 22, 59);
INSERT INTO BOOK(book_id, condition, state, edition_id, line_id) VALUES(674, 0, 0, 22, 106);
INSERT INTO BOOK(book_id, condition, state, edition_id, line_id) VALUES(675, 3, 0, 22, 196);
INSERT INTO BOOK(book_id, condition, state, edition_id, line_id) VALUES(676, 1, 0, 22, 263);
INSERT INTO BOOK(book_id, condition, state, edition_id, line_id) VALUES(677, 0, 0, 22, 17);
INSERT INTO BOOK(book_id, condition, state, edition_id, line_id) VALUES(678, 2, 0, 22, 42);
INSERT INTO BOOK(book_id, condition, state, edition_id, line_id) VALUES(679, 2, 0, 22, 128);
INSERT INTO BOOK(book_id, condition, state, edition_id, line_id) VALUES(680, 0, 0, 22, 286);
INSERT INTO BOOK(book_id, condition, state, edition_id, line_id) VALUES(681, 2, 0, 22, 305);
INSERT INTO BOOK(book_id, condition, state, edition_id, line_id) VALUES(682, 0, 0, 22, 212);
INSERT INTO BOOK(book_id, condition, state, edition_id, line_id) VALUES(683, 2, 0, 22, 124);
INSERT INTO BOOK(book_id, condition, state, edition_id, line_id) VALUES(684, 3, 0, 22, 130);
INSERT INTO BOOK(book_id, condition, state, edition_id, line_id) VALUES(685, 1, 0, 22, 65);
INSERT INTO BOOK(book_id, condition, state, edition_id, line_id) VALUES(686, 2, 0, 22, 277);
INSERT INTO BOOK(book_id, condition, state, edition_id, line_id) VALUES(687, 1, 0, 22, 262);
INSERT INTO BOOK(book_id, condition, state, edition_id, line_id) VALUES(688, 0, 0, 22, 11);
INSERT INTO BOOK(book_id, condition, state, edition_id, line_id) VALUES(689, 1, 0, 23, 308);
INSERT INTO BOOK(book_id, condition, state, edition_id, line_id) VALUES(690, 0, 0, 23, 42);
INSERT INTO BOOK(book_id, condition, state, edition_id, line_id) VALUES(691, 3, 0, 23, 169);
INSERT INTO BOOK(book_id, condition, state, edition_id, line_id) VALUES(692, 0, 0, 23, 325);
INSERT INTO BOOK(book_id, condition, state, edition_id, line_id) VALUES(693, 0, 0, 23, 35);
INSERT INTO BOOK(book_id, condition, state, edition_id, line_id) VALUES(694, 0, 0, 23, 180);
INSERT INTO BOOK(book_id, condition, state, edition_id, line_id) VALUES(695, 3, 0, 23, 16);
INSERT INTO BOOK(book_id, condition, state, edition_id, line_id) VALUES(696, 0, 0, 23, 171);
INSERT INTO BOOK(book_id, condition, state, edition_id, line_id) VALUES(697, 3, 0, 23, 296);
INSERT INTO BOOK(book_id, condition, state, edition_id, line_id) VALUES(698, 3, 0, 23, 18);
INSERT INTO BOOK(book_id, condition, state, edition_id, line_id) VALUES(699, 1, 0, 24, 324);
INSERT INTO BOOK(book_id, condition, state, edition_id, line_id) VALUES(700, 2, 0, 24, 307);
INSERT INTO BOOK(book_id, condition, state, edition_id, line_id) VALUES(701, 1, 0, 24, 172);
INSERT INTO BOOK(book_id, condition, state, edition_id, line_id) VALUES(702, 1, 0, 24, 210);
INSERT INTO BOOK(book_id, condition, state, edition_id, line_id) VALUES(703, 1, 0, 24, 275);
INSERT INTO BOOK(book_id, condition, state, edition_id, line_id) VALUES(704, 0, 0, 24, 239);
INSERT INTO BOOK(book_id, condition, state, edition_id, line_id) VALUES(705, 0, 0, 24, 120);
INSERT INTO BOOK(book_id, condition, state, edition_id, line_id) VALUES(706, 2, 0, 24, 136);
INSERT INTO BOOK(book_id, condition, state, edition_id, line_id) VALUES(707, 0, 0, 24, 248);
INSERT INTO BOOK(book_id, condition, state, edition_id, line_id) VALUES(708, 3, 0, 25, 188);
INSERT INTO BOOK(book_id, condition, state, edition_id, line_id) VALUES(709, 2, 0, 25, 71);
INSERT INTO BOOK(book_id, condition, state, edition_id, line_id) VALUES(710, 1, 0, 25, 264);
INSERT INTO BOOK(book_id, condition, state, edition_id, line_id) VALUES(711, 0, 0, 25, 89);
INSERT INTO BOOK(book_id, condition, state, edition_id, line_id) VALUES(712, 0, 0, 25, 103);
INSERT INTO BOOK(book_id, condition, state, edition_id, line_id) VALUES(713, 0, 0, 25, 119);
INSERT INTO BOOK(book_id, condition, state, edition_id, line_id) VALUES(714, 1, 0, 25, 91);
INSERT INTO BOOK(book_id, condition, state, edition_id, line_id) VALUES(715, 1, 0, 25, 169);
INSERT INTO BOOK(book_id, condition, state, edition_id, line_id) VALUES(716, 2, 0, 25, 15);
INSERT INTO BOOK(book_id, condition, state, edition_id, line_id) VALUES(717, 1, 0, 25, 317);
INSERT INTO BOOK(book_id, condition, state, edition_id, line_id) VALUES(718, 0, 0, 25, 296);
INSERT INTO BOOK(book_id, condition, state, edition_id, line_id) VALUES(719, 0, 0, 25, 228);
INSERT INTO BOOK(book_id, condition, state, edition_id, line_id) VALUES(720, 2, 0, 25, 147);
INSERT INTO BOOK(book_id, condition, state, edition_id, line_id) VALUES(721, 2, 0, 25, 248);
INSERT INTO BOOK(book_id, condition, state, edition_id, line_id) VALUES(722, 1, 0, 25, 290);
INSERT INTO BOOK(book_id, condition, state, edition_id, line_id) VALUES(723, 0, 0, 25, 9);
INSERT INTO BOOK(book_id, condition, state, edition_id, line_id) VALUES(724, 1, 0, 25, 321);
INSERT INTO BOOK(book_id, condition, state, edition_id, line_id) VALUES(725, 0, 0, 25, 28);
INSERT INTO BOOK(book_id, condition, state, edition_id, line_id) VALUES(726, 1, 0, 25, 209);
INSERT INTO BOOK(book_id, condition, state, edition_id, line_id) VALUES(727, 0, 0, 25, 319);
INSERT INTO BOOK(book_id, condition, state, edition_id, line_id) VALUES(728, 0, 0, 25, 218);
INSERT INTO BOOK(book_id, condition, state, edition_id, line_id) VALUES(729, 1, 0, 25, 112);
INSERT INTO BOOK(book_id, condition, state, edition_id, line_id) VALUES(730, 1, 0, 25, 235);
INSERT INTO BOOK(book_id, condition, state, edition_id, line_id) VALUES(731, 3, 0, 25, 168);
INSERT INTO BOOK(book_id, condition, state, edition_id, line_id) VALUES(732, 2, 0, 25, 109);
INSERT INTO BOOK(book_id, condition, state, edition_id, line_id) VALUES(733, 2, 0, 25, 146);
INSERT INTO BOOK(book_id, condition, state, edition_id, line_id) VALUES(734, 0, 0, 25, 247);
INSERT INTO BOOK(book_id, condition, state, edition_id, line_id) VALUES(735, 1, 0, 25, 175);
INSERT INTO BOOK(book_id, condition, state, edition_id, line_id) VALUES(736, 1, 0, 25, 179);
INSERT INTO BOOK(book_id, condition, state, edition_id, line_id) VALUES(737, 2, 0, 25, 106);
INSERT INTO BOOK(book_id, condition, state, edition_id, line_id) VALUES(738, 0, 0, 25, 265);
INSERT INTO BOOK(book_id, condition, state, edition_id, line_id) VALUES(739, 1, 0, 25, 64);
INSERT INTO BOOK(book_id, condition, state, edition_id, line_id) VALUES(740, 2, 0, 25, 297);
INSERT INTO BOOK(book_id, condition, state, edition_id, line_id) VALUES(741, 3, 0, 25, 38);
INSERT INTO BOOK(book_id, condition, state, edition_id, line_id) VALUES(742, 0, 0, 25, 67);
INSERT INTO BOOK(book_id, condition, state, edition_id, line_id) VALUES(743, 0, 0, 25, 152);
INSERT INTO BOOK(book_id, condition, state, edition_id, line_id) VALUES(744, 2, 0, 25, 37);
INSERT INTO BOOK(book_id, condition, state, edition_id, line_id) VALUES(745, 2, 0, 25, 73);
INSERT INTO BOOK(book_id, condition, state, edition_id, line_id) VALUES(746, 0, 0, 25, 268);
INSERT INTO BOOK(book_id, condition, state, edition_id, line_id) VALUES(747, 3, 0, 25, 139);
INSERT INTO BOOK(book_id, condition, state, edition_id, line_id) VALUES(748, 1, 0, 25, 117);
INSERT INTO BOOK(book_id, condition, state, edition_id, line_id) VALUES(749, 3, 0, 25, 285);
INSERT INTO BOOK(book_id, condition, state, edition_id, line_id) VALUES(750, 1, 0, 25, 99);
INSERT INTO BOOK(book_id, condition, state, edition_id, line_id) VALUES(751, 1, 0, 25, 319);
INSERT INTO BOOK(book_id, condition, state, edition_id, line_id) VALUES(752, 1, 0, 25, 257);
INSERT INTO BOOK(book_id, condition, state, edition_id, line_id) VALUES(753, 0, 0, 25, 259);
INSERT INTO BOOK(book_id, condition, state, edition_id, line_id) VALUES(754, 1, 0, 25, 310);
INSERT INTO BOOK(book_id, condition, state, edition_id, line_id) VALUES(755, 0, 0, 25, 274);
INSERT INTO BOOK(book_id, condition, state, edition_id, line_id) VALUES(756, 1, 0, 25, 117);
INSERT INTO BOOK(book_id, condition, state, edition_id, line_id) VALUES(757, 0, 0, 25, 113);
INSERT INTO BOOK(book_id, condition, state, edition_id, line_id) VALUES(758, 1, 0, 25, 77);
INSERT INTO BOOK(book_id, condition, state, edition_id, line_id) VALUES(759, 1, 0, 25, 316);
INSERT INTO BOOK(book_id, condition, state, edition_id, line_id) VALUES(760, 2, 0, 25, 321);
INSERT INTO BOOK(book_id, condition, state, edition_id, line_id) VALUES(761, 0, 0, 25, 131);
INSERT INTO BOOK(book_id, condition, state, edition_id, line_id) VALUES(762, 1, 0, 26, 328);
INSERT INTO BOOK(book_id, condition, state, edition_id, line_id) VALUES(763, 2, 0, 26, 224);
INSERT INTO BOOK(book_id, condition, state, edition_id, line_id) VALUES(764, 0, 0, 26, 280);
INSERT INTO BOOK(book_id, condition, state, edition_id, line_id) VALUES(765, 3, 0, 26, 307);
INSERT INTO BOOK(book_id, condition, state, edition_id, line_id) VALUES(766, 2, 0, 26, 93);
INSERT INTO BOOK(book_id, condition, state, edition_id, line_id) VALUES(767, 0, 0, 26, 287);
INSERT INTO BOOK(book_id, condition, state, edition_id, line_id) VALUES(768, 1, 0, 26, 228);
INSERT INTO BOOK(book_id, condition, state, edition_id, line_id) VALUES(769, 2, 0, 26, 202);
INSERT INTO BOOK(book_id, condition, state, edition_id, line_id) VALUES(770, 2, 0, 26, 192);
INSERT INTO BOOK(book_id, condition, state, edition_id, line_id) VALUES(771, 1, 0, 26, 72);
INSERT INTO BOOK(book_id, condition, state, edition_id, line_id) VALUES(772, 1, 0, 26, 89);
INSERT INTO BOOK(book_id, condition, state, edition_id, line_id) VALUES(773, 2, 0, 26, 137);
INSERT INTO BOOK(book_id, condition, state, edition_id, line_id) VALUES(774, 0, 0, 26, 248);
INSERT INTO BOOK(book_id, condition, state, edition_id, line_id) VALUES(775, 1, 0, 26, 165);
INSERT INTO BOOK(book_id, condition, state, edition_id, line_id) VALUES(776, 2, 0, 26, 266);
INSERT INTO BOOK(book_id, condition, state, edition_id, line_id) VALUES(777, 2, 0, 26, 229);
INSERT INTO BOOK(book_id, condition, state, edition_id, line_id) VALUES(778, 3, 0, 26, 221);
INSERT INTO BOOK(book_id, condition, state, edition_id, line_id) VALUES(779, 2, 0, 26, 247);
INSERT INTO BOOK(book_id, condition, state, edition_id, line_id) VALUES(780, 0, 0, 26, 101);
INSERT INTO BOOK(book_id, condition, state, edition_id, line_id) VALUES(781, 1, 0, 26, 5);
INSERT INTO BOOK(book_id, condition, state, edition_id, line_id) VALUES(782, 1, 0, 26, 43);
INSERT INTO BOOK(book_id, condition, state, edition_id, line_id) VALUES(783, 0, 0, 26, 220);
INSERT INTO BOOK(book_id, condition, state, edition_id, line_id) VALUES(784, 1, 0, 26, 102);
INSERT INTO BOOK(book_id, condition, state, edition_id, line_id) VALUES(785, 0, 0, 26, 21);
INSERT INTO BOOK(book_id, condition, state, edition_id, line_id) VALUES(786, 2, 0, 26, 106);
INSERT INTO BOOK(book_id, condition, state, edition_id, line_id) VALUES(787, 0, 0, 26, 255);
INSERT INTO BOOK(book_id, condition, state, edition_id, line_id) VALUES(788, 0, 0, 26, 249);
INSERT INTO BOOK(book_id, condition, state, edition_id, line_id) VALUES(789, 1, 0, 26, 186);
INSERT INTO BOOK(book_id, condition, state, edition_id, line_id) VALUES(790, 0, 0, 26, 306);
INSERT INTO BOOK(book_id, condition, state, edition_id, line_id) VALUES(791, 1, 0, 26, 51);
INSERT INTO BOOK(book_id, condition, state, edition_id, line_id) VALUES(792, 1, 0, 26, 10);
INSERT INTO BOOK(book_id, condition, state, edition_id, line_id) VALUES(793, 1, 0, 26, 230);
INSERT INTO BOOK(book_id, condition, state, edition_id, line_id) VALUES(794, 3, 0, 26, 37);
INSERT INTO BOOK(book_id, condition, state, edition_id, line_id) VALUES(795, 0, 0, 26, 63);
INSERT INTO BOOK(book_id, condition, state, edition_id, line_id) VALUES(796, 0, 0, 26, 304);
INSERT INTO BOOK(book_id, condition, state, edition_id, line_id) VALUES(797, 1, 0, 26, 278);
INSERT INTO BOOK(book_id, condition, state, edition_id, line_id) VALUES(798, 0, 0, 26, 276);
INSERT INTO BOOK(book_id, condition, state, edition_id, line_id) VALUES(799, 1, 0, 26, 176);
INSERT INTO BOOK(book_id, condition, state, edition_id, line_id) VALUES(800, 0, 0, 26, 56);
INSERT INTO BOOK(book_id, condition, state, edition_id, line_id) VALUES(801, 1, 0, 26, 187);
INSERT INTO BOOK(book_id, condition, state, edition_id, line_id) VALUES(802, 0, 0, 26, 273);
INSERT INTO BOOK(book_id, condition, state, edition_id, line_id) VALUES(803, 0, 0, 26, 75);
INSERT INTO BOOK(book_id, condition, state, edition_id, line_id) VALUES(804, 0, 0, 26, 62);
INSERT INTO BOOK(book_id, condition, state, edition_id, line_id) VALUES(805, 1, 0, 26, 158);
INSERT INTO BOOK(book_id, condition, state, edition_id, line_id) VALUES(806, 3, 0, 26, 279);
INSERT INTO BOOK(book_id, condition, state, edition_id, line_id) VALUES(807, 1, 0, 26, 81);
INSERT INTO BOOK(book_id, condition, state, edition_id, line_id) VALUES(808, 1, 0, 26, 240);
INSERT INTO BOOK(book_id, condition, state, edition_id, line_id) VALUES(809, 1, 0, 26, 52);
INSERT INTO BOOK(book_id, condition, state, edition_id, line_id) VALUES(810, 1, 0, 26, 305);
INSERT INTO BOOK(book_id, condition, state, edition_id, line_id) VALUES(811, 1, 0, 26, 164);
INSERT INTO BOOK(book_id, condition, state, edition_id, line_id) VALUES(812, 1, 0, 26, 322);
INSERT INTO BOOK(book_id, condition, state, edition_id, line_id) VALUES(813, 0, 0, 26, 244);
INSERT INTO BOOK(book_id, condition, state, edition_id, line_id) VALUES(814, 2, 0, 26, 178);
INSERT INTO BOOK(book_id, condition, state, edition_id, line_id) VALUES(815, 1, 0, 26, 191);
INSERT INTO BOOK(book_id, condition, state, edition_id, line_id) VALUES(816, 2, 0, 26, 129);
INSERT INTO BOOK(book_id, condition, state, edition_id, line_id) VALUES(817, 0, 0, 26, 95);
INSERT INTO BOOK(book_id, condition, state, edition_id, line_id) VALUES(818, 2, 0, 26, 125);
INSERT INTO BOOK(book_id, condition, state, edition_id, line_id) VALUES(819, 3, 0, 26, 66);
INSERT INTO BOOK(book_id, condition, state, edition_id, line_id) VALUES(820, 2, 0, 26, 247);
INSERT INTO BOOK(book_id, condition, state, edition_id, line_id) VALUES(821, 1, 0, 27, 167);
INSERT INTO BOOK(book_id, condition, state, edition_id, line_id) VALUES(822, 0, 0, 27, 302);
INSERT INTO BOOK(book_id, condition, state, edition_id, line_id) VALUES(823, 2, 0, 27, 227);
INSERT INTO BOOK(book_id, condition, state, edition_id, line_id) VALUES(824, 1, 0, 27, 44);
INSERT INTO BOOK(book_id, condition, state, edition_id, line_id) VALUES(825, 1, 0, 27, 272);
INSERT INTO BOOK(book_id, condition, state, edition_id, line_id) VALUES(826, 0, 0, 27, 28);
INSERT INTO BOOK(book_id, condition, state, edition_id, line_id) VALUES(827, 2, 0, 27, 143);
INSERT INTO BOOK(book_id, condition, state, edition_id, line_id) VALUES(828, 1, 0, 27, 279);
INSERT INTO BOOK(book_id, condition, state, edition_id, line_id) VALUES(829, 2, 0, 27, 110);
INSERT INTO BOOK(book_id, condition, state, edition_id, line_id) VALUES(830, 2, 0, 27, 322);
INSERT INTO BOOK(book_id, condition, state, edition_id, line_id) VALUES(831, 0, 0, 27, 157);
INSERT INTO BOOK(book_id, condition, state, edition_id, line_id) VALUES(832, 0, 0, 27, 26);
INSERT INTO BOOK(book_id, condition, state, edition_id, line_id) VALUES(833, 3, 0, 27, 248);
INSERT INTO BOOK(book_id, condition, state, edition_id, line_id) VALUES(834, 2, 0, 27, 72);
INSERT INTO BOOK(book_id, condition, state, edition_id, line_id) VALUES(835, 3, 0, 27, 45);
INSERT INTO BOOK(book_id, condition, state, edition_id, line_id) VALUES(836, 1, 0, 27, 300);
INSERT INTO BOOK(book_id, condition, state, edition_id, line_id) VALUES(837, 1, 0, 27, 291);
INSERT INTO BOOK(book_id, condition, state, edition_id, line_id) VALUES(838, 3, 0, 27, 60);
INSERT INTO BOOK(book_id, condition, state, edition_id, line_id) VALUES(839, 1, 0, 27, 303);
INSERT INTO BOOK(book_id, condition, state, edition_id, line_id) VALUES(840, 0, 0, 27, 150);
INSERT INTO BOOK(book_id, condition, state, edition_id, line_id) VALUES(841, 1, 0, 27, 97);
INSERT INTO BOOK(book_id, condition, state, edition_id, line_id) VALUES(842, 1, 0, 27, 308);
INSERT INTO BOOK(book_id, condition, state, edition_id, line_id) VALUES(843, 2, 0, 27, 138);
INSERT INTO BOOK(book_id, condition, state, edition_id, line_id) VALUES(844, 0, 0, 27, 191);
INSERT INTO BOOK(book_id, condition, state, edition_id, line_id) VALUES(845, 0, 0, 27, 58);
INSERT INTO BOOK(book_id, condition, state, edition_id, line_id) VALUES(846, 1, 0, 27, 262);
INSERT INTO BOOK(book_id, condition, state, edition_id, line_id) VALUES(847, 0, 0, 27, 28);
INSERT INTO BOOK(book_id, condition, state, edition_id, line_id) VALUES(848, 1, 0, 27, 290);
INSERT INTO BOOK(book_id, condition, state, edition_id, line_id) VALUES(849, 1, 0, 27, 284);
INSERT INTO BOOK(book_id, condition, state, edition_id, line_id) VALUES(850, 3, 0, 27, 39);
INSERT INTO BOOK(book_id, condition, state, edition_id, line_id) VALUES(851, 2, 0, 27, 75);
INSERT INTO BOOK(book_id, condition, state, edition_id, line_id) VALUES(852, 2, 0, 27, 286);
INSERT INTO BOOK(book_id, condition, state, edition_id, line_id) VALUES(853, 3, 0, 27, 94);
INSERT INTO BOOK(book_id, condition, state, edition_id, line_id) VALUES(854, 0, 0, 27, 43);
INSERT INTO BOOK(book_id, condition, state, edition_id, line_id) VALUES(855, 3, 0, 27, 295);
INSERT INTO BOOK(book_id, condition, state, edition_id, line_id) VALUES(856, 2, 0, 27, 303);
INSERT INTO BOOK(book_id, condition, state, edition_id, line_id) VALUES(857, 1, 0, 27, 69);
INSERT INTO BOOK(book_id, condition, state, edition_id, line_id) VALUES(858, 1, 0, 27, 55);
INSERT INTO BOOK(book_id, condition, state, edition_id, line_id) VALUES(859, 0, 0, 27, 65);
INSERT INTO BOOK(book_id, condition, state, edition_id, line_id) VALUES(860, 1, 0, 27, 235);
INSERT INTO BOOK(book_id, condition, state, edition_id, line_id) VALUES(861, 3, 0, 27, 234);
INSERT INTO BOOK(book_id, condition, state, edition_id, line_id) VALUES(862, 0, 0, 27, 101);
INSERT INTO BOOK(book_id, condition, state, edition_id, line_id) VALUES(863, 3, 0, 27, 0);
INSERT INTO BOOK(book_id, condition, state, edition_id, line_id) VALUES(864, 2, 0, 27, 310);
INSERT INTO BOOK(book_id, condition, state, edition_id, line_id) VALUES(865, 3, 0, 27, 58);
INSERT INTO BOOK(book_id, condition, state, edition_id, line_id) VALUES(866, 0, 0, 27, 197);
INSERT INTO BOOK(book_id, condition, state, edition_id, line_id) VALUES(867, 2, 0, 27, 41);
INSERT INTO BOOK(book_id, condition, state, edition_id, line_id) VALUES(868, 0, 0, 27, 311);
INSERT INTO BOOK(book_id, condition, state, edition_id, line_id) VALUES(869, 0, 0, 27, 195);
INSERT INTO BOOK(book_id, condition, state, edition_id, line_id) VALUES(870, 0, 0, 27, 267);
INSERT INTO BOOK(book_id, condition, state, edition_id, line_id) VALUES(871, 0, 0, 27, 313);
INSERT INTO BOOK(book_id, condition, state, edition_id, line_id) VALUES(872, 0, 0, 27, 240);
INSERT INTO BOOK(book_id, condition, state, edition_id, line_id) VALUES(873, 1, 0, 27, 246);
INSERT INTO BOOK(book_id, condition, state, edition_id, line_id) VALUES(874, 1, 0, 27, 215);
INSERT INTO BOOK(book_id, condition, state, edition_id, line_id) VALUES(875, 2, 0, 27, 225);
INSERT INTO BOOK(book_id, condition, state, edition_id, line_id) VALUES(876, 2, 0, 27, 79);
INSERT INTO BOOK(book_id, condition, state, edition_id, line_id) VALUES(877, 0, 0, 28, 126);
INSERT INTO BOOK(book_id, condition, state, edition_id, line_id) VALUES(878, 1, 0, 28, 174);
INSERT INTO BOOK(book_id, condition, state, edition_id, line_id) VALUES(879, 1, 0, 28, 206);
INSERT INTO BOOK(book_id, condition, state, edition_id, line_id) VALUES(880, 1, 0, 28, 38);
INSERT INTO BOOK(book_id, condition, state, edition_id, line_id) VALUES(881, 1, 0, 28, 63);
INSERT INTO BOOK(book_id, condition, state, edition_id, line_id) VALUES(882, 1, 0, 28, 124);
INSERT INTO BOOK(book_id, condition, state, edition_id, line_id) VALUES(883, 0, 0, 28, 42);
INSERT INTO BOOK(book_id, condition, state, edition_id, line_id) VALUES(884, 0, 0, 28, 31);
INSERT INTO BOOK(book_id, condition, state, edition_id, line_id) VALUES(885, 0, 0, 28, 154);
INSERT INTO BOOK(book_id, condition, state, edition_id, line_id) VALUES(886, 1, 0, 28, 71);
INSERT INTO BOOK(book_id, condition, state, edition_id, line_id) VALUES(887, 1, 0, 28, 168);
INSERT INTO BOOK(book_id, condition, state, edition_id, line_id) VALUES(888, 0, 0, 28, 140);
INSERT INTO BOOK(book_id, condition, state, edition_id, line_id) VALUES(889, 0, 0, 28, 32);
INSERT INTO BOOK(book_id, condition, state, edition_id, line_id) VALUES(890, 2, 0, 28, 58);
INSERT INTO BOOK(book_id, condition, state, edition_id, line_id) VALUES(891, 2, 0, 29, 92);
INSERT INTO BOOK(book_id, condition, state, edition_id, line_id) VALUES(892, 2, 0, 29, 91);
INSERT INTO BOOK(book_id, condition, state, edition_id, line_id) VALUES(893, 0, 0, 29, 62);
INSERT INTO BOOK(book_id, condition, state, edition_id, line_id) VALUES(894, 0, 0, 29, 280);
INSERT INTO BOOK(book_id, condition, state, edition_id, line_id) VALUES(895, 0, 0, 29, 138);
INSERT INTO BOOK(book_id, condition, state, edition_id, line_id) VALUES(896, 1, 0, 29, 178);
INSERT INTO BOOK(book_id, condition, state, edition_id, line_id) VALUES(897, 1, 0, 29, 268);
INSERT INTO BOOK(book_id, condition, state, edition_id, line_id) VALUES(898, 1, 0, 29, 170);
INSERT INTO BOOK(book_id, condition, state, edition_id, line_id) VALUES(899, 2, 0, 29, 315);
INSERT INTO BOOK(book_id, condition, state, edition_id, line_id) VALUES(900, 1, 0, 29, 175);
INSERT INTO BOOK(book_id, condition, state, edition_id, line_id) VALUES(901, 2, 0, 29, 150);
INSERT INTO BOOK(book_id, condition, state, edition_id, line_id) VALUES(902, 1, 0, 29, 53);
INSERT INTO BOOK(book_id, condition, state, edition_id, line_id) VALUES(903, 1, 0, 29, 256);
INSERT INTO BOOK(book_id, condition, state, edition_id, line_id) VALUES(904, 0, 0, 29, 275);
INSERT INTO BOOK(book_id, condition, state, edition_id, line_id) VALUES(905, 0, 0, 29, 66);
INSERT INTO BOOK(book_id, condition, state, edition_id, line_id) VALUES(906, 0, 0, 29, 226);
INSERT INTO BOOK(book_id, condition, state, edition_id, line_id) VALUES(907, 1, 0, 29, 34);
INSERT INTO BOOK(book_id, condition, state, edition_id, line_id) VALUES(908, 1, 0, 29, 328);
INSERT INTO BOOK(book_id, condition, state, edition_id, line_id) VALUES(909, 2, 0, 29, 281);
INSERT INTO BOOK(book_id, condition, state, edition_id, line_id) VALUES(910, 0, 0, 29, 162);
INSERT INTO BOOK(book_id, condition, state, edition_id, line_id) VALUES(911, 3, 0, 29, 228);
INSERT INTO BOOK(book_id, condition, state, edition_id, line_id) VALUES(912, 3, 0, 29, 143);
INSERT INTO BOOK(book_id, condition, state, edition_id, line_id) VALUES(913, 2, 0, 29, 92);
INSERT INTO BOOK(book_id, condition, state, edition_id, line_id) VALUES(914, 2, 0, 29, 55);
INSERT INTO BOOK(book_id, condition, state, edition_id, line_id) VALUES(915, 3, 0, 29, 9);
INSERT INTO BOOK(book_id, condition, state, edition_id, line_id) VALUES(916, 1, 0, 29, 93);
INSERT INTO BOOK(book_id, condition, state, edition_id, line_id) VALUES(917, 0, 0, 29, 126);
INSERT INTO BOOK(book_id, condition, state, edition_id, line_id) VALUES(918, 0, 0, 29, 2);
INSERT INTO BOOK(book_id, condition, state, edition_id, line_id) VALUES(919, 0, 0, 29, 274);
INSERT INTO BOOK(book_id, condition, state, edition_id, line_id) VALUES(920, 1, 0, 29, 320);
INSERT INTO BOOK(book_id, condition, state, edition_id, line_id) VALUES(921, 1, 0, 29, 290);
INSERT INTO BOOK(book_id, condition, state, edition_id, line_id) VALUES(922, 2, 0, 29, 151);
INSERT INTO BOOK(book_id, condition, state, edition_id, line_id) VALUES(923, 0, 0, 29, 327);
INSERT INTO BOOK(book_id, condition, state, edition_id, line_id) VALUES(924, 2, 0, 29, 65);
INSERT INTO BOOK(book_id, condition, state, edition_id, line_id) VALUES(925, 1, 0, 29, 306);
INSERT INTO BOOK(book_id, condition, state, edition_id, line_id) VALUES(926, 1, 0, 29, 269);
INSERT INTO BOOK(book_id, condition, state, edition_id, line_id) VALUES(927, 2, 0, 29, 95);
INSERT INTO BOOK(book_id, condition, state, edition_id, line_id) VALUES(928, 2, 0, 29, 239);
INSERT INTO BOOK(book_id, condition, state, edition_id, line_id) VALUES(929, 0, 0, 29, 206);
INSERT INTO BOOK(book_id, condition, state, edition_id, line_id) VALUES(930, 0, 0, 29, 136);
INSERT INTO BOOK(book_id, condition, state, edition_id, line_id) VALUES(931, 0, 0, 29, 94);
INSERT INTO BOOK(book_id, condition, state, edition_id, line_id) VALUES(932, 3, 0, 29, 185);
INSERT INTO BOOK(book_id, condition, state, edition_id, line_id) VALUES(933, 0, 0, 29, 103);
INSERT INTO BOOK(book_id, condition, state, edition_id, line_id) VALUES(934, 2, 0, 29, 19);
INSERT INTO BOOK(book_id, condition, state, edition_id, line_id) VALUES(935, 2, 0, 29, 14);
INSERT INTO BOOK(book_id, condition, state, edition_id, line_id) VALUES(936, 0, 0, 29, 50);
INSERT INTO BOOK(book_id, condition, state, edition_id, line_id) VALUES(937, 0, 0, 29, 257);
INSERT INTO BOOK(book_id, condition, state, edition_id, line_id) VALUES(938, 1, 0, 30, 91);
INSERT INTO BOOK(book_id, condition, state, edition_id, line_id) VALUES(939, 2, 0, 30, 293);
INSERT INTO BOOK(book_id, condition, state, edition_id, line_id) VALUES(940, 0, 0, 30, 303);
INSERT INTO BOOK(book_id, condition, state, edition_id, line_id) VALUES(941, 0, 0, 30, 279);
INSERT INTO BOOK(book_id, condition, state, edition_id, line_id) VALUES(942, 2, 0, 30, 232);
INSERT INTO BOOK(book_id, condition, state, edition_id, line_id) VALUES(943, 0, 0, 30, 126);
INSERT INTO BOOK(book_id, condition, state, edition_id, line_id) VALUES(944, 0, 0, 30, 204);
INSERT INTO BOOK(book_id, condition, state, edition_id, line_id) VALUES(945, 0, 0, 30, 92);
INSERT INTO BOOK(book_id, condition, state, edition_id, line_id) VALUES(946, 1, 0, 30, 112);
INSERT INTO BOOK(book_id, condition, state, edition_id, line_id) VALUES(947, 2, 0, 30, 56);
INSERT INTO BOOK(book_id, condition, state, edition_id, line_id) VALUES(948, 0, 0, 30, 214);
INSERT INTO BOOK(book_id, condition, state, edition_id, line_id) VALUES(949, 0, 0, 30, 162);
INSERT INTO BOOK(book_id, condition, state, edition_id, line_id) VALUES(950, 1, 0, 30, 322);
INSERT INTO BOOK(book_id, condition, state, edition_id, line_id) VALUES(951, 0, 0, 31, 118);
INSERT INTO BOOK(book_id, condition, state, edition_id, line_id) VALUES(952, 1, 0, 31, 307);
INSERT INTO BOOK(book_id, condition, state, edition_id, line_id) VALUES(953, 2, 0, 31, 140);
INSERT INTO BOOK(book_id, condition, state, edition_id, line_id) VALUES(954, 3, 0, 31, 39);
INSERT INTO BOOK(book_id, condition, state, edition_id, line_id) VALUES(955, 1, 0, 31, 164);
INSERT INTO BOOK(book_id, condition, state, edition_id, line_id) VALUES(956, 2, 0, 31, 236);
INSERT INTO BOOK(book_id, condition, state, edition_id, line_id) VALUES(957, 3, 0, 31, 162);
INSERT INTO BOOK(book_id, condition, state, edition_id, line_id) VALUES(958, 2, 0, 31, 237);
INSERT INTO BOOK(book_id, condition, state, edition_id, line_id) VALUES(959, 0, 0, 31, 112);
INSERT INTO BOOK(book_id, condition, state, edition_id, line_id) VALUES(960, 3, 0, 31, 77);
INSERT INTO BOOK(book_id, condition, state, edition_id, line_id) VALUES(961, 1, 0, 31, 170);
INSERT INTO BOOK(book_id, condition, state, edition_id, line_id) VALUES(962, 1, 0, 31, 34);
INSERT INTO BOOK(book_id, condition, state, edition_id, line_id) VALUES(963, 0, 0, 31, 57);
INSERT INTO BOOK(book_id, condition, state, edition_id, line_id) VALUES(964, 0, 0, 31, 244);
INSERT INTO BOOK(book_id, condition, state, edition_id, line_id) VALUES(965, 2, 0, 31, 3);
INSERT INTO BOOK(book_id, condition, state, edition_id, line_id) VALUES(966, 0, 0, 31, 300);
INSERT INTO BOOK(book_id, condition, state, edition_id, line_id) VALUES(967, 1, 0, 31, 318);
INSERT INTO BOOK(book_id, condition, state, edition_id, line_id) VALUES(968, 1, 0, 31, 87);
INSERT INTO BOOK(book_id, condition, state, edition_id, line_id) VALUES(969, 1, 0, 31, 236);
INSERT INTO BOOK(book_id, condition, state, edition_id, line_id) VALUES(970, 1, 0, 31, 80);
INSERT INTO BOOK(book_id, condition, state, edition_id, line_id) VALUES(971, 0, 0, 31, 4);
INSERT INTO BOOK(book_id, condition, state, edition_id, line_id) VALUES(972, 0, 0, 31, 157);
INSERT INTO BOOK(book_id, condition, state, edition_id, line_id) VALUES(973, 1, 0, 31, 87);
INSERT INTO BOOK(book_id, condition, state, edition_id, line_id) VALUES(974, 1, 0, 31, 210);
INSERT INTO BOOK(book_id, condition, state, edition_id, line_id) VALUES(975, 0, 0, 31, 250);
INSERT INTO BOOK(book_id, condition, state, edition_id, line_id) VALUES(976, 1, 0, 31, 301);
INSERT INTO BOOK(book_id, condition, state, edition_id, line_id) VALUES(977, 0, 0, 31, 109);
INSERT INTO BOOK(book_id, condition, state, edition_id, line_id) VALUES(978, 0, 0, 31, 290);
INSERT INTO BOOK(book_id, condition, state, edition_id, line_id) VALUES(979, 1, 0, 31, 220);
INSERT INTO BOOK(book_id, condition, state, edition_id, line_id) VALUES(980, 1, 0, 31, 111);
INSERT INTO BOOK(book_id, condition, state, edition_id, line_id) VALUES(981, 1, 0, 31, 107);
INSERT INTO BOOK(book_id, condition, state, edition_id, line_id) VALUES(982, 0, 0, 31, 211);
INSERT INTO BOOK(book_id, condition, state, edition_id, line_id) VALUES(983, 2, 0, 31, 112);
INSERT INTO BOOK(book_id, condition, state, edition_id, line_id) VALUES(984, 1, 0, 31, 304);
INSERT INTO BOOK(book_id, condition, state, edition_id, line_id) VALUES(985, 1, 0, 31, 71);
INSERT INTO BOOK(book_id, condition, state, edition_id, line_id) VALUES(986, 1, 0, 31, 304);
INSERT INTO BOOK(book_id, condition, state, edition_id, line_id) VALUES(987, 3, 0, 31, 39);
INSERT INTO BOOK(book_id, condition, state, edition_id, line_id) VALUES(988, 1, 0, 31, 321);
INSERT INTO BOOK(book_id, condition, state, edition_id, line_id) VALUES(989, 0, 0, 31, 116);
INSERT INTO BOOK(book_id, condition, state, edition_id, line_id) VALUES(990, 2, 0, 31, 40);
INSERT INTO BOOK(book_id, condition, state, edition_id, line_id) VALUES(991, 0, 0, 31, 63);
INSERT INTO BOOK(book_id, condition, state, edition_id, line_id) VALUES(992, 2, 0, 31, 302);
INSERT INTO BOOK(book_id, condition, state, edition_id, line_id) VALUES(993, 0, 0, 31, 171);
INSERT INTO BOOK(book_id, condition, state, edition_id, line_id) VALUES(994, 1, 0, 31, 56);
INSERT INTO BOOK(book_id, condition, state, edition_id, line_id) VALUES(995, 0, 0, 31, 245);
INSERT INTO BOOK(book_id, condition, state, edition_id, line_id) VALUES(996, 2, 0, 31, 205);
INSERT INTO BOOK(book_id, condition, state, edition_id, line_id) VALUES(997, 0, 0, 31, 116);
INSERT INTO BOOK(book_id, condition, state, edition_id, line_id) VALUES(998, 3, 0, 31, 173);
INSERT INTO BOOK(book_id, condition, state, edition_id, line_id) VALUES(999, 0, 0, 31, 267);
INSERT INTO BOOK(book_id, condition, state, edition_id, line_id) VALUES(1000, 1, 0, 32, 53);
INSERT INTO BOOK(book_id, condition, state, edition_id, line_id) VALUES(1001, 1, 0, 32, 227);
INSERT INTO BOOK(book_id, condition, state, edition_id, line_id) VALUES(1002, 0, 0, 32, 285);
INSERT INTO BOOK(book_id, condition, state, edition_id, line_id) VALUES(1003, 1, 0, 32, 42);
INSERT INTO BOOK(book_id, condition, state, edition_id, line_id) VALUES(1004, 1, 0, 32, 257);
INSERT INTO BOOK(book_id, condition, state, edition_id, line_id) VALUES(1005, 3, 0, 32, 275);
INSERT INTO BOOK(book_id, condition, state, edition_id, line_id) VALUES(1006, 0, 0, 32, 102);
INSERT INTO BOOK(book_id, condition, state, edition_id, line_id) VALUES(1007, 2, 0, 32, 328);
INSERT INTO BOOK(book_id, condition, state, edition_id, line_id) VALUES(1008, 0, 0, 32, 138);
INSERT INTO BOOK(book_id, condition, state, edition_id, line_id) VALUES(1009, 1, 0, 32, 3);
INSERT INTO BOOK(book_id, condition, state, edition_id, line_id) VALUES(1010, 1, 0, 32, 233);
INSERT INTO BOOK(book_id, condition, state, edition_id, line_id) VALUES(1011, 0, 0, 32, 76);
INSERT INTO BOOK(book_id, condition, state, edition_id, line_id) VALUES(1012, 3, 0, 32, 103);
INSERT INTO BOOK(book_id, condition, state, edition_id, line_id) VALUES(1013, 1, 0, 32, 96);
INSERT INTO BOOK(book_id, condition, state, edition_id, line_id) VALUES(1014, 3, 0, 32, 139);
INSERT INTO BOOK(book_id, condition, state, edition_id, line_id) VALUES(1015, 1, 0, 32, 229);
INSERT INTO BOOK(book_id, condition, state, edition_id, line_id) VALUES(1016, 3, 0, 32, 318);
INSERT INTO BOOK(book_id, condition, state, edition_id, line_id) VALUES(1017, 0, 0, 32, 11);
INSERT INTO BOOK(book_id, condition, state, edition_id, line_id) VALUES(1018, 1, 0, 32, 315);
INSERT INTO BOOK(book_id, condition, state, edition_id, line_id) VALUES(1019, 1, 0, 32, 113);
INSERT INTO BOOK(book_id, condition, state, edition_id, line_id) VALUES(1020, 0, 0, 32, 301);
INSERT INTO BOOK(book_id, condition, state, edition_id, line_id) VALUES(1021, 0, 0, 32, 255);
INSERT INTO BOOK(book_id, condition, state, edition_id, line_id) VALUES(1022, 0, 0, 32, 42);
INSERT INTO BOOK(book_id, condition, state, edition_id, line_id) VALUES(1023, 1, 0, 32, 224);
INSERT INTO BOOK(book_id, condition, state, edition_id, line_id) VALUES(1024, 0, 0, 32, 288);
INSERT INTO BOOK(book_id, condition, state, edition_id, line_id) VALUES(1025, 0, 0, 32, 64);
INSERT INTO BOOK(book_id, condition, state, edition_id, line_id) VALUES(1026, 0, 0, 32, 192);
INSERT INTO BOOK(book_id, condition, state, edition_id, line_id) VALUES(1027, 1, 0, 32, 4);
INSERT INTO BOOK(book_id, condition, state, edition_id, line_id) VALUES(1028, 2, 0, 32, 151);
INSERT INTO BOOK(book_id, condition, state, edition_id, line_id) VALUES(1029, 0, 0, 32, 2);
INSERT INTO BOOK(book_id, condition, state, edition_id, line_id) VALUES(1030, 1, 0, 32, 96);
INSERT INTO BOOK(book_id, condition, state, edition_id, line_id) VALUES(1031, 1, 0, 32, 304);
INSERT INTO BOOK(book_id, condition, state, edition_id, line_id) VALUES(1032, 1, 0, 32, 54);
INSERT INTO BOOK(book_id, condition, state, edition_id, line_id) VALUES(1033, 0, 0, 32, 318);
INSERT INTO BOOK(book_id, condition, state, edition_id, line_id) VALUES(1034, 2, 0, 32, 277);
INSERT INTO BOOK(book_id, condition, state, edition_id, line_id) VALUES(1035, 2, 0, 32, 169);
INSERT INTO BOOK(book_id, condition, state, edition_id, line_id) VALUES(1036, 1, 0, 32, 149);
INSERT INTO BOOK(book_id, condition, state, edition_id, line_id) VALUES(1037, 0, 0, 32, 191);
INSERT INTO BOOK(book_id, condition, state, edition_id, line_id) VALUES(1038, 0, 0, 32, 173);
INSERT INTO BOOK(book_id, condition, state, edition_id, line_id) VALUES(1039, 1, 0, 32, 249);
INSERT INTO BOOK(book_id, condition, state, edition_id, line_id) VALUES(1040, 0, 0, 32, 41);
INSERT INTO BOOK(book_id, condition, state, edition_id, line_id) VALUES(1041, 0, 0, 33, 153);
INSERT INTO BOOK(book_id, condition, state, edition_id, line_id) VALUES(1042, 2, 0, 33, 86);
INSERT INTO BOOK(book_id, condition, state, edition_id, line_id) VALUES(1043, 3, 0, 33, 10);
INSERT INTO BOOK(book_id, condition, state, edition_id, line_id) VALUES(1044, 1, 0, 33, 89);
INSERT INTO BOOK(book_id, condition, state, edition_id, line_id) VALUES(1045, 1, 0, 33, 217);
INSERT INTO BOOK(book_id, condition, state, edition_id, line_id) VALUES(1046, 0, 0, 33, 120);
INSERT INTO BOOK(book_id, condition, state, edition_id, line_id) VALUES(1047, 0, 0, 33, 288);
INSERT INTO BOOK(book_id, condition, state, edition_id, line_id) VALUES(1048, 3, 0, 33, 42);
INSERT INTO BOOK(book_id, condition, state, edition_id, line_id) VALUES(1049, 1, 0, 33, 313);
INSERT INTO BOOK(book_id, condition, state, edition_id, line_id) VALUES(1050, 1, 0, 33, 301);
INSERT INTO BOOK(book_id, condition, state, edition_id, line_id) VALUES(1051, 2, 0, 33, 313);
INSERT INTO BOOK(book_id, condition, state, edition_id, line_id) VALUES(1052, 2, 0, 33, 277);
INSERT INTO BOOK(book_id, condition, state, edition_id, line_id) VALUES(1053, 0, 0, 33, 185);
INSERT INTO BOOK(book_id, condition, state, edition_id, line_id) VALUES(1054, 0, 0, 33, 126);
INSERT INTO BOOK(book_id, condition, state, edition_id, line_id) VALUES(1055, 0, 0, 34, 111);
INSERT INTO BOOK(book_id, condition, state, edition_id, line_id) VALUES(1056, 2, 0, 34, 131);
INSERT INTO BOOK(book_id, condition, state, edition_id, line_id) VALUES(1057, 2, 0, 34, 173);
INSERT INTO BOOK(book_id, condition, state, edition_id, line_id) VALUES(1058, 1, 0, 34, 121);
INSERT INTO BOOK(book_id, condition, state, edition_id, line_id) VALUES(1059, 1, 0, 34, 116);
INSERT INTO BOOK(book_id, condition, state, edition_id, line_id) VALUES(1060, 0, 0, 34, 65);
INSERT INTO BOOK(book_id, condition, state, edition_id, line_id) VALUES(1061, 2, 0, 34, 217);
INSERT INTO BOOK(book_id, condition, state, edition_id, line_id) VALUES(1062, 1, 0, 34, 224);
INSERT INTO BOOK(book_id, condition, state, edition_id, line_id) VALUES(1063, 1, 0, 34, 268);
INSERT INTO BOOK(book_id, condition, state, edition_id, line_id) VALUES(1064, 3, 0, 34, 27);
INSERT INTO BOOK(book_id, condition, state, edition_id, line_id) VALUES(1065, 0, 0, 34, 177);
INSERT INTO BOOK(book_id, condition, state, edition_id, line_id) VALUES(1066, 3, 0, 34, 78);
INSERT INTO BOOK(book_id, condition, state, edition_id, line_id) VALUES(1067, 3, 0, 34, 318);
INSERT INTO BOOK(book_id, condition, state, edition_id, line_id) VALUES(1068, 0, 0, 34, 177);
INSERT INTO BOOK(book_id, condition, state, edition_id, line_id) VALUES(1069, 0, 0, 34, 241);
INSERT INTO BOOK(book_id, condition, state, edition_id, line_id) VALUES(1070, 1, 0, 34, 327);
INSERT INTO BOOK(book_id, condition, state, edition_id, line_id) VALUES(1071, 1, 0, 34, 292);
INSERT INTO BOOK(book_id, condition, state, edition_id, line_id) VALUES(1072, 0, 0, 34, 256);
INSERT INTO BOOK(book_id, condition, state, edition_id, line_id) VALUES(1073, 0, 0, 34, 314);
INSERT INTO BOOK(book_id, condition, state, edition_id, line_id) VALUES(1074, 0, 0, 34, 91);
INSERT INTO BOOK(book_id, condition, state, edition_id, line_id) VALUES(1075, 0, 0, 34, 109);
INSERT INTO BOOK(book_id, condition, state, edition_id, line_id) VALUES(1076, 0, 0, 34, 38);
INSERT INTO BOOK(book_id, condition, state, edition_id, line_id) VALUES(1077, 2, 0, 34, 57);
INSERT INTO BOOK(book_id, condition, state, edition_id, line_id) VALUES(1078, 1, 0, 34, 89);
INSERT INTO BOOK(book_id, condition, state, edition_id, line_id) VALUES(1079, 0, 0, 34, 4);
INSERT INTO BOOK(book_id, condition, state, edition_id, line_id) VALUES(1080, 0, 0, 34, 52);
INSERT INTO BOOK(book_id, condition, state, edition_id, line_id) VALUES(1081, 1, 0, 34, 148);
INSERT INTO BOOK(book_id, condition, state, edition_id, line_id) VALUES(1082, 1, 0, 34, 25);
INSERT INTO BOOK(book_id, condition, state, edition_id, line_id) VALUES(1083, 3, 0, 34, 233);
INSERT INTO BOOK(book_id, condition, state, edition_id, line_id) VALUES(1084, 3, 0, 35, 224);
INSERT INTO BOOK(book_id, condition, state, edition_id, line_id) VALUES(1085, 1, 0, 35, 265);
INSERT INTO BOOK(book_id, condition, state, edition_id, line_id) VALUES(1086, 3, 0, 35, 126);
INSERT INTO BOOK(book_id, condition, state, edition_id, line_id) VALUES(1087, 0, 0, 35, 292);
INSERT INTO BOOK(book_id, condition, state, edition_id, line_id) VALUES(1088, 0, 0, 35, 175);
INSERT INTO BOOK(book_id, condition, state, edition_id, line_id) VALUES(1089, 1, 0, 35, 285);
INSERT INTO BOOK(book_id, condition, state, edition_id, line_id) VALUES(1090, 1, 0, 36, 82);
INSERT INTO BOOK(book_id, condition, state, edition_id, line_id) VALUES(1091, 0, 0, 36, 0);
INSERT INTO BOOK(book_id, condition, state, edition_id, line_id) VALUES(1092, 1, 0, 36, 119);
INSERT INTO BOOK(book_id, condition, state, edition_id, line_id) VALUES(1093, 1, 0, 36, 61);
INSERT INTO BOOK(book_id, condition, state, edition_id, line_id) VALUES(1094, 0, 0, 36, 37);
INSERT INTO BOOK(book_id, condition, state, edition_id, line_id) VALUES(1095, 3, 0, 36, 199);
INSERT INTO BOOK(book_id, condition, state, edition_id, line_id) VALUES(1096, 0, 0, 36, 48);
INSERT INTO BOOK(book_id, condition, state, edition_id, line_id) VALUES(1097, 1, 0, 36, 138);
INSERT INTO BOOK(book_id, condition, state, edition_id, line_id) VALUES(1098, 1, 0, 36, 16);
INSERT INTO BOOK(book_id, condition, state, edition_id, line_id) VALUES(1099, 1, 0, 36, 202);
INSERT INTO BOOK(book_id, condition, state, edition_id, line_id) VALUES(1100, 1, 0, 36, 200);
INSERT INTO BOOK(book_id, condition, state, edition_id, line_id) VALUES(1101, 1, 0, 36, 63);
INSERT INTO BOOK(book_id, condition, state, edition_id, line_id) VALUES(1102, 3, 0, 36, 121);
INSERT INTO BOOK(book_id, condition, state, edition_id, line_id) VALUES(1103, 1, 0, 36, 266);
INSERT INTO BOOK(book_id, condition, state, edition_id, line_id) VALUES(1104, 1, 0, 36, 178);
INSERT INTO BOOK(book_id, condition, state, edition_id, line_id) VALUES(1105, 0, 0, 36, 19);
INSERT INTO BOOK(book_id, condition, state, edition_id, line_id) VALUES(1106, 0, 0, 36, 44);
INSERT INTO BOOK(book_id, condition, state, edition_id, line_id) VALUES(1107, 2, 0, 36, 307);
INSERT INTO BOOK(book_id, condition, state, edition_id, line_id) VALUES(1108, 2, 0, 36, 257);
INSERT INTO BOOK(book_id, condition, state, edition_id, line_id) VALUES(1109, 1, 0, 36, 254);
INSERT INTO BOOK(book_id, condition, state, edition_id, line_id) VALUES(1110, 3, 0, 36, 249);
INSERT INTO BOOK(book_id, condition, state, edition_id, line_id) VALUES(1111, 1, 0, 36, 115);
INSERT INTO BOOK(book_id, condition, state, edition_id, line_id) VALUES(1112, 0, 0, 36, 103);
INSERT INTO BOOK(book_id, condition, state, edition_id, line_id) VALUES(1113, 0, 0, 36, 188);
INSERT INTO BOOK(book_id, condition, state, edition_id, line_id) VALUES(1114, 1, 0, 36, 224);
INSERT INTO BOOK(book_id, condition, state, edition_id, line_id) VALUES(1115, 0, 0, 36, 185);
INSERT INTO BOOK(book_id, condition, state, edition_id, line_id) VALUES(1116, 1, 0, 36, 303);
INSERT INTO BOOK(book_id, condition, state, edition_id, line_id) VALUES(1117, 1, 0, 36, 307);
INSERT INTO BOOK(book_id, condition, state, edition_id, line_id) VALUES(1118, 1, 0, 36, 165);
INSERT INTO BOOK(book_id, condition, state, edition_id, line_id) VALUES(1119, 2, 0, 36, 129);
INSERT INTO BOOK(book_id, condition, state, edition_id, line_id) VALUES(1120, 2, 0, 36, 257);
INSERT INTO BOOK(book_id, condition, state, edition_id, line_id) VALUES(1121, 2, 0, 36, 194);
INSERT INTO BOOK(book_id, condition, state, edition_id, line_id) VALUES(1122, 1, 0, 36, 12);
INSERT INTO BOOK(book_id, condition, state, edition_id, line_id) VALUES(1123, 1, 0, 36, 114);
INSERT INTO BOOK(book_id, condition, state, edition_id, line_id) VALUES(1124, 1, 0, 36, 117);
INSERT INTO BOOK(book_id, condition, state, edition_id, line_id) VALUES(1125, 0, 0, 36, 86);
INSERT INTO BOOK(book_id, condition, state, edition_id, line_id) VALUES(1126, 2, 0, 36, 183);
INSERT INTO BOOK(book_id, condition, state, edition_id, line_id) VALUES(1127, 1, 0, 36, 249);
INSERT INTO BOOK(book_id, condition, state, edition_id, line_id) VALUES(1128, 0, 0, 37, 113);
INSERT INTO BOOK(book_id, condition, state, edition_id, line_id) VALUES(1129, 2, 0, 37, 237);
INSERT INTO BOOK(book_id, condition, state, edition_id, line_id) VALUES(1130, 1, 0, 37, 276);
INSERT INTO BOOK(book_id, condition, state, edition_id, line_id) VALUES(1131, 1, 0, 37, 0);
INSERT INTO BOOK(book_id, condition, state, edition_id, line_id) VALUES(1132, 0, 0, 37, 265);
INSERT INTO BOOK(book_id, condition, state, edition_id, line_id) VALUES(1133, 3, 0, 37, 169);
INSERT INTO BOOK(book_id, condition, state, edition_id, line_id) VALUES(1134, 2, 0, 37, 117);
INSERT INTO BOOK(book_id, condition, state, edition_id, line_id) VALUES(1135, 1, 0, 37, 290);
INSERT INTO BOOK(book_id, condition, state, edition_id, line_id) VALUES(1136, 2, 0, 37, 132);
INSERT INTO BOOK(book_id, condition, state, edition_id, line_id) VALUES(1137, 1, 0, 37, 104);
INSERT INTO BOOK(book_id, condition, state, edition_id, line_id) VALUES(1138, 0, 0, 37, 263);
INSERT INTO BOOK(book_id, condition, state, edition_id, line_id) VALUES(1139, 1, 0, 37, 177);
INSERT INTO BOOK(book_id, condition, state, edition_id, line_id) VALUES(1140, 0, 0, 37, 166);
INSERT INTO BOOK(book_id, condition, state, edition_id, line_id) VALUES(1141, 1, 0, 37, 207);
INSERT INTO BOOK(book_id, condition, state, edition_id, line_id) VALUES(1142, 0, 0, 37, 236);
INSERT INTO BOOK(book_id, condition, state, edition_id, line_id) VALUES(1143, 2, 0, 37, 190);
INSERT INTO BOOK(book_id, condition, state, edition_id, line_id) VALUES(1144, 1, 0, 37, 72);
INSERT INTO BOOK(book_id, condition, state, edition_id, line_id) VALUES(1145, 0, 0, 37, 155);
INSERT INTO BOOK(book_id, condition, state, edition_id, line_id) VALUES(1146, 3, 0, 37, 65);
INSERT INTO BOOK(book_id, condition, state, edition_id, line_id) VALUES(1147, 1, 0, 37, 328);
INSERT INTO BOOK(book_id, condition, state, edition_id, line_id) VALUES(1148, 0, 0, 37, 241);
INSERT INTO BOOK(book_id, condition, state, edition_id, line_id) VALUES(1149, 1, 0, 37, 302);
INSERT INTO BOOK(book_id, condition, state, edition_id, line_id) VALUES(1150, 0, 0, 37, 280);
INSERT INTO BOOK(book_id, condition, state, edition_id, line_id) VALUES(1151, 2, 0, 37, 121);
INSERT INTO BOOK(book_id, condition, state, edition_id, line_id) VALUES(1152, 2, 0, 37, 257);
INSERT INTO BOOK(book_id, condition, state, edition_id, line_id) VALUES(1153, 1, 0, 37, 111);
INSERT INTO BOOK(book_id, condition, state, edition_id, line_id) VALUES(1154, 0, 0, 37, 218);
INSERT INTO BOOK(book_id, condition, state, edition_id, line_id) VALUES(1155, 0, 0, 38, 166);
INSERT INTO BOOK(book_id, condition, state, edition_id, line_id) VALUES(1156, 1, 0, 38, 139);
INSERT INTO BOOK(book_id, condition, state, edition_id, line_id) VALUES(1157, 0, 0, 38, 203);
INSERT INTO BOOK(book_id, condition, state, edition_id, line_id) VALUES(1158, 2, 0, 38, 72);
INSERT INTO BOOK(book_id, condition, state, edition_id, line_id) VALUES(1159, 2, 0, 38, 53);
INSERT INTO BOOK(book_id, condition, state, edition_id, line_id) VALUES(1160, 1, 0, 38, 173);
INSERT INTO BOOK(book_id, condition, state, edition_id, line_id) VALUES(1161, 1, 0, 38, 88);
INSERT INTO BOOK(book_id, condition, state, edition_id, line_id) VALUES(1162, 2, 0, 38, 107);
INSERT INTO BOOK(book_id, condition, state, edition_id, line_id) VALUES(1163, 1, 0, 38, 9);
INSERT INTO BOOK(book_id, condition, state, edition_id, line_id) VALUES(1164, 3, 0, 38, 167);
INSERT INTO BOOK(book_id, condition, state, edition_id, line_id) VALUES(1165, 0, 0, 38, 35);
INSERT INTO BOOK(book_id, condition, state, edition_id, line_id) VALUES(1166, 0, 0, 38, 49);
INSERT INTO BOOK(book_id, condition, state, edition_id, line_id) VALUES(1167, 0, 0, 38, 85);
INSERT INTO BOOK(book_id, condition, state, edition_id, line_id) VALUES(1168, 2, 0, 38, 87);
INSERT INTO BOOK(book_id, condition, state, edition_id, line_id) VALUES(1169, 2, 0, 38, 157);
INSERT INTO BOOK(book_id, condition, state, edition_id, line_id) VALUES(1170, 2, 0, 38, 243);
INSERT INTO BOOK(book_id, condition, state, edition_id, line_id) VALUES(1171, 1, 0, 38, 164);
INSERT INTO BOOK(book_id, condition, state, edition_id, line_id) VALUES(1172, 0, 0, 38, 202);
INSERT INTO BOOK(book_id, condition, state, edition_id, line_id) VALUES(1173, 2, 0, 38, 228);
INSERT INTO BOOK(book_id, condition, state, edition_id, line_id) VALUES(1174, 1, 0, 38, 241);
INSERT INTO BOOK(book_id, condition, state, edition_id, line_id) VALUES(1175, 1, 0, 38, 156);
INSERT INTO BOOK(book_id, condition, state, edition_id, line_id) VALUES(1176, 1, 0, 38, 14);
INSERT INTO BOOK(book_id, condition, state, edition_id, line_id) VALUES(1177, 1, 0, 38, 154);
INSERT INTO BOOK(book_id, condition, state, edition_id, line_id) VALUES(1178, 0, 0, 38, 49);
INSERT INTO BOOK(book_id, condition, state, edition_id, line_id) VALUES(1179, 1, 0, 38, 269);
INSERT INTO BOOK(book_id, condition, state, edition_id, line_id) VALUES(1180, 1, 0, 38, 299);
INSERT INTO BOOK(book_id, condition, state, edition_id, line_id) VALUES(1181, 1, 0, 38, 259);
INSERT INTO BOOK(book_id, condition, state, edition_id, line_id) VALUES(1182, 2, 0, 38, 103);
INSERT INTO BOOK(book_id, condition, state, edition_id, line_id) VALUES(1183, 1, 0, 38, 78);
INSERT INTO BOOK(book_id, condition, state, edition_id, line_id) VALUES(1184, 0, 0, 38, 251);
INSERT INTO BOOK(book_id, condition, state, edition_id, line_id) VALUES(1185, 2, 0, 38, 227);
INSERT INTO BOOK(book_id, condition, state, edition_id, line_id) VALUES(1186, 0, 0, 38, 271);
INSERT INTO BOOK(book_id, condition, state, edition_id, line_id) VALUES(1187, 1, 0, 38, 284);
INSERT INTO BOOK(book_id, condition, state, edition_id, line_id) VALUES(1188, 2, 0, 38, 315);
INSERT INTO BOOK(book_id, condition, state, edition_id, line_id) VALUES(1189, 1, 0, 38, 290);
INSERT INTO BOOK(book_id, condition, state, edition_id, line_id) VALUES(1190, 1, 0, 38, 190);
INSERT INTO BOOK(book_id, condition, state, edition_id, line_id) VALUES(1191, 0, 0, 38, 71);
INSERT INTO BOOK(book_id, condition, state, edition_id, line_id) VALUES(1192, 1, 0, 38, 305);
INSERT INTO BOOK(book_id, condition, state, edition_id, line_id) VALUES(1193, 0, 0, 38, 4);
INSERT INTO BOOK(book_id, condition, state, edition_id, line_id) VALUES(1194, 1, 0, 38, 13);
INSERT INTO BOOK(book_id, condition, state, edition_id, line_id) VALUES(1195, 0, 0, 38, 95);
INSERT INTO BOOK(book_id, condition, state, edition_id, line_id) VALUES(1196, 1, 0, 38, 205);
INSERT INTO BOOK(book_id, condition, state, edition_id, line_id) VALUES(1197, 1, 0, 38, 11);
INSERT INTO BOOK(book_id, condition, state, edition_id, line_id) VALUES(1198, 1, 0, 38, 277);
INSERT INTO BOOK(book_id, condition, state, edition_id, line_id) VALUES(1199, 0, 0, 38, 255);
INSERT INTO BOOK(book_id, condition, state, edition_id, line_id) VALUES(1200, 1, 0, 38, 183);
INSERT INTO BOOK(book_id, condition, state, edition_id, line_id) VALUES(1201, 0, 0, 38, 55);
INSERT INTO BOOK(book_id, condition, state, edition_id, line_id) VALUES(1202, 1, 0, 38, 0);
INSERT INTO BOOK(book_id, condition, state, edition_id, line_id) VALUES(1203, 3, 0, 38, 232);
INSERT INTO BOOK(book_id, condition, state, edition_id, line_id) VALUES(1204, 0, 0, 38, 186);
INSERT INTO BOOK(book_id, condition, state, edition_id, line_id) VALUES(1205, 0, 0, 38, 24);
INSERT INTO BOOK(book_id, condition, state, edition_id, line_id) VALUES(1206, 3, 0, 38, 271);
INSERT INTO BOOK(book_id, condition, state, edition_id, line_id) VALUES(1207, 2, 0, 38, 16);
INSERT INTO BOOK(book_id, condition, state, edition_id, line_id) VALUES(1208, 2, 0, 38, 34);
INSERT INTO BOOK(book_id, condition, state, edition_id, line_id) VALUES(1209, 3, 0, 38, 121);
INSERT INTO BOOK(book_id, condition, state, edition_id, line_id) VALUES(1210, 0, 0, 38, 308);
INSERT INTO BOOK(book_id, condition, state, edition_id, line_id) VALUES(1211, 1, 0, 38, 13);
INSERT INTO BOOK(book_id, condition, state, edition_id, line_id) VALUES(1212, 0, 0, 38, 324);
INSERT INTO BOOK(book_id, condition, state, edition_id, line_id) VALUES(1213, 0, 0, 38, 44);
INSERT INTO BOOK(book_id, condition, state, edition_id, line_id) VALUES(1214, 1, 0, 38, 166);
INSERT INTO BOOK(book_id, condition, state, edition_id, line_id) VALUES(1215, 0, 0, 39, 15);
INSERT INTO BOOK(book_id, condition, state, edition_id, line_id) VALUES(1216, 1, 0, 39, 329);
INSERT INTO BOOK(book_id, condition, state, edition_id, line_id) VALUES(1217, 2, 0, 39, 86);
INSERT INTO BOOK(book_id, condition, state, edition_id, line_id) VALUES(1218, 2, 0, 39, 297);
INSERT INTO BOOK(book_id, condition, state, edition_id, line_id) VALUES(1219, 0, 0, 39, 301);
INSERT INTO BOOK(book_id, condition, state, edition_id, line_id) VALUES(1220, 3, 0, 39, 80);
INSERT INTO BOOK(book_id, condition, state, edition_id, line_id) VALUES(1221, 2, 0, 39, 309);
INSERT INTO BOOK(book_id, condition, state, edition_id, line_id) VALUES(1222, 1, 0, 39, 86);
INSERT INTO BOOK(book_id, condition, state, edition_id, line_id) VALUES(1223, 0, 0, 39, 31);
INSERT INTO BOOK(book_id, condition, state, edition_id, line_id) VALUES(1224, 2, 0, 39, 179);
INSERT INTO BOOK(book_id, condition, state, edition_id, line_id) VALUES(1225, 1, 0, 39, 53);
INSERT INTO BOOK(book_id, condition, state, edition_id, line_id) VALUES(1226, 1, 0, 39, 56);
INSERT INTO BOOK(book_id, condition, state, edition_id, line_id) VALUES(1227, 1, 0, 39, 89);
INSERT INTO BOOK(book_id, condition, state, edition_id, line_id) VALUES(1228, 1, 0, 39, 101);
INSERT INTO BOOK(book_id, condition, state, edition_id, line_id) VALUES(1229, 1, 0, 39, 164);
INSERT INTO BOOK(book_id, condition, state, edition_id, line_id) VALUES(1230, 1, 0, 39, 268);
INSERT INTO BOOK(book_id, condition, state, edition_id, line_id) VALUES(1231, 1, 0, 39, 69);
INSERT INTO BOOK(book_id, condition, state, edition_id, line_id) VALUES(1232, 0, 0, 39, 237);
INSERT INTO BOOK(book_id, condition, state, edition_id, line_id) VALUES(1233, 0, 0, 39, 315);
INSERT INTO BOOK(book_id, condition, state, edition_id, line_id) VALUES(1234, 1, 0, 39, 11);
INSERT INTO BOOK(book_id, condition, state, edition_id, line_id) VALUES(1235, 1, 0, 39, 173);
INSERT INTO BOOK(book_id, condition, state, edition_id, line_id) VALUES(1236, 1, 0, 39, 94);
INSERT INTO BOOK(book_id, condition, state, edition_id, line_id) VALUES(1237, 0, 0, 39, 310);
INSERT INTO BOOK(book_id, condition, state, edition_id, line_id) VALUES(1238, 0, 0, 39, 184);
INSERT INTO BOOK(book_id, condition, state, edition_id, line_id) VALUES(1239, 3, 0, 39, 78);
INSERT INTO BOOK(book_id, condition, state, edition_id, line_id) VALUES(1240, 1, 0, 39, 227);
INSERT INTO BOOK(book_id, condition, state, edition_id, line_id) VALUES(1241, 0, 0, 39, 206);
INSERT INTO BOOK(book_id, condition, state, edition_id, line_id) VALUES(1242, 2, 0, 39, 54);
INSERT INTO BOOK(book_id, condition, state, edition_id, line_id) VALUES(1243, 0, 0, 39, 267);
INSERT INTO BOOK(book_id, condition, state, edition_id, line_id) VALUES(1244, 0, 0, 39, 280);
INSERT INTO BOOK(book_id, condition, state, edition_id, line_id) VALUES(1245, 1, 0, 39, 109);
INSERT INTO BOOK(book_id, condition, state, edition_id, line_id) VALUES(1246, 1, 0, 39, 192);
INSERT INTO BOOK(book_id, condition, state, edition_id, line_id) VALUES(1247, 1, 0, 39, 69);
INSERT INTO BOOK(book_id, condition, state, edition_id, line_id) VALUES(1248, 1, 0, 39, 66);
INSERT INTO BOOK(book_id, condition, state, edition_id, line_id) VALUES(1249, 1, 0, 39, 79);
INSERT INTO BOOK(book_id, condition, state, edition_id, line_id) VALUES(1250, 1, 0, 39, 16);
INSERT INTO BOOK(book_id, condition, state, edition_id, line_id) VALUES(1251, 3, 0, 39, 246);
INSERT INTO BOOK(book_id, condition, state, edition_id, line_id) VALUES(1252, 0, 0, 39, 154);
INSERT INTO BOOK(book_id, condition, state, edition_id, line_id) VALUES(1253, 2, 0, 39, 220);
INSERT INTO BOOK(book_id, condition, state, edition_id, line_id) VALUES(1254, 1, 0, 39, 66);
INSERT INTO BOOK(book_id, condition, state, edition_id, line_id) VALUES(1255, 1, 0, 39, 16);
INSERT INTO BOOK(book_id, condition, state, edition_id, line_id) VALUES(1256, 0, 0, 39, 14);
INSERT INTO BOOK(book_id, condition, state, edition_id, line_id) VALUES(1257, 0, 0, 39, 145);
INSERT INTO BOOK(book_id, condition, state, edition_id, line_id) VALUES(1258, 0, 0, 39, 183);
INSERT INTO BOOK(book_id, condition, state, edition_id, line_id) VALUES(1259, 2, 0, 39, 265);
INSERT INTO BOOK(book_id, condition, state, edition_id, line_id) VALUES(1260, 1, 0, 39, 47);
INSERT INTO BOOK(book_id, condition, state, edition_id, line_id) VALUES(1261, 1, 0, 39, 33);
INSERT INTO BOOK(book_id, condition, state, edition_id, line_id) VALUES(1262, 0, 0, 39, 149);
INSERT INTO BOOK(book_id, condition, state, edition_id, line_id) VALUES(1263, 1, 0, 39, 71);
INSERT INTO BOOK(book_id, condition, state, edition_id, line_id) VALUES(1264, 1, 0, 39, 123);
INSERT INTO BOOK(book_id, condition, state, edition_id, line_id) VALUES(1265, 1, 0, 39, 242);
INSERT INTO BOOK(book_id, condition, state, edition_id, line_id) VALUES(1266, 2, 0, 39, 198);
INSERT INTO BOOK(book_id, condition, state, edition_id, line_id) VALUES(1267, 3, 0, 39, 23);
INSERT INTO BOOK(book_id, condition, state, edition_id, line_id) VALUES(1268, 1, 0, 39, 260);
INSERT INTO BOOK(book_id, condition, state, edition_id, line_id) VALUES(1269, 1, 0, 39, 295);
INSERT INTO BOOK(book_id, condition, state, edition_id, line_id) VALUES(1270, 1, 0, 39, 198);
INSERT INTO BOOK(book_id, condition, state, edition_id, line_id) VALUES(1271, 3, 0, 39, 18);
INSERT INTO BOOK(book_id, condition, state, edition_id, line_id) VALUES(1272, 0, 0, 40, 49);
INSERT INTO BOOK(book_id, condition, state, edition_id, line_id) VALUES(1273, 0, 0, 40, 59);
INSERT INTO BOOK(book_id, condition, state, edition_id, line_id) VALUES(1274, 1, 0, 40, 290);
INSERT INTO BOOK(book_id, condition, state, edition_id, line_id) VALUES(1275, 1, 0, 40, 103);
INSERT INTO BOOK(book_id, condition, state, edition_id, line_id) VALUES(1276, 1, 0, 40, 130);
INSERT INTO BOOK(book_id, condition, state, edition_id, line_id) VALUES(1277, 2, 0, 40, 179);
INSERT INTO BOOK(book_id, condition, state, edition_id, line_id) VALUES(1278, 3, 0, 40, 301);
INSERT INTO BOOK(book_id, condition, state, edition_id, line_id) VALUES(1279, 0, 0, 40, 321);
INSERT INTO BOOK(book_id, condition, state, edition_id, line_id) VALUES(1280, 0, 0, 40, 100);
INSERT INTO BOOK(book_id, condition, state, edition_id, line_id) VALUES(1281, 0, 0, 40, 224);
INSERT INTO BOOK(book_id, condition, state, edition_id, line_id) VALUES(1282, 1, 0, 40, 15);
INSERT INTO BOOK(book_id, condition, state, edition_id, line_id) VALUES(1283, 1, 0, 40, 47);
INSERT INTO BOOK(book_id, condition, state, edition_id, line_id) VALUES(1284, 1, 0, 40, 278);
INSERT INTO BOOK(book_id, condition, state, edition_id, line_id) VALUES(1285, 0, 0, 40, 283);
INSERT INTO BOOK(book_id, condition, state, edition_id, line_id) VALUES(1286, 2, 0, 40, 306);
INSERT INTO BOOK(book_id, condition, state, edition_id, line_id) VALUES(1287, 1, 0, 40, 107);
INSERT INTO BOOK(book_id, condition, state, edition_id, line_id) VALUES(1288, 2, 0, 40, 291);
INSERT INTO BOOK(book_id, condition, state, edition_id, line_id) VALUES(1289, 1, 0, 40, 213);
INSERT INTO BOOK(book_id, condition, state, edition_id, line_id) VALUES(1290, 1, 0, 40, 321);
INSERT INTO BOOK(book_id, condition, state, edition_id, line_id) VALUES(1291, 1, 0, 40, 255);
INSERT INTO BOOK(book_id, condition, state, edition_id, line_id) VALUES(1292, 0, 0, 40, 99);
INSERT INTO BOOK(book_id, condition, state, edition_id, line_id) VALUES(1293, 0, 0, 40, 6);
INSERT INTO BOOK(book_id, condition, state, edition_id, line_id) VALUES(1294, 1, 0, 40, 42);
INSERT INTO BOOK(book_id, condition, state, edition_id, line_id) VALUES(1295, 1, 0, 40, 198);
INSERT INTO BOOK(book_id, condition, state, edition_id, line_id) VALUES(1296, 2, 0, 40, 253);
INSERT INTO BOOK(book_id, condition, state, edition_id, line_id) VALUES(1297, 1, 0, 40, 96);
INSERT INTO BOOK(book_id, condition, state, edition_id, line_id) VALUES(1298, 3, 0, 40, 303);
INSERT INTO BOOK(book_id, condition, state, edition_id, line_id) VALUES(1299, 0, 0, 40, 57);
INSERT INTO BOOK(book_id, condition, state, edition_id, line_id) VALUES(1300, 0, 0, 40, 26);
INSERT INTO BOOK(book_id, condition, state, edition_id, line_id) VALUES(1301, 3, 0, 40, 214);
INSERT INTO BOOK(book_id, condition, state, edition_id, line_id) VALUES(1302, 1, 0, 40, 117);
INSERT INTO BOOK(book_id, condition, state, edition_id, line_id) VALUES(1303, 1, 0, 40, 57);
INSERT INTO BOOK(book_id, condition, state, edition_id, line_id) VALUES(1304, 1, 0, 40, 144);
INSERT INTO BOOK(book_id, condition, state, edition_id, line_id) VALUES(1305, 1, 0, 40, 19);
INSERT INTO BOOK(book_id, condition, state, edition_id, line_id) VALUES(1306, 0, 0, 40, 20);
INSERT INTO BOOK(book_id, condition, state, edition_id, line_id) VALUES(1307, 0, 0, 40, 56);
INSERT INTO BOOK(book_id, condition, state, edition_id, line_id) VALUES(1308, 1, 0, 40, 230);
INSERT INTO BOOK(book_id, condition, state, edition_id, line_id) VALUES(1309, 2, 0, 40, 125);
INSERT INTO BOOK(book_id, condition, state, edition_id, line_id) VALUES(1310, 2, 0, 40, 322);
INSERT INTO BOOK(book_id, condition, state, edition_id, line_id) VALUES(1311, 0, 0, 40, 204);
INSERT INTO BOOK(book_id, condition, state, edition_id, line_id) VALUES(1312, 3, 0, 40, 191);
INSERT INTO BOOK(book_id, condition, state, edition_id, line_id) VALUES(1313, 1, 0, 40, 147);
INSERT INTO BOOK(book_id, condition, state, edition_id, line_id) VALUES(1314, 0, 0, 40, 320);
INSERT INTO BOOK(book_id, condition, state, edition_id, line_id) VALUES(1315, 1, 0, 40, 197);
INSERT INTO BOOK(book_id, condition, state, edition_id, line_id) VALUES(1316, 2, 0, 40, 41);
INSERT INTO BOOK(book_id, condition, state, edition_id, line_id) VALUES(1317, 2, 0, 40, 108);
INSERT INTO BOOK(book_id, condition, state, edition_id, line_id) VALUES(1318, 0, 0, 40, 91);
INSERT INTO BOOK(book_id, condition, state, edition_id, line_id) VALUES(1319, 2, 0, 40, 251);
INSERT INTO BOOK(book_id, condition, state, edition_id, line_id) VALUES(1320, 1, 0, 40, 196);
INSERT INTO BOOK(book_id, condition, state, edition_id, line_id) VALUES(1321, 0, 0, 40, 31);
INSERT INTO BOOK(book_id, condition, state, edition_id, line_id) VALUES(1322, 0, 0, 40, 246);
INSERT INTO BOOK(book_id, condition, state, edition_id, line_id) VALUES(1323, 0, 0, 40, 93);
INSERT INTO BOOK(book_id, condition, state, edition_id, line_id) VALUES(1324, 0, 0, 41, 280);
INSERT INTO BOOK(book_id, condition, state, edition_id, line_id) VALUES(1325, 0, 0, 41, 57);
INSERT INTO BOOK(book_id, condition, state, edition_id, line_id) VALUES(1326, 3, 0, 41, 313);
INSERT INTO BOOK(book_id, condition, state, edition_id, line_id) VALUES(1327, 1, 0, 41, 214);
INSERT INTO BOOK(book_id, condition, state, edition_id, line_id) VALUES(1328, 1, 0, 41, 261);
INSERT INTO BOOK(book_id, condition, state, edition_id, line_id) VALUES(1329, 1, 0, 41, 292);
INSERT INTO BOOK(book_id, condition, state, edition_id, line_id) VALUES(1330, 1, 0, 42, 152);
INSERT INTO BOOK(book_id, condition, state, edition_id, line_id) VALUES(1331, 1, 0, 42, 66);
INSERT INTO BOOK(book_id, condition, state, edition_id, line_id) VALUES(1332, 1, 0, 42, 24);
INSERT INTO BOOK(book_id, condition, state, edition_id, line_id) VALUES(1333, 1, 0, 42, 143);
INSERT INTO BOOK(book_id, condition, state, edition_id, line_id) VALUES(1334, 2, 0, 42, 222);
INSERT INTO BOOK(book_id, condition, state, edition_id, line_id) VALUES(1335, 0, 0, 42, 45);
INSERT INTO BOOK(book_id, condition, state, edition_id, line_id) VALUES(1336, 0, 0, 42, 183);
INSERT INTO BOOK(book_id, condition, state, edition_id, line_id) VALUES(1337, 1, 0, 42, 88);
INSERT INTO BOOK(book_id, condition, state, edition_id, line_id) VALUES(1338, 0, 0, 42, 151);
INSERT INTO BOOK(book_id, condition, state, edition_id, line_id) VALUES(1339, 1, 0, 42, 279);
INSERT INTO BOOK(book_id, condition, state, edition_id, line_id) VALUES(1340, 3, 0, 42, 121);
INSERT INTO BOOK(book_id, condition, state, edition_id, line_id) VALUES(1341, 0, 0, 42, 329);
INSERT INTO BOOK(book_id, condition, state, edition_id, line_id) VALUES(1342, 2, 0, 42, 121);
INSERT INTO BOOK(book_id, condition, state, edition_id, line_id) VALUES(1343, 3, 0, 42, 201);
INSERT INTO BOOK(book_id, condition, state, edition_id, line_id) VALUES(1344, 1, 0, 42, 201);
INSERT INTO BOOK(book_id, condition, state, edition_id, line_id) VALUES(1345, 1, 0, 42, 137);
INSERT INTO BOOK(book_id, condition, state, edition_id, line_id) VALUES(1346, 1, 0, 42, 30);
INSERT INTO BOOK(book_id, condition, state, edition_id, line_id) VALUES(1347, 2, 0, 42, 204);
INSERT INTO BOOK(book_id, condition, state, edition_id, line_id) VALUES(1348, 1, 0, 42, 294);
INSERT INTO BOOK(book_id, condition, state, edition_id, line_id) VALUES(1349, 1, 0, 42, 56);
INSERT INTO BOOK(book_id, condition, state, edition_id, line_id) VALUES(1350, 1, 0, 42, 251);
INSERT INTO BOOK(book_id, condition, state, edition_id, line_id) VALUES(1351, 0, 0, 42, 208);
INSERT INTO BOOK(book_id, condition, state, edition_id, line_id) VALUES(1352, 2, 0, 42, 164);
INSERT INTO BOOK(book_id, condition, state, edition_id, line_id) VALUES(1353, 2, 0, 42, 22);
INSERT INTO BOOK(book_id, condition, state, edition_id, line_id) VALUES(1354, 0, 0, 42, 212);
INSERT INTO BOOK(book_id, condition, state, edition_id, line_id) VALUES(1355, 2, 0, 42, 16);
INSERT INTO BOOK(book_id, condition, state, edition_id, line_id) VALUES(1356, 2, 0, 42, 49);
INSERT INTO BOOK(book_id, condition, state, edition_id, line_id) VALUES(1357, 0, 0, 42, 173);
INSERT INTO BOOK(book_id, condition, state, edition_id, line_id) VALUES(1358, 0, 0, 42, 222);
INSERT INTO BOOK(book_id, condition, state, edition_id, line_id) VALUES(1359, 3, 0, 42, 64);
INSERT INTO BOOK(book_id, condition, state, edition_id, line_id) VALUES(1360, 1, 0, 42, 305);
INSERT INTO BOOK(book_id, condition, state, edition_id, line_id) VALUES(1361, 3, 0, 42, 174);
INSERT INTO BOOK(book_id, condition, state, edition_id, line_id) VALUES(1362, 1, 0, 42, 38);
INSERT INTO BOOK(book_id, condition, state, edition_id, line_id) VALUES(1363, 0, 0, 42, 73);
INSERT INTO BOOK(book_id, condition, state, edition_id, line_id) VALUES(1364, 2, 0, 42, 66);
INSERT INTO BOOK(book_id, condition, state, edition_id, line_id) VALUES(1365, 2, 0, 42, 184);
INSERT INTO BOOK(book_id, condition, state, edition_id, line_id) VALUES(1366, 1, 0, 42, 292);
INSERT INTO BOOK(book_id, condition, state, edition_id, line_id) VALUES(1367, 0, 0, 42, 232);
INSERT INTO BOOK(book_id, condition, state, edition_id, line_id) VALUES(1368, 1, 0, 42, 323);
INSERT INTO BOOK(book_id, condition, state, edition_id, line_id) VALUES(1369, 0, 0, 42, 216);
INSERT INTO BOOK(book_id, condition, state, edition_id, line_id) VALUES(1370, 1, 0, 42, 240);
INSERT INTO BOOK(book_id, condition, state, edition_id, line_id) VALUES(1371, 0, 0, 42, 98);
INSERT INTO BOOK(book_id, condition, state, edition_id, line_id) VALUES(1372, 2, 0, 42, 253);
INSERT INTO BOOK(book_id, condition, state, edition_id, line_id) VALUES(1373, 0, 0, 42, 326);
INSERT INTO BOOK(book_id, condition, state, edition_id, line_id) VALUES(1374, 2, 0, 42, 321);
INSERT INTO BOOK(book_id, condition, state, edition_id, line_id) VALUES(1375, 0, 0, 42, 191);
INSERT INTO BOOK(book_id, condition, state, edition_id, line_id) VALUES(1376, 1, 0, 42, 170);
INSERT INTO BOOK(book_id, condition, state, edition_id, line_id) VALUES(1377, 1, 0, 42, 254);
INSERT INTO BOOK(book_id, condition, state, edition_id, line_id) VALUES(1378, 2, 0, 42, 13);
INSERT INTO BOOK(book_id, condition, state, edition_id, line_id) VALUES(1379, 3, 0, 42, 90);
INSERT INTO BOOK(book_id, condition, state, edition_id, line_id) VALUES(1380, 3, 0, 42, 102);
INSERT INTO BOOK(book_id, condition, state, edition_id, line_id) VALUES(1381, 2, 0, 42, 41);
INSERT INTO BOOK(book_id, condition, state, edition_id, line_id) VALUES(1382, 1, 0, 42, 272);
INSERT INTO BOOK(book_id, condition, state, edition_id, line_id) VALUES(1383, 1, 0, 42, 119);
INSERT INTO BOOK(book_id, condition, state, edition_id, line_id) VALUES(1384, 1, 0, 42, 262);
INSERT INTO BOOK(book_id, condition, state, edition_id, line_id) VALUES(1385, 2, 0, 42, 202);
INSERT INTO BOOK(book_id, condition, state, edition_id, line_id) VALUES(1386, 2, 0, 42, 269);
INSERT INTO BOOK(book_id, condition, state, edition_id, line_id) VALUES(1387, 1, 0, 43, 258);
INSERT INTO BOOK(book_id, condition, state, edition_id, line_id) VALUES(1388, 1, 0, 43, 214);
INSERT INTO BOOK(book_id, condition, state, edition_id, line_id) VALUES(1389, 1, 0, 43, 299);
INSERT INTO BOOK(book_id, condition, state, edition_id, line_id) VALUES(1390, 0, 0, 43, 290);
INSERT INTO BOOK(book_id, condition, state, edition_id, line_id) VALUES(1391, 2, 0, 43, 292);
INSERT INTO BOOK(book_id, condition, state, edition_id, line_id) VALUES(1392, 0, 0, 43, 111);
INSERT INTO BOOK(book_id, condition, state, edition_id, line_id) VALUES(1393, 2, 0, 43, 90);
INSERT INTO BOOK(book_id, condition, state, edition_id, line_id) VALUES(1394, 0, 0, 43, 81);
INSERT INTO BOOK(book_id, condition, state, edition_id, line_id) VALUES(1395, 1, 0, 43, 157);
INSERT INTO BOOK(book_id, condition, state, edition_id, line_id) VALUES(1396, 0, 0, 43, 283);
INSERT INTO BOOK(book_id, condition, state, edition_id, line_id) VALUES(1397, 0, 0, 43, 118);
INSERT INTO BOOK(book_id, condition, state, edition_id, line_id) VALUES(1398, 1, 0, 43, 70);
INSERT INTO BOOK(book_id, condition, state, edition_id, line_id) VALUES(1399, 1, 0, 43, 171);
INSERT INTO BOOK(book_id, condition, state, edition_id, line_id) VALUES(1400, 1, 0, 43, 147);
INSERT INTO BOOK(book_id, condition, state, edition_id, line_id) VALUES(1401, 1, 0, 43, 18);
INSERT INTO BOOK(book_id, condition, state, edition_id, line_id) VALUES(1402, 1, 0, 43, 197);
INSERT INTO BOOK(book_id, condition, state, edition_id, line_id) VALUES(1403, 0, 0, 43, 150);
INSERT INTO BOOK(book_id, condition, state, edition_id, line_id) VALUES(1404, 0, 0, 43, 270);
INSERT INTO BOOK(book_id, condition, state, edition_id, line_id) VALUES(1405, 1, 0, 43, 220);
INSERT INTO BOOK(book_id, condition, state, edition_id, line_id) VALUES(1406, 2, 0, 43, 66);
INSERT INTO BOOK(book_id, condition, state, edition_id, line_id) VALUES(1407, 1, 0, 43, 213);
INSERT INTO BOOK(book_id, condition, state, edition_id, line_id) VALUES(1408, 3, 0, 43, 323);
INSERT INTO BOOK(book_id, condition, state, edition_id, line_id) VALUES(1409, 3, 0, 43, 250);
INSERT INTO BOOK(book_id, condition, state, edition_id, line_id) VALUES(1410, 1, 0, 43, 209);
INSERT INTO BOOK(book_id, condition, state, edition_id, line_id) VALUES(1411, 3, 0, 43, 297);
INSERT INTO BOOK(book_id, condition, state, edition_id, line_id) VALUES(1412, 0, 0, 43, 251);
INSERT INTO BOOK(book_id, condition, state, edition_id, line_id) VALUES(1413, 1, 0, 43, 323);
INSERT INTO BOOK(book_id, condition, state, edition_id, line_id) VALUES(1414, 2, 0, 43, 235);
INSERT INTO BOOK(book_id, condition, state, edition_id, line_id) VALUES(1415, 2, 0, 43, 156);
INSERT INTO BOOK(book_id, condition, state, edition_id, line_id) VALUES(1416, 1, 0, 43, 76);
INSERT INTO BOOK(book_id, condition, state, edition_id, line_id) VALUES(1417, 1, 0, 43, 268);
INSERT INTO BOOK(book_id, condition, state, edition_id, line_id) VALUES(1418, 0, 0, 43, 130);
INSERT INTO BOOK(book_id, condition, state, edition_id, line_id) VALUES(1419, 1, 0, 43, 136);
INSERT INTO BOOK(book_id, condition, state, edition_id, line_id) VALUES(1420, 1, 0, 43, 58);
INSERT INTO BOOK(book_id, condition, state, edition_id, line_id) VALUES(1421, 0, 0, 43, 87);
INSERT INTO BOOK(book_id, condition, state, edition_id, line_id) VALUES(1422, 3, 0, 43, 141);
INSERT INTO BOOK(book_id, condition, state, edition_id, line_id) VALUES(1423, 2, 0, 43, 267);
INSERT INTO BOOK(book_id, condition, state, edition_id, line_id) VALUES(1424, 0, 0, 43, 240);
INSERT INTO BOOK(book_id, condition, state, edition_id, line_id) VALUES(1425, 0, 0, 43, 274);
INSERT INTO BOOK(book_id, condition, state, edition_id, line_id) VALUES(1426, 1, 0, 43, 124);
INSERT INTO BOOK(book_id, condition, state, edition_id, line_id) VALUES(1427, 3, 0, 43, 82);
INSERT INTO BOOK(book_id, condition, state, edition_id, line_id) VALUES(1428, 0, 0, 43, 88);
INSERT INTO BOOK(book_id, condition, state, edition_id, line_id) VALUES(1429, 1, 0, 43, 296);
INSERT INTO BOOK(book_id, condition, state, edition_id, line_id) VALUES(1430, 0, 0, 43, 151);
INSERT INTO BOOK(book_id, condition, state, edition_id, line_id) VALUES(1431, 1, 0, 43, 218);
INSERT INTO BOOK(book_id, condition, state, edition_id, line_id) VALUES(1432, 1, 0, 43, 96);
INSERT INTO BOOK(book_id, condition, state, edition_id, line_id) VALUES(1433, 2, 0, 43, 50);
INSERT INTO BOOK(book_id, condition, state, edition_id, line_id) VALUES(1434, 2, 0, 43, 144);
INSERT INTO BOOK(book_id, condition, state, edition_id, line_id) VALUES(1435, 1, 0, 43, 328);
INSERT INTO BOOK(book_id, condition, state, edition_id, line_id) VALUES(1436, 0, 0, 43, 73);
INSERT INTO BOOK(book_id, condition, state, edition_id, line_id) VALUES(1437, 1, 0, 43, 112);
INSERT INTO BOOK(book_id, condition, state, edition_id, line_id) VALUES(1438, 2, 0, 43, 171);
INSERT INTO BOOK(book_id, condition, state, edition_id, line_id) VALUES(1439, 3, 0, 43, 28);
INSERT INTO BOOK(book_id, condition, state, edition_id, line_id) VALUES(1440, 0, 0, 43, 229);
INSERT INTO BOOK(book_id, condition, state, edition_id, line_id) VALUES(1441, 1, 0, 43, 38);
INSERT INTO BOOK(book_id, condition, state, edition_id, line_id) VALUES(1442, 0, 0, 43, 3);
INSERT INTO BOOK(book_id, condition, state, edition_id, line_id) VALUES(1443, 2, 0, 43, 280);
INSERT INTO BOOK(book_id, condition, state, edition_id, line_id) VALUES(1444, 3, 0, 43, 57);
INSERT INTO BOOK(book_id, condition, state, edition_id, line_id) VALUES(1445, 1, 0, 44, 102);
INSERT INTO BOOK(book_id, condition, state, edition_id, line_id) VALUES(1446, 0, 0, 44, 279);
INSERT INTO BOOK(book_id, condition, state, edition_id, line_id) VALUES(1447, 1, 0, 44, 108);
INSERT INTO BOOK(book_id, condition, state, edition_id, line_id) VALUES(1448, 1, 0, 44, 185);
INSERT INTO BOOK(book_id, condition, state, edition_id, line_id) VALUES(1449, 0, 0, 44, 62);
INSERT INTO BOOK(book_id, condition, state, edition_id, line_id) VALUES(1450, 1, 0, 44, 192);
INSERT INTO BOOK(book_id, condition, state, edition_id, line_id) VALUES(1451, 1, 0, 44, 327);
INSERT INTO BOOK(book_id, condition, state, edition_id, line_id) VALUES(1452, 0, 0, 44, 54);
INSERT INTO BOOK(book_id, condition, state, edition_id, line_id) VALUES(1453, 1, 0, 44, 152);
INSERT INTO BOOK(book_id, condition, state, edition_id, line_id) VALUES(1454, 1, 0, 44, 89);
INSERT INTO BOOK(book_id, condition, state, edition_id, line_id) VALUES(1455, 2, 0, 44, 65);
INSERT INTO BOOK(book_id, condition, state, edition_id, line_id) VALUES(1456, 2, 0, 44, 63);
INSERT INTO BOOK(book_id, condition, state, edition_id, line_id) VALUES(1457, 0, 0, 44, 297);
INSERT INTO BOOK(book_id, condition, state, edition_id, line_id) VALUES(1458, 1, 0, 44, 116);
INSERT INTO BOOK(book_id, condition, state, edition_id, line_id) VALUES(1459, 1, 0, 44, 234);
INSERT INTO BOOK(book_id, condition, state, edition_id, line_id) VALUES(1460, 1, 0, 44, 15);
INSERT INTO BOOK(book_id, condition, state, edition_id, line_id) VALUES(1461, 1, 0, 44, 321);
INSERT INTO BOOK(book_id, condition, state, edition_id, line_id) VALUES(1462, 1, 0, 44, 111);
INSERT INTO BOOK(book_id, condition, state, edition_id, line_id) VALUES(1463, 1, 0, 44, 82);
INSERT INTO BOOK(book_id, condition, state, edition_id, line_id) VALUES(1464, 2, 0, 44, 9);
INSERT INTO BOOK(book_id, condition, state, edition_id, line_id) VALUES(1465, 1, 0, 44, 16);
INSERT INTO BOOK(book_id, condition, state, edition_id, line_id) VALUES(1466, 1, 0, 44, 319);
INSERT INTO BOOK(book_id, condition, state, edition_id, line_id) VALUES(1467, 1, 0, 44, 218);
INSERT INTO BOOK(book_id, condition, state, edition_id, line_id) VALUES(1468, 2, 0, 44, 200);
INSERT INTO BOOK(book_id, condition, state, edition_id, line_id) VALUES(1469, 0, 0, 44, 303);
INSERT INTO BOOK(book_id, condition, state, edition_id, line_id) VALUES(1470, 2, 0, 44, 16);
INSERT INTO BOOK(book_id, condition, state, edition_id, line_id) VALUES(1471, 0, 0, 44, 17);
INSERT INTO BOOK(book_id, condition, state, edition_id, line_id) VALUES(1472, 1, 0, 44, 27);
INSERT INTO BOOK(book_id, condition, state, edition_id, line_id) VALUES(1473, 3, 0, 44, 132);
INSERT INTO BOOK(book_id, condition, state, edition_id, line_id) VALUES(1474, 0, 0, 44, 68);
INSERT INTO BOOK(book_id, condition, state, edition_id, line_id) VALUES(1475, 0, 0, 44, 260);
INSERT INTO BOOK(book_id, condition, state, edition_id, line_id) VALUES(1476, 1, 0, 44, 264);
INSERT INTO BOOK(book_id, condition, state, edition_id, line_id) VALUES(1477, 1, 0, 44, 48);
INSERT INTO BOOK(book_id, condition, state, edition_id, line_id) VALUES(1478, 1, 0, 44, 295);
INSERT INTO BOOK(book_id, condition, state, edition_id, line_id) VALUES(1479, 1, 0, 44, 309);
INSERT INTO BOOK(book_id, condition, state, edition_id, line_id) VALUES(1480, 0, 0, 44, 259);
INSERT INTO BOOK(book_id, condition, state, edition_id, line_id) VALUES(1481, 2, 0, 45, 201);
INSERT INTO BOOK(book_id, condition, state, edition_id, line_id) VALUES(1482, 1, 0, 45, 193);
INSERT INTO BOOK(book_id, condition, state, edition_id, line_id) VALUES(1483, 0, 0, 45, 206);
INSERT INTO BOOK(book_id, condition, state, edition_id, line_id) VALUES(1484, 3, 0, 45, 274);
INSERT INTO BOOK(book_id, condition, state, edition_id, line_id) VALUES(1485, 2, 0, 45, 255);
INSERT INTO BOOK(book_id, condition, state, edition_id, line_id) VALUES(1486, 2, 0, 45, 156);
INSERT INTO BOOK(book_id, condition, state, edition_id, line_id) VALUES(1487, 1, 0, 45, 222);
INSERT INTO BOOK(book_id, condition, state, edition_id, line_id) VALUES(1488, 1, 0, 45, 207);
INSERT INTO BOOK(book_id, condition, state, edition_id, line_id) VALUES(1489, 0, 0, 45, 224);
INSERT INTO BOOK(book_id, condition, state, edition_id, line_id) VALUES(1490, 0, 0, 45, 0);
INSERT INTO BOOK(book_id, condition, state, edition_id, line_id) VALUES(1491, 2, 0, 45, 175);
INSERT INTO BOOK(book_id, condition, state, edition_id, line_id) VALUES(1492, 1, 0, 45, 53);
INSERT INTO BOOK(book_id, condition, state, edition_id, line_id) VALUES(1493, 0, 0, 45, 93);
INSERT INTO BOOK(book_id, condition, state, edition_id, line_id) VALUES(1494, 1, 0, 45, 208);
INSERT INTO BOOK(book_id, condition, state, edition_id, line_id) VALUES(1495, 1, 0, 45, 208);
INSERT INTO BOOK(book_id, condition, state, edition_id, line_id) VALUES(1496, 2, 0, 45, 43);
INSERT INTO BOOK(book_id, condition, state, edition_id, line_id) VALUES(1497, 0, 0, 45, 165);
INSERT INTO BOOK(book_id, condition, state, edition_id, line_id) VALUES(1498, 0, 0, 45, 57);
INSERT INTO BOOK(book_id, condition, state, edition_id, line_id) VALUES(1499, 3, 0, 45, 23);
INSERT INTO BOOK(book_id, condition, state, edition_id, line_id) VALUES(1500, 3, 0, 45, 155);
INSERT INTO BOOK(book_id, condition, state, edition_id, line_id) VALUES(1501, 2, 0, 45, 303);
INSERT INTO BOOK(book_id, condition, state, edition_id, line_id) VALUES(1502, 0, 0, 45, 175);
INSERT INTO BOOK(book_id, condition, state, edition_id, line_id) VALUES(1503, 0, 0, 45, 211);
INSERT INTO BOOK(book_id, condition, state, edition_id, line_id) VALUES(1504, 0, 0, 45, 320);
INSERT INTO BOOK(book_id, condition, state, edition_id, line_id) VALUES(1505, 2, 0, 45, 272);
INSERT INTO BOOK(book_id, condition, state, edition_id, line_id) VALUES(1506, 0, 0, 45, 29);
INSERT INTO BOOK(book_id, condition, state, edition_id, line_id) VALUES(1507, 1, 0, 45, 205);
INSERT INTO BOOK(book_id, condition, state, edition_id, line_id) VALUES(1508, 0, 0, 45, 254);
INSERT INTO BOOK(book_id, condition, state, edition_id, line_id) VALUES(1509, 3, 0, 45, 301);
INSERT INTO BOOK(book_id, condition, state, edition_id, line_id) VALUES(1510, 0, 0, 45, 160);
INSERT INTO BOOK(book_id, condition, state, edition_id, line_id) VALUES(1511, 2, 0, 45, 314);
INSERT INTO BOOK(book_id, condition, state, edition_id, line_id) VALUES(1512, 2, 0, 45, 170);
INSERT INTO BOOK(book_id, condition, state, edition_id, line_id) VALUES(1513, 0, 0, 45, 159);
INSERT INTO BOOK(book_id, condition, state, edition_id, line_id) VALUES(1514, 1, 0, 45, 13);
INSERT INTO BOOK(book_id, condition, state, edition_id, line_id) VALUES(1515, 1, 0, 45, 94);
INSERT INTO BOOK(book_id, condition, state, edition_id, line_id) VALUES(1516, 0, 0, 45, 129);
INSERT INTO BOOK(book_id, condition, state, edition_id, line_id) VALUES(1517, 0, 0, 45, 286);
INSERT INTO BOOK(book_id, condition, state, edition_id, line_id) VALUES(1518, 0, 0, 45, 103);
INSERT INTO BOOK(book_id, condition, state, edition_id, line_id) VALUES(1519, 1, 0, 45, 136);
INSERT INTO BOOK(book_id, condition, state, edition_id, line_id) VALUES(1520, 1, 0, 45, 77);
INSERT INTO BOOK(book_id, condition, state, edition_id, line_id) VALUES(1521, 1, 0, 45, 80);
INSERT INTO BOOK(book_id, condition, state, edition_id, line_id) VALUES(1522, 0, 0, 45, 243);
INSERT INTO BOOK(book_id, condition, state, edition_id, line_id) VALUES(1523, 2, 0, 45, 286);
INSERT INTO BOOK(book_id, condition, state, edition_id, line_id) VALUES(1524, 2, 0, 45, 264);
INSERT INTO BOOK(book_id, condition, state, edition_id, line_id) VALUES(1525, 1, 0, 45, 192);
INSERT INTO BOOK(book_id, condition, state, edition_id, line_id) VALUES(1526, 1, 0, 45, 269);
INSERT INTO BOOK(book_id, condition, state, edition_id, line_id) VALUES(1527, 1, 0, 45, 246);
INSERT INTO BOOK(book_id, condition, state, edition_id, line_id) VALUES(1528, 3, 0, 45, 295);
INSERT INTO BOOK(book_id, condition, state, edition_id, line_id) VALUES(1529, 0, 0, 45, 246);
INSERT INTO BOOK(book_id, condition, state, edition_id, line_id) VALUES(1530, 1, 0, 45, 230);
INSERT INTO BOOK(book_id, condition, state, edition_id, line_id) VALUES(1531, 1, 0, 45, 1);
INSERT INTO BOOK(book_id, condition, state, edition_id, line_id) VALUES(1532, 1, 0, 45, 128);
INSERT INTO BOOK(book_id, condition, state, edition_id, line_id) VALUES(1533, 2, 0, 45, 82);
INSERT INTO BOOK(book_id, condition, state, edition_id, line_id) VALUES(1534, 1, 0, 45, 149);
INSERT INTO BOOK(book_id, condition, state, edition_id, line_id) VALUES(1535, 1, 0, 45, 311);
INSERT INTO BOOK(book_id, condition, state, edition_id, line_id) VALUES(1536, 1, 0, 45, 290);
INSERT INTO BOOK(book_id, condition, state, edition_id, line_id) VALUES(1537, 0, 0, 45, 38);
INSERT INTO BOOK(book_id, condition, state, edition_id, line_id) VALUES(1538, 1, 0, 45, 154);
INSERT INTO BOOK(book_id, condition, state, edition_id, line_id) VALUES(1539, 2, 0, 46, 48);
INSERT INTO BOOK(book_id, condition, state, edition_id, line_id) VALUES(1540, 2, 0, 46, 138);
INSERT INTO BOOK(book_id, condition, state, edition_id, line_id) VALUES(1541, 0, 0, 46, 288);
INSERT INTO BOOK(book_id, condition, state, edition_id, line_id) VALUES(1542, 2, 0, 46, 100);
INSERT INTO BOOK(book_id, condition, state, edition_id, line_id) VALUES(1543, 1, 0, 46, 223);
INSERT INTO BOOK(book_id, condition, state, edition_id, line_id) VALUES(1544, 1, 0, 46, 175);
INSERT INTO BOOK(book_id, condition, state, edition_id, line_id) VALUES(1545, 1, 0, 46, 65);
INSERT INTO BOOK(book_id, condition, state, edition_id, line_id) VALUES(1546, 1, 0, 46, 64);
INSERT INTO BOOK(book_id, condition, state, edition_id, line_id) VALUES(1547, 0, 0, 46, 131);
INSERT INTO BOOK(book_id, condition, state, edition_id, line_id) VALUES(1548, 0, 0, 46, 206);
INSERT INTO BOOK(book_id, condition, state, edition_id, line_id) VALUES(1549, 1, 0, 46, 160);
INSERT INTO BOOK(book_id, condition, state, edition_id, line_id) VALUES(1550, 1, 0, 46, 314);
INSERT INTO BOOK(book_id, condition, state, edition_id, line_id) VALUES(1551, 0, 0, 46, 7);
INSERT INTO BOOK(book_id, condition, state, edition_id, line_id) VALUES(1552, 2, 0, 46, 120);
INSERT INTO BOOK(book_id, condition, state, edition_id, line_id) VALUES(1553, 0, 0, 46, 192);
INSERT INTO BOOK(book_id, condition, state, edition_id, line_id) VALUES(1554, 2, 0, 46, 55);
INSERT INTO BOOK(book_id, condition, state, edition_id, line_id) VALUES(1555, 1, 0, 46, 228);
INSERT INTO BOOK(book_id, condition, state, edition_id, line_id) VALUES(1556, 0, 0, 46, 250);
INSERT INTO BOOK(book_id, condition, state, edition_id, line_id) VALUES(1557, 0, 0, 46, 11);
INSERT INTO BOOK(book_id, condition, state, edition_id, line_id) VALUES(1558, 1, 0, 46, 5);
INSERT INTO BOOK(book_id, condition, state, edition_id, line_id) VALUES(1559, 2, 0, 46, 294);
INSERT INTO BOOK(book_id, condition, state, edition_id, line_id) VALUES(1560, 2, 0, 46, 18);
INSERT INTO BOOK(book_id, condition, state, edition_id, line_id) VALUES(1561, 1, 0, 46, 65);
INSERT INTO BOOK(book_id, condition, state, edition_id, line_id) VALUES(1562, 2, 0, 46, 32);
INSERT INTO BOOK(book_id, condition, state, edition_id, line_id) VALUES(1563, 1, 0, 46, 72);
INSERT INTO BOOK(book_id, condition, state, edition_id, line_id) VALUES(1564, 2, 0, 46, 304);
INSERT INTO BOOK(book_id, condition, state, edition_id, line_id) VALUES(1565, 0, 0, 46, 47);
INSERT INTO BOOK(book_id, condition, state, edition_id, line_id) VALUES(1566, 2, 0, 46, 214);
INSERT INTO BOOK(book_id, condition, state, edition_id, line_id) VALUES(1567, 1, 0, 46, 208);
INSERT INTO BOOK(book_id, condition, state, edition_id, line_id) VALUES(1568, 0, 0, 46, 8);
INSERT INTO BOOK(book_id, condition, state, edition_id, line_id) VALUES(1569, 0, 0, 47, 79);
INSERT INTO BOOK(book_id, condition, state, edition_id, line_id) VALUES(1570, 3, 0, 47, 191);
INSERT INTO BOOK(book_id, condition, state, edition_id, line_id) VALUES(1571, 1, 0, 47, 309);
INSERT INTO BOOK(book_id, condition, state, edition_id, line_id) VALUES(1572, 0, 0, 47, 318);
INSERT INTO BOOK(book_id, condition, state, edition_id, line_id) VALUES(1573, 1, 0, 47, 88);
INSERT INTO BOOK(book_id, condition, state, edition_id, line_id) VALUES(1574, 2, 0, 47, 249);
INSERT INTO BOOK(book_id, condition, state, edition_id, line_id) VALUES(1575, 0, 0, 47, 273);
INSERT INTO BOOK(book_id, condition, state, edition_id, line_id) VALUES(1576, 1, 0, 47, 24);
INSERT INTO BOOK(book_id, condition, state, edition_id, line_id) VALUES(1577, 1, 0, 47, 8);
INSERT INTO BOOK(book_id, condition, state, edition_id, line_id) VALUES(1578, 1, 0, 47, 76);
INSERT INTO BOOK(book_id, condition, state, edition_id, line_id) VALUES(1579, 1, 0, 47, 11);
INSERT INTO BOOK(book_id, condition, state, edition_id, line_id) VALUES(1580, 2, 0, 47, 146);
INSERT INTO BOOK(book_id, condition, state, edition_id, line_id) VALUES(1581, 0, 0, 47, 99);
INSERT INTO BOOK(book_id, condition, state, edition_id, line_id) VALUES(1582, 1, 0, 47, 321);
INSERT INTO BOOK(book_id, condition, state, edition_id, line_id) VALUES(1583, 1, 0, 47, 82);
INSERT INTO BOOK(book_id, condition, state, edition_id, line_id) VALUES(1584, 0, 0, 47, 7);
INSERT INTO BOOK(book_id, condition, state, edition_id, line_id) VALUES(1585, 2, 0, 47, 326);
INSERT INTO BOOK(book_id, condition, state, edition_id, line_id) VALUES(1586, 1, 0, 47, 71);
INSERT INTO BOOK(book_id, condition, state, edition_id, line_id) VALUES(1587, 1, 0, 47, 88);
INSERT INTO BOOK(book_id, condition, state, edition_id, line_id) VALUES(1588, 0, 0, 47, 192);
INSERT INTO BOOK(book_id, condition, state, edition_id, line_id) VALUES(1589, 3, 0, 47, 292);
INSERT INTO BOOK(book_id, condition, state, edition_id, line_id) VALUES(1590, 0, 0, 47, 247);
INSERT INTO BOOK(book_id, condition, state, edition_id, line_id) VALUES(1591, 0, 0, 47, 102);
INSERT INTO BOOK(book_id, condition, state, edition_id, line_id) VALUES(1592, 3, 0, 47, 233);
INSERT INTO BOOK(book_id, condition, state, edition_id, line_id) VALUES(1593, 1, 0, 47, 27);
INSERT INTO BOOK(book_id, condition, state, edition_id, line_id) VALUES(1594, 2, 0, 47, 31);
INSERT INTO BOOK(book_id, condition, state, edition_id, line_id) VALUES(1595, 1, 0, 48, 235);
INSERT INTO BOOK(book_id, condition, state, edition_id, line_id) VALUES(1596, 0, 0, 48, 239);
INSERT INTO BOOK(book_id, condition, state, edition_id, line_id) VALUES(1597, 1, 0, 48, 141);
INSERT INTO BOOK(book_id, condition, state, edition_id, line_id) VALUES(1598, 1, 0, 48, 300);
INSERT INTO BOOK(book_id, condition, state, edition_id, line_id) VALUES(1599, 0, 0, 48, 24);
INSERT INTO BOOK(book_id, condition, state, edition_id, line_id) VALUES(1600, 2, 0, 48, 149);
INSERT INTO BOOK(book_id, condition, state, edition_id, line_id) VALUES(1601, 0, 0, 48, 315);
INSERT INTO BOOK(book_id, condition, state, edition_id, line_id) VALUES(1602, 2, 0, 48, 103);
INSERT INTO BOOK(book_id, condition, state, edition_id, line_id) VALUES(1603, 2, 0, 48, 223);
INSERT INTO BOOK(book_id, condition, state, edition_id, line_id) VALUES(1604, 1, 0, 48, 148);
INSERT INTO BOOK(book_id, condition, state, edition_id, line_id) VALUES(1605, 1, 0, 48, 273);
INSERT INTO BOOK(book_id, condition, state, edition_id, line_id) VALUES(1606, 1, 0, 48, 155);
INSERT INTO BOOK(book_id, condition, state, edition_id, line_id) VALUES(1607, 2, 0, 49, 49);
INSERT INTO BOOK(book_id, condition, state, edition_id, line_id) VALUES(1608, 3, 0, 49, 301);
INSERT INTO BOOK(book_id, condition, state, edition_id, line_id) VALUES(1609, 1, 0, 49, 312);
INSERT INTO BOOK(book_id, condition, state, edition_id, line_id) VALUES(1610, 0, 0, 49, 198);
INSERT INTO BOOK(book_id, condition, state, edition_id, line_id) VALUES(1611, 3, 0, 49, 215);
INSERT INTO BOOK(book_id, condition, state, edition_id, line_id) VALUES(1612, 2, 0, 49, 52);
INSERT INTO BOOK(book_id, condition, state, edition_id, line_id) VALUES(1613, 0, 0, 49, 324);
INSERT INTO BOOK(book_id, condition, state, edition_id, line_id) VALUES(1614, 1, 0, 49, 55);
INSERT INTO BOOK(book_id, condition, state, edition_id, line_id) VALUES(1615, 0, 0, 49, 132);
INSERT INTO BOOK(book_id, condition, state, edition_id, line_id) VALUES(1616, 1, 0, 50, 289);
INSERT INTO BOOK(book_id, condition, state, edition_id, line_id) VALUES(1617, 2, 0, 50, 225);
INSERT INTO BOOK(book_id, condition, state, edition_id, line_id) VALUES(1618, 1, 0, 50, 2);
INSERT INTO BOOK(book_id, condition, state, edition_id, line_id) VALUES(1619, 0, 0, 50, 73);
INSERT INTO BOOK(book_id, condition, state, edition_id, line_id) VALUES(1620, 0, 0, 50, 116);
INSERT INTO BOOK(book_id, condition, state, edition_id, line_id) VALUES(1621, 1, 0, 50, 90);
INSERT INTO BOOK(book_id, condition, state, edition_id, line_id) VALUES(1622, 3, 0, 50, 204);
INSERT INTO BOOK(book_id, condition, state, edition_id, line_id) VALUES(1623, 0, 0, 50, 47);
INSERT INTO BOOK(book_id, condition, state, edition_id, line_id) VALUES(1624, 1, 0, 50, 180);
INSERT INTO BOOK(book_id, condition, state, edition_id, line_id) VALUES(1625, 1, 0, 50, 85);
INSERT INTO BOOK(book_id, condition, state, edition_id, line_id) VALUES(1626, 0, 0, 50, 116);
INSERT INTO BOOK(book_id, condition, state, edition_id, line_id) VALUES(1627, 1, 0, 50, 14);
INSERT INTO BOOK(book_id, condition, state, edition_id, line_id) VALUES(1628, 0, 0, 50, 267);
INSERT INTO BOOK(book_id, condition, state, edition_id, line_id) VALUES(1629, 0, 0, 50, 205);
INSERT INTO BOOK(book_id, condition, state, edition_id, line_id) VALUES(1630, 0, 0, 50, 193);
INSERT INTO BOOK(book_id, condition, state, edition_id, line_id) VALUES(1631, 2, 0, 50, 220);
INSERT INTO BOOK(book_id, condition, state, edition_id, line_id) VALUES(1632, 2, 0, 50, 82);
INSERT INTO BOOK(book_id, condition, state, edition_id, line_id) VALUES(1633, 3, 0, 50, 192);
INSERT INTO BOOK(book_id, condition, state, edition_id, line_id) VALUES(1634, 0, 0, 50, 171);
INSERT INTO BOOK(book_id, condition, state, edition_id, line_id) VALUES(1635, 2, 0, 50, 27);
INSERT INTO BOOK(book_id, condition, state, edition_id, line_id) VALUES(1636, 0, 0, 50, 180);
INSERT INTO BOOK(book_id, condition, state, edition_id, line_id) VALUES(1637, 0, 0, 50, 191);
INSERT INTO BOOK(book_id, condition, state, edition_id, line_id) VALUES(1638, 2, 0, 50, 3);
INSERT INTO BOOK(book_id, condition, state, edition_id, line_id) VALUES(1639, 2, 0, 50, 201);
INSERT INTO BOOK(book_id, condition, state, edition_id, line_id) VALUES(1640, 0, 0, 50, 56);
INSERT INTO BOOK(book_id, condition, state, edition_id, line_id) VALUES(1641, 1, 0, 50, 20);
INSERT INTO BOOK(book_id, condition, state, edition_id, line_id) VALUES(1642, 2, 0, 50, 203);
INSERT INTO BOOK(book_id, condition, state, edition_id, line_id) VALUES(1643, 0, 0, 50, 277);
INSERT INTO BOOK(book_id, condition, state, edition_id, line_id) VALUES(1644, 0, 0, 50, 301);
INSERT INTO BOOK(book_id, condition, state, edition_id, line_id) VALUES(1645, 1, 0, 50, 168);
INSERT INTO BOOK(book_id, condition, state, edition_id, line_id) VALUES(1646, 1, 0, 50, 3);
INSERT INTO BOOK(book_id, condition, state, edition_id, line_id) VALUES(1647, 1, 0, 50, 300);
INSERT INTO BOOK(book_id, condition, state, edition_id, line_id) VALUES(1648, 0, 0, 50, 142);
INSERT INTO BOOK(book_id, condition, state, edition_id, line_id) VALUES(1649, 3, 0, 50, 280);
INSERT INTO BOOK(book_id, condition, state, edition_id, line_id) VALUES(1650, 2, 0, 50, 312);
INSERT INTO BOOK(book_id, condition, state, edition_id, line_id) VALUES(1651, 1, 0, 50, 283);
INSERT INTO BOOK(book_id, condition, state, edition_id, line_id) VALUES(1652, 1, 0, 50, 239);
INSERT INTO BOOK(book_id, condition, state, edition_id, line_id) VALUES(1653, 0, 0, 50, 152);
INSERT INTO BOOK(book_id, condition, state, edition_id, line_id) VALUES(1654, 1, 0, 50, 40);
INSERT INTO BOOK(book_id, condition, state, edition_id, line_id) VALUES(1655, 0, 0, 50, 295);
INSERT INTO BOOK(book_id, condition, state, edition_id, line_id) VALUES(1656, 2, 0, 50, 287);
INSERT INTO BOOK(book_id, condition, state, edition_id, line_id) VALUES(1657, 1, 0, 50, 14);
INSERT INTO BOOK(book_id, condition, state, edition_id, line_id) VALUES(1658, 1, 0, 50, 263);
INSERT INTO BOOK(book_id, condition, state, edition_id, line_id) VALUES(1659, 3, 0, 51, 77);
INSERT INTO BOOK(book_id, condition, state, edition_id, line_id) VALUES(1660, 1, 0, 51, 80);
INSERT INTO BOOK(book_id, condition, state, edition_id, line_id) VALUES(1661, 0, 0, 51, 246);
INSERT INTO BOOK(book_id, condition, state, edition_id, line_id) VALUES(1662, 1, 0, 51, 298);
INSERT INTO BOOK(book_id, condition, state, edition_id, line_id) VALUES(1663, 1, 0, 51, 201);
INSERT INTO BOOK(book_id, condition, state, edition_id, line_id) VALUES(1664, 1, 0, 51, 69);
INSERT INTO BOOK(book_id, condition, state, edition_id, line_id) VALUES(1665, 0, 0, 51, 240);
INSERT INTO BOOK(book_id, condition, state, edition_id, line_id) VALUES(1666, 0, 0, 51, 270);
INSERT INTO BOOK(book_id, condition, state, edition_id, line_id) VALUES(1667, 1, 0, 51, 316);
INSERT INTO BOOK(book_id, condition, state, edition_id, line_id) VALUES(1668, 3, 0, 51, 150);
INSERT INTO BOOK(book_id, condition, state, edition_id, line_id) VALUES(1669, 1, 0, 51, 44);
INSERT INTO BOOK(book_id, condition, state, edition_id, line_id) VALUES(1670, 2, 0, 51, 88);
INSERT INTO BOOK(book_id, condition, state, edition_id, line_id) VALUES(1671, 2, 0, 51, 31);
INSERT INTO BOOK(book_id, condition, state, edition_id, line_id) VALUES(1672, 1, 0, 51, 265);
INSERT INTO BOOK(book_id, condition, state, edition_id, line_id) VALUES(1673, 0, 0, 51, 148);
INSERT INTO BOOK(book_id, condition, state, edition_id, line_id) VALUES(1674, 1, 0, 51, 139);
INSERT INTO BOOK(book_id, condition, state, edition_id, line_id) VALUES(1675, 0, 0, 51, 175);
INSERT INTO BOOK(book_id, condition, state, edition_id, line_id) VALUES(1676, 1, 0, 51, 200);
INSERT INTO BOOK(book_id, condition, state, edition_id, line_id) VALUES(1677, 1, 0, 51, 98);
INSERT INTO BOOK(book_id, condition, state, edition_id, line_id) VALUES(1678, 3, 0, 51, 44);
INSERT INTO BOOK(book_id, condition, state, edition_id, line_id) VALUES(1679, 1, 0, 51, 273);
INSERT INTO BOOK(book_id, condition, state, edition_id, line_id) VALUES(1680, 1, 0, 51, 66);
INSERT INTO BOOK(book_id, condition, state, edition_id, line_id) VALUES(1681, 0, 0, 51, 94);
INSERT INTO BOOK(book_id, condition, state, edition_id, line_id) VALUES(1682, 1, 0, 51, 64);
INSERT INTO BOOK(book_id, condition, state, edition_id, line_id) VALUES(1683, 0, 0, 51, 242);
INSERT INTO BOOK(book_id, condition, state, edition_id, line_id) VALUES(1684, 2, 0, 51, 52);
INSERT INTO BOOK(book_id, condition, state, edition_id, line_id) VALUES(1685, 0, 0, 51, 93);
INSERT INTO BOOK(book_id, condition, state, edition_id, line_id) VALUES(1686, 1, 0, 51, 124);
INSERT INTO BOOK(book_id, condition, state, edition_id, line_id) VALUES(1687, 2, 0, 51, 161);
INSERT INTO BOOK(book_id, condition, state, edition_id, line_id) VALUES(1688, 3, 0, 51, 174);
INSERT INTO BOOK(book_id, condition, state, edition_id, line_id) VALUES(1689, 1, 0, 51, 236);
INSERT INTO BOOK(book_id, condition, state, edition_id, line_id) VALUES(1690, 2, 0, 51, 80);
INSERT INTO BOOK(book_id, condition, state, edition_id, line_id) VALUES(1691, 0, 0, 51, 25);
INSERT INTO BOOK(book_id, condition, state, edition_id, line_id) VALUES(1692, 0, 0, 51, 309);
INSERT INTO BOOK(book_id, condition, state, edition_id, line_id) VALUES(1693, 0, 0, 51, 142);
INSERT INTO BOOK(book_id, condition, state, edition_id, line_id) VALUES(1694, 2, 0, 51, 273);
INSERT INTO BOOK(book_id, condition, state, edition_id, line_id) VALUES(1695, 1, 0, 51, 10);
INSERT INTO BOOK(book_id, condition, state, edition_id, line_id) VALUES(1696, 0, 0, 51, 1);
INSERT INTO BOOK(book_id, condition, state, edition_id, line_id) VALUES(1697, 1, 0, 51, 55);
INSERT INTO BOOK(book_id, condition, state, edition_id, line_id) VALUES(1698, 1, 0, 51, 143);
INSERT INTO BOOK(book_id, condition, state, edition_id, line_id) VALUES(1699, 0, 0, 51, 15);
INSERT INTO BOOK(book_id, condition, state, edition_id, line_id) VALUES(1700, 0, 0, 51, 17);
INSERT INTO BOOK(book_id, condition, state, edition_id, line_id) VALUES(1701, 1, 0, 51, 59);
INSERT INTO BOOK(book_id, condition, state, edition_id, line_id) VALUES(1702, 0, 0, 52, 60);
INSERT INTO BOOK(book_id, condition, state, edition_id, line_id) VALUES(1703, 2, 0, 52, 255);
INSERT INTO BOOK(book_id, condition, state, edition_id, line_id) VALUES(1704, 1, 0, 52, 130);
INSERT INTO BOOK(book_id, condition, state, edition_id, line_id) VALUES(1705, 1, 0, 52, 235);
INSERT INTO BOOK(book_id, condition, state, edition_id, line_id) VALUES(1706, 3, 0, 52, 175);
INSERT INTO BOOK(book_id, condition, state, edition_id, line_id) VALUES(1707, 0, 0, 52, 191);
INSERT INTO BOOK(book_id, condition, state, edition_id, line_id) VALUES(1708, 0, 0, 52, 143);
INSERT INTO BOOK(book_id, condition, state, edition_id, line_id) VALUES(1709, 1, 0, 52, 184);
INSERT INTO BOOK(book_id, condition, state, edition_id, line_id) VALUES(1710, 1, 0, 53, 1);
INSERT INTO BOOK(book_id, condition, state, edition_id, line_id) VALUES(1711, 1, 0, 53, 57);
INSERT INTO BOOK(book_id, condition, state, edition_id, line_id) VALUES(1712, 1, 0, 53, 8);
INSERT INTO BOOK(book_id, condition, state, edition_id, line_id) VALUES(1713, 1, 0, 53, 225);
INSERT INTO BOOK(book_id, condition, state, edition_id, line_id) VALUES(1714, 1, 0, 53, 107);
INSERT INTO BOOK(book_id, condition, state, edition_id, line_id) VALUES(1715, 1, 0, 53, 103);
INSERT INTO BOOK(book_id, condition, state, edition_id, line_id) VALUES(1716, 0, 0, 53, 195);
INSERT INTO BOOK(book_id, condition, state, edition_id, line_id) VALUES(1717, 1, 0, 53, 49);
INSERT INTO BOOK(book_id, condition, state, edition_id, line_id) VALUES(1718, 3, 0, 53, 282);
INSERT INTO BOOK(book_id, condition, state, edition_id, line_id) VALUES(1719, 0, 0, 53, 275);
INSERT INTO BOOK(book_id, condition, state, edition_id, line_id) VALUES(1720, 0, 0, 53, 301);
INSERT INTO BOOK(book_id, condition, state, edition_id, line_id) VALUES(1721, 0, 0, 53, 141);
INSERT INTO BOOK(book_id, condition, state, edition_id, line_id) VALUES(1722, 0, 0, 53, 110);
INSERT INTO BOOK(book_id, condition, state, edition_id, line_id) VALUES(1723, 3, 0, 53, 40);
INSERT INTO BOOK(book_id, condition, state, edition_id, line_id) VALUES(1724, 1, 0, 53, 263);
INSERT INTO BOOK(book_id, condition, state, edition_id, line_id) VALUES(1725, 2, 0, 53, 288);
INSERT INTO BOOK(book_id, condition, state, edition_id, line_id) VALUES(1726, 1, 0, 53, 68);
INSERT INTO BOOK(book_id, condition, state, edition_id, line_id) VALUES(1727, 1, 0, 53, 314);
INSERT INTO BOOK(book_id, condition, state, edition_id, line_id) VALUES(1728, 1, 0, 53, 98);
INSERT INTO BOOK(book_id, condition, state, edition_id, line_id) VALUES(1729, 1, 0, 53, 204);
INSERT INTO BOOK(book_id, condition, state, edition_id, line_id) VALUES(1730, 2, 0, 53, 225);
INSERT INTO BOOK(book_id, condition, state, edition_id, line_id) VALUES(1731, 0, 0, 53, 192);
INSERT INTO BOOK(book_id, condition, state, edition_id, line_id) VALUES(1732, 3, 0, 53, 39);
INSERT INTO BOOK(book_id, condition, state, edition_id, line_id) VALUES(1733, 1, 0, 53, 6);
INSERT INTO BOOK(book_id, condition, state, edition_id, line_id) VALUES(1734, 1, 0, 54, 261);
INSERT INTO BOOK(book_id, condition, state, edition_id, line_id) VALUES(1735, 0, 0, 54, 48);
INSERT INTO BOOK(book_id, condition, state, edition_id, line_id) VALUES(1736, 1, 0, 54, 209);
INSERT INTO BOOK(book_id, condition, state, edition_id, line_id) VALUES(1737, 3, 0, 54, 328);
INSERT INTO BOOK(book_id, condition, state, edition_id, line_id) VALUES(1738, 2, 0, 54, 37);
INSERT INTO BOOK(book_id, condition, state, edition_id, line_id) VALUES(1739, 2, 0, 54, 55);
INSERT INTO BOOK(book_id, condition, state, edition_id, line_id) VALUES(1740, 2, 0, 54, 242);
INSERT INTO BOOK(book_id, condition, state, edition_id, line_id) VALUES(1741, 1, 0, 54, 254);
INSERT INTO BOOK(book_id, condition, state, edition_id, line_id) VALUES(1742, 1, 0, 54, 227);
INSERT INTO BOOK(book_id, condition, state, edition_id, line_id) VALUES(1743, 0, 0, 54, 202);
INSERT INTO BOOK(book_id, condition, state, edition_id, line_id) VALUES(1744, 1, 0, 54, 97);
INSERT INTO BOOK(book_id, condition, state, edition_id, line_id) VALUES(1745, 1, 0, 54, 14);
INSERT INTO BOOK(book_id, condition, state, edition_id, line_id) VALUES(1746, 1, 0, 54, 187);
INSERT INTO BOOK(book_id, condition, state, edition_id, line_id) VALUES(1747, 1, 0, 54, 100);
INSERT INTO BOOK(book_id, condition, state, edition_id, line_id) VALUES(1748, 1, 0, 54, 142);
INSERT INTO BOOK(book_id, condition, state, edition_id, line_id) VALUES(1749, 2, 0, 54, 46);
INSERT INTO BOOK(book_id, condition, state, edition_id, line_id) VALUES(1750, 0, 0, 54, 34);
INSERT INTO BOOK(book_id, condition, state, edition_id, line_id) VALUES(1751, 1, 0, 54, 111);
INSERT INTO BOOK(book_id, condition, state, edition_id, line_id) VALUES(1752, 2, 0, 54, 247);
INSERT INTO BOOK(book_id, condition, state, edition_id, line_id) VALUES(1753, 1, 0, 54, 38);
INSERT INTO BOOK(book_id, condition, state, edition_id, line_id) VALUES(1754, 0, 0, 54, 246);
INSERT INTO BOOK(book_id, condition, state, edition_id, line_id) VALUES(1755, 1, 0, 54, 281);
INSERT INTO BOOK(book_id, condition, state, edition_id, line_id) VALUES(1756, 1, 0, 54, 319);
INSERT INTO BOOK(book_id, condition, state, edition_id, line_id) VALUES(1757, 1, 0, 54, 171);
INSERT INTO BOOK(book_id, condition, state, edition_id, line_id) VALUES(1758, 2, 0, 54, 312);
INSERT INTO BOOK(book_id, condition, state, edition_id, line_id) VALUES(1759, 1, 0, 54, 10);
INSERT INTO BOOK(book_id, condition, state, edition_id, line_id) VALUES(1760, 1, 0, 54, 183);
INSERT INTO BOOK(book_id, condition, state, edition_id, line_id) VALUES(1761, 0, 0, 54, 265);
INSERT INTO BOOK(book_id, condition, state, edition_id, line_id) VALUES(1762, 2, 0, 54, 27);
INSERT INTO BOOK(book_id, condition, state, edition_id, line_id) VALUES(1763, 0, 0, 54, 225);
INSERT INTO BOOK(book_id, condition, state, edition_id, line_id) VALUES(1764, 3, 0, 54, 139);
INSERT INTO BOOK(book_id, condition, state, edition_id, line_id) VALUES(1765, 1, 0, 54, 133);
INSERT INTO BOOK(book_id, condition, state, edition_id, line_id) VALUES(1766, 1, 0, 54, 98);
INSERT INTO BOOK(book_id, condition, state, edition_id, line_id) VALUES(1767, 0, 0, 54, 132);
INSERT INTO BOOK(book_id, condition, state, edition_id, line_id) VALUES(1768, 3, 0, 54, 292);
INSERT INTO BOOK(book_id, condition, state, edition_id, line_id) VALUES(1769, 1, 0, 54, 231);
INSERT INTO BOOK(book_id, condition, state, edition_id, line_id) VALUES(1770, 1, 0, 54, 128);
INSERT INTO BOOK(book_id, condition, state, edition_id, line_id) VALUES(1771, 0, 0, 55, 310);
INSERT INTO BOOK(book_id, condition, state, edition_id, line_id) VALUES(1772, 1, 0, 55, 311);
INSERT INTO BOOK(book_id, condition, state, edition_id, line_id) VALUES(1773, 3, 0, 55, 52);
INSERT INTO BOOK(book_id, condition, state, edition_id, line_id) VALUES(1774, 1, 0, 55, 251);
INSERT INTO BOOK(book_id, condition, state, edition_id, line_id) VALUES(1775, 3, 0, 55, 231);
INSERT INTO BOOK(book_id, condition, state, edition_id, line_id) VALUES(1776, 0, 0, 55, 43);
INSERT INTO BOOK(book_id, condition, state, edition_id, line_id) VALUES(1777, 2, 0, 55, 57);
INSERT INTO BOOK(book_id, condition, state, edition_id, line_id) VALUES(1778, 0, 0, 55, 5);
INSERT INTO BOOK(book_id, condition, state, edition_id, line_id) VALUES(1779, 1, 0, 55, 99);
INSERT INTO BOOK(book_id, condition, state, edition_id, line_id) VALUES(1780, 1, 0, 55, 254);
INSERT INTO BOOK(book_id, condition, state, edition_id, line_id) VALUES(1781, 0, 0, 55, 131);
INSERT INTO BOOK(book_id, condition, state, edition_id, line_id) VALUES(1782, 2, 0, 55, 224);
INSERT INTO BOOK(book_id, condition, state, edition_id, line_id) VALUES(1783, 1, 0, 55, 128);
INSERT INTO BOOK(book_id, condition, state, edition_id, line_id) VALUES(1784, 1, 0, 55, 113);
INSERT INTO BOOK(book_id, condition, state, edition_id, line_id) VALUES(1785, 3, 0, 55, 99);
INSERT INTO BOOK(book_id, condition, state, edition_id, line_id) VALUES(1786, 1, 0, 55, 53);
INSERT INTO BOOK(book_id, condition, state, edition_id, line_id) VALUES(1787, 3, 0, 55, 265);
INSERT INTO BOOK(book_id, condition, state, edition_id, line_id) VALUES(1788, 1, 0, 55, 25);
INSERT INTO BOOK(book_id, condition, state, edition_id, line_id) VALUES(1789, 1, 0, 55, 68);
INSERT INTO BOOK(book_id, condition, state, edition_id, line_id) VALUES(1790, 1, 0, 55, 325);
INSERT INTO BOOK(book_id, condition, state, edition_id, line_id) VALUES(1791, 0, 0, 55, 253);
INSERT INTO BOOK(book_id, condition, state, edition_id, line_id) VALUES(1792, 0, 0, 55, 229);
INSERT INTO BOOK(book_id, condition, state, edition_id, line_id) VALUES(1793, 0, 0, 55, 167);
INSERT INTO BOOK(book_id, condition, state, edition_id, line_id) VALUES(1794, 2, 0, 55, 273);
INSERT INTO BOOK(book_id, condition, state, edition_id, line_id) VALUES(1795, 0, 0, 55, 81);
INSERT INTO BOOK(book_id, condition, state, edition_id, line_id) VALUES(1796, 3, 0, 55, 183);
INSERT INTO BOOK(book_id, condition, state, edition_id, line_id) VALUES(1797, 0, 0, 55, 273);
INSERT INTO BOOK(book_id, condition, state, edition_id, line_id) VALUES(1798, 0, 0, 55, 138);
INSERT INTO BOOK(book_id, condition, state, edition_id, line_id) VALUES(1799, 1, 0, 55, 274);
INSERT INTO BOOK(book_id, condition, state, edition_id, line_id) VALUES(1800, 1, 0, 55, 48);
INSERT INTO BOOK(book_id, condition, state, edition_id, line_id) VALUES(1801, 3, 0, 55, 103);
INSERT INTO BOOK(book_id, condition, state, edition_id, line_id) VALUES(1802, 0, 0, 55, 249);
INSERT INTO BOOK(book_id, condition, state, edition_id, line_id) VALUES(1803, 0, 0, 55, 317);
INSERT INTO BOOK(book_id, condition, state, edition_id, line_id) VALUES(1804, 1, 0, 55, 9);
INSERT INTO BOOK(book_id, condition, state, edition_id, line_id) VALUES(1805, 2, 0, 55, 102);
INSERT INTO BOOK(book_id, condition, state, edition_id, line_id) VALUES(1806, 1, 0, 55, 309);
INSERT INTO BOOK(book_id, condition, state, edition_id, line_id) VALUES(1807, 1, 0, 55, 32);
INSERT INTO BOOK(book_id, condition, state, edition_id, line_id) VALUES(1808, 0, 0, 55, 146);
INSERT INTO BOOK(book_id, condition, state, edition_id, line_id) VALUES(1809, 0, 0, 55, 224);
INSERT INTO BOOK(book_id, condition, state, edition_id, line_id) VALUES(1810, 1, 0, 55, 126);
INSERT INTO BOOK(book_id, condition, state, edition_id, line_id) VALUES(1811, 2, 0, 55, 158);
INSERT INTO BOOK(book_id, condition, state, edition_id, line_id) VALUES(1812, 1, 0, 56, 227);
INSERT INTO BOOK(book_id, condition, state, edition_id, line_id) VALUES(1813, 3, 0, 56, 94);
INSERT INTO BOOK(book_id, condition, state, edition_id, line_id) VALUES(1814, 1, 0, 56, 297);
INSERT INTO BOOK(book_id, condition, state, edition_id, line_id) VALUES(1815, 1, 0, 56, 231);
INSERT INTO BOOK(book_id, condition, state, edition_id, line_id) VALUES(1816, 0, 0, 56, 27);
INSERT INTO BOOK(book_id, condition, state, edition_id, line_id) VALUES(1817, 0, 0, 56, 104);
INSERT INTO BOOK(book_id, condition, state, edition_id, line_id) VALUES(1818, 1, 0, 56, 284);
INSERT INTO BOOK(book_id, condition, state, edition_id, line_id) VALUES(1819, 0, 0, 56, 4);
INSERT INTO BOOK(book_id, condition, state, edition_id, line_id) VALUES(1820, 0, 0, 56, 230);
INSERT INTO BOOK(book_id, condition, state, edition_id, line_id) VALUES(1821, 2, 0, 56, 77);
INSERT INTO BOOK(book_id, condition, state, edition_id, line_id) VALUES(1822, 1, 0, 56, 326);
INSERT INTO BOOK(book_id, condition, state, edition_id, line_id) VALUES(1823, 1, 0, 56, 110);
INSERT INTO BOOK(book_id, condition, state, edition_id, line_id) VALUES(1824, 1, 0, 56, 92);
INSERT INTO BOOK(book_id, condition, state, edition_id, line_id) VALUES(1825, 0, 0, 56, 322);
INSERT INTO BOOK(book_id, condition, state, edition_id, line_id) VALUES(1826, 0, 0, 56, 313);
INSERT INTO BOOK(book_id, condition, state, edition_id, line_id) VALUES(1827, 1, 0, 56, 283);
INSERT INTO BOOK(book_id, condition, state, edition_id, line_id) VALUES(1828, 2, 0, 56, 266);
INSERT INTO BOOK(book_id, condition, state, edition_id, line_id) VALUES(1829, 1, 0, 56, 249);
INSERT INTO BOOK(book_id, condition, state, edition_id, line_id) VALUES(1830, 0, 0, 56, 274);
INSERT INTO BOOK(book_id, condition, state, edition_id, line_id) VALUES(1831, 2, 0, 56, 208);
INSERT INTO BOOK(book_id, condition, state, edition_id, line_id) VALUES(1832, 2, 0, 56, 50);
INSERT INTO BOOK(book_id, condition, state, edition_id, line_id) VALUES(1833, 3, 0, 56, 35);
INSERT INTO BOOK(book_id, condition, state, edition_id, line_id) VALUES(1834, 1, 0, 56, 114);
INSERT INTO BOOK(book_id, condition, state, edition_id, line_id) VALUES(1835, 2, 0, 56, 19);
INSERT INTO BOOK(book_id, condition, state, edition_id, line_id) VALUES(1836, 1, 0, 56, 99);
INSERT INTO BOOK(book_id, condition, state, edition_id, line_id) VALUES(1837, 1, 0, 56, 173);
INSERT INTO BOOK(book_id, condition, state, edition_id, line_id) VALUES(1838, 2, 0, 56, 329);
INSERT INTO BOOK(book_id, condition, state, edition_id, line_id) VALUES(1839, 1, 0, 56, 44);
INSERT INTO BOOK(book_id, condition, state, edition_id, line_id) VALUES(1840, 1, 0, 56, 199);
INSERT INTO BOOK(book_id, condition, state, edition_id, line_id) VALUES(1841, 3, 0, 56, 101);
INSERT INTO BOOK(book_id, condition, state, edition_id, line_id) VALUES(1842, 0, 0, 56, 69);
INSERT INTO BOOK(book_id, condition, state, edition_id, line_id) VALUES(1843, 0, 0, 56, 7);
INSERT INTO BOOK(book_id, condition, state, edition_id, line_id) VALUES(1844, 0, 0, 57, 78);
INSERT INTO BOOK(book_id, condition, state, edition_id, line_id) VALUES(1845, 3, 0, 57, 310);
INSERT INTO BOOK(book_id, condition, state, edition_id, line_id) VALUES(1846, 2, 0, 57, 154);
INSERT INTO BOOK(book_id, condition, state, edition_id, line_id) VALUES(1847, 2, 0, 57, 66);
INSERT INTO BOOK(book_id, condition, state, edition_id, line_id) VALUES(1848, 3, 0, 57, 310);
INSERT INTO BOOK(book_id, condition, state, edition_id, line_id) VALUES(1849, 1, 0, 57, 305);
INSERT INTO BOOK(book_id, condition, state, edition_id, line_id) VALUES(1850, 1, 0, 57, 79);
INSERT INTO BOOK(book_id, condition, state, edition_id, line_id) VALUES(1851, 0, 0, 57, 126);
INSERT INTO BOOK(book_id, condition, state, edition_id, line_id) VALUES(1852, 0, 0, 57, 167);
INSERT INTO BOOK(book_id, condition, state, edition_id, line_id) VALUES(1853, 0, 0, 57, 239);
INSERT INTO BOOK(book_id, condition, state, edition_id, line_id) VALUES(1854, 1, 0, 57, 188);
INSERT INTO BOOK(book_id, condition, state, edition_id, line_id) VALUES(1855, 2, 0, 57, 11);
INSERT INTO BOOK(book_id, condition, state, edition_id, line_id) VALUES(1856, 3, 0, 57, 133);
INSERT INTO BOOK(book_id, condition, state, edition_id, line_id) VALUES(1857, 0, 0, 57, 282);
INSERT INTO BOOK(book_id, condition, state, edition_id, line_id) VALUES(1858, 2, 0, 57, 283);
INSERT INTO BOOK(book_id, condition, state, edition_id, line_id) VALUES(1859, 1, 0, 57, 263);
INSERT INTO BOOK(book_id, condition, state, edition_id, line_id) VALUES(1860, 1, 0, 57, 280);
INSERT INTO BOOK(book_id, condition, state, edition_id, line_id) VALUES(1861, 2, 0, 57, 188);
INSERT INTO BOOK(book_id, condition, state, edition_id, line_id) VALUES(1862, 2, 0, 57, 137);
INSERT INTO BOOK(book_id, condition, state, edition_id, line_id) VALUES(1863, 2, 0, 57, 186);
INSERT INTO BOOK(book_id, condition, state, edition_id, line_id) VALUES(1864, 0, 0, 57, 45);
INSERT INTO BOOK(book_id, condition, state, edition_id, line_id) VALUES(1865, 1, 0, 57, 113);
INSERT INTO BOOK(book_id, condition, state, edition_id, line_id) VALUES(1866, 3, 0, 57, 64);
INSERT INTO BOOK(book_id, condition, state, edition_id, line_id) VALUES(1867, 2, 0, 57, 4);
INSERT INTO BOOK(book_id, condition, state, edition_id, line_id) VALUES(1868, 2, 0, 57, 125);
INSERT INTO BOOK(book_id, condition, state, edition_id, line_id) VALUES(1869, 1, 0, 57, 101);
INSERT INTO BOOK(book_id, condition, state, edition_id, line_id) VALUES(1870, 0, 0, 58, 253);
INSERT INTO BOOK(book_id, condition, state, edition_id, line_id) VALUES(1871, 3, 0, 58, 55);
INSERT INTO BOOK(book_id, condition, state, edition_id, line_id) VALUES(1872, 3, 0, 58, 222);
INSERT INTO BOOK(book_id, condition, state, edition_id, line_id) VALUES(1873, 0, 0, 58, 8);
INSERT INTO BOOK(book_id, condition, state, edition_id, line_id) VALUES(1874, 2, 0, 58, 261);
INSERT INTO BOOK(book_id, condition, state, edition_id, line_id) VALUES(1875, 0, 0, 58, 238);
INSERT INTO BOOK(book_id, condition, state, edition_id, line_id) VALUES(1876, 1, 0, 58, 218);
INSERT INTO BOOK(book_id, condition, state, edition_id, line_id) VALUES(1877, 1, 0, 58, 71);
INSERT INTO BOOK(book_id, condition, state, edition_id, line_id) VALUES(1878, 1, 0, 58, 240);
INSERT INTO BOOK(book_id, condition, state, edition_id, line_id) VALUES(1879, 2, 0, 58, 56);
INSERT INTO BOOK(book_id, condition, state, edition_id, line_id) VALUES(1880, 0, 0, 58, 234);
INSERT INTO BOOK(book_id, condition, state, edition_id, line_id) VALUES(1881, 0, 0, 58, 227);
INSERT INTO BOOK(book_id, condition, state, edition_id, line_id) VALUES(1882, 1, 0, 58, 13);
INSERT INTO BOOK(book_id, condition, state, edition_id, line_id) VALUES(1883, 1, 0, 58, 184);
INSERT INTO BOOK(book_id, condition, state, edition_id, line_id) VALUES(1884, 0, 0, 58, 180);
INSERT INTO BOOK(book_id, condition, state, edition_id, line_id) VALUES(1885, 2, 0, 58, 248);
INSERT INTO BOOK(book_id, condition, state, edition_id, line_id) VALUES(1886, 0, 0, 58, 42);
INSERT INTO BOOK(book_id, condition, state, edition_id, line_id) VALUES(1887, 1, 0, 58, 35);
INSERT INTO BOOK(book_id, condition, state, edition_id, line_id) VALUES(1888, 0, 0, 58, 99);
INSERT INTO BOOK(book_id, condition, state, edition_id, line_id) VALUES(1889, 0, 0, 58, 251);
INSERT INTO BOOK(book_id, condition, state, edition_id, line_id) VALUES(1890, 0, 0, 58, 255);
INSERT INTO BOOK(book_id, condition, state, edition_id, line_id) VALUES(1891, 0, 0, 58, 92);
INSERT INTO BOOK(book_id, condition, state, edition_id, line_id) VALUES(1892, 2, 0, 58, 14);
INSERT INTO BOOK(book_id, condition, state, edition_id, line_id) VALUES(1893, 1, 0, 58, 87);
INSERT INTO BOOK(book_id, condition, state, edition_id, line_id) VALUES(1894, 0, 0, 58, 147);
INSERT INTO BOOK(book_id, condition, state, edition_id, line_id) VALUES(1895, 0, 0, 58, 126);
INSERT INTO BOOK(book_id, condition, state, edition_id, line_id) VALUES(1896, 1, 0, 58, 105);
INSERT INTO BOOK(book_id, condition, state, edition_id, line_id) VALUES(1897, 0, 0, 58, 242);
INSERT INTO BOOK(book_id, condition, state, edition_id, line_id) VALUES(1898, 2, 0, 58, 92);
INSERT INTO BOOK(book_id, condition, state, edition_id, line_id) VALUES(1899, 0, 0, 58, 189);
INSERT INTO BOOK(book_id, condition, state, edition_id, line_id) VALUES(1900, 0, 0, 58, 61);
INSERT INTO BOOK(book_id, condition, state, edition_id, line_id) VALUES(1901, 1, 0, 58, 63);
INSERT INTO BOOK(book_id, condition, state, edition_id, line_id) VALUES(1902, 1, 0, 58, 262);
INSERT INTO BOOK(book_id, condition, state, edition_id, line_id) VALUES(1903, 0, 0, 58, 311);
INSERT INTO BOOK(book_id, condition, state, edition_id, line_id) VALUES(1904, 1, 0, 58, 147);
INSERT INTO BOOK(book_id, condition, state, edition_id, line_id) VALUES(1905, 2, 0, 58, 257);
INSERT INTO BOOK(book_id, condition, state, edition_id, line_id) VALUES(1906, 2, 0, 58, 157);
INSERT INTO BOOK(book_id, condition, state, edition_id, line_id) VALUES(1907, 0, 0, 58, 8);
INSERT INTO BOOK(book_id, condition, state, edition_id, line_id) VALUES(1908, 1, 0, 58, 73);
INSERT INTO BOOK(book_id, condition, state, edition_id, line_id) VALUES(1909, 2, 0, 58, 279);
INSERT INTO BOOK(book_id, condition, state, edition_id, line_id) VALUES(1910, 3, 0, 58, 163);
INSERT INTO BOOK(book_id, condition, state, edition_id, line_id) VALUES(1911, 1, 0, 58, 305);
INSERT INTO BOOK(book_id, condition, state, edition_id, line_id) VALUES(1912, 0, 0, 59, 146);
INSERT INTO BOOK(book_id, condition, state, edition_id, line_id) VALUES(1913, 0, 0, 59, 162);
INSERT INTO BOOK(book_id, condition, state, edition_id, line_id) VALUES(1914, 0, 0, 59, 46);
INSERT INTO BOOK(book_id, condition, state, edition_id, line_id) VALUES(1915, 0, 0, 59, 167);
INSERT INTO BOOK(book_id, condition, state, edition_id, line_id) VALUES(1916, 1, 0, 59, 249);
INSERT INTO BOOK(book_id, condition, state, edition_id, line_id) VALUES(1917, 0, 0, 59, 133);
INSERT INTO BOOK(book_id, condition, state, edition_id, line_id) VALUES(1918, 1, 0, 59, 159);
INSERT INTO BOOK(book_id, condition, state, edition_id, line_id) VALUES(1919, 1, 0, 59, 56);
INSERT INTO BOOK(book_id, condition, state, edition_id, line_id) VALUES(1920, 1, 0, 59, 307);
INSERT INTO BOOK(book_id, condition, state, edition_id, line_id) VALUES(1921, 1, 0, 59, 95);
INSERT INTO BOOK(book_id, condition, state, edition_id, line_id) VALUES(1922, 1, 0, 59, 206);
INSERT INTO BOOK(book_id, condition, state, edition_id, line_id) VALUES(1923, 0, 0, 59, 315);
INSERT INTO BOOK(book_id, condition, state, edition_id, line_id) VALUES(1924, 0, 0, 59, 45);
INSERT INTO BOOK(book_id, condition, state, edition_id, line_id) VALUES(1925, 0, 0, 59, 227);
INSERT INTO BOOK(book_id, condition, state, edition_id, line_id) VALUES(1926, 2, 0, 59, 254);
INSERT INTO BOOK(book_id, condition, state, edition_id, line_id) VALUES(1927, 0, 0, 59, 230);
INSERT INTO BOOK(book_id, condition, state, edition_id, line_id) VALUES(1928, 0, 0, 59, 83);
INSERT INTO BOOK(book_id, condition, state, edition_id, line_id) VALUES(1929, 0, 0, 59, 128);
INSERT INTO BOOK(book_id, condition, state, edition_id, line_id) VALUES(1930, 0, 0, 59, 125);
INSERT INTO BOOK(book_id, condition, state, edition_id, line_id) VALUES(1931, 3, 0, 59, 195);
INSERT INTO BOOK(book_id, condition, state, edition_id, line_id) VALUES(1932, 3, 0, 59, 282);
INSERT INTO BOOK(book_id, condition, state, edition_id, line_id) VALUES(1933, 3, 0, 59, 49);
INSERT INTO BOOK(book_id, condition, state, edition_id, line_id) VALUES(1934, 0, 0, 59, 169);
INSERT INTO BOOK(book_id, condition, state, edition_id, line_id) VALUES(1935, 1, 0, 60, 138);
INSERT INTO BOOK(book_id, condition, state, edition_id, line_id) VALUES(1936, 0, 0, 60, 125);
INSERT INTO BOOK(book_id, condition, state, edition_id, line_id) VALUES(1937, 1, 0, 60, 110);
INSERT INTO BOOK(book_id, condition, state, edition_id, line_id) VALUES(1938, 1, 0, 60, 287);
INSERT INTO BOOK(book_id, condition, state, edition_id, line_id) VALUES(1939, 2, 0, 60, 276);
INSERT INTO BOOK(book_id, condition, state, edition_id, line_id) VALUES(1940, 1, 0, 60, 11);
INSERT INTO BOOK(book_id, condition, state, edition_id, line_id) VALUES(1941, 2, 0, 60, 202);
INSERT INTO BOOK(book_id, condition, state, edition_id, line_id) VALUES(1942, 2, 0, 60, 315);
INSERT INTO BOOK(book_id, condition, state, edition_id, line_id) VALUES(1943, 0, 0, 60, 328);
INSERT INTO BOOK(book_id, condition, state, edition_id, line_id) VALUES(1944, 1, 0, 60, 207);
INSERT INTO BOOK(book_id, condition, state, edition_id, line_id) VALUES(1945, 2, 0, 60, 109);
INSERT INTO BOOK(book_id, condition, state, edition_id, line_id) VALUES(1946, 0, 0, 60, 119);
INSERT INTO BOOK(book_id, condition, state, edition_id, line_id) VALUES(1947, 0, 0, 60, 235);
INSERT INTO BOOK(book_id, condition, state, edition_id, line_id) VALUES(1948, 1, 0, 60, 272);
INSERT INTO BOOK(book_id, condition, state, edition_id, line_id) VALUES(1949, 1, 0, 60, 67);
INSERT INTO BOOK(book_id, condition, state, edition_id, line_id) VALUES(1950, 3, 0, 60, 105);
INSERT INTO BOOK(book_id, condition, state, edition_id, line_id) VALUES(1951, 0, 0, 60, 236);
INSERT INTO BOOK(book_id, condition, state, edition_id, line_id) VALUES(1952, 2, 0, 60, 269);
INSERT INTO BOOK(book_id, condition, state, edition_id, line_id) VALUES(1953, 2, 0, 60, 163);
INSERT INTO BOOK(book_id, condition, state, edition_id, line_id) VALUES(1954, 2, 0, 60, 236);
INSERT INTO BOOK(book_id, condition, state, edition_id, line_id) VALUES(1955, 1, 0, 60, 256);
INSERT INTO BOOK(book_id, condition, state, edition_id, line_id) VALUES(1956, 2, 0, 60, 168);
INSERT INTO BOOK(book_id, condition, state, edition_id, line_id) VALUES(1957, 1, 0, 60, 115);
INSERT INTO BOOK(book_id, condition, state, edition_id, line_id) VALUES(1958, 0, 0, 60, 328);
INSERT INTO BOOK(book_id, condition, state, edition_id, line_id) VALUES(1959, 0, 0, 60, 78);
INSERT INTO BOOK(book_id, condition, state, edition_id, line_id) VALUES(1960, 1, 0, 60, 243);
INSERT INTO BOOK(book_id, condition, state, edition_id, line_id) VALUES(1961, 1, 0, 60, 328);
INSERT INTO BOOK(book_id, condition, state, edition_id, line_id) VALUES(1962, 1, 0, 60, 311);
INSERT INTO BOOK(book_id, condition, state, edition_id, line_id) VALUES(1963, 0, 0, 60, 294);
INSERT INTO BOOK(book_id, condition, state, edition_id, line_id) VALUES(1964, 0, 0, 60, 130);
INSERT INTO BOOK(book_id, condition, state, edition_id, line_id) VALUES(1965, 1, 0, 60, 104);
INSERT INTO BOOK(book_id, condition, state, edition_id, line_id) VALUES(1966, 2, 0, 60, 66);
INSERT INTO BOOK(book_id, condition, state, edition_id, line_id) VALUES(1967, 1, 0, 60, 41);
INSERT INTO BOOK(book_id, condition, state, edition_id, line_id) VALUES(1968, 1, 0, 60, 168);
INSERT INTO BOOK(book_id, condition, state, edition_id, line_id) VALUES(1969, 0, 0, 60, 184);
INSERT INTO BOOK(book_id, condition, state, edition_id, line_id) VALUES(1970, 2, 0, 60, 224);
INSERT INTO BOOK(book_id, condition, state, edition_id, line_id) VALUES(1971, 0, 0, 60, 273);
INSERT INTO BOOK(book_id, condition, state, edition_id, line_id) VALUES(1972, 0, 0, 60, 252);
INSERT INTO BOOK(book_id, condition, state, edition_id, line_id) VALUES(1973, 3, 0, 60, 91);
INSERT INTO BOOK(book_id, condition, state, edition_id, line_id) VALUES(1974, 2, 0, 60, 286);
INSERT INTO BOOK(book_id, condition, state, edition_id, line_id) VALUES(1975, 1, 0, 60, 235);
INSERT INTO BOOK(book_id, condition, state, edition_id, line_id) VALUES(1976, 1, 0, 60, 312);
INSERT INTO BOOK(book_id, condition, state, edition_id, line_id) VALUES(1977, 0, 0, 60, 322);
INSERT INTO BOOK(book_id, condition, state, edition_id, line_id) VALUES(1978, 0, 0, 60, 109);
INSERT INTO BOOK(book_id, condition, state, edition_id, line_id) VALUES(1979, 0, 0, 60, 314);
INSERT INTO BOOK(book_id, condition, state, edition_id, line_id) VALUES(1980, 1, 0, 60, 306);
INSERT INTO BOOK(book_id, condition, state, edition_id, line_id) VALUES(1981, 0, 0, 61, 217);
INSERT INTO BOOK(book_id, condition, state, edition_id, line_id) VALUES(1982, 1, 0, 61, 306);
INSERT INTO BOOK(book_id, condition, state, edition_id, line_id) VALUES(1983, 0, 0, 61, 101);
INSERT INTO BOOK(book_id, condition, state, edition_id, line_id) VALUES(1984, 0, 0, 61, 317);
INSERT INTO BOOK(book_id, condition, state, edition_id, line_id) VALUES(1985, 3, 0, 61, 258);
INSERT INTO BOOK(book_id, condition, state, edition_id, line_id) VALUES(1986, 1, 0, 61, 173);
INSERT INTO BOOK(book_id, condition, state, edition_id, line_id) VALUES(1987, 1, 0, 61, 293);
INSERT INTO BOOK(book_id, condition, state, edition_id, line_id) VALUES(1988, 1, 0, 61, 10);
INSERT INTO BOOK(book_id, condition, state, edition_id, line_id) VALUES(1989, 1, 0, 61, 195);
INSERT INTO BOOK(book_id, condition, state, edition_id, line_id) VALUES(1990, 1, 0, 61, 122);
INSERT INTO BOOK(book_id, condition, state, edition_id, line_id) VALUES(1991, 0, 0, 61, 55);
INSERT INTO BOOK(book_id, condition, state, edition_id, line_id) VALUES(1992, 3, 0, 61, 155);
INSERT INTO BOOK(book_id, condition, state, edition_id, line_id) VALUES(1993, 2, 0, 61, 130);
INSERT INTO BOOK(book_id, condition, state, edition_id, line_id) VALUES(1994, 1, 0, 61, 109);
INSERT INTO BOOK(book_id, condition, state, edition_id, line_id) VALUES(1995, 2, 0, 61, 105);
INSERT INTO BOOK(book_id, condition, state, edition_id, line_id) VALUES(1996, 3, 0, 61, 190);
INSERT INTO BOOK(book_id, condition, state, edition_id, line_id) VALUES(1997, 2, 0, 61, 20);
INSERT INTO BOOK(book_id, condition, state, edition_id, line_id) VALUES(1998, 0, 0, 61, 257);
INSERT INTO BOOK(book_id, condition, state, edition_id, line_id) VALUES(1999, 3, 0, 61, 202);
INSERT INTO BOOK(book_id, condition, state, edition_id, line_id) VALUES(2000, 0, 0, 61, 43);
INSERT INTO BOOK(book_id, condition, state, edition_id, line_id) VALUES(2001, 3, 0, 61, 136);
INSERT INTO BOOK(book_id, condition, state, edition_id, line_id) VALUES(2002, 1, 0, 61, 114);
INSERT INTO BOOK(book_id, condition, state, edition_id, line_id) VALUES(2003, 0, 0, 61, 309);
INSERT INTO BOOK(book_id, condition, state, edition_id, line_id) VALUES(2004, 1, 0, 61, 45);
INSERT INTO BOOK(book_id, condition, state, edition_id, line_id) VALUES(2005, 3, 0, 61, 324);
INSERT INTO BOOK(book_id, condition, state, edition_id, line_id) VALUES(2006, 1, 0, 61, 150);
INSERT INTO BOOK(book_id, condition, state, edition_id, line_id) VALUES(2007, 2, 0, 61, 128);
INSERT INTO BOOK(book_id, condition, state, edition_id, line_id) VALUES(2008, 0, 0, 61, 167);
INSERT INTO BOOK(book_id, condition, state, edition_id, line_id) VALUES(2009, 2, 0, 61, 265);
INSERT INTO BOOK(book_id, condition, state, edition_id, line_id) VALUES(2010, 2, 0, 61, 10);
INSERT INTO BOOK(book_id, condition, state, edition_id, line_id) VALUES(2011, 1, 0, 61, 265);
INSERT INTO BOOK(book_id, condition, state, edition_id, line_id) VALUES(2012, 2, 0, 61, 24);
INSERT INTO BOOK(book_id, condition, state, edition_id, line_id) VALUES(2013, 1, 0, 61, 195);
INSERT INTO BOOK(book_id, condition, state, edition_id, line_id) VALUES(2014, 0, 0, 61, 274);
INSERT INTO BOOK(book_id, condition, state, edition_id, line_id) VALUES(2015, 1, 0, 61, 73);
INSERT INTO BOOK(book_id, condition, state, edition_id, line_id) VALUES(2016, 1, 0, 61, 215);
INSERT INTO BOOK(book_id, condition, state, edition_id, line_id) VALUES(2017, 2, 0, 61, 82);
INSERT INTO BOOK(book_id, condition, state, edition_id, line_id) VALUES(2018, 0, 0, 61, 324);
INSERT INTO BOOK(book_id, condition, state, edition_id, line_id) VALUES(2019, 1, 0, 61, 91);
INSERT INTO BOOK(book_id, condition, state, edition_id, line_id) VALUES(2020, 3, 0, 61, 163);
INSERT INTO BOOK(book_id, condition, state, edition_id, line_id) VALUES(2021, 1, 0, 61, 23);
INSERT INTO BOOK(book_id, condition, state, edition_id, line_id) VALUES(2022, 3, 0, 61, 228);
INSERT INTO BOOK(book_id, condition, state, edition_id, line_id) VALUES(2023, 0, 0, 61, 197);
INSERT INTO BOOK(book_id, condition, state, edition_id, line_id) VALUES(2024, 0, 0, 61, 29);
INSERT INTO BOOK(book_id, condition, state, edition_id, line_id) VALUES(2025, 0, 0, 61, 107);
INSERT INTO BOOK(book_id, condition, state, edition_id, line_id) VALUES(2026, 0, 0, 61, 135);
INSERT INTO BOOK(book_id, condition, state, edition_id, line_id) VALUES(2027, 0, 0, 61, 320);
INSERT INTO BOOK(book_id, condition, state, edition_id, line_id) VALUES(2028, 2, 0, 61, 258);
INSERT INTO BOOK(book_id, condition, state, edition_id, line_id) VALUES(2029, 1, 0, 61, 284);
INSERT INTO BOOK(book_id, condition, state, edition_id, line_id) VALUES(2030, 1, 0, 61, 95);
INSERT INTO BOOK(book_id, condition, state, edition_id, line_id) VALUES(2031, 0, 0, 61, 107);
INSERT INTO BOOK(book_id, condition, state, edition_id, line_id) VALUES(2032, 1, 0, 61, 249);
INSERT INTO BOOK(book_id, condition, state, edition_id, line_id) VALUES(2033, 1, 0, 61, 33);
INSERT INTO BOOK(book_id, condition, state, edition_id, line_id) VALUES(2034, 1, 0, 61, 207);
INSERT INTO BOOK(book_id, condition, state, edition_id, line_id) VALUES(2035, 0, 0, 61, 85);
INSERT INTO BOOK(book_id, condition, state, edition_id, line_id) VALUES(2036, 1, 0, 61, 243);
INSERT INTO BOOK(book_id, condition, state, edition_id, line_id) VALUES(2037, 2, 0, 61, 157);
INSERT INTO BOOK(book_id, condition, state, edition_id, line_id) VALUES(2038, 1, 0, 61, 49);
INSERT INTO BOOK(book_id, condition, state, edition_id, line_id) VALUES(2039, 0, 0, 61, 79);
INSERT INTO BOOK(book_id, condition, state, edition_id, line_id) VALUES(2040, 3, 0, 62, 32);
INSERT INTO BOOK(book_id, condition, state, edition_id, line_id) VALUES(2041, 0, 0, 62, 253);
INSERT INTO BOOK(book_id, condition, state, edition_id, line_id) VALUES(2042, 1, 0, 62, 317);
INSERT INTO BOOK(book_id, condition, state, edition_id, line_id) VALUES(2043, 1, 0, 62, 309);
INSERT INTO BOOK(book_id, condition, state, edition_id, line_id) VALUES(2044, 3, 0, 62, 226);
INSERT INTO BOOK(book_id, condition, state, edition_id, line_id) VALUES(2045, 0, 0, 62, 98);
INSERT INTO BOOK(book_id, condition, state, edition_id, line_id) VALUES(2046, 0, 0, 62, 211);
INSERT INTO BOOK(book_id, condition, state, edition_id, line_id) VALUES(2047, 3, 0, 62, 142);
INSERT INTO BOOK(book_id, condition, state, edition_id, line_id) VALUES(2048, 1, 0, 62, 296);
INSERT INTO BOOK(book_id, condition, state, edition_id, line_id) VALUES(2049, 3, 0, 62, 250);
INSERT INTO BOOK(book_id, condition, state, edition_id, line_id) VALUES(2050, 2, 0, 62, 57);
INSERT INTO BOOK(book_id, condition, state, edition_id, line_id) VALUES(2051, 2, 0, 62, 178);
INSERT INTO BOOK(book_id, condition, state, edition_id, line_id) VALUES(2052, 0, 0, 62, 14);
INSERT INTO BOOK(book_id, condition, state, edition_id, line_id) VALUES(2053, 2, 0, 62, 326);
INSERT INTO BOOK(book_id, condition, state, edition_id, line_id) VALUES(2054, 1, 0, 62, 212);
INSERT INTO BOOK(book_id, condition, state, edition_id, line_id) VALUES(2055, 1, 0, 62, 84);
INSERT INTO BOOK(book_id, condition, state, edition_id, line_id) VALUES(2056, 1, 0, 62, 145);
INSERT INTO BOOK(book_id, condition, state, edition_id, line_id) VALUES(2057, 1, 0, 62, 58);
INSERT INTO BOOK(book_id, condition, state, edition_id, line_id) VALUES(2058, 1, 0, 62, 79);
INSERT INTO BOOK(book_id, condition, state, edition_id, line_id) VALUES(2059, 0, 0, 62, 8);
INSERT INTO BOOK(book_id, condition, state, edition_id, line_id) VALUES(2060, 2, 0, 62, 177);
INSERT INTO BOOK(book_id, condition, state, edition_id, line_id) VALUES(2061, 0, 0, 62, 263);
INSERT INTO BOOK(book_id, condition, state, edition_id, line_id) VALUES(2062, 1, 0, 62, 183);
INSERT INTO BOOK(book_id, condition, state, edition_id, line_id) VALUES(2063, 2, 0, 62, 254);
INSERT INTO BOOK(book_id, condition, state, edition_id, line_id) VALUES(2064, 0, 0, 62, 14);
INSERT INTO BOOK(book_id, condition, state, edition_id, line_id) VALUES(2065, 2, 0, 62, 205);
INSERT INTO BOOK(book_id, condition, state, edition_id, line_id) VALUES(2066, 0, 0, 62, 315);
INSERT INTO BOOK(book_id, condition, state, edition_id, line_id) VALUES(2067, 1, 0, 62, 70);
INSERT INTO BOOK(book_id, condition, state, edition_id, line_id) VALUES(2068, 0, 0, 62, 187);
INSERT INTO BOOK(book_id, condition, state, edition_id, line_id) VALUES(2069, 1, 0, 62, 234);
INSERT INTO BOOK(book_id, condition, state, edition_id, line_id) VALUES(2070, 1, 0, 62, 53);
INSERT INTO BOOK(book_id, condition, state, edition_id, line_id) VALUES(2071, 2, 0, 62, 118);
INSERT INTO BOOK(book_id, condition, state, edition_id, line_id) VALUES(2072, 1, 0, 62, 133);
INSERT INTO BOOK(book_id, condition, state, edition_id, line_id) VALUES(2073, 0, 0, 62, 66);
INSERT INTO BOOK(book_id, condition, state, edition_id, line_id) VALUES(2074, 3, 0, 62, 88);
INSERT INTO BOOK(book_id, condition, state, edition_id, line_id) VALUES(2075, 0, 0, 62, 108);
INSERT INTO BOOK(book_id, condition, state, edition_id, line_id) VALUES(2076, 1, 0, 62, 210);
INSERT INTO BOOK(book_id, condition, state, edition_id, line_id) VALUES(2077, 0, 0, 63, 48);
INSERT INTO BOOK(book_id, condition, state, edition_id, line_id) VALUES(2078, 2, 0, 63, 62);
INSERT INTO BOOK(book_id, condition, state, edition_id, line_id) VALUES(2079, 0, 0, 63, 279);
INSERT INTO BOOK(book_id, condition, state, edition_id, line_id) VALUES(2080, 0, 0, 63, 288);
INSERT INTO BOOK(book_id, condition, state, edition_id, line_id) VALUES(2081, 1, 0, 63, 196);
INSERT INTO BOOK(book_id, condition, state, edition_id, line_id) VALUES(2082, 2, 0, 63, 295);
INSERT INTO BOOK(book_id, condition, state, edition_id, line_id) VALUES(2083, 3, 0, 63, 103);
INSERT INTO BOOK(book_id, condition, state, edition_id, line_id) VALUES(2084, 0, 0, 63, 120);
INSERT INTO BOOK(book_id, condition, state, edition_id, line_id) VALUES(2085, 0, 0, 63, 143);
INSERT INTO BOOK(book_id, condition, state, edition_id, line_id) VALUES(2086, 1, 0, 63, 256);
INSERT INTO BOOK(book_id, condition, state, edition_id, line_id) VALUES(2087, 0, 0, 63, 279);
INSERT INTO BOOK(book_id, condition, state, edition_id, line_id) VALUES(2088, 1, 0, 63, 210);
INSERT INTO BOOK(book_id, condition, state, edition_id, line_id) VALUES(2089, 1, 0, 63, 10);
INSERT INTO BOOK(book_id, condition, state, edition_id, line_id) VALUES(2090, 2, 0, 63, 280);
INSERT INTO BOOK(book_id, condition, state, edition_id, line_id) VALUES(2091, 0, 0, 63, 193);
INSERT INTO BOOK(book_id, condition, state, edition_id, line_id) VALUES(2092, 1, 0, 63, 177);
INSERT INTO BOOK(book_id, condition, state, edition_id, line_id) VALUES(2093, 2, 0, 63, 31);
INSERT INTO BOOK(book_id, condition, state, edition_id, line_id) VALUES(2094, 0, 0, 63, 255);
INSERT INTO BOOK(book_id, condition, state, edition_id, line_id) VALUES(2095, 2, 0, 63, 98);
INSERT INTO BOOK(book_id, condition, state, edition_id, line_id) VALUES(2096, 1, 0, 63, 313);
INSERT INTO BOOK(book_id, condition, state, edition_id, line_id) VALUES(2097, 1, 0, 63, 125);
INSERT INTO BOOK(book_id, condition, state, edition_id, line_id) VALUES(2098, 2, 0, 63, 289);
INSERT INTO BOOK(book_id, condition, state, edition_id, line_id) VALUES(2099, 0, 0, 63, 46);
INSERT INTO BOOK(book_id, condition, state, edition_id, line_id) VALUES(2100, 3, 0, 63, 90);
INSERT INTO BOOK(book_id, condition, state, edition_id, line_id) VALUES(2101, 1, 0, 63, 267);
INSERT INTO BOOK(book_id, condition, state, edition_id, line_id) VALUES(2102, 0, 0, 63, 141);
INSERT INTO BOOK(book_id, condition, state, edition_id, line_id) VALUES(2103, 3, 0, 63, 51);
INSERT INTO BOOK(book_id, condition, state, edition_id, line_id) VALUES(2104, 1, 0, 63, 38);
INSERT INTO BOOK(book_id, condition, state, edition_id, line_id) VALUES(2105, 1, 0, 64, 313);
INSERT INTO BOOK(book_id, condition, state, edition_id, line_id) VALUES(2106, 3, 0, 64, 235);
INSERT INTO BOOK(book_id, condition, state, edition_id, line_id) VALUES(2107, 1, 0, 64, 103);
INSERT INTO BOOK(book_id, condition, state, edition_id, line_id) VALUES(2108, 1, 0, 64, 179);
INSERT INTO BOOK(book_id, condition, state, edition_id, line_id) VALUES(2109, 1, 0, 64, 181);
INSERT INTO BOOK(book_id, condition, state, edition_id, line_id) VALUES(2110, 0, 0, 64, 45);
INSERT INTO BOOK(book_id, condition, state, edition_id, line_id) VALUES(2111, 1, 0, 64, 265);
INSERT INTO BOOK(book_id, condition, state, edition_id, line_id) VALUES(2112, 0, 0, 64, 50);
INSERT INTO BOOK(book_id, condition, state, edition_id, line_id) VALUES(2113, 2, 0, 64, 113);
INSERT INTO BOOK(book_id, condition, state, edition_id, line_id) VALUES(2114, 2, 0, 64, 253);
INSERT INTO BOOK(book_id, condition, state, edition_id, line_id) VALUES(2115, 1, 0, 64, 216);
INSERT INTO BOOK(book_id, condition, state, edition_id, line_id) VALUES(2116, 3, 0, 64, 142);
INSERT INTO BOOK(book_id, condition, state, edition_id, line_id) VALUES(2117, 3, 0, 64, 245);
INSERT INTO BOOK(book_id, condition, state, edition_id, line_id) VALUES(2118, 0, 0, 64, 2);
INSERT INTO BOOK(book_id, condition, state, edition_id, line_id) VALUES(2119, 2, 0, 64, 219);
INSERT INTO BOOK(book_id, condition, state, edition_id, line_id) VALUES(2120, 1, 0, 64, 201);
INSERT INTO BOOK(book_id, condition, state, edition_id, line_id) VALUES(2121, 0, 0, 64, 2);
INSERT INTO BOOK(book_id, condition, state, edition_id, line_id) VALUES(2122, 1, 0, 64, 267);
INSERT INTO BOOK(book_id, condition, state, edition_id, line_id) VALUES(2123, 0, 0, 64, 84);
INSERT INTO BOOK(book_id, condition, state, edition_id, line_id) VALUES(2124, 0, 0, 64, 315);
INSERT INTO BOOK(book_id, condition, state, edition_id, line_id) VALUES(2125, 2, 0, 64, 184);
INSERT INTO BOOK(book_id, condition, state, edition_id, line_id) VALUES(2126, 1, 0, 64, 115);
INSERT INTO BOOK(book_id, condition, state, edition_id, line_id) VALUES(2127, 0, 0, 64, 196);
INSERT INTO BOOK(book_id, condition, state, edition_id, line_id) VALUES(2128, 1, 0, 64, 144);
INSERT INTO BOOK(book_id, condition, state, edition_id, line_id) VALUES(2129, 1, 0, 64, 21);
INSERT INTO BOOK(book_id, condition, state, edition_id, line_id) VALUES(2130, 0, 0, 64, 197);
INSERT INTO BOOK(book_id, condition, state, edition_id, line_id) VALUES(2131, 1, 0, 64, 131);
INSERT INTO BOOK(book_id, condition, state, edition_id, line_id) VALUES(2132, 0, 0, 65, 299);
INSERT INTO BOOK(book_id, condition, state, edition_id, line_id) VALUES(2133, 1, 0, 65, 61);
INSERT INTO BOOK(book_id, condition, state, edition_id, line_id) VALUES(2134, 0, 0, 65, 59);
INSERT INTO BOOK(book_id, condition, state, edition_id, line_id) VALUES(2135, 3, 0, 65, 151);
INSERT INTO BOOK(book_id, condition, state, edition_id, line_id) VALUES(2136, 0, 0, 65, 171);
INSERT INTO BOOK(book_id, condition, state, edition_id, line_id) VALUES(2137, 2, 0, 65, 212);
INSERT INTO BOOK(book_id, condition, state, edition_id, line_id) VALUES(2138, 1, 0, 65, 210);
INSERT INTO BOOK(book_id, condition, state, edition_id, line_id) VALUES(2139, 2, 0, 65, 318);
INSERT INTO BOOK(book_id, condition, state, edition_id, line_id) VALUES(2140, 1, 0, 65, 101);
INSERT INTO BOOK(book_id, condition, state, edition_id, line_id) VALUES(2141, 3, 0, 65, 268);
INSERT INTO BOOK(book_id, condition, state, edition_id, line_id) VALUES(2142, 2, 0, 65, 100);
INSERT INTO BOOK(book_id, condition, state, edition_id, line_id) VALUES(2143, 0, 0, 65, 288);
INSERT INTO BOOK(book_id, condition, state, edition_id, line_id) VALUES(2144, 2, 0, 65, 152);
INSERT INTO BOOK(book_id, condition, state, edition_id, line_id) VALUES(2145, 0, 0, 65, 106);
INSERT INTO BOOK(book_id, condition, state, edition_id, line_id) VALUES(2146, 0, 0, 65, 37);
INSERT INTO BOOK(book_id, condition, state, edition_id, line_id) VALUES(2147, 2, 0, 65, 124);
INSERT INTO BOOK(book_id, condition, state, edition_id, line_id) VALUES(2148, 1, 0, 65, 23);
INSERT INTO BOOK(book_id, condition, state, edition_id, line_id) VALUES(2149, 0, 0, 65, 127);
INSERT INTO BOOK(book_id, condition, state, edition_id, line_id) VALUES(2150, 1, 0, 65, 253);
INSERT INTO BOOK(book_id, condition, state, edition_id, line_id) VALUES(2151, 0, 0, 65, 276);
INSERT INTO BOOK(book_id, condition, state, edition_id, line_id) VALUES(2152, 1, 0, 65, 224);
INSERT INTO BOOK(book_id, condition, state, edition_id, line_id) VALUES(2153, 3, 0, 65, 246);
INSERT INTO BOOK(book_id, condition, state, edition_id, line_id) VALUES(2154, 2, 0, 65, 31);
INSERT INTO BOOK(book_id, condition, state, edition_id, line_id) VALUES(2155, 3, 0, 65, 56);
INSERT INTO BOOK(book_id, condition, state, edition_id, line_id) VALUES(2156, 1, 0, 65, 288);
INSERT INTO BOOK(book_id, condition, state, edition_id, line_id) VALUES(2157, 2, 0, 65, 76);
INSERT INTO BOOK(book_id, condition, state, edition_id, line_id) VALUES(2158, 1, 0, 65, 179);
INSERT INTO BOOK(book_id, condition, state, edition_id, line_id) VALUES(2159, 1, 0, 65, 108);
INSERT INTO BOOK(book_id, condition, state, edition_id, line_id) VALUES(2160, 2, 0, 65, 113);
INSERT INTO BOOK(book_id, condition, state, edition_id, line_id) VALUES(2161, 1, 0, 65, 113);
INSERT INTO BOOK(book_id, condition, state, edition_id, line_id) VALUES(2162, 2, 0, 65, 244);
INSERT INTO BOOK(book_id, condition, state, edition_id, line_id) VALUES(2163, 0, 0, 65, 307);
INSERT INTO BOOK(book_id, condition, state, edition_id, line_id) VALUES(2164, 0, 0, 65, 216);
INSERT INTO BOOK(book_id, condition, state, edition_id, line_id) VALUES(2165, 1, 0, 65, 172);
INSERT INTO BOOK(book_id, condition, state, edition_id, line_id) VALUES(2166, 1, 0, 65, 131);
INSERT INTO BOOK(book_id, condition, state, edition_id, line_id) VALUES(2167, 1, 0, 65, 232);
INSERT INTO BOOK(book_id, condition, state, edition_id, line_id) VALUES(2168, 1, 0, 65, 297);
INSERT INTO BOOK(book_id, condition, state, edition_id, line_id) VALUES(2169, 1, 0, 65, 91);
INSERT INTO BOOK(book_id, condition, state, edition_id, line_id) VALUES(2170, 0, 0, 65, 222);
INSERT INTO BOOK(book_id, condition, state, edition_id, line_id) VALUES(2171, 1, 0, 65, 0);
INSERT INTO BOOK(book_id, condition, state, edition_id, line_id) VALUES(2172, 2, 0, 65, 220);
INSERT INTO BOOK(book_id, condition, state, edition_id, line_id) VALUES(2173, 1, 0, 65, 320);
INSERT INTO BOOK(book_id, condition, state, edition_id, line_id) VALUES(2174, 1, 0, 65, 191);
INSERT INTO BOOK(book_id, condition, state, edition_id, line_id) VALUES(2175, 1, 0, 65, 304);
INSERT INTO BOOK(book_id, condition, state, edition_id, line_id) VALUES(2176, 3, 0, 65, 291);
INSERT INTO BOOK(book_id, condition, state, edition_id, line_id) VALUES(2177, 2, 0, 65, 209);
INSERT INTO BOOK(book_id, condition, state, edition_id, line_id) VALUES(2178, 2, 0, 65, 113);
INSERT INTO BOOK(book_id, condition, state, edition_id, line_id) VALUES(2179, 2, 0, 65, 206);
INSERT INTO BOOK(book_id, condition, state, edition_id, line_id) VALUES(2180, 1, 0, 65, 128);
INSERT INTO BOOK(book_id, condition, state, edition_id, line_id) VALUES(2181, 2, 0, 66, 325);
INSERT INTO BOOK(book_id, condition, state, edition_id, line_id) VALUES(2182, 1, 0, 66, 137);
INSERT INTO BOOK(book_id, condition, state, edition_id, line_id) VALUES(2183, 3, 0, 66, 159);
INSERT INTO BOOK(book_id, condition, state, edition_id, line_id) VALUES(2184, 2, 0, 66, 326);
INSERT INTO BOOK(book_id, condition, state, edition_id, line_id) VALUES(2185, 0, 0, 66, 293);
INSERT INTO BOOK(book_id, condition, state, edition_id, line_id) VALUES(2186, 1, 0, 66, 314);
INSERT INTO BOOK(book_id, condition, state, edition_id, line_id) VALUES(2187, 0, 0, 66, 55);
INSERT INTO BOOK(book_id, condition, state, edition_id, line_id) VALUES(2188, 1, 0, 66, 216);
INSERT INTO BOOK(book_id, condition, state, edition_id, line_id) VALUES(2189, 0, 0, 66, 42);
INSERT INTO BOOK(book_id, condition, state, edition_id, line_id) VALUES(2190, 0, 0, 66, 210);
INSERT INTO BOOK(book_id, condition, state, edition_id, line_id) VALUES(2191, 2, 0, 66, 296);
INSERT INTO BOOK(book_id, condition, state, edition_id, line_id) VALUES(2192, 1, 0, 66, 156);
INSERT INTO BOOK(book_id, condition, state, edition_id, line_id) VALUES(2193, 3, 0, 66, 254);
INSERT INTO BOOK(book_id, condition, state, edition_id, line_id) VALUES(2194, 1, 0, 66, 245);
INSERT INTO BOOK(book_id, condition, state, edition_id, line_id) VALUES(2195, 1, 0, 66, 306);
INSERT INTO BOOK(book_id, condition, state, edition_id, line_id) VALUES(2196, 1, 0, 66, 232);
INSERT INTO BOOK(book_id, condition, state, edition_id, line_id) VALUES(2197, 0, 0, 66, 199);
INSERT INTO BOOK(book_id, condition, state, edition_id, line_id) VALUES(2198, 0, 0, 66, 213);
INSERT INTO BOOK(book_id, condition, state, edition_id, line_id) VALUES(2199, 3, 0, 66, 28);
INSERT INTO BOOK(book_id, condition, state, edition_id, line_id) VALUES(2200, 0, 0, 66, 176);
INSERT INTO BOOK(book_id, condition, state, edition_id, line_id) VALUES(2201, 1, 0, 66, 269);
INSERT INTO BOOK(book_id, condition, state, edition_id, line_id) VALUES(2202, 0, 0, 66, 166);
INSERT INTO BOOK(book_id, condition, state, edition_id, line_id) VALUES(2203, 1, 0, 66, 200);
INSERT INTO BOOK(book_id, condition, state, edition_id, line_id) VALUES(2204, 1, 0, 66, 25);
INSERT INTO BOOK(book_id, condition, state, edition_id, line_id) VALUES(2205, 0, 0, 66, 215);
INSERT INTO BOOK(book_id, condition, state, edition_id, line_id) VALUES(2206, 1, 0, 66, 207);
INSERT INTO BOOK(book_id, condition, state, edition_id, line_id) VALUES(2207, 1, 0, 66, 164);
INSERT INTO BOOK(book_id, condition, state, edition_id, line_id) VALUES(2208, 2, 0, 66, 152);
INSERT INTO BOOK(book_id, condition, state, edition_id, line_id) VALUES(2209, 0, 0, 66, 37);
INSERT INTO BOOK(book_id, condition, state, edition_id, line_id) VALUES(2210, 0, 0, 66, 134);
INSERT INTO BOOK(book_id, condition, state, edition_id, line_id) VALUES(2211, 2, 0, 66, 189);
INSERT INTO BOOK(book_id, condition, state, edition_id, line_id) VALUES(2212, 2, 0, 66, 8);
INSERT INTO BOOK(book_id, condition, state, edition_id, line_id) VALUES(2213, 0, 0, 66, 23);
INSERT INTO BOOK(book_id, condition, state, edition_id, line_id) VALUES(2214, 1, 0, 66, 218);
INSERT INTO BOOK(book_id, condition, state, edition_id, line_id) VALUES(2215, 1, 0, 66, 122);
INSERT INTO BOOK(book_id, condition, state, edition_id, line_id) VALUES(2216, 2, 0, 66, 123);
INSERT INTO BOOK(book_id, condition, state, edition_id, line_id) VALUES(2217, 0, 0, 66, 240);
INSERT INTO BOOK(book_id, condition, state, edition_id, line_id) VALUES(2218, 1, 0, 66, 87);
INSERT INTO BOOK(book_id, condition, state, edition_id, line_id) VALUES(2219, 0, 0, 66, 111);
INSERT INTO BOOK(book_id, condition, state, edition_id, line_id) VALUES(2220, 1, 0, 66, 139);
INSERT INTO BOOK(book_id, condition, state, edition_id, line_id) VALUES(2221, 0, 0, 66, 13);
INSERT INTO BOOK(book_id, condition, state, edition_id, line_id) VALUES(2222, 0, 0, 67, 80);
INSERT INTO BOOK(book_id, condition, state, edition_id, line_id) VALUES(2223, 2, 0, 67, 249);
INSERT INTO BOOK(book_id, condition, state, edition_id, line_id) VALUES(2224, 2, 0, 67, 236);
INSERT INTO BOOK(book_id, condition, state, edition_id, line_id) VALUES(2225, 3, 0, 67, 260);
INSERT INTO BOOK(book_id, condition, state, edition_id, line_id) VALUES(2226, 1, 0, 67, 0);
INSERT INTO BOOK(book_id, condition, state, edition_id, line_id) VALUES(2227, 1, 0, 67, 77);
INSERT INTO BOOK(book_id, condition, state, edition_id, line_id) VALUES(2228, 1, 0, 67, 154);
INSERT INTO BOOK(book_id, condition, state, edition_id, line_id) VALUES(2229, 1, 0, 67, 111);
INSERT INTO BOOK(book_id, condition, state, edition_id, line_id) VALUES(2230, 2, 0, 67, 20);
INSERT INTO BOOK(book_id, condition, state, edition_id, line_id) VALUES(2231, 1, 0, 67, 106);
INSERT INTO BOOK(book_id, condition, state, edition_id, line_id) VALUES(2232, 1, 0, 67, 247);
INSERT INTO BOOK(book_id, condition, state, edition_id, line_id) VALUES(2233, 1, 0, 67, 0);
INSERT INTO BOOK(book_id, condition, state, edition_id, line_id) VALUES(2234, 0, 0, 67, 262);
INSERT INTO BOOK(book_id, condition, state, edition_id, line_id) VALUES(2235, 2, 0, 67, 301);
INSERT INTO BOOK(book_id, condition, state, edition_id, line_id) VALUES(2236, 2, 0, 67, 185);
INSERT INTO BOOK(book_id, condition, state, edition_id, line_id) VALUES(2237, 1, 0, 67, 239);
INSERT INTO BOOK(book_id, condition, state, edition_id, line_id) VALUES(2238, 2, 0, 67, 249);
INSERT INTO BOOK(book_id, condition, state, edition_id, line_id) VALUES(2239, 1, 0, 67, 234);
INSERT INTO BOOK(book_id, condition, state, edition_id, line_id) VALUES(2240, 1, 0, 67, 182);
INSERT INTO BOOK(book_id, condition, state, edition_id, line_id) VALUES(2241, 1, 0, 67, 56);
INSERT INTO BOOK(book_id, condition, state, edition_id, line_id) VALUES(2242, 2, 0, 67, 222);
INSERT INTO BOOK(book_id, condition, state, edition_id, line_id) VALUES(2243, 0, 0, 67, 160);
INSERT INTO BOOK(book_id, condition, state, edition_id, line_id) VALUES(2244, 2, 0, 67, 32);
INSERT INTO BOOK(book_id, condition, state, edition_id, line_id) VALUES(2245, 2, 0, 67, 146);
INSERT INTO BOOK(book_id, condition, state, edition_id, line_id) VALUES(2246, 0, 0, 67, 127);
INSERT INTO BOOK(book_id, condition, state, edition_id, line_id) VALUES(2247, 1, 0, 67, 38);
INSERT INTO BOOK(book_id, condition, state, edition_id, line_id) VALUES(2248, 0, 0, 67, 39);
INSERT INTO BOOK(book_id, condition, state, edition_id, line_id) VALUES(2249, 1, 0, 67, 44);
INSERT INTO BOOK(book_id, condition, state, edition_id, line_id) VALUES(2250, 2, 0, 67, 120);
INSERT INTO BOOK(book_id, condition, state, edition_id, line_id) VALUES(2251, 3, 0, 67, 154);
INSERT INTO BOOK(book_id, condition, state, edition_id, line_id) VALUES(2252, 1, 0, 67, 43);
INSERT INTO BOOK(book_id, condition, state, edition_id, line_id) VALUES(2253, 1, 0, 67, 147);
INSERT INTO BOOK(book_id, condition, state, edition_id, line_id) VALUES(2254, 2, 0, 67, 145);
INSERT INTO BOOK(book_id, condition, state, edition_id, line_id) VALUES(2255, 0, 0, 67, 79);
INSERT INTO BOOK(book_id, condition, state, edition_id, line_id) VALUES(2256, 2, 0, 67, 134);
INSERT INTO BOOK(book_id, condition, state, edition_id, line_id) VALUES(2257, 1, 0, 67, 278);
INSERT INTO BOOK(book_id, condition, state, edition_id, line_id) VALUES(2258, 0, 0, 67, 9);
INSERT INTO BOOK(book_id, condition, state, edition_id, line_id) VALUES(2259, 1, 0, 67, 43);
INSERT INTO BOOK(book_id, condition, state, edition_id, line_id) VALUES(2260, 2, 0, 67, 103);
INSERT INTO BOOK(book_id, condition, state, edition_id, line_id) VALUES(2261, 0, 0, 67, 162);
INSERT INTO BOOK(book_id, condition, state, edition_id, line_id) VALUES(2262, 2, 0, 67, 302);
INSERT INTO BOOK(book_id, condition, state, edition_id, line_id) VALUES(2263, 1, 0, 67, 85);
INSERT INTO BOOK(book_id, condition, state, edition_id, line_id) VALUES(2264, 0, 0, 67, 68);
INSERT INTO BOOK(book_id, condition, state, edition_id, line_id) VALUES(2265, 0, 0, 67, 100);
INSERT INTO BOOK(book_id, condition, state, edition_id, line_id) VALUES(2266, 3, 0, 67, 265);
INSERT INTO BOOK(book_id, condition, state, edition_id, line_id) VALUES(2267, 1, 0, 67, 251);
INSERT INTO BOOK(book_id, condition, state, edition_id, line_id) VALUES(2268, 1, 0, 67, 78);
INSERT INTO BOOK(book_id, condition, state, edition_id, line_id) VALUES(2269, 0, 0, 67, 87);
INSERT INTO BOOK(book_id, condition, state, edition_id, line_id) VALUES(2270, 0, 0, 68, 35);
INSERT INTO BOOK(book_id, condition, state, edition_id, line_id) VALUES(2271, 1, 0, 68, 284);
INSERT INTO BOOK(book_id, condition, state, edition_id, line_id) VALUES(2272, 3, 0, 68, 216);
INSERT INTO BOOK(book_id, condition, state, edition_id, line_id) VALUES(2273, 1, 0, 68, 314);
INSERT INTO BOOK(book_id, condition, state, edition_id, line_id) VALUES(2274, 2, 0, 68, 244);
INSERT INTO BOOK(book_id, condition, state, edition_id, line_id) VALUES(2275, 2, 0, 68, 278);
INSERT INTO BOOK(book_id, condition, state, edition_id, line_id) VALUES(2276, 0, 0, 68, 283);
INSERT INTO BOOK(book_id, condition, state, edition_id, line_id) VALUES(2277, 0, 0, 68, 216);
INSERT INTO BOOK(book_id, condition, state, edition_id, line_id) VALUES(2278, 2, 0, 68, 301);
INSERT INTO BOOK(book_id, condition, state, edition_id, line_id) VALUES(2279, 3, 0, 68, 248);
INSERT INTO BOOK(book_id, condition, state, edition_id, line_id) VALUES(2280, 1, 0, 68, 199);
INSERT INTO BOOK(book_id, condition, state, edition_id, line_id) VALUES(2281, 3, 0, 68, 308);
INSERT INTO BOOK(book_id, condition, state, edition_id, line_id) VALUES(2282, 0, 0, 68, 17);
INSERT INTO BOOK(book_id, condition, state, edition_id, line_id) VALUES(2283, 3, 0, 68, 304);
INSERT INTO BOOK(book_id, condition, state, edition_id, line_id) VALUES(2284, 2, 0, 68, 3);
INSERT INTO BOOK(book_id, condition, state, edition_id, line_id) VALUES(2285, 1, 0, 68, 297);
INSERT INTO BOOK(book_id, condition, state, edition_id, line_id) VALUES(2286, 0, 0, 68, 130);
INSERT INTO BOOK(book_id, condition, state, edition_id, line_id) VALUES(2287, 1, 0, 68, 138);
INSERT INTO BOOK(book_id, condition, state, edition_id, line_id) VALUES(2288, 2, 0, 68, 194);
INSERT INTO BOOK(book_id, condition, state, edition_id, line_id) VALUES(2289, 0, 0, 68, 22);
INSERT INTO BOOK(book_id, condition, state, edition_id, line_id) VALUES(2290, 0, 0, 68, 1);
INSERT INTO BOOK(book_id, condition, state, edition_id, line_id) VALUES(2291, 2, 0, 68, 245);
INSERT INTO BOOK(book_id, condition, state, edition_id, line_id) VALUES(2292, 2, 0, 68, 6);
INSERT INTO BOOK(book_id, condition, state, edition_id, line_id) VALUES(2293, 0, 0, 68, 49);
INSERT INTO BOOK(book_id, condition, state, edition_id, line_id) VALUES(2294, 3, 0, 68, 126);
INSERT INTO BOOK(book_id, condition, state, edition_id, line_id) VALUES(2295, 2, 0, 68, 243);
INSERT INTO BOOK(book_id, condition, state, edition_id, line_id) VALUES(2296, 1, 0, 68, 320);
INSERT INTO BOOK(book_id, condition, state, edition_id, line_id) VALUES(2297, 1, 0, 68, 118);
INSERT INTO BOOK(book_id, condition, state, edition_id, line_id) VALUES(2298, 1, 0, 68, 115);
INSERT INTO BOOK(book_id, condition, state, edition_id, line_id) VALUES(2299, 1, 0, 68, 26);
INSERT INTO BOOK(book_id, condition, state, edition_id, line_id) VALUES(2300, 0, 0, 68, 199);
INSERT INTO BOOK(book_id, condition, state, edition_id, line_id) VALUES(2301, 3, 0, 68, 249);
INSERT INTO BOOK(book_id, condition, state, edition_id, line_id) VALUES(2302, 0, 0, 68, 327);
INSERT INTO BOOK(book_id, condition, state, edition_id, line_id) VALUES(2303, 0, 0, 68, 250);
INSERT INTO BOOK(book_id, condition, state, edition_id, line_id) VALUES(2304, 1, 0, 68, 127);
INSERT INTO BOOK(book_id, condition, state, edition_id, line_id) VALUES(2305, 2, 0, 68, 323);
INSERT INTO BOOK(book_id, condition, state, edition_id, line_id) VALUES(2306, 1, 0, 68, 168);
INSERT INTO BOOK(book_id, condition, state, edition_id, line_id) VALUES(2307, 1, 0, 68, 202);
INSERT INTO BOOK(book_id, condition, state, edition_id, line_id) VALUES(2308, 1, 0, 68, 40);
INSERT INTO BOOK(book_id, condition, state, edition_id, line_id) VALUES(2309, 1, 0, 68, 297);
INSERT INTO BOOK(book_id, condition, state, edition_id, line_id) VALUES(2310, 2, 0, 68, 276);
INSERT INTO BOOK(book_id, condition, state, edition_id, line_id) VALUES(2311, 0, 0, 68, 295);
INSERT INTO BOOK(book_id, condition, state, edition_id, line_id) VALUES(2312, 0, 0, 68, 255);
INSERT INTO BOOK(book_id, condition, state, edition_id, line_id) VALUES(2313, 1, 0, 68, 272);
INSERT INTO BOOK(book_id, condition, state, edition_id, line_id) VALUES(2314, 1, 0, 68, 205);
INSERT INTO BOOK(book_id, condition, state, edition_id, line_id) VALUES(2315, 0, 0, 68, 152);
INSERT INTO BOOK(book_id, condition, state, edition_id, line_id) VALUES(2316, 2, 0, 68, 296);
INSERT INTO BOOK(book_id, condition, state, edition_id, line_id) VALUES(2317, 2, 0, 68, 308);
INSERT INTO BOOK(book_id, condition, state, edition_id, line_id) VALUES(2318, 2, 0, 68, 200);
INSERT INTO BOOK(book_id, condition, state, edition_id, line_id) VALUES(2319, 0, 0, 68, 116);
INSERT INTO BOOK(book_id, condition, state, edition_id, line_id) VALUES(2320, 0, 0, 68, 305);
INSERT INTO BOOK(book_id, condition, state, edition_id, line_id) VALUES(2321, 0, 0, 68, 234);
INSERT INTO BOOK(book_id, condition, state, edition_id, line_id) VALUES(2322, 2, 0, 68, 117);
INSERT INTO BOOK(book_id, condition, state, edition_id, line_id) VALUES(2323, 1, 0, 68, 269);
INSERT INTO BOOK(book_id, condition, state, edition_id, line_id) VALUES(2324, 1, 0, 68, 92);
INSERT INTO BOOK(book_id, condition, state, edition_id, line_id) VALUES(2325, 1, 0, 69, 156);
INSERT INTO BOOK(book_id, condition, state, edition_id, line_id) VALUES(2326, 1, 0, 69, 319);
INSERT INTO BOOK(book_id, condition, state, edition_id, line_id) VALUES(2327, 0, 0, 69, 144);
INSERT INTO BOOK(book_id, condition, state, edition_id, line_id) VALUES(2328, 0, 0, 69, 39);
INSERT INTO BOOK(book_id, condition, state, edition_id, line_id) VALUES(2329, 0, 0, 69, 312);
INSERT INTO BOOK(book_id, condition, state, edition_id, line_id) VALUES(2330, 3, 0, 69, 108);
INSERT INTO BOOK(book_id, condition, state, edition_id, line_id) VALUES(2331, 1, 0, 69, 0);
INSERT INTO BOOK(book_id, condition, state, edition_id, line_id) VALUES(2332, 1, 0, 69, 180);
INSERT INTO BOOK(book_id, condition, state, edition_id, line_id) VALUES(2333, 0, 0, 69, 220);
INSERT INTO BOOK(book_id, condition, state, edition_id, line_id) VALUES(2334, 1, 0, 69, 29);
INSERT INTO BOOK(book_id, condition, state, edition_id, line_id) VALUES(2335, 1, 0, 69, 73);
INSERT INTO BOOK(book_id, condition, state, edition_id, line_id) VALUES(2336, 0, 0, 69, 168);
INSERT INTO BOOK(book_id, condition, state, edition_id, line_id) VALUES(2337, 2, 0, 69, 306);
INSERT INTO BOOK(book_id, condition, state, edition_id, line_id) VALUES(2338, 1, 0, 69, 197);
INSERT INTO BOOK(book_id, condition, state, edition_id, line_id) VALUES(2339, 1, 0, 69, 114);
INSERT INTO BOOK(book_id, condition, state, edition_id, line_id) VALUES(2340, 1, 0, 69, 211);
INSERT INTO BOOK(book_id, condition, state, edition_id, line_id) VALUES(2341, 1, 0, 69, 220);
INSERT INTO BOOK(book_id, condition, state, edition_id, line_id) VALUES(2342, 2, 0, 69, 244);
INSERT INTO BOOK(book_id, condition, state, edition_id, line_id) VALUES(2343, 3, 0, 69, 0);
INSERT INTO BOOK(book_id, condition, state, edition_id, line_id) VALUES(2344, 0, 0, 69, 317);
INSERT INTO BOOK(book_id, condition, state, edition_id, line_id) VALUES(2345, 0, 0, 69, 95);
INSERT INTO BOOK(book_id, condition, state, edition_id, line_id) VALUES(2346, 3, 0, 69, 124);
INSERT INTO BOOK(book_id, condition, state, edition_id, line_id) VALUES(2347, 1, 0, 69, 220);
INSERT INTO BOOK(book_id, condition, state, edition_id, line_id) VALUES(2348, 0, 0, 69, 52);
INSERT INTO BOOK(book_id, condition, state, edition_id, line_id) VALUES(2349, 2, 0, 69, 45);
INSERT INTO BOOK(book_id, condition, state, edition_id, line_id) VALUES(2350, 1, 0, 69, 268);
INSERT INTO BOOK(book_id, condition, state, edition_id, line_id) VALUES(2351, 0, 0, 69, 115);
INSERT INTO BOOK(book_id, condition, state, edition_id, line_id) VALUES(2352, 1, 0, 69, 329);
INSERT INTO BOOK(book_id, condition, state, edition_id, line_id) VALUES(2353, 0, 0, 69, 218);
INSERT INTO BOOK(book_id, condition, state, edition_id, line_id) VALUES(2354, 2, 0, 69, 196);
INSERT INTO BOOK(book_id, condition, state, edition_id, line_id) VALUES(2355, 3, 0, 69, 298);
INSERT INTO BOOK(book_id, condition, state, edition_id, line_id) VALUES(2356, 0, 0, 69, 160);
INSERT INTO BOOK(book_id, condition, state, edition_id, line_id) VALUES(2357, 1, 0, 69, 0);
INSERT INTO BOOK(book_id, condition, state, edition_id, line_id) VALUES(2358, 2, 0, 69, 259);
INSERT INTO BOOK(book_id, condition, state, edition_id, line_id) VALUES(2359, 1, 0, 69, 291);
INSERT INTO BOOK(book_id, condition, state, edition_id, line_id) VALUES(2360, 0, 0, 69, 191);
INSERT INTO BOOK(book_id, condition, state, edition_id, line_id) VALUES(2361, 2, 0, 69, 297);
INSERT INTO BOOK(book_id, condition, state, edition_id, line_id) VALUES(2362, 1, 0, 69, 44);
INSERT INTO BOOK(book_id, condition, state, edition_id, line_id) VALUES(2363, 1, 0, 69, 299);
INSERT INTO BOOK(book_id, condition, state, edition_id, line_id) VALUES(2364, 1, 0, 69, 272);
INSERT INTO BOOK(book_id, condition, state, edition_id, line_id) VALUES(2365, 2, 0, 69, 277);
INSERT INTO BOOK(book_id, condition, state, edition_id, line_id) VALUES(2366, 1, 0, 69, 228);
INSERT INTO BOOK(book_id, condition, state, edition_id, line_id) VALUES(2367, 2, 0, 69, 291);
INSERT INTO BOOK(book_id, condition, state, edition_id, line_id) VALUES(2368, 0, 0, 69, 169);
INSERT INTO BOOK(book_id, condition, state, edition_id, line_id) VALUES(2369, 1, 0, 69, 20);
INSERT INTO BOOK(book_id, condition, state, edition_id, line_id) VALUES(2370, 3, 0, 69, 75);
INSERT INTO BOOK(book_id, condition, state, edition_id, line_id) VALUES(2371, 1, 0, 69, 245);
INSERT INTO BOOK(book_id, condition, state, edition_id, line_id) VALUES(2372, 0, 0, 69, 265);
INSERT INTO BOOK(book_id, condition, state, edition_id, line_id) VALUES(2373, 1, 0, 69, 56);
INSERT INTO BOOK(book_id, condition, state, edition_id, line_id) VALUES(2374, 1, 0, 69, 120);
INSERT INTO BOOK(book_id, condition, state, edition_id, line_id) VALUES(2375, 0, 0, 69, 138);
INSERT INTO BOOK(book_id, condition, state, edition_id, line_id) VALUES(2376, 3, 0, 69, 301);
INSERT INTO BOOK(book_id, condition, state, edition_id, line_id) VALUES(2377, 2, 0, 69, 156);
INSERT INTO BOOK(book_id, condition, state, edition_id, line_id) VALUES(2378, 2, 0, 69, 303);
INSERT INTO BOOK(book_id, condition, state, edition_id, line_id) VALUES(2379, 1, 0, 69, 42);
INSERT INTO BOOK(book_id, condition, state, edition_id, line_id) VALUES(2380, 2, 0, 70, 200);
INSERT INTO BOOK(book_id, condition, state, edition_id, line_id) VALUES(2381, 3, 0, 70, 263);
INSERT INTO BOOK(book_id, condition, state, edition_id, line_id) VALUES(2382, 2, 0, 70, 102);
INSERT INTO BOOK(book_id, condition, state, edition_id, line_id) VALUES(2383, 1, 0, 70, 269);
INSERT INTO BOOK(book_id, condition, state, edition_id, line_id) VALUES(2384, 3, 0, 70, 133);
INSERT INTO BOOK(book_id, condition, state, edition_id, line_id) VALUES(2385, 1, 0, 70, 73);
INSERT INTO BOOK(book_id, condition, state, edition_id, line_id) VALUES(2386, 1, 0, 70, 115);
INSERT INTO BOOK(book_id, condition, state, edition_id, line_id) VALUES(2387, 0, 0, 70, 134);
INSERT INTO BOOK(book_id, condition, state, edition_id, line_id) VALUES(2388, 2, 0, 70, 16);
INSERT INTO BOOK(book_id, condition, state, edition_id, line_id) VALUES(2389, 1, 0, 70, 240);
INSERT INTO BOOK(book_id, condition, state, edition_id, line_id) VALUES(2390, 0, 0, 70, 117);
INSERT INTO BOOK(book_id, condition, state, edition_id, line_id) VALUES(2391, 0, 0, 70, 24);
INSERT INTO BOOK(book_id, condition, state, edition_id, line_id) VALUES(2392, 0, 0, 70, 318);
INSERT INTO BOOK(book_id, condition, state, edition_id, line_id) VALUES(2393, 3, 0, 70, 268);
INSERT INTO BOOK(book_id, condition, state, edition_id, line_id) VALUES(2394, 1, 0, 70, 150);
INSERT INTO BOOK(book_id, condition, state, edition_id, line_id) VALUES(2395, 1, 0, 70, 197);
INSERT INTO BOOK(book_id, condition, state, edition_id, line_id) VALUES(2396, 2, 0, 70, 238);
INSERT INTO BOOK(book_id, condition, state, edition_id, line_id) VALUES(2397, 0, 0, 70, 193);
INSERT INTO BOOK(book_id, condition, state, edition_id, line_id) VALUES(2398, 2, 0, 70, 96);
INSERT INTO BOOK(book_id, condition, state, edition_id, line_id) VALUES(2399, 1, 0, 70, 311);
INSERT INTO BOOK(book_id, condition, state, edition_id, line_id) VALUES(2400, 0, 0, 70, 261);
INSERT INTO BOOK(book_id, condition, state, edition_id, line_id) VALUES(2401, 3, 0, 70, 304);
INSERT INTO BOOK(book_id, condition, state, edition_id, line_id) VALUES(2402, 2, 0, 70, 93);
INSERT INTO BOOK(book_id, condition, state, edition_id, line_id) VALUES(2403, 3, 0, 70, 305);
INSERT INTO BOOK(book_id, condition, state, edition_id, line_id) VALUES(2404, 3, 0, 70, 16);
INSERT INTO BOOK(book_id, condition, state, edition_id, line_id) VALUES(2405, 2, 0, 70, 56);
INSERT INTO BOOK(book_id, condition, state, edition_id, line_id) VALUES(2406, 1, 0, 70, 18);
INSERT INTO BOOK(book_id, condition, state, edition_id, line_id) VALUES(2407, 0, 0, 70, 12);
INSERT INTO BOOK(book_id, condition, state, edition_id, line_id) VALUES(2408, 0, 0, 70, 66);
INSERT INTO BOOK(book_id, condition, state, edition_id, line_id) VALUES(2409, 1, 0, 70, 223);
INSERT INTO BOOK(book_id, condition, state, edition_id, line_id) VALUES(2410, 2, 0, 70, 259);
INSERT INTO BOOK(book_id, condition, state, edition_id, line_id) VALUES(2411, 0, 0, 70, 22);
INSERT INTO BOOK(book_id, condition, state, edition_id, line_id) VALUES(2412, 1, 0, 70, 150);
INSERT INTO BOOK(book_id, condition, state, edition_id, line_id) VALUES(2413, 0, 0, 70, 77);
INSERT INTO BOOK(book_id, condition, state, edition_id, line_id) VALUES(2414, 1, 0, 70, 101);
INSERT INTO BOOK(book_id, condition, state, edition_id, line_id) VALUES(2415, 1, 0, 70, 173);
INSERT INTO BOOK(book_id, condition, state, edition_id, line_id) VALUES(2416, 1, 0, 70, 11);
INSERT INTO BOOK(book_id, condition, state, edition_id, line_id) VALUES(2417, 1, 0, 70, 315);
INSERT INTO BOOK(book_id, condition, state, edition_id, line_id) VALUES(2418, 2, 0, 70, 119);
INSERT INTO BOOK(book_id, condition, state, edition_id, line_id) VALUES(2419, 1, 0, 70, 139);
INSERT INTO BOOK(book_id, condition, state, edition_id, line_id) VALUES(2420, 0, 0, 70, 277);
INSERT INTO BOOK(book_id, condition, state, edition_id, line_id) VALUES(2421, 0, 0, 70, 311);
INSERT INTO BOOK(book_id, condition, state, edition_id, line_id) VALUES(2422, 3, 0, 70, 120);
INSERT INTO BOOK(book_id, condition, state, edition_id, line_id) VALUES(2423, 1, 0, 70, 224);
INSERT INTO BOOK(book_id, condition, state, edition_id, line_id) VALUES(2424, 0, 0, 70, 124);
INSERT INTO BOOK(book_id, condition, state, edition_id, line_id) VALUES(2425, 2, 0, 70, 197);
INSERT INTO BOOK(book_id, condition, state, edition_id, line_id) VALUES(2426, 0, 0, 70, 322);
INSERT INTO BOOK(book_id, condition, state, edition_id, line_id) VALUES(2427, 0, 0, 70, 50);
INSERT INTO BOOK(book_id, condition, state, edition_id, line_id) VALUES(2428, 2, 0, 70, 89);
INSERT INTO BOOK(book_id, condition, state, edition_id, line_id) VALUES(2429, 0, 0, 70, 223);
INSERT INTO BOOK(book_id, condition, state, edition_id, line_id) VALUES(2430, 1, 0, 70, 218);
INSERT INTO BOOK(book_id, condition, state, edition_id, line_id) VALUES(2431, 1, 0, 70, 297);
INSERT INTO BOOK(book_id, condition, state, edition_id, line_id) VALUES(2432, 2, 0, 70, 243);
INSERT INTO BOOK(book_id, condition, state, edition_id, line_id) VALUES(2433, 1, 0, 70, 77);
INSERT INTO BOOK(book_id, condition, state, edition_id, line_id) VALUES(2434, 0, 0, 70, 220);
INSERT INTO BOOK(book_id, condition, state, edition_id, line_id) VALUES(2435, 2, 0, 70, 232);
INSERT INTO BOOK(book_id, condition, state, edition_id, line_id) VALUES(2436, 2, 0, 70, 36);
INSERT INTO BOOK(book_id, condition, state, edition_id, line_id) VALUES(2437, 0, 0, 70, 297);
INSERT INTO BOOK(book_id, condition, state, edition_id, line_id) VALUES(2438, 1, 0, 71, 175);
INSERT INTO BOOK(book_id, condition, state, edition_id, line_id) VALUES(2439, 0, 0, 71, 23);
INSERT INTO BOOK(book_id, condition, state, edition_id, line_id) VALUES(2440, 1, 0, 71, 294);
INSERT INTO BOOK(book_id, condition, state, edition_id, line_id) VALUES(2441, 1, 0, 71, 6);
INSERT INTO BOOK(book_id, condition, state, edition_id, line_id) VALUES(2442, 3, 0, 71, 62);
INSERT INTO BOOK(book_id, condition, state, edition_id, line_id) VALUES(2443, 2, 0, 71, 177);
INSERT INTO BOOK(book_id, condition, state, edition_id, line_id) VALUES(2444, 1, 0, 71, 292);
INSERT INTO BOOK(book_id, condition, state, edition_id, line_id) VALUES(2445, 1, 0, 71, 297);
INSERT INTO BOOK(book_id, condition, state, edition_id, line_id) VALUES(2446, 1, 0, 71, 135);
INSERT INTO BOOK(book_id, condition, state, edition_id, line_id) VALUES(2447, 1, 0, 71, 145);
INSERT INTO BOOK(book_id, condition, state, edition_id, line_id) VALUES(2448, 1, 0, 71, 184);
INSERT INTO BOOK(book_id, condition, state, edition_id, line_id) VALUES(2449, 2, 0, 71, 151);
INSERT INTO BOOK(book_id, condition, state, edition_id, line_id) VALUES(2450, 1, 0, 71, 235);
INSERT INTO BOOK(book_id, condition, state, edition_id, line_id) VALUES(2451, 2, 0, 71, 107);
INSERT INTO BOOK(book_id, condition, state, edition_id, line_id) VALUES(2452, 1, 0, 71, 191);
INSERT INTO BOOK(book_id, condition, state, edition_id, line_id) VALUES(2453, 2, 0, 71, 218);
INSERT INTO BOOK(book_id, condition, state, edition_id, line_id) VALUES(2454, 1, 0, 71, 247);
INSERT INTO BOOK(book_id, condition, state, edition_id, line_id) VALUES(2455, 2, 0, 71, 121);
INSERT INTO BOOK(book_id, condition, state, edition_id, line_id) VALUES(2456, 1, 0, 71, 296);
INSERT INTO BOOK(book_id, condition, state, edition_id, line_id) VALUES(2457, 0, 0, 71, 205);
INSERT INTO BOOK(book_id, condition, state, edition_id, line_id) VALUES(2458, 1, 0, 71, 117);
INSERT INTO BOOK(book_id, condition, state, edition_id, line_id) VALUES(2459, 0, 0, 71, 63);
INSERT INTO BOOK(book_id, condition, state, edition_id, line_id) VALUES(2460, 1, 0, 71, 73);
INSERT INTO BOOK(book_id, condition, state, edition_id, line_id) VALUES(2461, 1, 0, 71, 308);
INSERT INTO BOOK(book_id, condition, state, edition_id, line_id) VALUES(2462, 2, 0, 71, 56);
INSERT INTO BOOK(book_id, condition, state, edition_id, line_id) VALUES(2463, 1, 0, 71, 285);
INSERT INTO BOOK(book_id, condition, state, edition_id, line_id) VALUES(2464, 2, 0, 71, 97);
INSERT INTO BOOK(book_id, condition, state, edition_id, line_id) VALUES(2465, 1, 0, 71, 129);
INSERT INTO BOOK(book_id, condition, state, edition_id, line_id) VALUES(2466, 0, 0, 71, 208);
INSERT INTO BOOK(book_id, condition, state, edition_id, line_id) VALUES(2467, 2, 0, 71, 149);
INSERT INTO BOOK(book_id, condition, state, edition_id, line_id) VALUES(2468, 2, 0, 71, 258);
INSERT INTO BOOK(book_id, condition, state, edition_id, line_id) VALUES(2469, 0, 0, 71, 29);
INSERT INTO BOOK(book_id, condition, state, edition_id, line_id) VALUES(2470, 1, 0, 71, 104);
INSERT INTO BOOK(book_id, condition, state, edition_id, line_id) VALUES(2471, 1, 0, 71, 52);
INSERT INTO BOOK(book_id, condition, state, edition_id, line_id) VALUES(2472, 1, 0, 71, 87);
INSERT INTO BOOK(book_id, condition, state, edition_id, line_id) VALUES(2473, 3, 0, 72, 242);
INSERT INTO BOOK(book_id, condition, state, edition_id, line_id) VALUES(2474, 3, 0, 72, 18);
INSERT INTO BOOK(book_id, condition, state, edition_id, line_id) VALUES(2475, 1, 0, 72, 220);
INSERT INTO BOOK(book_id, condition, state, edition_id, line_id) VALUES(2476, 0, 0, 72, 176);
INSERT INTO BOOK(book_id, condition, state, edition_id, line_id) VALUES(2477, 0, 0, 72, 199);
INSERT INTO BOOK(book_id, condition, state, edition_id, line_id) VALUES(2478, 0, 0, 72, 126);
INSERT INTO BOOK(book_id, condition, state, edition_id, line_id) VALUES(2479, 1, 0, 72, 44);
INSERT INTO BOOK(book_id, condition, state, edition_id, line_id) VALUES(2480, 0, 0, 72, 31);
INSERT INTO BOOK(book_id, condition, state, edition_id, line_id) VALUES(2481, 2, 0, 72, 213);
INSERT INTO BOOK(book_id, condition, state, edition_id, line_id) VALUES(2482, 0, 0, 72, 172);
INSERT INTO BOOK(book_id, condition, state, edition_id, line_id) VALUES(2483, 1, 0, 72, 149);
INSERT INTO BOOK(book_id, condition, state, edition_id, line_id) VALUES(2484, 0, 0, 72, 254);
INSERT INTO BOOK(book_id, condition, state, edition_id, line_id) VALUES(2485, 3, 0, 72, 115);
INSERT INTO BOOK(book_id, condition, state, edition_id, line_id) VALUES(2486, 0, 0, 72, 198);
INSERT INTO BOOK(book_id, condition, state, edition_id, line_id) VALUES(2487, 1, 0, 72, 15);
INSERT INTO BOOK(book_id, condition, state, edition_id, line_id) VALUES(2488, 1, 0, 72, 13);
INSERT INTO BOOK(book_id, condition, state, edition_id, line_id) VALUES(2489, 1, 0, 72, 166);
INSERT INTO BOOK(book_id, condition, state, edition_id, line_id) VALUES(2490, 2, 0, 72, 258);
INSERT INTO BOOK(book_id, condition, state, edition_id, line_id) VALUES(2491, 1, 0, 72, 60);
INSERT INTO BOOK(book_id, condition, state, edition_id, line_id) VALUES(2492, 3, 0, 72, 303);
INSERT INTO BOOK(book_id, condition, state, edition_id, line_id) VALUES(2493, 3, 0, 72, 314);
INSERT INTO BOOK(book_id, condition, state, edition_id, line_id) VALUES(2494, 0, 0, 72, 167);
INSERT INTO BOOK(book_id, condition, state, edition_id, line_id) VALUES(2495, 1, 0, 72, 170);
INSERT INTO BOOK(book_id, condition, state, edition_id, line_id) VALUES(2496, 1, 0, 72, 157);
INSERT INTO BOOK(book_id, condition, state, edition_id, line_id) VALUES(2497, 2, 0, 72, 245);
INSERT INTO BOOK(book_id, condition, state, edition_id, line_id) VALUES(2498, 0, 0, 72, 15);
INSERT INTO BOOK(book_id, condition, state, edition_id, line_id) VALUES(2499, 2, 0, 72, 224);
INSERT INTO BOOK(book_id, condition, state, edition_id, line_id) VALUES(2500, 3, 0, 72, 29);
INSERT INTO BOOK(book_id, condition, state, edition_id, line_id) VALUES(2501, 1, 0, 72, 19);
INSERT INTO BOOK(book_id, condition, state, edition_id, line_id) VALUES(2502, 2, 0, 72, 176);
INSERT INTO BOOK(book_id, condition, state, edition_id, line_id) VALUES(2503, 0, 0, 72, 133);
INSERT INTO BOOK(book_id, condition, state, edition_id, line_id) VALUES(2504, 3, 0, 72, 146);
INSERT INTO BOOK(book_id, condition, state, edition_id, line_id) VALUES(2505, 2, 0, 72, 308);
INSERT INTO BOOK(book_id, condition, state, edition_id, line_id) VALUES(2506, 0, 0, 72, 13);
INSERT INTO BOOK(book_id, condition, state, edition_id, line_id) VALUES(2507, 1, 0, 72, 62);
INSERT INTO BOOK(book_id, condition, state, edition_id, line_id) VALUES(2508, 2, 0, 72, 283);
INSERT INTO BOOK(book_id, condition, state, edition_id, line_id) VALUES(2509, 1, 0, 72, 157);
INSERT INTO BOOK(book_id, condition, state, edition_id, line_id) VALUES(2510, 2, 0, 72, 154);
INSERT INTO BOOK(book_id, condition, state, edition_id, line_id) VALUES(2511, 1, 0, 72, 95);
INSERT INTO BOOK(book_id, condition, state, edition_id, line_id) VALUES(2512, 1, 0, 72, 327);
INSERT INTO BOOK(book_id, condition, state, edition_id, line_id) VALUES(2513, 2, 0, 72, 32);
INSERT INTO BOOK(book_id, condition, state, edition_id, line_id) VALUES(2514, 1, 0, 73, 315);
INSERT INTO BOOK(book_id, condition, state, edition_id, line_id) VALUES(2515, 1, 0, 73, 42);
INSERT INTO BOOK(book_id, condition, state, edition_id, line_id) VALUES(2516, 2, 0, 73, 85);
INSERT INTO BOOK(book_id, condition, state, edition_id, line_id) VALUES(2517, 1, 0, 73, 121);
INSERT INTO BOOK(book_id, condition, state, edition_id, line_id) VALUES(2518, 0, 0, 73, 218);
INSERT INTO BOOK(book_id, condition, state, edition_id, line_id) VALUES(2519, 0, 0, 73, 253);
INSERT INTO BOOK(book_id, condition, state, edition_id, line_id) VALUES(2520, 1, 0, 73, 160);
INSERT INTO BOOK(book_id, condition, state, edition_id, line_id) VALUES(2521, 1, 0, 73, 11);
INSERT INTO BOOK(book_id, condition, state, edition_id, line_id) VALUES(2522, 1, 0, 73, 246);
INSERT INTO BOOK(book_id, condition, state, edition_id, line_id) VALUES(2523, 2, 0, 73, 145);
INSERT INTO BOOK(book_id, condition, state, edition_id, line_id) VALUES(2524, 1, 0, 73, 207);
INSERT INTO BOOK(book_id, condition, state, edition_id, line_id) VALUES(2525, 0, 0, 73, 93);
INSERT INTO BOOK(book_id, condition, state, edition_id, line_id) VALUES(2526, 2, 0, 73, 213);
INSERT INTO BOOK(book_id, condition, state, edition_id, line_id) VALUES(2527, 3, 0, 73, 50);
INSERT INTO BOOK(book_id, condition, state, edition_id, line_id) VALUES(2528, 1, 0, 73, 234);
INSERT INTO BOOK(book_id, condition, state, edition_id, line_id) VALUES(2529, 1, 0, 73, 53);
INSERT INTO BOOK(book_id, condition, state, edition_id, line_id) VALUES(2530, 1, 0, 73, 97);
INSERT INTO BOOK(book_id, condition, state, edition_id, line_id) VALUES(2531, 0, 0, 73, 145);
INSERT INTO BOOK(book_id, condition, state, edition_id, line_id) VALUES(2532, 3, 0, 73, 40);
INSERT INTO BOOK(book_id, condition, state, edition_id, line_id) VALUES(2533, 0, 0, 73, 304);
INSERT INTO BOOK(book_id, condition, state, edition_id, line_id) VALUES(2534, 3, 0, 73, 258);
INSERT INTO BOOK(book_id, condition, state, edition_id, line_id) VALUES(2535, 1, 0, 73, 211);
INSERT INTO BOOK(book_id, condition, state, edition_id, line_id) VALUES(2536, 2, 0, 73, 274);
INSERT INTO BOOK(book_id, condition, state, edition_id, line_id) VALUES(2537, 0, 0, 73, 118);
INSERT INTO BOOK(book_id, condition, state, edition_id, line_id) VALUES(2538, 1, 0, 73, 236);
INSERT INTO BOOK(book_id, condition, state, edition_id, line_id) VALUES(2539, 2, 0, 73, 201);
INSERT INTO BOOK(book_id, condition, state, edition_id, line_id) VALUES(2540, 3, 0, 73, 178);
INSERT INTO BOOK(book_id, condition, state, edition_id, line_id) VALUES(2541, 2, 0, 73, 207);
INSERT INTO BOOK(book_id, condition, state, edition_id, line_id) VALUES(2542, 2, 0, 74, 163);
INSERT INTO BOOK(book_id, condition, state, edition_id, line_id) VALUES(2543, 2, 0, 74, 282);
INSERT INTO BOOK(book_id, condition, state, edition_id, line_id) VALUES(2544, 1, 0, 74, 184);
INSERT INTO BOOK(book_id, condition, state, edition_id, line_id) VALUES(2545, 0, 0, 74, 266);
INSERT INTO BOOK(book_id, condition, state, edition_id, line_id) VALUES(2546, 1, 0, 74, 106);
INSERT INTO BOOK(book_id, condition, state, edition_id, line_id) VALUES(2547, 1, 0, 74, 177);
INSERT INTO BOOK(book_id, condition, state, edition_id, line_id) VALUES(2548, 1, 0, 74, 326);
INSERT INTO BOOK(book_id, condition, state, edition_id, line_id) VALUES(2549, 0, 0, 74, 87);
INSERT INTO BOOK(book_id, condition, state, edition_id, line_id) VALUES(2550, 3, 0, 74, 254);
INSERT INTO BOOK(book_id, condition, state, edition_id, line_id) VALUES(2551, 3, 0, 74, 91);
INSERT INTO BOOK(book_id, condition, state, edition_id, line_id) VALUES(2552, 0, 0, 74, 74);
INSERT INTO BOOK(book_id, condition, state, edition_id, line_id) VALUES(2553, 1, 0, 74, 304);
INSERT INTO BOOK(book_id, condition, state, edition_id, line_id) VALUES(2554, 2, 0, 74, 92);
INSERT INTO BOOK(book_id, condition, state, edition_id, line_id) VALUES(2555, 0, 0, 74, 145);
INSERT INTO BOOK(book_id, condition, state, edition_id, line_id) VALUES(2556, 0, 0, 75, 42);
INSERT INTO BOOK(book_id, condition, state, edition_id, line_id) VALUES(2557, 2, 0, 75, 188);
INSERT INTO BOOK(book_id, condition, state, edition_id, line_id) VALUES(2558, 0, 0, 75, 106);
INSERT INTO BOOK(book_id, condition, state, edition_id, line_id) VALUES(2559, 0, 0, 75, 140);
INSERT INTO BOOK(book_id, condition, state, edition_id, line_id) VALUES(2560, 1, 0, 75, 174);
INSERT INTO BOOK(book_id, condition, state, edition_id, line_id) VALUES(2561, 1, 0, 75, 280);
INSERT INTO BOOK(book_id, condition, state, edition_id, line_id) VALUES(2562, 3, 0, 75, 44);
INSERT INTO BOOK(book_id, condition, state, edition_id, line_id) VALUES(2563, 1, 0, 75, 66);
INSERT INTO BOOK(book_id, condition, state, edition_id, line_id) VALUES(2564, 1, 0, 75, 30);
INSERT INTO BOOK(book_id, condition, state, edition_id, line_id) VALUES(2565, 1, 0, 75, 34);
INSERT INTO BOOK(book_id, condition, state, edition_id, line_id) VALUES(2566, 1, 0, 75, 120);
INSERT INTO BOOK(book_id, condition, state, edition_id, line_id) VALUES(2567, 3, 0, 75, 160);
INSERT INTO BOOK(book_id, condition, state, edition_id, line_id) VALUES(2568, 1, 0, 75, 137);
INSERT INTO BOOK(book_id, condition, state, edition_id, line_id) VALUES(2569, 2, 0, 75, 311);
INSERT INTO BOOK(book_id, condition, state, edition_id, line_id) VALUES(2570, 1, 0, 76, 126);
INSERT INTO BOOK(book_id, condition, state, edition_id, line_id) VALUES(2571, 1, 0, 76, 119);
INSERT INTO BOOK(book_id, condition, state, edition_id, line_id) VALUES(2572, 3, 0, 76, 210);
INSERT INTO BOOK(book_id, condition, state, edition_id, line_id) VALUES(2573, 1, 0, 76, 308);
INSERT INTO BOOK(book_id, condition, state, edition_id, line_id) VALUES(2574, 0, 0, 76, 142);
INSERT INTO BOOK(book_id, condition, state, edition_id, line_id) VALUES(2575, 3, 0, 76, 261);
INSERT INTO BOOK(book_id, condition, state, edition_id, line_id) VALUES(2576, 0, 0, 76, 84);
INSERT INTO BOOK(book_id, condition, state, edition_id, line_id) VALUES(2577, 3, 0, 76, 31);
INSERT INTO BOOK(book_id, condition, state, edition_id, line_id) VALUES(2578, 0, 0, 76, 144);
INSERT INTO BOOK(book_id, condition, state, edition_id, line_id) VALUES(2579, 2, 0, 76, 145);
INSERT INTO BOOK(book_id, condition, state, edition_id, line_id) VALUES(2580, 1, 0, 76, 290);
INSERT INTO BOOK(book_id, condition, state, edition_id, line_id) VALUES(2581, 0, 0, 76, 319);
INSERT INTO BOOK(book_id, condition, state, edition_id, line_id) VALUES(2582, 2, 0, 76, 317);
INSERT INTO BOOK(book_id, condition, state, edition_id, line_id) VALUES(2583, 0, 0, 76, 54);
INSERT INTO BOOK(book_id, condition, state, edition_id, line_id) VALUES(2584, 0, 0, 76, 259);
INSERT INTO BOOK(book_id, condition, state, edition_id, line_id) VALUES(2585, 0, 0, 76, 320);
INSERT INTO BOOK(book_id, condition, state, edition_id, line_id) VALUES(2586, 1, 0, 76, 87);
INSERT INTO BOOK(book_id, condition, state, edition_id, line_id) VALUES(2587, 1, 0, 76, 137);
INSERT INTO BOOK(book_id, condition, state, edition_id, line_id) VALUES(2588, 1, 0, 76, 116);
INSERT INTO BOOK(book_id, condition, state, edition_id, line_id) VALUES(2589, 0, 0, 76, 172);
INSERT INTO BOOK(book_id, condition, state, edition_id, line_id) VALUES(2590, 1, 0, 76, 325);
INSERT INTO BOOK(book_id, condition, state, edition_id, line_id) VALUES(2591, 0, 0, 76, 222);
INSERT INTO BOOK(book_id, condition, state, edition_id, line_id) VALUES(2592, 1, 0, 76, 301);
INSERT INTO BOOK(book_id, condition, state, edition_id, line_id) VALUES(2593, 1, 0, 76, 39);
INSERT INTO BOOK(book_id, condition, state, edition_id, line_id) VALUES(2594, 1, 0, 76, 178);
INSERT INTO BOOK(book_id, condition, state, edition_id, line_id) VALUES(2595, 1, 0, 76, 63);
INSERT INTO BOOK(book_id, condition, state, edition_id, line_id) VALUES(2596, 2, 0, 76, 166);
INSERT INTO BOOK(book_id, condition, state, edition_id, line_id) VALUES(2597, 2, 0, 76, 308);
INSERT INTO BOOK(book_id, condition, state, edition_id, line_id) VALUES(2598, 0, 0, 76, 138);
INSERT INTO BOOK(book_id, condition, state, edition_id, line_id) VALUES(2599, 2, 0, 76, 238);
INSERT INTO BOOK(book_id, condition, state, edition_id, line_id) VALUES(2600, 2, 0, 77, 36);
INSERT INTO BOOK(book_id, condition, state, edition_id, line_id) VALUES(2601, 1, 0, 77, 230);
INSERT INTO BOOK(book_id, condition, state, edition_id, line_id) VALUES(2602, 1, 0, 77, 293);
INSERT INTO BOOK(book_id, condition, state, edition_id, line_id) VALUES(2603, 1, 0, 77, 233);
INSERT INTO BOOK(book_id, condition, state, edition_id, line_id) VALUES(2604, 1, 0, 77, 276);
INSERT INTO BOOK(book_id, condition, state, edition_id, line_id) VALUES(2605, 1, 0, 77, 239);
INSERT INTO BOOK(book_id, condition, state, edition_id, line_id) VALUES(2606, 0, 0, 77, 77);
INSERT INTO BOOK(book_id, condition, state, edition_id, line_id) VALUES(2607, 0, 0, 77, 241);
INSERT INTO BOOK(book_id, condition, state, edition_id, line_id) VALUES(2608, 1, 0, 77, 33);
INSERT INTO BOOK(book_id, condition, state, edition_id, line_id) VALUES(2609, 2, 0, 77, 105);
INSERT INTO BOOK(book_id, condition, state, edition_id, line_id) VALUES(2610, 2, 0, 77, 36);
INSERT INTO BOOK(book_id, condition, state, edition_id, line_id) VALUES(2611, 1, 0, 77, 65);
INSERT INTO BOOK(book_id, condition, state, edition_id, line_id) VALUES(2612, 3, 0, 77, 33);
INSERT INTO BOOK(book_id, condition, state, edition_id, line_id) VALUES(2613, 2, 0, 77, 139);
INSERT INTO BOOK(book_id, condition, state, edition_id, line_id) VALUES(2614, 1, 0, 77, 233);
INSERT INTO BOOK(book_id, condition, state, edition_id, line_id) VALUES(2615, 2, 0, 77, 159);
INSERT INTO BOOK(book_id, condition, state, edition_id, line_id) VALUES(2616, 0, 0, 77, 327);
INSERT INTO BOOK(book_id, condition, state, edition_id, line_id) VALUES(2617, 0, 0, 77, 27);
INSERT INTO BOOK(book_id, condition, state, edition_id, line_id) VALUES(2618, 2, 0, 77, 34);
INSERT INTO BOOK(book_id, condition, state, edition_id, line_id) VALUES(2619, 1, 0, 77, 44);
INSERT INTO BOOK(book_id, condition, state, edition_id, line_id) VALUES(2620, 0, 0, 77, 118);
INSERT INTO BOOK(book_id, condition, state, edition_id, line_id) VALUES(2621, 0, 0, 77, 133);
INSERT INTO BOOK(book_id, condition, state, edition_id, line_id) VALUES(2622, 1, 0, 77, 22);
INSERT INTO BOOK(book_id, condition, state, edition_id, line_id) VALUES(2623, 2, 0, 77, 44);
INSERT INTO BOOK(book_id, condition, state, edition_id, line_id) VALUES(2624, 2, 0, 77, 103);
INSERT INTO BOOK(book_id, condition, state, edition_id, line_id) VALUES(2625, 1, 0, 77, 59);
INSERT INTO BOOK(book_id, condition, state, edition_id, line_id) VALUES(2626, 3, 0, 77, 269);
INSERT INTO BOOK(book_id, condition, state, edition_id, line_id) VALUES(2627, 2, 0, 77, 299);
INSERT INTO BOOK(book_id, condition, state, edition_id, line_id) VALUES(2628, 1, 0, 77, 31);
INSERT INTO BOOK(book_id, condition, state, edition_id, line_id) VALUES(2629, 0, 0, 77, 105);
INSERT INTO BOOK(book_id, condition, state, edition_id, line_id) VALUES(2630, 3, 0, 77, 196);
INSERT INTO BOOK(book_id, condition, state, edition_id, line_id) VALUES(2631, 0, 0, 77, 323);
INSERT INTO BOOK(book_id, condition, state, edition_id, line_id) VALUES(2632, 1, 0, 77, 304);
INSERT INTO BOOK(book_id, condition, state, edition_id, line_id) VALUES(2633, 2, 0, 77, 120);
INSERT INTO BOOK(book_id, condition, state, edition_id, line_id) VALUES(2634, 1, 0, 77, 313);
INSERT INTO BOOK(book_id, condition, state, edition_id, line_id) VALUES(2635, 0, 0, 77, 98);
INSERT INTO BOOK(book_id, condition, state, edition_id, line_id) VALUES(2636, 1, 0, 77, 12);
INSERT INTO BOOK(book_id, condition, state, edition_id, line_id) VALUES(2637, 0, 0, 77, 281);
INSERT INTO BOOK(book_id, condition, state, edition_id, line_id) VALUES(2638, 1, 0, 77, 160);
INSERT INTO BOOK(book_id, condition, state, edition_id, line_id) VALUES(2639, 3, 0, 77, 120);
INSERT INTO BOOK(book_id, condition, state, edition_id, line_id) VALUES(2640, 3, 0, 77, 68);
INSERT INTO BOOK(book_id, condition, state, edition_id, line_id) VALUES(2641, 2, 0, 78, 113);
INSERT INTO BOOK(book_id, condition, state, edition_id, line_id) VALUES(2642, 3, 0, 78, 37);
INSERT INTO BOOK(book_id, condition, state, edition_id, line_id) VALUES(2643, 0, 0, 78, 132);
INSERT INTO BOOK(book_id, condition, state, edition_id, line_id) VALUES(2644, 1, 0, 78, 200);
INSERT INTO BOOK(book_id, condition, state, edition_id, line_id) VALUES(2645, 1, 0, 78, 11);
INSERT INTO BOOK(book_id, condition, state, edition_id, line_id) VALUES(2646, 3, 0, 78, 185);
INSERT INTO BOOK(book_id, condition, state, edition_id, line_id) VALUES(2647, 2, 0, 78, 203);
INSERT INTO BOOK(book_id, condition, state, edition_id, line_id) VALUES(2648, 1, 0, 78, 176);
INSERT INTO BOOK(book_id, condition, state, edition_id, line_id) VALUES(2649, 0, 0, 78, 273);
INSERT INTO BOOK(book_id, condition, state, edition_id, line_id) VALUES(2650, 0, 0, 78, 17);
INSERT INTO BOOK(book_id, condition, state, edition_id, line_id) VALUES(2651, 1, 0, 78, 84);
INSERT INTO BOOK(book_id, condition, state, edition_id, line_id) VALUES(2652, 0, 0, 78, 279);
INSERT INTO BOOK(book_id, condition, state, edition_id, line_id) VALUES(2653, 0, 0, 78, 196);
INSERT INTO BOOK(book_id, condition, state, edition_id, line_id) VALUES(2654, 0, 0, 78, 5);
INSERT INTO BOOK(book_id, condition, state, edition_id, line_id) VALUES(2655, 2, 0, 78, 63);
INSERT INTO BOOK(book_id, condition, state, edition_id, line_id) VALUES(2656, 1, 0, 78, 231);
INSERT INTO BOOK(book_id, condition, state, edition_id, line_id) VALUES(2657, 1, 0, 78, 231);
INSERT INTO BOOK(book_id, condition, state, edition_id, line_id) VALUES(2658, 0, 0, 79, 279);
INSERT INTO BOOK(book_id, condition, state, edition_id, line_id) VALUES(2659, 0, 0, 79, 126);
INSERT INTO BOOK(book_id, condition, state, edition_id, line_id) VALUES(2660, 1, 0, 79, 0);
INSERT INTO BOOK(book_id, condition, state, edition_id, line_id) VALUES(2661, 3, 0, 79, 171);
INSERT INTO BOOK(book_id, condition, state, edition_id, line_id) VALUES(2662, 0, 0, 79, 40);
INSERT INTO BOOK(book_id, condition, state, edition_id, line_id) VALUES(2663, 1, 0, 79, 98);
INSERT INTO BOOK(book_id, condition, state, edition_id, line_id) VALUES(2664, 0, 0, 79, 197);
INSERT INTO BOOK(book_id, condition, state, edition_id, line_id) VALUES(2665, 2, 0, 79, 261);
INSERT INTO BOOK(book_id, condition, state, edition_id, line_id) VALUES(2666, 0, 0, 79, 12);
INSERT INTO BOOK(book_id, condition, state, edition_id, line_id) VALUES(2667, 3, 0, 79, 195);
INSERT INTO BOOK(book_id, condition, state, edition_id, line_id) VALUES(2668, 1, 0, 79, 170);
INSERT INTO BOOK(book_id, condition, state, edition_id, line_id) VALUES(2669, 2, 0, 79, 220);
INSERT INTO BOOK(book_id, condition, state, edition_id, line_id) VALUES(2670, 0, 0, 79, 160);
INSERT INTO BOOK(book_id, condition, state, edition_id, line_id) VALUES(2671, 0, 0, 79, 60);
INSERT INTO BOOK(book_id, condition, state, edition_id, line_id) VALUES(2672, 0, 0, 79, 163);
INSERT INTO BOOK(book_id, condition, state, edition_id, line_id) VALUES(2673, 3, 0, 79, 123);
INSERT INTO BOOK(book_id, condition, state, edition_id, line_id) VALUES(2674, 2, 0, 79, 306);
INSERT INTO BOOK(book_id, condition, state, edition_id, line_id) VALUES(2675, 1, 0, 79, 254);
INSERT INTO BOOK(book_id, condition, state, edition_id, line_id) VALUES(2676, 1, 0, 79, 245);
INSERT INTO BOOK(book_id, condition, state, edition_id, line_id) VALUES(2677, 0, 0, 79, 248);
INSERT INTO BOOK(book_id, condition, state, edition_id, line_id) VALUES(2678, 3, 0, 79, 2);
INSERT INTO BOOK(book_id, condition, state, edition_id, line_id) VALUES(2679, 1, 0, 79, 125);
INSERT INTO BOOK(book_id, condition, state, edition_id, line_id) VALUES(2680, 3, 0, 79, 55);
INSERT INTO BOOK(book_id, condition, state, edition_id, line_id) VALUES(2681, 0, 0, 79, 140);
INSERT INTO BOOK(book_id, condition, state, edition_id, line_id) VALUES(2682, 2, 0, 79, 94);
INSERT INTO BOOK(book_id, condition, state, edition_id, line_id) VALUES(2683, 2, 0, 79, 328);
INSERT INTO BOOK(book_id, condition, state, edition_id, line_id) VALUES(2684, 1, 0, 79, 255);
INSERT INTO BOOK(book_id, condition, state, edition_id, line_id) VALUES(2685, 2, 0, 79, 252);
INSERT INTO BOOK(book_id, condition, state, edition_id, line_id) VALUES(2686, 0, 0, 79, 312);
INSERT INTO BOOK(book_id, condition, state, edition_id, line_id) VALUES(2687, 0, 0, 79, 163);
INSERT INTO BOOK(book_id, condition, state, edition_id, line_id) VALUES(2688, 1, 0, 79, 176);
INSERT INTO BOOK(book_id, condition, state, edition_id, line_id) VALUES(2689, 2, 0, 79, 251);
INSERT INTO BOOK(book_id, condition, state, edition_id, line_id) VALUES(2690, 1, 0, 79, 135);
INSERT INTO BOOK(book_id, condition, state, edition_id, line_id) VALUES(2691, 1, 0, 79, 155);
INSERT INTO BOOK(book_id, condition, state, edition_id, line_id) VALUES(2692, 1, 0, 79, 102);
INSERT INTO BOOK(book_id, condition, state, edition_id, line_id) VALUES(2693, 0, 0, 79, 192);
INSERT INTO BOOK(book_id, condition, state, edition_id, line_id) VALUES(2694, 0, 0, 79, 81);
INSERT INTO BOOK(book_id, condition, state, edition_id, line_id) VALUES(2695, 1, 0, 79, 281);
INSERT INTO BOOK(book_id, condition, state, edition_id, line_id) VALUES(2696, 1, 0, 79, 98);
INSERT INTO BOOK(book_id, condition, state, edition_id, line_id) VALUES(2697, 0, 0, 79, 241);
INSERT INTO BOOK(book_id, condition, state, edition_id, line_id) VALUES(2698, 1, 0, 79, 145);
INSERT INTO BOOK(book_id, condition, state, edition_id, line_id) VALUES(2699, 2, 0, 79, 126);
INSERT INTO BOOK(book_id, condition, state, edition_id, line_id) VALUES(2700, 2, 0, 79, 291);
INSERT INTO BOOK(book_id, condition, state, edition_id, line_id) VALUES(2701, 1, 0, 79, 46);
INSERT INTO BOOK(book_id, condition, state, edition_id, line_id) VALUES(2702, 0, 0, 79, 125);
INSERT INTO BOOK(book_id, condition, state, edition_id, line_id) VALUES(2703, 1, 0, 79, 24);
INSERT INTO BOOK(book_id, condition, state, edition_id, line_id) VALUES(2704, 1, 0, 79, 321);
INSERT INTO BOOK(book_id, condition, state, edition_id, line_id) VALUES(2705, 2, 0, 79, 304);
INSERT INTO BOOK(book_id, condition, state, edition_id, line_id) VALUES(2706, 1, 0, 79, 184);
INSERT INTO BOOK(book_id, condition, state, edition_id, line_id) VALUES(2707, 2, 0, 79, 129);
INSERT INTO BOOK(book_id, condition, state, edition_id, line_id) VALUES(2708, 0, 0, 79, 275);
INSERT INTO BOOK(book_id, condition, state, edition_id, line_id) VALUES(2709, 2, 0, 79, 132);
INSERT INTO BOOK(book_id, condition, state, edition_id, line_id) VALUES(2710, 3, 0, 80, 69);
INSERT INTO BOOK(book_id, condition, state, edition_id, line_id) VALUES(2711, 0, 0, 80, 218);
INSERT INTO BOOK(book_id, condition, state, edition_id, line_id) VALUES(2712, 0, 0, 80, 116);
INSERT INTO BOOK(book_id, condition, state, edition_id, line_id) VALUES(2713, 1, 0, 80, 284);
INSERT INTO BOOK(book_id, condition, state, edition_id, line_id) VALUES(2714, 0, 0, 80, 24);
INSERT INTO BOOK(book_id, condition, state, edition_id, line_id) VALUES(2715, 1, 0, 80, 185);
INSERT INTO BOOK(book_id, condition, state, edition_id, line_id) VALUES(2716, 0, 0, 80, 275);
INSERT INTO BOOK(book_id, condition, state, edition_id, line_id) VALUES(2717, 0, 0, 80, 212);
INSERT INTO BOOK(book_id, condition, state, edition_id, line_id) VALUES(2718, 0, 0, 80, 284);
INSERT INTO BOOK(book_id, condition, state, edition_id, line_id) VALUES(2719, 3, 0, 80, 106);
INSERT INTO BOOK(book_id, condition, state, edition_id, line_id) VALUES(2720, 0, 0, 80, 134);
INSERT INTO BOOK(book_id, condition, state, edition_id, line_id) VALUES(2721, 0, 0, 80, 144);
INSERT INTO BOOK(book_id, condition, state, edition_id, line_id) VALUES(2722, 0, 0, 80, 164);
INSERT INTO BOOK(book_id, condition, state, edition_id, line_id) VALUES(2723, 3, 0, 80, 44);
INSERT INTO BOOK(book_id, condition, state, edition_id, line_id) VALUES(2724, 3, 0, 80, 312);
INSERT INTO BOOK(book_id, condition, state, edition_id, line_id) VALUES(2725, 2, 0, 80, 32);
INSERT INTO BOOK(book_id, condition, state, edition_id, line_id) VALUES(2726, 1, 0, 80, 40);
INSERT INTO BOOK(book_id, condition, state, edition_id, line_id) VALUES(2727, 0, 0, 80, 287);
INSERT INTO BOOK(book_id, condition, state, edition_id, line_id) VALUES(2728, 0, 0, 80, 194);
INSERT INTO BOOK(book_id, condition, state, edition_id, line_id) VALUES(2729, 1, 0, 80, 162);
INSERT INTO BOOK(book_id, condition, state, edition_id, line_id) VALUES(2730, 1, 0, 80, 65);
INSERT INTO BOOK(book_id, condition, state, edition_id, line_id) VALUES(2731, 1, 0, 80, 170);
INSERT INTO BOOK(book_id, condition, state, edition_id, line_id) VALUES(2732, 1, 0, 80, 33);
INSERT INTO BOOK(book_id, condition, state, edition_id, line_id) VALUES(2733, 3, 0, 80, 114);
INSERT INTO BOOK(book_id, condition, state, edition_id, line_id) VALUES(2734, 0, 0, 80, 210);
INSERT INTO BOOK(book_id, condition, state, edition_id, line_id) VALUES(2735, 2, 0, 80, 295);
INSERT INTO BOOK(book_id, condition, state, edition_id, line_id) VALUES(2736, 1, 0, 80, 92);
INSERT INTO BOOK(book_id, condition, state, edition_id, line_id) VALUES(2737, 3, 0, 80, 21);
INSERT INTO BOOK(book_id, condition, state, edition_id, line_id) VALUES(2738, 0, 0, 80, 111);
INSERT INTO BOOK(book_id, condition, state, edition_id, line_id) VALUES(2739, 1, 0, 80, 214);
INSERT INTO BOOK(book_id, condition, state, edition_id, line_id) VALUES(2740, 2, 0, 80, 12);
INSERT INTO BOOK(book_id, condition, state, edition_id, line_id) VALUES(2741, 2, 0, 80, 70);
INSERT INTO BOOK(book_id, condition, state, edition_id, line_id) VALUES(2742, 1, 0, 80, 222);
INSERT INTO BOOK(book_id, condition, state, edition_id, line_id) VALUES(2743, 1, 0, 80, 318);
INSERT INTO BOOK(book_id, condition, state, edition_id, line_id) VALUES(2744, 0, 0, 80, 66);
INSERT INTO BOOK(book_id, condition, state, edition_id, line_id) VALUES(2745, 2, 0, 80, 288);
INSERT INTO BOOK(book_id, condition, state, edition_id, line_id) VALUES(2746, 0, 0, 80, 108);
INSERT INTO BOOK(book_id, condition, state, edition_id, line_id) VALUES(2747, 1, 0, 80, 302);
INSERT INTO BOOK(book_id, condition, state, edition_id, line_id) VALUES(2748, 0, 0, 80, 105);
INSERT INTO BOOK(book_id, condition, state, edition_id, line_id) VALUES(2749, 2, 0, 80, 270);
INSERT INTO BOOK(book_id, condition, state, edition_id, line_id) VALUES(2750, 1, 0, 80, 124);
INSERT INTO BOOK(book_id, condition, state, edition_id, line_id) VALUES(2751, 2, 0, 80, 324);
INSERT INTO BOOK(book_id, condition, state, edition_id, line_id) VALUES(2752, 3, 0, 80, 10);
INSERT INTO BOOK(book_id, condition, state, edition_id, line_id) VALUES(2753, 1, 0, 80, 296);
INSERT INTO BOOK(book_id, condition, state, edition_id, line_id) VALUES(2754, 2, 0, 80, 193);
INSERT INTO BOOK(book_id, condition, state, edition_id, line_id) VALUES(2755, 0, 0, 80, 305);
INSERT INTO BOOK(book_id, condition, state, edition_id, line_id) VALUES(2756, 3, 0, 80, 149);
INSERT INTO BOOK(book_id, condition, state, edition_id, line_id) VALUES(2757, 1, 0, 80, 60);
INSERT INTO BOOK(book_id, condition, state, edition_id, line_id) VALUES(2758, 0, 0, 80, 74);
INSERT INTO BOOK(book_id, condition, state, edition_id, line_id) VALUES(2759, 1, 0, 80, 285);
INSERT INTO BOOK(book_id, condition, state, edition_id, line_id) VALUES(2760, 3, 0, 80, 313);
INSERT INTO BOOK(book_id, condition, state, edition_id, line_id) VALUES(2761, 1, 0, 80, 320);
INSERT INTO BOOK(book_id, condition, state, edition_id, line_id) VALUES(2762, 0, 0, 81, 287);
INSERT INTO BOOK(book_id, condition, state, edition_id, line_id) VALUES(2763, 1, 0, 81, 231);
INSERT INTO BOOK(book_id, condition, state, edition_id, line_id) VALUES(2764, 1, 0, 81, 127);
INSERT INTO BOOK(book_id, condition, state, edition_id, line_id) VALUES(2765, 0, 0, 81, 193);
INSERT INTO BOOK(book_id, condition, state, edition_id, line_id) VALUES(2766, 1, 0, 81, 125);
INSERT INTO BOOK(book_id, condition, state, edition_id, line_id) VALUES(2767, 1, 0, 81, 85);
INSERT INTO BOOK(book_id, condition, state, edition_id, line_id) VALUES(2768, 1, 0, 81, 155);
INSERT INTO BOOK(book_id, condition, state, edition_id, line_id) VALUES(2769, 1, 0, 81, 234);
INSERT INTO BOOK(book_id, condition, state, edition_id, line_id) VALUES(2770, 1, 0, 81, 255);
INSERT INTO BOOK(book_id, condition, state, edition_id, line_id) VALUES(2771, 0, 0, 81, 126);
INSERT INTO BOOK(book_id, condition, state, edition_id, line_id) VALUES(2772, 1, 0, 81, 277);
INSERT INTO BOOK(book_id, condition, state, edition_id, line_id) VALUES(2773, 1, 0, 81, 201);
INSERT INTO BOOK(book_id, condition, state, edition_id, line_id) VALUES(2774, 1, 0, 81, 277);
INSERT INTO BOOK(book_id, condition, state, edition_id, line_id) VALUES(2775, 1, 0, 81, 46);
INSERT INTO BOOK(book_id, condition, state, edition_id, line_id) VALUES(2776, 0, 0, 81, 233);
INSERT INTO BOOK(book_id, condition, state, edition_id, line_id) VALUES(2777, 1, 0, 81, 68);
INSERT INTO BOOK(book_id, condition, state, edition_id, line_id) VALUES(2778, 1, 0, 81, 25);
INSERT INTO BOOK(book_id, condition, state, edition_id, line_id) VALUES(2779, 2, 0, 81, 308);
INSERT INTO BOOK(book_id, condition, state, edition_id, line_id) VALUES(2780, 2, 0, 81, 22);
INSERT INTO BOOK(book_id, condition, state, edition_id, line_id) VALUES(2781, 3, 0, 81, 115);
INSERT INTO BOOK(book_id, condition, state, edition_id, line_id) VALUES(2782, 2, 0, 81, 262);
INSERT INTO BOOK(book_id, condition, state, edition_id, line_id) VALUES(2783, 2, 0, 81, 73);
INSERT INTO BOOK(book_id, condition, state, edition_id, line_id) VALUES(2784, 0, 0, 81, 64);
INSERT INTO BOOK(book_id, condition, state, edition_id, line_id) VALUES(2785, 1, 0, 81, 52);
INSERT INTO BOOK(book_id, condition, state, edition_id, line_id) VALUES(2786, 1, 0, 81, 57);
INSERT INTO BOOK(book_id, condition, state, edition_id, line_id) VALUES(2787, 0, 0, 81, 311);
INSERT INTO BOOK(book_id, condition, state, edition_id, line_id) VALUES(2788, 0, 0, 81, 204);
INSERT INTO BOOK(book_id, condition, state, edition_id, line_id) VALUES(2789, 0, 0, 81, 234);
INSERT INTO BOOK(book_id, condition, state, edition_id, line_id) VALUES(2790, 0, 0, 81, 328);
INSERT INTO BOOK(book_id, condition, state, edition_id, line_id) VALUES(2791, 2, 0, 81, 46);
INSERT INTO BOOK(book_id, condition, state, edition_id, line_id) VALUES(2792, 1, 0, 81, 154);
INSERT INTO BOOK(book_id, condition, state, edition_id, line_id) VALUES(2793, 1, 0, 81, 193);
INSERT INTO BOOK(book_id, condition, state, edition_id, line_id) VALUES(2794, 1, 0, 81, 26);
INSERT INTO BOOK(book_id, condition, state, edition_id, line_id) VALUES(2795, 3, 0, 81, 42);
INSERT INTO BOOK(book_id, condition, state, edition_id, line_id) VALUES(2796, 1, 0, 81, 24);
INSERT INTO BOOK(book_id, condition, state, edition_id, line_id) VALUES(2797, 1, 0, 81, 76);
INSERT INTO BOOK(book_id, condition, state, edition_id, line_id) VALUES(2798, 2, 0, 81, 162);
INSERT INTO BOOK(book_id, condition, state, edition_id, line_id) VALUES(2799, 1, 0, 81, 163);
INSERT INTO BOOK(book_id, condition, state, edition_id, line_id) VALUES(2800, 2, 0, 81, 198);
INSERT INTO BOOK(book_id, condition, state, edition_id, line_id) VALUES(2801, 1, 0, 81, 138);
INSERT INTO BOOK(book_id, condition, state, edition_id, line_id) VALUES(2802, 3, 0, 81, 314);
INSERT INTO BOOK(book_id, condition, state, edition_id, line_id) VALUES(2803, 3, 0, 81, 72);
INSERT INTO BOOK(book_id, condition, state, edition_id, line_id) VALUES(2804, 0, 0, 81, 6);
INSERT INTO BOOK(book_id, condition, state, edition_id, line_id) VALUES(2805, 1, 0, 81, 94);
INSERT INTO BOOK(book_id, condition, state, edition_id, line_id) VALUES(2806, 1, 0, 81, 248);
INSERT INTO BOOK(book_id, condition, state, edition_id, line_id) VALUES(2807, 1, 0, 81, 198);
INSERT INTO BOOK(book_id, condition, state, edition_id, line_id) VALUES(2808, 3, 0, 81, 83);
INSERT INTO BOOK(book_id, condition, state, edition_id, line_id) VALUES(2809, 1, 0, 81, 199);
INSERT INTO BOOK(book_id, condition, state, edition_id, line_id) VALUES(2810, 2, 0, 81, 178);
INSERT INTO BOOK(book_id, condition, state, edition_id, line_id) VALUES(2811, 1, 0, 81, 132);
INSERT INTO BOOK(book_id, condition, state, edition_id, line_id) VALUES(2812, 2, 0, 81, 165);
INSERT INTO BOOK(book_id, condition, state, edition_id, line_id) VALUES(2813, 1, 0, 81, 243);
INSERT INTO BOOK(book_id, condition, state, edition_id, line_id) VALUES(2814, 3, 0, 81, 296);
INSERT INTO BOOK(book_id, condition, state, edition_id, line_id) VALUES(2815, 0, 0, 81, 245);
INSERT INTO BOOK(book_id, condition, state, edition_id, line_id) VALUES(2816, 1, 0, 81, 191);
INSERT INTO BOOK(book_id, condition, state, edition_id, line_id) VALUES(2817, 2, 0, 81, 158);
INSERT INTO BOOK(book_id, condition, state, edition_id, line_id) VALUES(2818, 3, 0, 81, 179);
INSERT INTO BOOK(book_id, condition, state, edition_id, line_id) VALUES(2819, 1, 0, 81, 181);
INSERT INTO BOOK(book_id, condition, state, edition_id, line_id) VALUES(2820, 0, 0, 82, 54);
INSERT INTO BOOK(book_id, condition, state, edition_id, line_id) VALUES(2821, 0, 0, 82, 114);
INSERT INTO BOOK(book_id, condition, state, edition_id, line_id) VALUES(2822, 3, 0, 82, 287);
INSERT INTO BOOK(book_id, condition, state, edition_id, line_id) VALUES(2823, 2, 0, 82, 224);
INSERT INTO BOOK(book_id, condition, state, edition_id, line_id) VALUES(2824, 1, 0, 82, 91);
INSERT INTO BOOK(book_id, condition, state, edition_id, line_id) VALUES(2825, 0, 0, 82, 122);
INSERT INTO BOOK(book_id, condition, state, edition_id, line_id) VALUES(2826, 0, 0, 82, 78);
INSERT INTO BOOK(book_id, condition, state, edition_id, line_id) VALUES(2827, 1, 0, 82, 71);
INSERT INTO BOOK(book_id, condition, state, edition_id, line_id) VALUES(2828, 1, 0, 82, 240);
INSERT INTO BOOK(book_id, condition, state, edition_id, line_id) VALUES(2829, 0, 0, 82, 7);
INSERT INTO BOOK(book_id, condition, state, edition_id, line_id) VALUES(2830, 2, 0, 82, 57);
INSERT INTO BOOK(book_id, condition, state, edition_id, line_id) VALUES(2831, 0, 0, 82, 226);
INSERT INTO BOOK(book_id, condition, state, edition_id, line_id) VALUES(2832, 3, 0, 82, 113);
INSERT INTO BOOK(book_id, condition, state, edition_id, line_id) VALUES(2833, 0, 0, 82, 274);
INSERT INTO BOOK(book_id, condition, state, edition_id, line_id) VALUES(2834, 0, 0, 82, 329);
INSERT INTO BOOK(book_id, condition, state, edition_id, line_id) VALUES(2835, 2, 0, 82, 117);
INSERT INTO BOOK(book_id, condition, state, edition_id, line_id) VALUES(2836, 0, 0, 82, 319);
INSERT INTO BOOK(book_id, condition, state, edition_id, line_id) VALUES(2837, 1, 0, 82, 35);
INSERT INTO BOOK(book_id, condition, state, edition_id, line_id) VALUES(2838, 0, 0, 82, 58);
INSERT INTO BOOK(book_id, condition, state, edition_id, line_id) VALUES(2839, 1, 0, 82, 120);
INSERT INTO BOOK(book_id, condition, state, edition_id, line_id) VALUES(2840, 2, 0, 82, 166);
INSERT INTO BOOK(book_id, condition, state, edition_id, line_id) VALUES(2841, 1, 0, 82, 43);
INSERT INTO BOOK(book_id, condition, state, edition_id, line_id) VALUES(2842, 1, 0, 82, 140);
INSERT INTO BOOK(book_id, condition, state, edition_id, line_id) VALUES(2843, 3, 0, 82, 211);
INSERT INTO BOOK(book_id, condition, state, edition_id, line_id) VALUES(2844, 3, 0, 82, 259);
INSERT INTO BOOK(book_id, condition, state, edition_id, line_id) VALUES(2845, 1, 0, 82, 304);
INSERT INTO BOOK(book_id, condition, state, edition_id, line_id) VALUES(2846, 1, 0, 82, 166);
INSERT INTO BOOK(book_id, condition, state, edition_id, line_id) VALUES(2847, 0, 0, 82, 105);
INSERT INTO BOOK(book_id, condition, state, edition_id, line_id) VALUES(2848, 1, 0, 82, 179);
INSERT INTO BOOK(book_id, condition, state, edition_id, line_id) VALUES(2849, 3, 0, 82, 43);
INSERT INTO BOOK(book_id, condition, state, edition_id, line_id) VALUES(2850, 3, 0, 82, 191);
INSERT INTO BOOK(book_id, condition, state, edition_id, line_id) VALUES(2851, 0, 0, 82, 82);
INSERT INTO BOOK(book_id, condition, state, edition_id, line_id) VALUES(2852, 1, 0, 82, 225);
INSERT INTO BOOK(book_id, condition, state, edition_id, line_id) VALUES(2853, 1, 0, 82, 81);
INSERT INTO BOOK(book_id, condition, state, edition_id, line_id) VALUES(2854, 2, 0, 82, 36);
INSERT INTO BOOK(book_id, condition, state, edition_id, line_id) VALUES(2855, 1, 0, 82, 313);
INSERT INTO BOOK(book_id, condition, state, edition_id, line_id) VALUES(2856, 1, 0, 82, 26);
INSERT INTO BOOK(book_id, condition, state, edition_id, line_id) VALUES(2857, 1, 0, 82, 25);
INSERT INTO BOOK(book_id, condition, state, edition_id, line_id) VALUES(2858, 1, 0, 82, 206);
INSERT INTO BOOK(book_id, condition, state, edition_id, line_id) VALUES(2859, 1, 0, 82, 302);
INSERT INTO BOOK(book_id, condition, state, edition_id, line_id) VALUES(2860, 2, 0, 82, 4);
INSERT INTO BOOK(book_id, condition, state, edition_id, line_id) VALUES(2861, 2, 0, 82, 29);
INSERT INTO BOOK(book_id, condition, state, edition_id, line_id) VALUES(2862, 0, 0, 82, 30);
INSERT INTO BOOK(book_id, condition, state, edition_id, line_id) VALUES(2863, 0, 0, 82, 98);
INSERT INTO BOOK(book_id, condition, state, edition_id, line_id) VALUES(2864, 0, 0, 82, 291);
INSERT INTO BOOK(book_id, condition, state, edition_id, line_id) VALUES(2865, 1, 0, 82, 87);
INSERT INTO BOOK(book_id, condition, state, edition_id, line_id) VALUES(2866, 1, 0, 82, 209);
INSERT INTO BOOK(book_id, condition, state, edition_id, line_id) VALUES(2867, 0, 0, 82, 225);
INSERT INTO BOOK(book_id, condition, state, edition_id, line_id) VALUES(2868, 0, 0, 82, 6);
INSERT INTO BOOK(book_id, condition, state, edition_id, line_id) VALUES(2869, 2, 0, 83, 313);
INSERT INTO BOOK(book_id, condition, state, edition_id, line_id) VALUES(2870, 2, 0, 83, 217);
INSERT INTO BOOK(book_id, condition, state, edition_id, line_id) VALUES(2871, 1, 0, 83, 129);
INSERT INTO BOOK(book_id, condition, state, edition_id, line_id) VALUES(2872, 1, 0, 83, 136);
INSERT INTO BOOK(book_id, condition, state, edition_id, line_id) VALUES(2873, 0, 0, 83, 96);
INSERT INTO BOOK(book_id, condition, state, edition_id, line_id) VALUES(2874, 3, 0, 83, 28);
INSERT INTO BOOK(book_id, condition, state, edition_id, line_id) VALUES(2875, 0, 0, 83, 4);
INSERT INTO BOOK(book_id, condition, state, edition_id, line_id) VALUES(2876, 3, 0, 83, 184);
INSERT INTO BOOK(book_id, condition, state, edition_id, line_id) VALUES(2877, 2, 0, 83, 3);
INSERT INTO BOOK(book_id, condition, state, edition_id, line_id) VALUES(2878, 1, 0, 83, 161);
INSERT INTO BOOK(book_id, condition, state, edition_id, line_id) VALUES(2879, 2, 0, 83, 92);
INSERT INTO BOOK(book_id, condition, state, edition_id, line_id) VALUES(2880, 1, 0, 83, 165);
INSERT INTO BOOK(book_id, condition, state, edition_id, line_id) VALUES(2881, 1, 0, 83, 25);
INSERT INTO BOOK(book_id, condition, state, edition_id, line_id) VALUES(2882, 0, 0, 83, 236);
INSERT INTO BOOK(book_id, condition, state, edition_id, line_id) VALUES(2883, 0, 0, 83, 124);
INSERT INTO BOOK(book_id, condition, state, edition_id, line_id) VALUES(2884, 1, 0, 83, 55);
INSERT INTO BOOK(book_id, condition, state, edition_id, line_id) VALUES(2885, 0, 0, 83, 282);
INSERT INTO BOOK(book_id, condition, state, edition_id, line_id) VALUES(2886, 0, 0, 83, 229);
INSERT INTO BOOK(book_id, condition, state, edition_id, line_id) VALUES(2887, 0, 0, 83, 281);
INSERT INTO BOOK(book_id, condition, state, edition_id, line_id) VALUES(2888, 2, 0, 83, 165);
INSERT INTO BOOK(book_id, condition, state, edition_id, line_id) VALUES(2889, 1, 0, 83, 176);
INSERT INTO BOOK(book_id, condition, state, edition_id, line_id) VALUES(2890, 0, 0, 83, 311);
INSERT INTO BOOK(book_id, condition, state, edition_id, line_id) VALUES(2891, 0, 0, 83, 21);
INSERT INTO BOOK(book_id, condition, state, edition_id, line_id) VALUES(2892, 2, 0, 83, 296);
INSERT INTO BOOK(book_id, condition, state, edition_id, line_id) VALUES(2893, 0, 0, 83, 67);
INSERT INTO BOOK(book_id, condition, state, edition_id, line_id) VALUES(2894, 1, 0, 83, 126);
INSERT INTO BOOK(book_id, condition, state, edition_id, line_id) VALUES(2895, 1, 0, 83, 136);
INSERT INTO BOOK(book_id, condition, state, edition_id, line_id) VALUES(2896, 0, 0, 83, 292);
INSERT INTO BOOK(book_id, condition, state, edition_id, line_id) VALUES(2897, 3, 0, 83, 125);
INSERT INTO BOOK(book_id, condition, state, edition_id, line_id) VALUES(2898, 1, 0, 83, 31);
INSERT INTO BOOK(book_id, condition, state, edition_id, line_id) VALUES(2899, 1, 0, 83, 260);
INSERT INTO BOOK(book_id, condition, state, edition_id, line_id) VALUES(2900, 1, 0, 83, 119);
INSERT INTO BOOK(book_id, condition, state, edition_id, line_id) VALUES(2901, 3, 0, 83, 143);
INSERT INTO BOOK(book_id, condition, state, edition_id, line_id) VALUES(2902, 1, 0, 83, 188);
INSERT INTO BOOK(book_id, condition, state, edition_id, line_id) VALUES(2903, 0, 0, 83, 64);
INSERT INTO BOOK(book_id, condition, state, edition_id, line_id) VALUES(2904, 1, 0, 83, 64);
INSERT INTO BOOK(book_id, condition, state, edition_id, line_id) VALUES(2905, 0, 0, 83, 216);
INSERT INTO BOOK(book_id, condition, state, edition_id, line_id) VALUES(2906, 0, 0, 83, 41);
INSERT INTO BOOK(book_id, condition, state, edition_id, line_id) VALUES(2907, 3, 0, 83, 285);
INSERT INTO BOOK(book_id, condition, state, edition_id, line_id) VALUES(2908, 0, 0, 83, 71);
INSERT INTO BOOK(book_id, condition, state, edition_id, line_id) VALUES(2909, 1, 0, 83, 123);
INSERT INTO BOOK(book_id, condition, state, edition_id, line_id) VALUES(2910, 1, 0, 83, 256);
INSERT INTO BOOK(book_id, condition, state, edition_id, line_id) VALUES(2911, 0, 0, 83, 237);
INSERT INTO BOOK(book_id, condition, state, edition_id, line_id) VALUES(2912, 2, 0, 83, 179);
INSERT INTO BOOK(book_id, condition, state, edition_id, line_id) VALUES(2913, 0, 0, 83, 289);
INSERT INTO BOOK(book_id, condition, state, edition_id, line_id) VALUES(2914, 3, 0, 83, 227);
INSERT INTO BOOK(book_id, condition, state, edition_id, line_id) VALUES(2915, 2, 0, 83, 18);
INSERT INTO BOOK(book_id, condition, state, edition_id, line_id) VALUES(2916, 3, 0, 83, 25);
INSERT INTO BOOK(book_id, condition, state, edition_id, line_id) VALUES(2917, 2, 0, 83, 314);
INSERT INTO BOOK(book_id, condition, state, edition_id, line_id) VALUES(2918, 1, 0, 83, 180);
INSERT INTO BOOK(book_id, condition, state, edition_id, line_id) VALUES(2919, 2, 0, 83, 217);
INSERT INTO BOOK(book_id, condition, state, edition_id, line_id) VALUES(2920, 1, 0, 83, 119);
INSERT INTO BOOK(book_id, condition, state, edition_id, line_id) VALUES(2921, 0, 0, 83, 63);
INSERT INTO BOOK(book_id, condition, state, edition_id, line_id) VALUES(2922, 1, 0, 83, 101);
INSERT INTO BOOK(book_id, condition, state, edition_id, line_id) VALUES(2923, 1, 0, 84, 282);
INSERT INTO BOOK(book_id, condition, state, edition_id, line_id) VALUES(2924, 0, 0, 84, 263);
INSERT INTO BOOK(book_id, condition, state, edition_id, line_id) VALUES(2925, 1, 0, 84, 265);
INSERT INTO BOOK(book_id, condition, state, edition_id, line_id) VALUES(2926, 1, 0, 84, 198);
INSERT INTO BOOK(book_id, condition, state, edition_id, line_id) VALUES(2927, 0, 0, 84, 273);
INSERT INTO BOOK(book_id, condition, state, edition_id, line_id) VALUES(2928, 1, 0, 84, 209);
INSERT INTO BOOK(book_id, condition, state, edition_id, line_id) VALUES(2929, 3, 0, 84, 89);
INSERT INTO BOOK(book_id, condition, state, edition_id, line_id) VALUES(2930, 0, 0, 84, 150);
INSERT INTO BOOK(book_id, condition, state, edition_id, line_id) VALUES(2931, 1, 0, 84, 310);
INSERT INTO BOOK(book_id, condition, state, edition_id, line_id) VALUES(2932, 2, 0, 84, 80);
INSERT INTO BOOK(book_id, condition, state, edition_id, line_id) VALUES(2933, 2, 0, 84, 87);
INSERT INTO BOOK(book_id, condition, state, edition_id, line_id) VALUES(2934, 2, 0, 84, 130);
INSERT INTO BOOK(book_id, condition, state, edition_id, line_id) VALUES(2935, 0, 0, 84, 128);
INSERT INTO BOOK(book_id, condition, state, edition_id, line_id) VALUES(2936, 0, 0, 84, 243);
INSERT INTO BOOK(book_id, condition, state, edition_id, line_id) VALUES(2937, 1, 0, 84, 294);
INSERT INTO BOOK(book_id, condition, state, edition_id, line_id) VALUES(2938, 0, 0, 84, 107);
INSERT INTO BOOK(book_id, condition, state, edition_id, line_id) VALUES(2939, 1, 0, 84, 289);
INSERT INTO BOOK(book_id, condition, state, edition_id, line_id) VALUES(2940, 0, 0, 84, 158);
INSERT INTO BOOK(book_id, condition, state, edition_id, line_id) VALUES(2941, 1, 0, 84, 211);
INSERT INTO BOOK(book_id, condition, state, edition_id, line_id) VALUES(2942, 0, 0, 84, 57);
INSERT INTO BOOK(book_id, condition, state, edition_id, line_id) VALUES(2943, 0, 0, 84, 301);
INSERT INTO BOOK(book_id, condition, state, edition_id, line_id) VALUES(2944, 1, 0, 84, 156);
INSERT INTO BOOK(book_id, condition, state, edition_id, line_id) VALUES(2945, 2, 0, 84, 180);
INSERT INTO BOOK(book_id, condition, state, edition_id, line_id) VALUES(2946, 1, 0, 84, 302);
INSERT INTO BOOK(book_id, condition, state, edition_id, line_id) VALUES(2947, 3, 0, 84, 52);
INSERT INTO BOOK(book_id, condition, state, edition_id, line_id) VALUES(2948, 1, 0, 84, 249);
INSERT INTO BOOK(book_id, condition, state, edition_id, line_id) VALUES(2949, 1, 0, 84, 226);
INSERT INTO BOOK(book_id, condition, state, edition_id, line_id) VALUES(2950, 1, 0, 84, 187);
INSERT INTO BOOK(book_id, condition, state, edition_id, line_id) VALUES(2951, 0, 0, 85, 168);
INSERT INTO BOOK(book_id, condition, state, edition_id, line_id) VALUES(2952, 3, 0, 85, 322);
INSERT INTO BOOK(book_id, condition, state, edition_id, line_id) VALUES(2953, 0, 0, 85, 192);
INSERT INTO BOOK(book_id, condition, state, edition_id, line_id) VALUES(2954, 1, 0, 85, 43);
INSERT INTO BOOK(book_id, condition, state, edition_id, line_id) VALUES(2955, 1, 0, 85, 291);
INSERT INTO BOOK(book_id, condition, state, edition_id, line_id) VALUES(2956, 1, 0, 85, 240);
INSERT INTO BOOK(book_id, condition, state, edition_id, line_id) VALUES(2957, 1, 0, 85, 287);
INSERT INTO BOOK(book_id, condition, state, edition_id, line_id) VALUES(2958, 3, 0, 85, 174);
INSERT INTO BOOK(book_id, condition, state, edition_id, line_id) VALUES(2959, 1, 0, 85, 249);
INSERT INTO BOOK(book_id, condition, state, edition_id, line_id) VALUES(2960, 1, 0, 85, 301);
INSERT INTO BOOK(book_id, condition, state, edition_id, line_id) VALUES(2961, 1, 0, 85, 102);
INSERT INTO BOOK(book_id, condition, state, edition_id, line_id) VALUES(2962, 1, 0, 85, 48);
INSERT INTO BOOK(book_id, condition, state, edition_id, line_id) VALUES(2963, 1, 0, 85, 62);
INSERT INTO BOOK(book_id, condition, state, edition_id, line_id) VALUES(2964, 2, 0, 85, 148);
INSERT INTO BOOK(book_id, condition, state, edition_id, line_id) VALUES(2965, 2, 0, 85, 165);
INSERT INTO BOOK(book_id, condition, state, edition_id, line_id) VALUES(2966, 0, 0, 85, 215);
INSERT INTO BOOK(book_id, condition, state, edition_id, line_id) VALUES(2967, 0, 0, 85, 107);
INSERT INTO BOOK(book_id, condition, state, edition_id, line_id) VALUES(2968, 0, 0, 85, 110);
INSERT INTO BOOK(book_id, condition, state, edition_id, line_id) VALUES(2969, 0, 0, 85, 39);
INSERT INTO BOOK(book_id, condition, state, edition_id, line_id) VALUES(2970, 0, 0, 85, 219);
INSERT INTO BOOK(book_id, condition, state, edition_id, line_id) VALUES(2971, 0, 0, 85, 168);
INSERT INTO BOOK(book_id, condition, state, edition_id, line_id) VALUES(2972, 0, 0, 85, 277);
INSERT INTO BOOK(book_id, condition, state, edition_id, line_id) VALUES(2973, 0, 0, 85, 109);
INSERT INTO BOOK(book_id, condition, state, edition_id, line_id) VALUES(2974, 1, 0, 85, 159);
INSERT INTO BOOK(book_id, condition, state, edition_id, line_id) VALUES(2975, 0, 0, 85, 288);
INSERT INTO BOOK(book_id, condition, state, edition_id, line_id) VALUES(2976, 2, 0, 85, 248);
INSERT INTO BOOK(book_id, condition, state, edition_id, line_id) VALUES(2977, 0, 0, 85, 6);
INSERT INTO BOOK(book_id, condition, state, edition_id, line_id) VALUES(2978, 1, 0, 85, 219);
INSERT INTO BOOK(book_id, condition, state, edition_id, line_id) VALUES(2979, 2, 0, 85, 68);
INSERT INTO BOOK(book_id, condition, state, edition_id, line_id) VALUES(2980, 1, 0, 85, 296);
INSERT INTO BOOK(book_id, condition, state, edition_id, line_id) VALUES(2981, 2, 0, 85, 287);
INSERT INTO BOOK(book_id, condition, state, edition_id, line_id) VALUES(2982, 1, 0, 85, 166);
INSERT INTO BOOK(book_id, condition, state, edition_id, line_id) VALUES(2983, 1, 0, 85, 36);
INSERT INTO BOOK(book_id, condition, state, edition_id, line_id) VALUES(2984, 1, 0, 85, 189);
INSERT INTO BOOK(book_id, condition, state, edition_id, line_id) VALUES(2985, 1, 0, 85, 50);
INSERT INTO BOOK(book_id, condition, state, edition_id, line_id) VALUES(2986, 3, 0, 85, 209);
INSERT INTO BOOK(book_id, condition, state, edition_id, line_id) VALUES(2987, 3, 0, 85, 117);
INSERT INTO BOOK(book_id, condition, state, edition_id, line_id) VALUES(2988, 1, 0, 85, 225);
INSERT INTO BOOK(book_id, condition, state, edition_id, line_id) VALUES(2989, 0, 0, 85, 117);
INSERT INTO BOOK(book_id, condition, state, edition_id, line_id) VALUES(2990, 0, 0, 85, 254);
INSERT INTO BOOK(book_id, condition, state, edition_id, line_id) VALUES(2991, 2, 0, 85, 252);
INSERT INTO BOOK(book_id, condition, state, edition_id, line_id) VALUES(2992, 1, 0, 85, 314);
INSERT INTO BOOK(book_id, condition, state, edition_id, line_id) VALUES(2993, 1, 0, 85, 59);
INSERT INTO BOOK(book_id, condition, state, edition_id, line_id) VALUES(2994, 0, 0, 85, 106);
INSERT INTO BOOK(book_id, condition, state, edition_id, line_id) VALUES(2995, 2, 0, 85, 311);
INSERT INTO BOOK(book_id, condition, state, edition_id, line_id) VALUES(2996, 1, 0, 85, 189);
INSERT INTO BOOK(book_id, condition, state, edition_id, line_id) VALUES(2997, 1, 0, 85, 1);
INSERT INTO BOOK(book_id, condition, state, edition_id, line_id) VALUES(2998, 3, 0, 85, 278);
INSERT INTO BOOK(book_id, condition, state, edition_id, line_id) VALUES(2999, 0, 0, 85, 224);
INSERT INTO BOOK(book_id, condition, state, edition_id, line_id) VALUES(3000, 2, 0, 85, 322);
INSERT INTO BOOK(book_id, condition, state, edition_id, line_id) VALUES(3001, 1, 0, 85, 14);
INSERT INTO BOOK(book_id, condition, state, edition_id, line_id) VALUES(3002, 2, 0, 85, 165);
INSERT INTO BOOK(book_id, condition, state, edition_id, line_id) VALUES(3003, 0, 0, 85, 195);
INSERT INTO BOOK(book_id, condition, state, edition_id, line_id) VALUES(3004, 2, 0, 85, 285);
INSERT INTO BOOK(book_id, condition, state, edition_id, line_id) VALUES(3005, 2, 0, 85, 329);
INSERT INTO BOOK(book_id, condition, state, edition_id, line_id) VALUES(3006, 0, 0, 85, 39);
INSERT INTO BOOK(book_id, condition, state, edition_id, line_id) VALUES(3007, 0, 0, 85, 117);
INSERT INTO BOOK(book_id, condition, state, edition_id, line_id) VALUES(3008, 1, 0, 85, 192);
INSERT INTO BOOK(book_id, condition, state, edition_id, line_id) VALUES(3009, 1, 0, 85, 26);
INSERT INTO BOOK(book_id, condition, state, edition_id, line_id) VALUES(3010, 0, 0, 85, 253);
INSERT INTO BOOK(book_id, condition, state, edition_id, line_id) VALUES(3011, 0, 0, 86, 165);
INSERT INTO BOOK(book_id, condition, state, edition_id, line_id) VALUES(3012, 2, 0, 86, 317);
INSERT INTO BOOK(book_id, condition, state, edition_id, line_id) VALUES(3013, 2, 0, 86, 111);
INSERT INTO BOOK(book_id, condition, state, edition_id, line_id) VALUES(3014, 1, 0, 86, 151);
INSERT INTO BOOK(book_id, condition, state, edition_id, line_id) VALUES(3015, 3, 0, 86, 158);
INSERT INTO BOOK(book_id, condition, state, edition_id, line_id) VALUES(3016, 2, 0, 86, 309);
INSERT INTO BOOK(book_id, condition, state, edition_id, line_id) VALUES(3017, 3, 0, 86, 247);
INSERT INTO BOOK(book_id, condition, state, edition_id, line_id) VALUES(3018, 1, 0, 86, 15);
INSERT INTO BOOK(book_id, condition, state, edition_id, line_id) VALUES(3019, 2, 0, 86, 115);
INSERT INTO BOOK(book_id, condition, state, edition_id, line_id) VALUES(3020, 2, 0, 86, 150);
INSERT INTO BOOK(book_id, condition, state, edition_id, line_id) VALUES(3021, 2, 0, 86, 260);
INSERT INTO BOOK(book_id, condition, state, edition_id, line_id) VALUES(3022, 1, 0, 86, 156);
INSERT INTO BOOK(book_id, condition, state, edition_id, line_id) VALUES(3023, 1, 0, 86, 33);
INSERT INTO BOOK(book_id, condition, state, edition_id, line_id) VALUES(3024, 1, 0, 86, 135);
INSERT INTO BOOK(book_id, condition, state, edition_id, line_id) VALUES(3025, 1, 0, 86, 175);
INSERT INTO BOOK(book_id, condition, state, edition_id, line_id) VALUES(3026, 0, 0, 86, 327);
INSERT INTO BOOK(book_id, condition, state, edition_id, line_id) VALUES(3027, 0, 0, 86, 295);
INSERT INTO BOOK(book_id, condition, state, edition_id, line_id) VALUES(3028, 2, 0, 86, 321);
INSERT INTO BOOK(book_id, condition, state, edition_id, line_id) VALUES(3029, 1, 0, 86, 7);
INSERT INTO BOOK(book_id, condition, state, edition_id, line_id) VALUES(3030, 3, 0, 86, 38);
INSERT INTO BOOK(book_id, condition, state, edition_id, line_id) VALUES(3031, 0, 0, 86, 42);
INSERT INTO BOOK(book_id, condition, state, edition_id, line_id) VALUES(3032, 1, 0, 86, 296);
INSERT INTO BOOK(book_id, condition, state, edition_id, line_id) VALUES(3033, 3, 0, 86, 302);
INSERT INTO BOOK(book_id, condition, state, edition_id, line_id) VALUES(3034, 1, 0, 86, 147);
INSERT INTO BOOK(book_id, condition, state, edition_id, line_id) VALUES(3035, 1, 0, 86, 195);
INSERT INTO BOOK(book_id, condition, state, edition_id, line_id) VALUES(3036, 0, 0, 86, 247);
INSERT INTO BOOK(book_id, condition, state, edition_id, line_id) VALUES(3037, 0, 0, 86, 196);
INSERT INTO BOOK(book_id, condition, state, edition_id, line_id) VALUES(3038, 2, 0, 86, 123);
INSERT INTO BOOK(book_id, condition, state, edition_id, line_id) VALUES(3039, 1, 0, 86, 179);
INSERT INTO BOOK(book_id, condition, state, edition_id, line_id) VALUES(3040, 1, 0, 86, 302);
INSERT INTO BOOK(book_id, condition, state, edition_id, line_id) VALUES(3041, 0, 0, 86, 203);
INSERT INTO BOOK(book_id, condition, state, edition_id, line_id) VALUES(3042, 1, 0, 86, 84);
INSERT INTO BOOK(book_id, condition, state, edition_id, line_id) VALUES(3043, 1, 0, 86, 92);
INSERT INTO BOOK(book_id, condition, state, edition_id, line_id) VALUES(3044, 1, 0, 86, 123);
INSERT INTO BOOK(book_id, condition, state, edition_id, line_id) VALUES(3045, 1, 0, 86, 30);
INSERT INTO BOOK(book_id, condition, state, edition_id, line_id) VALUES(3046, 1, 0, 86, 262);
INSERT INTO BOOK(book_id, condition, state, edition_id, line_id) VALUES(3047, 0, 0, 86, 308);
INSERT INTO BOOK(book_id, condition, state, edition_id, line_id) VALUES(3048, 0, 0, 87, 227);
INSERT INTO BOOK(book_id, condition, state, edition_id, line_id) VALUES(3049, 0, 0, 87, 160);
INSERT INTO BOOK(book_id, condition, state, edition_id, line_id) VALUES(3050, 2, 0, 87, 326);
INSERT INTO BOOK(book_id, condition, state, edition_id, line_id) VALUES(3051, 1, 0, 87, 306);
INSERT INTO BOOK(book_id, condition, state, edition_id, line_id) VALUES(3052, 1, 0, 87, 258);
INSERT INTO BOOK(book_id, condition, state, edition_id, line_id) VALUES(3053, 1, 0, 87, 132);
INSERT INTO BOOK(book_id, condition, state, edition_id, line_id) VALUES(3054, 0, 0, 87, 286);
INSERT INTO BOOK(book_id, condition, state, edition_id, line_id) VALUES(3055, 2, 0, 87, 83);
INSERT INTO BOOK(book_id, condition, state, edition_id, line_id) VALUES(3056, 0, 0, 87, 194);
INSERT INTO BOOK(book_id, condition, state, edition_id, line_id) VALUES(3057, 0, 0, 87, 40);
INSERT INTO BOOK(book_id, condition, state, edition_id, line_id) VALUES(3058, 0, 0, 87, 29);
INSERT INTO BOOK(book_id, condition, state, edition_id, line_id) VALUES(3059, 1, 0, 87, 89);
INSERT INTO BOOK(book_id, condition, state, edition_id, line_id) VALUES(3060, 1, 0, 87, 75);
INSERT INTO BOOK(book_id, condition, state, edition_id, line_id) VALUES(3061, 1, 0, 87, 169);
INSERT INTO BOOK(book_id, condition, state, edition_id, line_id) VALUES(3062, 0, 0, 87, 107);
INSERT INTO BOOK(book_id, condition, state, edition_id, line_id) VALUES(3063, 1, 0, 87, 146);
INSERT INTO BOOK(book_id, condition, state, edition_id, line_id) VALUES(3064, 0, 0, 87, 320);
INSERT INTO BOOK(book_id, condition, state, edition_id, line_id) VALUES(3065, 0, 0, 87, 269);
INSERT INTO BOOK(book_id, condition, state, edition_id, line_id) VALUES(3066, 2, 0, 87, 101);
INSERT INTO BOOK(book_id, condition, state, edition_id, line_id) VALUES(3067, 1, 0, 87, 279);
INSERT INTO BOOK(book_id, condition, state, edition_id, line_id) VALUES(3068, 3, 0, 87, 204);
INSERT INTO BOOK(book_id, condition, state, edition_id, line_id) VALUES(3069, 3, 0, 87, 113);
INSERT INTO BOOK(book_id, condition, state, edition_id, line_id) VALUES(3070, 1, 0, 87, 270);
INSERT INTO BOOK(book_id, condition, state, edition_id, line_id) VALUES(3071, 2, 0, 87, 229);
INSERT INTO BOOK(book_id, condition, state, edition_id, line_id) VALUES(3072, 1, 0, 87, 227);
INSERT INTO BOOK(book_id, condition, state, edition_id, line_id) VALUES(3073, 0, 0, 87, 146);
INSERT INTO BOOK(book_id, condition, state, edition_id, line_id) VALUES(3074, 0, 0, 87, 246);
INSERT INTO BOOK(book_id, condition, state, edition_id, line_id) VALUES(3075, 2, 0, 87, 263);
INSERT INTO BOOK(book_id, condition, state, edition_id, line_id) VALUES(3076, 3, 0, 87, 37);
INSERT INTO BOOK(book_id, condition, state, edition_id, line_id) VALUES(3077, 1, 0, 87, 78);
INSERT INTO BOOK(book_id, condition, state, edition_id, line_id) VALUES(3078, 1, 0, 87, 327);
INSERT INTO BOOK(book_id, condition, state, edition_id, line_id) VALUES(3079, 0, 0, 87, 303);
INSERT INTO BOOK(book_id, condition, state, edition_id, line_id) VALUES(3080, 1, 0, 87, 77);
INSERT INTO BOOK(book_id, condition, state, edition_id, line_id) VALUES(3081, 0, 0, 87, 142);
INSERT INTO BOOK(book_id, condition, state, edition_id, line_id) VALUES(3082, 0, 0, 87, 10);
INSERT INTO BOOK(book_id, condition, state, edition_id, line_id) VALUES(3083, 1, 0, 87, 106);
INSERT INTO BOOK(book_id, condition, state, edition_id, line_id) VALUES(3084, 0, 0, 87, 155);
INSERT INTO BOOK(book_id, condition, state, edition_id, line_id) VALUES(3085, 2, 0, 87, 325);
INSERT INTO BOOK(book_id, condition, state, edition_id, line_id) VALUES(3086, 1, 0, 87, 179);
INSERT INTO BOOK(book_id, condition, state, edition_id, line_id) VALUES(3087, 1, 0, 88, 306);
INSERT INTO BOOK(book_id, condition, state, edition_id, line_id) VALUES(3088, 1, 0, 88, 168);
INSERT INTO BOOK(book_id, condition, state, edition_id, line_id) VALUES(3089, 1, 0, 88, 101);
INSERT INTO BOOK(book_id, condition, state, edition_id, line_id) VALUES(3090, 1, 0, 88, 283);
INSERT INTO BOOK(book_id, condition, state, edition_id, line_id) VALUES(3091, 3, 0, 88, 102);
INSERT INTO BOOK(book_id, condition, state, edition_id, line_id) VALUES(3092, 2, 0, 88, 113);
INSERT INTO BOOK(book_id, condition, state, edition_id, line_id) VALUES(3093, 1, 0, 88, 119);
INSERT INTO BOOK(book_id, condition, state, edition_id, line_id) VALUES(3094, 0, 0, 88, 2);
INSERT INTO BOOK(book_id, condition, state, edition_id, line_id) VALUES(3095, 0, 0, 88, 151);
INSERT INTO BOOK(book_id, condition, state, edition_id, line_id) VALUES(3096, 1, 0, 88, 44);
INSERT INTO BOOK(book_id, condition, state, edition_id, line_id) VALUES(3097, 1, 0, 88, 172);
INSERT INTO BOOK(book_id, condition, state, edition_id, line_id) VALUES(3098, 1, 0, 89, 237);
INSERT INTO BOOK(book_id, condition, state, edition_id, line_id) VALUES(3099, 1, 0, 89, 212);
INSERT INTO BOOK(book_id, condition, state, edition_id, line_id) VALUES(3100, 0, 0, 89, 106);
INSERT INTO BOOK(book_id, condition, state, edition_id, line_id) VALUES(3101, 1, 0, 89, 315);
INSERT INTO BOOK(book_id, condition, state, edition_id, line_id) VALUES(3102, 1, 0, 89, 327);
INSERT INTO BOOK(book_id, condition, state, edition_id, line_id) VALUES(3103, 2, 0, 89, 112);
INSERT INTO BOOK(book_id, condition, state, edition_id, line_id) VALUES(3104, 3, 0, 89, 316);
INSERT INTO BOOK(book_id, condition, state, edition_id, line_id) VALUES(3105, 0, 0, 89, 167);
INSERT INTO BOOK(book_id, condition, state, edition_id, line_id) VALUES(3106, 0, 0, 89, 101);
INSERT INTO BOOK(book_id, condition, state, edition_id, line_id) VALUES(3107, 0, 0, 89, 328);
INSERT INTO BOOK(book_id, condition, state, edition_id, line_id) VALUES(3108, 1, 0, 89, 53);
INSERT INTO BOOK(book_id, condition, state, edition_id, line_id) VALUES(3109, 1, 0, 89, 256);
INSERT INTO BOOK(book_id, condition, state, edition_id, line_id) VALUES(3110, 1, 0, 89, 106);
INSERT INTO BOOK(book_id, condition, state, edition_id, line_id) VALUES(3111, 3, 0, 89, 275);
INSERT INTO BOOK(book_id, condition, state, edition_id, line_id) VALUES(3112, 1, 0, 89, 282);
INSERT INTO BOOK(book_id, condition, state, edition_id, line_id) VALUES(3113, 1, 0, 89, 49);
INSERT INTO BOOK(book_id, condition, state, edition_id, line_id) VALUES(3114, 2, 0, 89, 26);
INSERT INTO BOOK(book_id, condition, state, edition_id, line_id) VALUES(3115, 1, 0, 89, 207);
INSERT INTO BOOK(book_id, condition, state, edition_id, line_id) VALUES(3116, 0, 0, 89, 247);
INSERT INTO BOOK(book_id, condition, state, edition_id, line_id) VALUES(3117, 0, 0, 89, 189);
INSERT INTO BOOK(book_id, condition, state, edition_id, line_id) VALUES(3118, 2, 0, 89, 155);
INSERT INTO BOOK(book_id, condition, state, edition_id, line_id) VALUES(3119, 1, 0, 89, 201);
INSERT INTO BOOK(book_id, condition, state, edition_id, line_id) VALUES(3120, 1, 0, 89, 36);
INSERT INTO BOOK(book_id, condition, state, edition_id, line_id) VALUES(3121, 2, 0, 89, 168);
INSERT INTO BOOK(book_id, condition, state, edition_id, line_id) VALUES(3122, 1, 0, 89, 39);
INSERT INTO BOOK(book_id, condition, state, edition_id, line_id) VALUES(3123, 0, 0, 89, 211);
INSERT INTO BOOK(book_id, condition, state, edition_id, line_id) VALUES(3124, 1, 0, 89, 251);
INSERT INTO BOOK(book_id, condition, state, edition_id, line_id) VALUES(3125, 0, 0, 89, 148);
INSERT INTO BOOK(book_id, condition, state, edition_id, line_id) VALUES(3126, 3, 0, 89, 138);
INSERT INTO BOOK(book_id, condition, state, edition_id, line_id) VALUES(3127, 2, 0, 89, 278);
INSERT INTO BOOK(book_id, condition, state, edition_id, line_id) VALUES(3128, 1, 0, 89, 276);
INSERT INTO BOOK(book_id, condition, state, edition_id, line_id) VALUES(3129, 1, 0, 89, 164);
INSERT INTO BOOK(book_id, condition, state, edition_id, line_id) VALUES(3130, 1, 0, 89, 254);
INSERT INTO BOOK(book_id, condition, state, edition_id, line_id) VALUES(3131, 3, 0, 89, 256);
INSERT INTO BOOK(book_id, condition, state, edition_id, line_id) VALUES(3132, 0, 0, 89, 218);
INSERT INTO BOOK(book_id, condition, state, edition_id, line_id) VALUES(3133, 1, 0, 89, 203);
INSERT INTO BOOK(book_id, condition, state, edition_id, line_id) VALUES(3134, 3, 0, 89, 117);
INSERT INTO BOOK(book_id, condition, state, edition_id, line_id) VALUES(3135, 0, 0, 89, 291);
INSERT INTO BOOK(book_id, condition, state, edition_id, line_id) VALUES(3136, 2, 0, 89, 206);
INSERT INTO BOOK(book_id, condition, state, edition_id, line_id) VALUES(3137, 2, 0, 89, 221);
INSERT INTO BOOK(book_id, condition, state, edition_id, line_id) VALUES(3138, 1, 0, 89, 213);
INSERT INTO BOOK(book_id, condition, state, edition_id, line_id) VALUES(3139, 3, 0, 89, 76);
INSERT INTO BOOK(book_id, condition, state, edition_id, line_id) VALUES(3140, 3, 0, 89, 212);
INSERT INTO BOOK(book_id, condition, state, edition_id, line_id) VALUES(3141, 1, 0, 89, 37);
INSERT INTO BOOK(book_id, condition, state, edition_id, line_id) VALUES(3142, 1, 0, 90, 76);
INSERT INTO BOOK(book_id, condition, state, edition_id, line_id) VALUES(3143, 0, 0, 90, 177);
INSERT INTO BOOK(book_id, condition, state, edition_id, line_id) VALUES(3144, 1, 0, 90, 262);
INSERT INTO BOOK(book_id, condition, state, edition_id, line_id) VALUES(3145, 3, 0, 90, 129);
INSERT INTO BOOK(book_id, condition, state, edition_id, line_id) VALUES(3146, 0, 0, 90, 213);
INSERT INTO BOOK(book_id, condition, state, edition_id, line_id) VALUES(3147, 0, 0, 90, 90);
INSERT INTO BOOK(book_id, condition, state, edition_id, line_id) VALUES(3148, 1, 0, 90, 30);
INSERT INTO BOOK(book_id, condition, state, edition_id, line_id) VALUES(3149, 2, 0, 90, 232);
INSERT INTO BOOK(book_id, condition, state, edition_id, line_id) VALUES(3150, 0, 0, 90, 132);
INSERT INTO BOOK(book_id, condition, state, edition_id, line_id) VALUES(3151, 0, 0, 90, 118);
INSERT INTO BOOK(book_id, condition, state, edition_id, line_id) VALUES(3152, 0, 0, 90, 308);
INSERT INTO BOOK(book_id, condition, state, edition_id, line_id) VALUES(3153, 0, 0, 90, 65);
INSERT INTO BOOK(book_id, condition, state, edition_id, line_id) VALUES(3154, 0, 0, 90, 293);
INSERT INTO BOOK(book_id, condition, state, edition_id, line_id) VALUES(3155, 0, 0, 90, 37);
INSERT INTO BOOK(book_id, condition, state, edition_id, line_id) VALUES(3156, 0, 0, 90, 316);
INSERT INTO BOOK(book_id, condition, state, edition_id, line_id) VALUES(3157, 2, 0, 90, 274);
INSERT INTO BOOK(book_id, condition, state, edition_id, line_id) VALUES(3158, 2, 0, 90, 81);
INSERT INTO BOOK(book_id, condition, state, edition_id, line_id) VALUES(3159, 2, 0, 90, 215);
INSERT INTO BOOK(book_id, condition, state, edition_id, line_id) VALUES(3160, 0, 0, 90, 294);
INSERT INTO BOOK(book_id, condition, state, edition_id, line_id) VALUES(3161, 1, 0, 90, 245);
INSERT INTO BOOK(book_id, condition, state, edition_id, line_id) VALUES(3162, 1, 0, 90, 76);
INSERT INTO BOOK(book_id, condition, state, edition_id, line_id) VALUES(3163, 1, 0, 90, 176);
INSERT INTO BOOK(book_id, condition, state, edition_id, line_id) VALUES(3164, 2, 0, 90, 292);
INSERT INTO BOOK(book_id, condition, state, edition_id, line_id) VALUES(3165, 3, 0, 90, 148);
INSERT INTO BOOK(book_id, condition, state, edition_id, line_id) VALUES(3166, 1, 0, 90, 46);
INSERT INTO BOOK(book_id, condition, state, edition_id, line_id) VALUES(3167, 3, 0, 90, 115);
INSERT INTO BOOK(book_id, condition, state, edition_id, line_id) VALUES(3168, 1, 0, 90, 64);
INSERT INTO BOOK(book_id, condition, state, edition_id, line_id) VALUES(3169, 1, 0, 90, 140);
INSERT INTO BOOK(book_id, condition, state, edition_id, line_id) VALUES(3170, 0, 0, 90, 67);
INSERT INTO BOOK(book_id, condition, state, edition_id, line_id) VALUES(3171, 3, 0, 90, 269);
INSERT INTO BOOK(book_id, condition, state, edition_id, line_id) VALUES(3172, 1, 0, 90, 208);
INSERT INTO BOOK(book_id, condition, state, edition_id, line_id) VALUES(3173, 1, 0, 90, 96);
INSERT INTO BOOK(book_id, condition, state, edition_id, line_id) VALUES(3174, 0, 0, 90, 305);
INSERT INTO BOOK(book_id, condition, state, edition_id, line_id) VALUES(3175, 0, 0, 90, 283);
INSERT INTO BOOK(book_id, condition, state, edition_id, line_id) VALUES(3176, 2, 0, 90, 171);
INSERT INTO BOOK(book_id, condition, state, edition_id, line_id) VALUES(3177, 2, 0, 90, 235);
INSERT INTO BOOK(book_id, condition, state, edition_id, line_id) VALUES(3178, 2, 0, 90, 233);
INSERT INTO BOOK(book_id, condition, state, edition_id, line_id) VALUES(3179, 1, 0, 90, 268);
INSERT INTO BOOK(book_id, condition, state, edition_id, line_id) VALUES(3180, 1, 0, 90, 12);
INSERT INTO BOOK(book_id, condition, state, edition_id, line_id) VALUES(3181, 1, 0, 90, 237);
INSERT INTO BOOK(book_id, condition, state, edition_id, line_id) VALUES(3182, 1, 0, 90, 205);
INSERT INTO BOOK(book_id, condition, state, edition_id, line_id) VALUES(3183, 2, 0, 91, 126);
INSERT INTO BOOK(book_id, condition, state, edition_id, line_id) VALUES(3184, 1, 0, 91, 138);
INSERT INTO BOOK(book_id, condition, state, edition_id, line_id) VALUES(3185, 2, 0, 91, 30);
INSERT INTO BOOK(book_id, condition, state, edition_id, line_id) VALUES(3186, 1, 0, 91, 83);
INSERT INTO BOOK(book_id, condition, state, edition_id, line_id) VALUES(3187, 2, 0, 91, 277);
INSERT INTO BOOK(book_id, condition, state, edition_id, line_id) VALUES(3188, 2, 0, 91, 134);
INSERT INTO BOOK(book_id, condition, state, edition_id, line_id) VALUES(3189, 1, 0, 91, 170);
INSERT INTO BOOK(book_id, condition, state, edition_id, line_id) VALUES(3190, 2, 0, 91, 55);
INSERT INTO BOOK(book_id, condition, state, edition_id, line_id) VALUES(3191, 2, 0, 91, 147);
INSERT INTO BOOK(book_id, condition, state, edition_id, line_id) VALUES(3192, 0, 0, 91, 13);
INSERT INTO BOOK(book_id, condition, state, edition_id, line_id) VALUES(3193, 2, 0, 91, 203);
INSERT INTO BOOK(book_id, condition, state, edition_id, line_id) VALUES(3194, 0, 0, 91, 79);
INSERT INTO BOOK(book_id, condition, state, edition_id, line_id) VALUES(3195, 2, 0, 91, 67);
INSERT INTO BOOK(book_id, condition, state, edition_id, line_id) VALUES(3196, 1, 0, 91, 66);
INSERT INTO BOOK(book_id, condition, state, edition_id, line_id) VALUES(3197, 1, 0, 91, 136);
INSERT INTO BOOK(book_id, condition, state, edition_id, line_id) VALUES(3198, 1, 0, 91, 201);
INSERT INTO BOOK(book_id, condition, state, edition_id, line_id) VALUES(3199, 3, 0, 91, 277);
INSERT INTO BOOK(book_id, condition, state, edition_id, line_id) VALUES(3200, 3, 0, 91, 154);
INSERT INTO BOOK(book_id, condition, state, edition_id, line_id) VALUES(3201, 1, 0, 91, 98);
INSERT INTO BOOK(book_id, condition, state, edition_id, line_id) VALUES(3202, 0, 0, 91, 178);
INSERT INTO BOOK(book_id, condition, state, edition_id, line_id) VALUES(3203, 1, 0, 91, 282);
INSERT INTO BOOK(book_id, condition, state, edition_id, line_id) VALUES(3204, 2, 0, 91, 37);
INSERT INTO BOOK(book_id, condition, state, edition_id, line_id) VALUES(3205, 0, 0, 91, 250);
INSERT INTO BOOK(book_id, condition, state, edition_id, line_id) VALUES(3206, 0, 0, 91, 124);
INSERT INTO BOOK(book_id, condition, state, edition_id, line_id) VALUES(3207, 0, 0, 91, 267);
INSERT INTO BOOK(book_id, condition, state, edition_id, line_id) VALUES(3208, 1, 0, 91, 152);
INSERT INTO BOOK(book_id, condition, state, edition_id, line_id) VALUES(3209, 1, 0, 91, 308);
INSERT INTO BOOK(book_id, condition, state, edition_id, line_id) VALUES(3210, 0, 0, 91, 264);
INSERT INTO BOOK(book_id, condition, state, edition_id, line_id) VALUES(3211, 2, 0, 91, 177);
INSERT INTO BOOK(book_id, condition, state, edition_id, line_id) VALUES(3212, 0, 0, 91, 206);
INSERT INTO BOOK(book_id, condition, state, edition_id, line_id) VALUES(3213, 0, 0, 91, 162);
INSERT INTO BOOK(book_id, condition, state, edition_id, line_id) VALUES(3214, 2, 0, 91, 266);
INSERT INTO BOOK(book_id, condition, state, edition_id, line_id) VALUES(3215, 3, 0, 91, 85);
INSERT INTO BOOK(book_id, condition, state, edition_id, line_id) VALUES(3216, 1, 0, 91, 236);
INSERT INTO BOOK(book_id, condition, state, edition_id, line_id) VALUES(3217, 1, 0, 91, 249);
INSERT INTO BOOK(book_id, condition, state, edition_id, line_id) VALUES(3218, 2, 0, 91, 241);
INSERT INTO BOOK(book_id, condition, state, edition_id, line_id) VALUES(3219, 2, 0, 91, 231);
INSERT INTO BOOK(book_id, condition, state, edition_id, line_id) VALUES(3220, 3, 0, 91, 260);
INSERT INTO BOOK(book_id, condition, state, edition_id, line_id) VALUES(3221, 2, 0, 91, 153);
INSERT INTO BOOK(book_id, condition, state, edition_id, line_id) VALUES(3222, 0, 0, 91, 190);
INSERT INTO BOOK(book_id, condition, state, edition_id, line_id) VALUES(3223, 1, 0, 92, 155);
INSERT INTO BOOK(book_id, condition, state, edition_id, line_id) VALUES(3224, 0, 0, 92, 93);
INSERT INTO BOOK(book_id, condition, state, edition_id, line_id) VALUES(3225, 1, 0, 92, 99);
INSERT INTO BOOK(book_id, condition, state, edition_id, line_id) VALUES(3226, 0, 0, 92, 208);
INSERT INTO BOOK(book_id, condition, state, edition_id, line_id) VALUES(3227, 1, 0, 92, 324);
INSERT INTO BOOK(book_id, condition, state, edition_id, line_id) VALUES(3228, 1, 0, 92, 299);
INSERT INTO BOOK(book_id, condition, state, edition_id, line_id) VALUES(3229, 0, 0, 92, 256);
INSERT INTO BOOK(book_id, condition, state, edition_id, line_id) VALUES(3230, 1, 0, 92, 0);
INSERT INTO BOOK(book_id, condition, state, edition_id, line_id) VALUES(3231, 0, 0, 92, 79);
INSERT INTO BOOK(book_id, condition, state, edition_id, line_id) VALUES(3232, 2, 0, 92, 67);
INSERT INTO BOOK(book_id, condition, state, edition_id, line_id) VALUES(3233, 1, 0, 92, 141);
INSERT INTO BOOK(book_id, condition, state, edition_id, line_id) VALUES(3234, 1, 0, 92, 243);
INSERT INTO BOOK(book_id, condition, state, edition_id, line_id) VALUES(3235, 1, 0, 92, 167);
INSERT INTO BOOK(book_id, condition, state, edition_id, line_id) VALUES(3236, 3, 0, 92, 26);
INSERT INTO BOOK(book_id, condition, state, edition_id, line_id) VALUES(3237, 1, 0, 92, 316);
INSERT INTO BOOK(book_id, condition, state, edition_id, line_id) VALUES(3238, 1, 0, 92, 191);
INSERT INTO BOOK(book_id, condition, state, edition_id, line_id) VALUES(3239, 0, 0, 92, 142);
INSERT INTO BOOK(book_id, condition, state, edition_id, line_id) VALUES(3240, 2, 0, 92, 257);
INSERT INTO BOOK(book_id, condition, state, edition_id, line_id) VALUES(3241, 1, 0, 92, 174);
INSERT INTO BOOK(book_id, condition, state, edition_id, line_id) VALUES(3242, 2, 0, 92, 175);
INSERT INTO BOOK(book_id, condition, state, edition_id, line_id) VALUES(3243, 3, 0, 92, 184);
INSERT INTO BOOK(book_id, condition, state, edition_id, line_id) VALUES(3244, 1, 0, 92, 171);
INSERT INTO BOOK(book_id, condition, state, edition_id, line_id) VALUES(3245, 0, 0, 92, 96);
INSERT INTO BOOK(book_id, condition, state, edition_id, line_id) VALUES(3246, 2, 0, 92, 26);
INSERT INTO BOOK(book_id, condition, state, edition_id, line_id) VALUES(3247, 0, 0, 92, 251);
INSERT INTO BOOK(book_id, condition, state, edition_id, line_id) VALUES(3248, 2, 0, 92, 256);
INSERT INTO BOOK(book_id, condition, state, edition_id, line_id) VALUES(3249, 2, 0, 92, 177);
INSERT INTO BOOK(book_id, condition, state, edition_id, line_id) VALUES(3250, 2, 0, 92, 48);
INSERT INTO BOOK(book_id, condition, state, edition_id, line_id) VALUES(3251, 1, 0, 92, 238);
INSERT INTO BOOK(book_id, condition, state, edition_id, line_id) VALUES(3252, 1, 0, 92, 142);
INSERT INTO BOOK(book_id, condition, state, edition_id, line_id) VALUES(3253, 1, 0, 92, 192);
INSERT INTO BOOK(book_id, condition, state, edition_id, line_id) VALUES(3254, 1, 0, 92, 0);
INSERT INTO BOOK(book_id, condition, state, edition_id, line_id) VALUES(3255, 0, 0, 92, 282);
INSERT INTO BOOK(book_id, condition, state, edition_id, line_id) VALUES(3256, 1, 0, 92, 269);
INSERT INTO BOOK(book_id, condition, state, edition_id, line_id) VALUES(3257, 3, 0, 92, 2);
INSERT INTO BOOK(book_id, condition, state, edition_id, line_id) VALUES(3258, 2, 0, 92, 150);
INSERT INTO BOOK(book_id, condition, state, edition_id, line_id) VALUES(3259, 2, 0, 92, 241);
INSERT INTO BOOK(book_id, condition, state, edition_id, line_id) VALUES(3260, 2, 0, 92, 245);
INSERT INTO BOOK(book_id, condition, state, edition_id, line_id) VALUES(3261, 1, 0, 92, 125);
INSERT INTO BOOK(book_id, condition, state, edition_id, line_id) VALUES(3262, 0, 0, 92, 109);
INSERT INTO BOOK(book_id, condition, state, edition_id, line_id) VALUES(3263, 1, 0, 92, 134);
INSERT INTO BOOK(book_id, condition, state, edition_id, line_id) VALUES(3264, 1, 0, 92, 179);
INSERT INTO BOOK(book_id, condition, state, edition_id, line_id) VALUES(3265, 0, 0, 92, 137);
INSERT INTO BOOK(book_id, condition, state, edition_id, line_id) VALUES(3266, 0, 0, 92, 72);
INSERT INTO BOOK(book_id, condition, state, edition_id, line_id) VALUES(3267, 1, 0, 92, 181);
INSERT INTO BOOK(book_id, condition, state, edition_id, line_id) VALUES(3268, 1, 0, 92, 178);
INSERT INTO BOOK(book_id, condition, state, edition_id, line_id) VALUES(3269, 0, 0, 92, 30);
INSERT INTO BOOK(book_id, condition, state, edition_id, line_id) VALUES(3270, 0, 0, 92, 211);
INSERT INTO BOOK(book_id, condition, state, edition_id, line_id) VALUES(3271, 1, 0, 92, 82);
INSERT INTO BOOK(book_id, condition, state, edition_id, line_id) VALUES(3272, 0, 0, 92, 138);
INSERT INTO BOOK(book_id, condition, state, edition_id, line_id) VALUES(3273, 1, 0, 92, 285);
INSERT INTO BOOK(book_id, condition, state, edition_id, line_id) VALUES(3274, 0, 0, 92, 31);
INSERT INTO BOOK(book_id, condition, state, edition_id, line_id) VALUES(3275, 1, 0, 92, 140);
INSERT INTO BOOK(book_id, condition, state, edition_id, line_id) VALUES(3276, 2, 0, 92, 28);
INSERT INTO BOOK(book_id, condition, state, edition_id, line_id) VALUES(3277, 1, 0, 92, 166);
INSERT INTO BOOK(book_id, condition, state, edition_id, line_id) VALUES(3278, 1, 0, 92, 9);
INSERT INTO BOOK(book_id, condition, state, edition_id, line_id) VALUES(3279, 0, 0, 93, 72);
INSERT INTO BOOK(book_id, condition, state, edition_id, line_id) VALUES(3280, 2, 0, 93, 285);
INSERT INTO BOOK(book_id, condition, state, edition_id, line_id) VALUES(3281, 0, 0, 93, 12);
INSERT INTO BOOK(book_id, condition, state, edition_id, line_id) VALUES(3282, 2, 0, 93, 253);
INSERT INTO BOOK(book_id, condition, state, edition_id, line_id) VALUES(3283, 0, 0, 93, 56);
INSERT INTO BOOK(book_id, condition, state, edition_id, line_id) VALUES(3284, 2, 0, 93, 88);
INSERT INTO BOOK(book_id, condition, state, edition_id, line_id) VALUES(3285, 2, 0, 93, 34);
INSERT INTO BOOK(book_id, condition, state, edition_id, line_id) VALUES(3286, 1, 0, 93, 236);
INSERT INTO BOOK(book_id, condition, state, edition_id, line_id) VALUES(3287, 1, 0, 93, 306);
INSERT INTO BOOK(book_id, condition, state, edition_id, line_id) VALUES(3288, 0, 0, 93, 284);
INSERT INTO BOOK(book_id, condition, state, edition_id, line_id) VALUES(3289, 0, 0, 93, 144);
INSERT INTO BOOK(book_id, condition, state, edition_id, line_id) VALUES(3290, 1, 0, 93, 316);
INSERT INTO BOOK(book_id, condition, state, edition_id, line_id) VALUES(3291, 0, 0, 93, 272);
INSERT INTO BOOK(book_id, condition, state, edition_id, line_id) VALUES(3292, 2, 0, 93, 200);
INSERT INTO BOOK(book_id, condition, state, edition_id, line_id) VALUES(3293, 0, 0, 93, 4);
INSERT INTO BOOK(book_id, condition, state, edition_id, line_id) VALUES(3294, 3, 0, 93, 105);
INSERT INTO BOOK(book_id, condition, state, edition_id, line_id) VALUES(3295, 2, 0, 93, 16);
INSERT INTO BOOK(book_id, condition, state, edition_id, line_id) VALUES(3296, 1, 0, 93, 39);
INSERT INTO BOOK(book_id, condition, state, edition_id, line_id) VALUES(3297, 1, 0, 93, 251);
INSERT INTO BOOK(book_id, condition, state, edition_id, line_id) VALUES(3298, 1, 0, 93, 244);
INSERT INTO BOOK(book_id, condition, state, edition_id, line_id) VALUES(3299, 0, 0, 93, 87);
INSERT INTO BOOK(book_id, condition, state, edition_id, line_id) VALUES(3300, 0, 0, 93, 168);
INSERT INTO BOOK(book_id, condition, state, edition_id, line_id) VALUES(3301, 2, 0, 93, 318);
INSERT INTO BOOK(book_id, condition, state, edition_id, line_id) VALUES(3302, 0, 0, 93, 183);
INSERT INTO BOOK(book_id, condition, state, edition_id, line_id) VALUES(3303, 0, 0, 93, 222);
INSERT INTO BOOK(book_id, condition, state, edition_id, line_id) VALUES(3304, 1, 0, 93, 125);
INSERT INTO BOOK(book_id, condition, state, edition_id, line_id) VALUES(3305, 3, 0, 93, 230);
INSERT INTO BOOK(book_id, condition, state, edition_id, line_id) VALUES(3306, 1, 0, 93, 76);
INSERT INTO BOOK(book_id, condition, state, edition_id, line_id) VALUES(3307, 1, 0, 93, 274);
INSERT INTO BOOK(book_id, condition, state, edition_id, line_id) VALUES(3308, 0, 0, 93, 133);
INSERT INTO BOOK(book_id, condition, state, edition_id, line_id) VALUES(3309, 1, 0, 93, 223);
INSERT INTO BOOK(book_id, condition, state, edition_id, line_id) VALUES(3310, 1, 0, 93, 311);
INSERT INTO BOOK(book_id, condition, state, edition_id, line_id) VALUES(3311, 3, 0, 93, 215);
INSERT INTO BOOK(book_id, condition, state, edition_id, line_id) VALUES(3312, 1, 0, 93, 184);
INSERT INTO BOOK(book_id, condition, state, edition_id, line_id) VALUES(3313, 1, 0, 93, 294);
INSERT INTO BOOK(book_id, condition, state, edition_id, line_id) VALUES(3314, 0, 0, 93, 311);
INSERT INTO BOOK(book_id, condition, state, edition_id, line_id) VALUES(3315, 1, 0, 93, 53);
INSERT INTO BOOK(book_id, condition, state, edition_id, line_id) VALUES(3316, 2, 0, 93, 289);
INSERT INTO BOOK(book_id, condition, state, edition_id, line_id) VALUES(3317, 1, 0, 93, 207);
INSERT INTO BOOK(book_id, condition, state, edition_id, line_id) VALUES(3318, 0, 0, 93, 264);
INSERT INTO BOOK(book_id, condition, state, edition_id, line_id) VALUES(3319, 0, 0, 94, 139);
INSERT INTO BOOK(book_id, condition, state, edition_id, line_id) VALUES(3320, 0, 0, 94, 232);
INSERT INTO BOOK(book_id, condition, state, edition_id, line_id) VALUES(3321, 1, 0, 94, 264);
INSERT INTO BOOK(book_id, condition, state, edition_id, line_id) VALUES(3322, 1, 0, 94, 289);
INSERT INTO BOOK(book_id, condition, state, edition_id, line_id) VALUES(3323, 2, 0, 94, 0);
INSERT INTO BOOK(book_id, condition, state, edition_id, line_id) VALUES(3324, 3, 0, 94, 317);
INSERT INTO BOOK(book_id, condition, state, edition_id, line_id) VALUES(3325, 1, 0, 94, 113);
INSERT INTO BOOK(book_id, condition, state, edition_id, line_id) VALUES(3326, 1, 0, 94, 122);
INSERT INTO BOOK(book_id, condition, state, edition_id, line_id) VALUES(3327, 1, 0, 94, 14);
INSERT INTO BOOK(book_id, condition, state, edition_id, line_id) VALUES(3328, 3, 0, 94, 35);
INSERT INTO BOOK(book_id, condition, state, edition_id, line_id) VALUES(3329, 2, 0, 94, 69);
INSERT INTO BOOK(book_id, condition, state, edition_id, line_id) VALUES(3330, 0, 0, 94, 156);
INSERT INTO BOOK(book_id, condition, state, edition_id, line_id) VALUES(3331, 1, 0, 94, 220);
INSERT INTO BOOK(book_id, condition, state, edition_id, line_id) VALUES(3332, 1, 0, 94, 278);
INSERT INTO BOOK(book_id, condition, state, edition_id, line_id) VALUES(3333, 2, 0, 94, 40);
INSERT INTO BOOK(book_id, condition, state, edition_id, line_id) VALUES(3334, 2, 0, 94, 136);
INSERT INTO BOOK(book_id, condition, state, edition_id, line_id) VALUES(3335, 2, 0, 94, 122);
INSERT INTO BOOK(book_id, condition, state, edition_id, line_id) VALUES(3336, 1, 0, 94, 259);
INSERT INTO BOOK(book_id, condition, state, edition_id, line_id) VALUES(3337, 1, 0, 94, 178);
INSERT INTO BOOK(book_id, condition, state, edition_id, line_id) VALUES(3338, 0, 0, 94, 137);
INSERT INTO BOOK(book_id, condition, state, edition_id, line_id) VALUES(3339, 2, 0, 94, 99);
INSERT INTO BOOK(book_id, condition, state, edition_id, line_id) VALUES(3340, 1, 0, 94, 59);
INSERT INTO BOOK(book_id, condition, state, edition_id, line_id) VALUES(3341, 0, 0, 94, 23);
INSERT INTO BOOK(book_id, condition, state, edition_id, line_id) VALUES(3342, 3, 0, 94, 214);
INSERT INTO BOOK(book_id, condition, state, edition_id, line_id) VALUES(3343, 1, 0, 94, 284);
INSERT INTO BOOK(book_id, condition, state, edition_id, line_id) VALUES(3344, 1, 0, 94, 21);
INSERT INTO BOOK(book_id, condition, state, edition_id, line_id) VALUES(3345, 1, 0, 94, 218);
INSERT INTO BOOK(book_id, condition, state, edition_id, line_id) VALUES(3346, 1, 0, 94, 300);
INSERT INTO BOOK(book_id, condition, state, edition_id, line_id) VALUES(3347, 3, 0, 94, 282);
INSERT INTO BOOK(book_id, condition, state, edition_id, line_id) VALUES(3348, 0, 0, 94, 328);
INSERT INTO BOOK(book_id, condition, state, edition_id, line_id) VALUES(3349, 1, 0, 94, 220);
INSERT INTO BOOK(book_id, condition, state, edition_id, line_id) VALUES(3350, 1, 0, 94, 178);
INSERT INTO BOOK(book_id, condition, state, edition_id, line_id) VALUES(3351, 0, 0, 94, 307);
INSERT INTO BOOK(book_id, condition, state, edition_id, line_id) VALUES(3352, 2, 0, 94, 132);
INSERT INTO BOOK(book_id, condition, state, edition_id, line_id) VALUES(3353, 1, 0, 94, 38);
INSERT INTO BOOK(book_id, condition, state, edition_id, line_id) VALUES(3354, 3, 0, 94, 36);
INSERT INTO BOOK(book_id, condition, state, edition_id, line_id) VALUES(3355, 1, 0, 94, 317);
INSERT INTO BOOK(book_id, condition, state, edition_id, line_id) VALUES(3356, 1, 0, 94, 249);
INSERT INTO BOOK(book_id, condition, state, edition_id, line_id) VALUES(3357, 1, 0, 94, 73);
INSERT INTO BOOK(book_id, condition, state, edition_id, line_id) VALUES(3358, 2, 0, 94, 220);
INSERT INTO BOOK(book_id, condition, state, edition_id, line_id) VALUES(3359, 0, 0, 94, 138);
INSERT INTO BOOK(book_id, condition, state, edition_id, line_id) VALUES(3360, 1, 0, 94, 257);
INSERT INTO BOOK(book_id, condition, state, edition_id, line_id) VALUES(3361, 0, 0, 95, 15);
INSERT INTO BOOK(book_id, condition, state, edition_id, line_id) VALUES(3362, 1, 0, 95, 314);
INSERT INTO BOOK(book_id, condition, state, edition_id, line_id) VALUES(3363, 1, 0, 95, 187);
INSERT INTO BOOK(book_id, condition, state, edition_id, line_id) VALUES(3364, 1, 0, 95, 208);
INSERT INTO BOOK(book_id, condition, state, edition_id, line_id) VALUES(3365, 1, 0, 95, 80);
INSERT INTO BOOK(book_id, condition, state, edition_id, line_id) VALUES(3366, 1, 0, 95, 84);
INSERT INTO BOOK(book_id, condition, state, edition_id, line_id) VALUES(3367, 1, 0, 95, 306);
INSERT INTO BOOK(book_id, condition, state, edition_id, line_id) VALUES(3368, 1, 0, 95, 273);
INSERT INTO BOOK(book_id, condition, state, edition_id, line_id) VALUES(3369, 3, 0, 95, 224);
INSERT INTO BOOK(book_id, condition, state, edition_id, line_id) VALUES(3370, 1, 0, 95, 133);
INSERT INTO BOOK(book_id, condition, state, edition_id, line_id) VALUES(3371, 0, 0, 95, 248);
INSERT INTO BOOK(book_id, condition, state, edition_id, line_id) VALUES(3372, 2, 0, 95, 76);
INSERT INTO BOOK(book_id, condition, state, edition_id, line_id) VALUES(3373, 1, 0, 95, 140);
INSERT INTO BOOK(book_id, condition, state, edition_id, line_id) VALUES(3374, 1, 0, 95, 107);
INSERT INTO BOOK(book_id, condition, state, edition_id, line_id) VALUES(3375, 1, 0, 95, 222);
INSERT INTO BOOK(book_id, condition, state, edition_id, line_id) VALUES(3376, 2, 0, 95, 129);
INSERT INTO BOOK(book_id, condition, state, edition_id, line_id) VALUES(3377, 1, 0, 95, 82);
INSERT INTO BOOK(book_id, condition, state, edition_id, line_id) VALUES(3378, 1, 0, 95, 278);
INSERT INTO BOOK(book_id, condition, state, edition_id, line_id) VALUES(3379, 3, 0, 95, 178);
INSERT INTO BOOK(book_id, condition, state, edition_id, line_id) VALUES(3380, 1, 0, 95, 115);
INSERT INTO BOOK(book_id, condition, state, edition_id, line_id) VALUES(3381, 1, 0, 95, 85);
INSERT INTO BOOK(book_id, condition, state, edition_id, line_id) VALUES(3382, 3, 0, 95, 298);
INSERT INTO BOOK(book_id, condition, state, edition_id, line_id) VALUES(3383, 0, 0, 95, 109);
INSERT INTO BOOK(book_id, condition, state, edition_id, line_id) VALUES(3384, 2, 0, 95, 168);
INSERT INTO BOOK(book_id, condition, state, edition_id, line_id) VALUES(3385, 0, 0, 95, 319);
INSERT INTO BOOK(book_id, condition, state, edition_id, line_id) VALUES(3386, 1, 0, 95, 234);
INSERT INTO BOOK(book_id, condition, state, edition_id, line_id) VALUES(3387, 1, 0, 95, 180);
INSERT INTO BOOK(book_id, condition, state, edition_id, line_id) VALUES(3388, 2, 0, 95, 317);
INSERT INTO BOOK(book_id, condition, state, edition_id, line_id) VALUES(3389, 1, 0, 96, 110);
INSERT INTO BOOK(book_id, condition, state, edition_id, line_id) VALUES(3390, 0, 0, 96, 147);
INSERT INTO BOOK(book_id, condition, state, edition_id, line_id) VALUES(3391, 1, 0, 96, 181);
INSERT INTO BOOK(book_id, condition, state, edition_id, line_id) VALUES(3392, 1, 0, 96, 210);
INSERT INTO BOOK(book_id, condition, state, edition_id, line_id) VALUES(3393, 0, 0, 96, 304);
INSERT INTO BOOK(book_id, condition, state, edition_id, line_id) VALUES(3394, 1, 0, 96, 186);
INSERT INTO BOOK(book_id, condition, state, edition_id, line_id) VALUES(3395, 2, 0, 96, 254);
INSERT INTO BOOK(book_id, condition, state, edition_id, line_id) VALUES(3396, 1, 0, 96, 221);
INSERT INTO BOOK(book_id, condition, state, edition_id, line_id) VALUES(3397, 0, 0, 96, 110);
INSERT INTO BOOK(book_id, condition, state, edition_id, line_id) VALUES(3398, 1, 0, 96, 250);
INSERT INTO BOOK(book_id, condition, state, edition_id, line_id) VALUES(3399, 1, 0, 96, 66);
INSERT INTO BOOK(book_id, condition, state, edition_id, line_id) VALUES(3400, 0, 0, 96, 312);
INSERT INTO BOOK(book_id, condition, state, edition_id, line_id) VALUES(3401, 1, 0, 96, 161);
INSERT INTO BOOK(book_id, condition, state, edition_id, line_id) VALUES(3402, 2, 0, 96, 176);
INSERT INTO BOOK(book_id, condition, state, edition_id, line_id) VALUES(3403, 2, 0, 96, 79);
INSERT INTO BOOK(book_id, condition, state, edition_id, line_id) VALUES(3404, 0, 0, 96, 236);
INSERT INTO BOOK(book_id, condition, state, edition_id, line_id) VALUES(3405, 0, 0, 96, 145);
INSERT INTO BOOK(book_id, condition, state, edition_id, line_id) VALUES(3406, 2, 0, 96, 89);
INSERT INTO BOOK(book_id, condition, state, edition_id, line_id) VALUES(3407, 2, 0, 96, 266);
INSERT INTO BOOK(book_id, condition, state, edition_id, line_id) VALUES(3408, 1, 0, 96, 306);
INSERT INTO BOOK(book_id, condition, state, edition_id, line_id) VALUES(3409, 0, 0, 96, 9);
INSERT INTO BOOK(book_id, condition, state, edition_id, line_id) VALUES(3410, 1, 0, 96, 175);
INSERT INTO BOOK(book_id, condition, state, edition_id, line_id) VALUES(3411, 0, 0, 96, 46);
INSERT INTO BOOK(book_id, condition, state, edition_id, line_id) VALUES(3412, 1, 0, 96, 153);
INSERT INTO BOOK(book_id, condition, state, edition_id, line_id) VALUES(3413, 0, 0, 96, 249);
INSERT INTO BOOK(book_id, condition, state, edition_id, line_id) VALUES(3414, 1, 0, 96, 279);
INSERT INTO BOOK(book_id, condition, state, edition_id, line_id) VALUES(3415, 0, 0, 96, 208);
INSERT INTO BOOK(book_id, condition, state, edition_id, line_id) VALUES(3416, 1, 0, 96, 308);
INSERT INTO BOOK(book_id, condition, state, edition_id, line_id) VALUES(3417, 2, 0, 96, 81);
INSERT INTO BOOK(book_id, condition, state, edition_id, line_id) VALUES(3418, 0, 0, 96, 329);
INSERT INTO BOOK(book_id, condition, state, edition_id, line_id) VALUES(3419, 1, 0, 96, 274);
INSERT INTO BOOK(book_id, condition, state, edition_id, line_id) VALUES(3420, 0, 0, 96, 234);
INSERT INTO BOOK(book_id, condition, state, edition_id, line_id) VALUES(3421, 1, 0, 96, 258);
INSERT INTO BOOK(book_id, condition, state, edition_id, line_id) VALUES(3422, 0, 0, 96, 151);
INSERT INTO BOOK(book_id, condition, state, edition_id, line_id) VALUES(3423, 1, 0, 96, 215);
INSERT INTO BOOK(book_id, condition, state, edition_id, line_id) VALUES(3424, 0, 0, 96, 182);
INSERT INTO BOOK(book_id, condition, state, edition_id, line_id) VALUES(3425, 2, 0, 96, 192);
INSERT INTO BOOK(book_id, condition, state, edition_id, line_id) VALUES(3426, 0, 0, 96, 308);
INSERT INTO BOOK(book_id, condition, state, edition_id, line_id) VALUES(3427, 1, 0, 96, 176);
INSERT INTO BOOK(book_id, condition, state, edition_id, line_id) VALUES(3428, 1, 0, 96, 274);
INSERT INTO BOOK(book_id, condition, state, edition_id, line_id) VALUES(3429, 0, 0, 96, 254);
INSERT INTO BOOK(book_id, condition, state, edition_id, line_id) VALUES(3430, 1, 0, 96, 224);
INSERT INTO BOOK(book_id, condition, state, edition_id, line_id) VALUES(3431, 1, 0, 96, 121);
INSERT INTO BOOK(book_id, condition, state, edition_id, line_id) VALUES(3432, 1, 0, 96, 259);
INSERT INTO BOOK(book_id, condition, state, edition_id, line_id) VALUES(3433, 0, 0, 96, 47);
INSERT INTO BOOK(book_id, condition, state, edition_id, line_id) VALUES(3434, 2, 0, 96, 281);
INSERT INTO BOOK(book_id, condition, state, edition_id, line_id) VALUES(3435, 0, 0, 96, 202);
INSERT INTO BOOK(book_id, condition, state, edition_id, line_id) VALUES(3436, 0, 0, 96, 197);
INSERT INTO BOOK(book_id, condition, state, edition_id, line_id) VALUES(3437, 0, 0, 96, 243);
INSERT INTO BOOK(book_id, condition, state, edition_id, line_id) VALUES(3438, 3, 0, 96, 18);
INSERT INTO BOOK(book_id, condition, state, edition_id, line_id) VALUES(3439, 1, 0, 96, 176);
INSERT INTO BOOK(book_id, condition, state, edition_id, line_id) VALUES(3440, 0, 0, 96, 75);
INSERT INTO BOOK(book_id, condition, state, edition_id, line_id) VALUES(3441, 0, 0, 96, 82);
INSERT INTO BOOK(book_id, condition, state, edition_id, line_id) VALUES(3442, 1, 0, 96, 233);
INSERT INTO BOOK(book_id, condition, state, edition_id, line_id) VALUES(3443, 2, 0, 96, 285);
INSERT INTO BOOK(book_id, condition, state, edition_id, line_id) VALUES(3444, 1, 0, 96, 220);
INSERT INTO BOOK(book_id, condition, state, edition_id, line_id) VALUES(3445, 1, 0, 96, 104);
INSERT INTO BOOK(book_id, condition, state, edition_id, line_id) VALUES(3446, 1, 0, 96, 274);
INSERT INTO BOOK(book_id, condition, state, edition_id, line_id) VALUES(3447, 0, 0, 96, 103);
INSERT INTO BOOK(book_id, condition, state, edition_id, line_id) VALUES(3448, 1, 0, 97, 81);
INSERT INTO BOOK(book_id, condition, state, edition_id, line_id) VALUES(3449, 0, 0, 97, 139);
INSERT INTO BOOK(book_id, condition, state, edition_id, line_id) VALUES(3450, 1, 0, 97, 188);
INSERT INTO BOOK(book_id, condition, state, edition_id, line_id) VALUES(3451, 0, 0, 97, 100);
INSERT INTO BOOK(book_id, condition, state, edition_id, line_id) VALUES(3452, 1, 0, 97, 145);
INSERT INTO BOOK(book_id, condition, state, edition_id, line_id) VALUES(3453, 1, 0, 97, 135);
INSERT INTO BOOK(book_id, condition, state, edition_id, line_id) VALUES(3454, 3, 0, 97, 295);
INSERT INTO BOOK(book_id, condition, state, edition_id, line_id) VALUES(3455, 1, 0, 97, 165);
INSERT INTO BOOK(book_id, condition, state, edition_id, line_id) VALUES(3456, 0, 0, 97, 161);
INSERT INTO BOOK(book_id, condition, state, edition_id, line_id) VALUES(3457, 0, 0, 97, 150);
INSERT INTO BOOK(book_id, condition, state, edition_id, line_id) VALUES(3458, 2, 0, 97, 155);
INSERT INTO BOOK(book_id, condition, state, edition_id, line_id) VALUES(3459, 2, 0, 97, 91);
INSERT INTO BOOK(book_id, condition, state, edition_id, line_id) VALUES(3460, 1, 0, 97, 227);
INSERT INTO BOOK(book_id, condition, state, edition_id, line_id) VALUES(3461, 1, 0, 97, 248);
INSERT INTO BOOK(book_id, condition, state, edition_id, line_id) VALUES(3462, 1, 0, 97, 9);
INSERT INTO BOOK(book_id, condition, state, edition_id, line_id) VALUES(3463, 2, 0, 97, 8);
INSERT INTO BOOK(book_id, condition, state, edition_id, line_id) VALUES(3464, 0, 0, 97, 99);
INSERT INTO BOOK(book_id, condition, state, edition_id, line_id) VALUES(3465, 2, 0, 97, 123);
INSERT INTO BOOK(book_id, condition, state, edition_id, line_id) VALUES(3466, 0, 0, 97, 110);
INSERT INTO BOOK(book_id, condition, state, edition_id, line_id) VALUES(3467, 1, 0, 97, 289);
INSERT INTO BOOK(book_id, condition, state, edition_id, line_id) VALUES(3468, 0, 0, 97, 88);
INSERT INTO BOOK(book_id, condition, state, edition_id, line_id) VALUES(3469, 2, 0, 97, 303);
INSERT INTO BOOK(book_id, condition, state, edition_id, line_id) VALUES(3470, 2, 0, 97, 206);
INSERT INTO BOOK(book_id, condition, state, edition_id, line_id) VALUES(3471, 3, 0, 97, 135);
INSERT INTO BOOK(book_id, condition, state, edition_id, line_id) VALUES(3472, 2, 0, 97, 16);
INSERT INTO BOOK(book_id, condition, state, edition_id, line_id) VALUES(3473, 1, 0, 97, 153);
INSERT INTO BOOK(book_id, condition, state, edition_id, line_id) VALUES(3474, 0, 0, 97, 268);
INSERT INTO BOOK(book_id, condition, state, edition_id, line_id) VALUES(3475, 0, 0, 98, 234);
INSERT INTO BOOK(book_id, condition, state, edition_id, line_id) VALUES(3476, 1, 0, 98, 211);
INSERT INTO BOOK(book_id, condition, state, edition_id, line_id) VALUES(3477, 2, 0, 98, 309);
INSERT INTO BOOK(book_id, condition, state, edition_id, line_id) VALUES(3478, 1, 0, 98, 110);
INSERT INTO BOOK(book_id, condition, state, edition_id, line_id) VALUES(3479, 2, 0, 98, 91);
INSERT INTO BOOK(book_id, condition, state, edition_id, line_id) VALUES(3480, 2, 0, 98, 108);
INSERT INTO BOOK(book_id, condition, state, edition_id, line_id) VALUES(3481, 1, 0, 98, 305);
INSERT INTO BOOK(book_id, condition, state, edition_id, line_id) VALUES(3482, 0, 0, 98, 193);
INSERT INTO BOOK(book_id, condition, state, edition_id, line_id) VALUES(3483, 3, 0, 98, 239);
INSERT INTO BOOK(book_id, condition, state, edition_id, line_id) VALUES(3484, 3, 0, 98, 167);
INSERT INTO BOOK(book_id, condition, state, edition_id, line_id) VALUES(3485, 0, 0, 98, 160);
INSERT INTO BOOK(book_id, condition, state, edition_id, line_id) VALUES(3486, 0, 0, 98, 16);
INSERT INTO BOOK(book_id, condition, state, edition_id, line_id) VALUES(3487, 0, 0, 98, 116);
INSERT INTO BOOK(book_id, condition, state, edition_id, line_id) VALUES(3488, 1, 0, 98, 246);
INSERT INTO BOOK(book_id, condition, state, edition_id, line_id) VALUES(3489, 1, 0, 98, 305);
INSERT INTO BOOK(book_id, condition, state, edition_id, line_id) VALUES(3490, 1, 0, 98, 69);
INSERT INTO BOOK(book_id, condition, state, edition_id, line_id) VALUES(3491, 0, 0, 98, 226);
INSERT INTO BOOK(book_id, condition, state, edition_id, line_id) VALUES(3492, 2, 0, 98, 47);
INSERT INTO BOOK(book_id, condition, state, edition_id, line_id) VALUES(3493, 0, 0, 98, 128);
INSERT INTO BOOK(book_id, condition, state, edition_id, line_id) VALUES(3494, 0, 0, 98, 278);
INSERT INTO BOOK(book_id, condition, state, edition_id, line_id) VALUES(3495, 2, 0, 98, 253);
INSERT INTO BOOK(book_id, condition, state, edition_id, line_id) VALUES(3496, 0, 0, 98, 266);
INSERT INTO BOOK(book_id, condition, state, edition_id, line_id) VALUES(3497, 0, 0, 98, 271);
INSERT INTO BOOK(book_id, condition, state, edition_id, line_id) VALUES(3498, 0, 0, 98, 76);
INSERT INTO BOOK(book_id, condition, state, edition_id, line_id) VALUES(3499, 1, 0, 98, 301);
INSERT INTO BOOK(book_id, condition, state, edition_id, line_id) VALUES(3500, 0, 0, 98, 255);
INSERT INTO BOOK(book_id, condition, state, edition_id, line_id) VALUES(3501, 3, 0, 98, 217);
INSERT INTO BOOK(book_id, condition, state, edition_id, line_id) VALUES(3502, 0, 0, 98, 89);
INSERT INTO BOOK(book_id, condition, state, edition_id, line_id) VALUES(3503, 2, 0, 98, 26);
INSERT INTO BOOK(book_id, condition, state, edition_id, line_id) VALUES(3504, 2, 0, 99, 32);
INSERT INTO BOOK(book_id, condition, state, edition_id, line_id) VALUES(3505, 1, 0, 99, 209);
INSERT INTO BOOK(book_id, condition, state, edition_id, line_id) VALUES(3506, 3, 0, 99, 62);
INSERT INTO BOOK(book_id, condition, state, edition_id, line_id) VALUES(3507, 1, 0, 99, 48);
INSERT INTO BOOK(book_id, condition, state, edition_id, line_id) VALUES(3508, 1, 0, 99, 309);
INSERT INTO BOOK(book_id, condition, state, edition_id, line_id) VALUES(3509, 3, 0, 99, 192);
INSERT INTO BOOK(book_id, condition, state, edition_id, line_id) VALUES(3510, 0, 0, 99, 311);
INSERT INTO BOOK(book_id, condition, state, edition_id, line_id) VALUES(3511, 1, 0, 99, 71);
INSERT INTO BOOK(book_id, condition, state, edition_id, line_id) VALUES(3512, 2, 0, 100, 145);
INSERT INTO BOOK(book_id, condition, state, edition_id, line_id) VALUES(3513, 1, 0, 100, 264);
INSERT INTO BOOK(book_id, condition, state, edition_id, line_id) VALUES(3514, 1, 0, 100, 309);
INSERT INTO BOOK(book_id, condition, state, edition_id, line_id) VALUES(3515, 1, 0, 100, 199);
INSERT INTO BOOK(book_id, condition, state, edition_id, line_id) VALUES(3516, 0, 0, 100, 175);
INSERT INTO BOOK(book_id, condition, state, edition_id, line_id) VALUES(3517, 2, 0, 100, 130);
INSERT INTO BOOK(book_id, condition, state, edition_id, line_id) VALUES(3518, 1, 0, 100, 299);
INSERT INTO BOOK(book_id, condition, state, edition_id, line_id) VALUES(3519, 0, 0, 100, 210);
INSERT INTO BOOK(book_id, condition, state, edition_id, line_id) VALUES(3520, 0, 0, 100, 197);
INSERT INTO BOOK(book_id, condition, state, edition_id, line_id) VALUES(3521, 3, 0, 100, 321);
INSERT INTO BOOK(book_id, condition, state, edition_id, line_id) VALUES(3522, 1, 0, 100, 42);
INSERT INTO BOOK(book_id, condition, state, edition_id, line_id) VALUES(3523, 2, 0, 100, 320);
INSERT INTO BOOK(book_id, condition, state, edition_id, line_id) VALUES(3524, 3, 0, 100, 327);
INSERT INTO BOOK(book_id, condition, state, edition_id, line_id) VALUES(3525, 2, 0, 100, 215);
INSERT INTO BOOK(book_id, condition, state, edition_id, line_id) VALUES(3526, 2, 0, 100, 286);
INSERT INTO BOOK(book_id, condition, state, edition_id, line_id) VALUES(3527, 1, 0, 100, 291);
INSERT INTO BOOK(book_id, condition, state, edition_id, line_id) VALUES(3528, 2, 0, 101, 265);
INSERT INTO BOOK(book_id, condition, state, edition_id, line_id) VALUES(3529, 3, 0, 101, 197);
INSERT INTO BOOK(book_id, condition, state, edition_id, line_id) VALUES(3530, 2, 0, 101, 121);
INSERT INTO BOOK(book_id, condition, state, edition_id, line_id) VALUES(3531, 0, 0, 101, 0);
INSERT INTO BOOK(book_id, condition, state, edition_id, line_id) VALUES(3532, 1, 0, 101, 43);
INSERT INTO BOOK(book_id, condition, state, edition_id, line_id) VALUES(3533, 2, 0, 101, 233);
INSERT INTO BOOK(book_id, condition, state, edition_id, line_id) VALUES(3534, 1, 0, 101, 181);
INSERT INTO BOOK(book_id, condition, state, edition_id, line_id) VALUES(3535, 0, 0, 101, 201);
INSERT INTO BOOK(book_id, condition, state, edition_id, line_id) VALUES(3536, 0, 0, 101, 329);
INSERT INTO BOOK(book_id, condition, state, edition_id, line_id) VALUES(3537, 2, 0, 101, 156);
INSERT INTO BOOK(book_id, condition, state, edition_id, line_id) VALUES(3538, 2, 0, 101, 154);
INSERT INTO BOOK(book_id, condition, state, edition_id, line_id) VALUES(3539, 0, 0, 101, 235);
INSERT INTO BOOK(book_id, condition, state, edition_id, line_id) VALUES(3540, 0, 0, 101, 201);
INSERT INTO BOOK(book_id, condition, state, edition_id, line_id) VALUES(3541, 1, 0, 101, 59);
INSERT INTO BOOK(book_id, condition, state, edition_id, line_id) VALUES(3542, 0, 0, 101, 245);
INSERT INTO BOOK(book_id, condition, state, edition_id, line_id) VALUES(3543, 1, 0, 101, 286);
INSERT INTO BOOK(book_id, condition, state, edition_id, line_id) VALUES(3544, 2, 0, 101, 134);
INSERT INTO BOOK(book_id, condition, state, edition_id, line_id) VALUES(3545, 3, 0, 101, 112);
INSERT INTO BOOK(book_id, condition, state, edition_id, line_id) VALUES(3546, 2, 0, 101, 49);
INSERT INTO BOOK(book_id, condition, state, edition_id, line_id) VALUES(3547, 1, 0, 101, 152);
INSERT INTO BOOK(book_id, condition, state, edition_id, line_id) VALUES(3548, 2, 0, 101, 44);
INSERT INTO BOOK(book_id, condition, state, edition_id, line_id) VALUES(3549, 1, 0, 101, 306);
INSERT INTO BOOK(book_id, condition, state, edition_id, line_id) VALUES(3550, 1, 0, 101, 328);
INSERT INTO BOOK(book_id, condition, state, edition_id, line_id) VALUES(3551, 1, 0, 101, 28);
INSERT INTO BOOK(book_id, condition, state, edition_id, line_id) VALUES(3552, 1, 0, 101, 68);
INSERT INTO BOOK(book_id, condition, state, edition_id, line_id) VALUES(3553, 0, 0, 101, 52);
INSERT INTO BOOK(book_id, condition, state, edition_id, line_id) VALUES(3554, 1, 0, 101, 95);
INSERT INTO BOOK(book_id, condition, state, edition_id, line_id) VALUES(3555, 1, 0, 101, 48);
INSERT INTO BOOK(book_id, condition, state, edition_id, line_id) VALUES(3556, 2, 0, 101, 301);
INSERT INTO BOOK(book_id, condition, state, edition_id, line_id) VALUES(3557, 0, 0, 101, 105);
INSERT INTO BOOK(book_id, condition, state, edition_id, line_id) VALUES(3558, 0, 0, 101, 2);
INSERT INTO BOOK(book_id, condition, state, edition_id, line_id) VALUES(3559, 0, 0, 101, 182);
INSERT INTO BOOK(book_id, condition, state, edition_id, line_id) VALUES(3560, 1, 0, 101, 128);
INSERT INTO BOOK(book_id, condition, state, edition_id, line_id) VALUES(3561, 2, 0, 101, 311);
INSERT INTO BOOK(book_id, condition, state, edition_id, line_id) VALUES(3562, 1, 0, 101, 117);
INSERT INTO BOOK(book_id, condition, state, edition_id, line_id) VALUES(3563, 1, 0, 101, 75);
INSERT INTO BOOK(book_id, condition, state, edition_id, line_id) VALUES(3564, 3, 0, 101, 189);
INSERT INTO BOOK(book_id, condition, state, edition_id, line_id) VALUES(3565, 1, 0, 101, 288);
INSERT INTO BOOK(book_id, condition, state, edition_id, line_id) VALUES(3566, 1, 0, 101, 315);
INSERT INTO BOOK(book_id, condition, state, edition_id, line_id) VALUES(3567, 2, 0, 101, 6);
INSERT INTO BOOK(book_id, condition, state, edition_id, line_id) VALUES(3568, 1, 0, 101, 193);
INSERT INTO BOOK(book_id, condition, state, edition_id, line_id) VALUES(3569, 1, 0, 101, 204);
INSERT INTO BOOK(book_id, condition, state, edition_id, line_id) VALUES(3570, 1, 0, 101, 247);
INSERT INTO BOOK(book_id, condition, state, edition_id, line_id) VALUES(3571, 2, 0, 101, 300);
INSERT INTO BOOK(book_id, condition, state, edition_id, line_id) VALUES(3572, 0, 0, 101, 85);
INSERT INTO BOOK(book_id, condition, state, edition_id, line_id) VALUES(3573, 1, 0, 102, 49);
INSERT INTO BOOK(book_id, condition, state, edition_id, line_id) VALUES(3574, 1, 0, 102, 61);
INSERT INTO BOOK(book_id, condition, state, edition_id, line_id) VALUES(3575, 1, 0, 102, 153);
INSERT INTO BOOK(book_id, condition, state, edition_id, line_id) VALUES(3576, 1, 0, 102, 295);
INSERT INTO BOOK(book_id, condition, state, edition_id, line_id) VALUES(3577, 2, 0, 102, 68);
INSERT INTO BOOK(book_id, condition, state, edition_id, line_id) VALUES(3578, 2, 0, 102, 135);
INSERT INTO BOOK(book_id, condition, state, edition_id, line_id) VALUES(3579, 0, 0, 102, 218);
INSERT INTO BOOK(book_id, condition, state, edition_id, line_id) VALUES(3580, 2, 0, 102, 315);
INSERT INTO BOOK(book_id, condition, state, edition_id, line_id) VALUES(3581, 1, 0, 102, 313);
INSERT INTO BOOK(book_id, condition, state, edition_id, line_id) VALUES(3582, 2, 0, 102, 114);
INSERT INTO BOOK(book_id, condition, state, edition_id, line_id) VALUES(3583, 1, 0, 102, 230);
INSERT INTO BOOK(book_id, condition, state, edition_id, line_id) VALUES(3584, 2, 0, 102, 221);
INSERT INTO BOOK(book_id, condition, state, edition_id, line_id) VALUES(3585, 1, 0, 102, 19);
INSERT INTO BOOK(book_id, condition, state, edition_id, line_id) VALUES(3586, 1, 0, 102, 287);
INSERT INTO BOOK(book_id, condition, state, edition_id, line_id) VALUES(3587, 3, 0, 102, 182);
INSERT INTO BOOK(book_id, condition, state, edition_id, line_id) VALUES(3588, 1, 0, 102, 67);
INSERT INTO BOOK(book_id, condition, state, edition_id, line_id) VALUES(3589, 1, 0, 102, 261);
INSERT INTO BOOK(book_id, condition, state, edition_id, line_id) VALUES(3590, 2, 0, 102, 53);
INSERT INTO BOOK(book_id, condition, state, edition_id, line_id) VALUES(3591, 2, 0, 102, 194);
INSERT INTO BOOK(book_id, condition, state, edition_id, line_id) VALUES(3592, 0, 0, 102, 275);
INSERT INTO BOOK(book_id, condition, state, edition_id, line_id) VALUES(3593, 1, 0, 102, 79);
INSERT INTO BOOK(book_id, condition, state, edition_id, line_id) VALUES(3594, 0, 0, 102, 224);
INSERT INTO BOOK(book_id, condition, state, edition_id, line_id) VALUES(3595, 1, 0, 102, 149);
INSERT INTO BOOK(book_id, condition, state, edition_id, line_id) VALUES(3596, 1, 0, 102, 326);
INSERT INTO BOOK(book_id, condition, state, edition_id, line_id) VALUES(3597, 2, 0, 102, 249);
INSERT INTO BOOK(book_id, condition, state, edition_id, line_id) VALUES(3598, 0, 0, 102, 240);
INSERT INTO BOOK(book_id, condition, state, edition_id, line_id) VALUES(3599, 1, 0, 102, 70);
INSERT INTO BOOK(book_id, condition, state, edition_id, line_id) VALUES(3600, 2, 0, 102, 214);
INSERT INTO BOOK(book_id, condition, state, edition_id, line_id) VALUES(3601, 1, 0, 102, 35);
INSERT INTO BOOK(book_id, condition, state, edition_id, line_id) VALUES(3602, 1, 0, 102, 220);
INSERT INTO BOOK(book_id, condition, state, edition_id, line_id) VALUES(3603, 0, 0, 102, 244);
INSERT INTO BOOK(book_id, condition, state, edition_id, line_id) VALUES(3604, 1, 0, 102, 70);
INSERT INTO BOOK(book_id, condition, state, edition_id, line_id) VALUES(3605, 0, 0, 102, 127);
INSERT INTO BOOK(book_id, condition, state, edition_id, line_id) VALUES(3606, 3, 0, 102, 321);
INSERT INTO BOOK(book_id, condition, state, edition_id, line_id) VALUES(3607, 3, 0, 102, 130);
INSERT INTO BOOK(book_id, condition, state, edition_id, line_id) VALUES(3608, 1, 0, 102, 267);
INSERT INTO BOOK(book_id, condition, state, edition_id, line_id) VALUES(3609, 2, 0, 102, 271);
INSERT INTO BOOK(book_id, condition, state, edition_id, line_id) VALUES(3610, 0, 0, 102, 58);
INSERT INTO BOOK(book_id, condition, state, edition_id, line_id) VALUES(3611, 0, 0, 102, 318);
INSERT INTO BOOK(book_id, condition, state, edition_id, line_id) VALUES(3612, 3, 0, 102, 181);
INSERT INTO BOOK(book_id, condition, state, edition_id, line_id) VALUES(3613, 1, 0, 102, 290);
INSERT INTO BOOK(book_id, condition, state, edition_id, line_id) VALUES(3614, 0, 0, 102, 196);
INSERT INTO BOOK(book_id, condition, state, edition_id, line_id) VALUES(3615, 2, 0, 102, 325);
INSERT INTO BOOK(book_id, condition, state, edition_id, line_id) VALUES(3616, 2, 0, 102, 4);
INSERT INTO BOOK(book_id, condition, state, edition_id, line_id) VALUES(3617, 2, 0, 102, 231);
INSERT INTO BOOK(book_id, condition, state, edition_id, line_id) VALUES(3618, 1, 0, 102, 292);
INSERT INTO BOOK(book_id, condition, state, edition_id, line_id) VALUES(3619, 0, 0, 102, 264);
INSERT INTO BOOK(book_id, condition, state, edition_id, line_id) VALUES(3620, 3, 0, 102, 165);
INSERT INTO BOOK(book_id, condition, state, edition_id, line_id) VALUES(3621, 1, 0, 102, 300);
INSERT INTO BOOK(book_id, condition, state, edition_id, line_id) VALUES(3622, 2, 0, 102, 58);
INSERT INTO BOOK(book_id, condition, state, edition_id, line_id) VALUES(3623, 3, 0, 102, 271);
INSERT INTO BOOK(book_id, condition, state, edition_id, line_id) VALUES(3624, 1, 0, 102, 297);
INSERT INTO BOOK(book_id, condition, state, edition_id, line_id) VALUES(3625, 1, 0, 102, 143);
INSERT INTO BOOK(book_id, condition, state, edition_id, line_id) VALUES(3626, 2, 0, 102, 49);
INSERT INTO BOOK(book_id, condition, state, edition_id, line_id) VALUES(3627, 2, 0, 102, 298);
INSERT INTO BOOK(book_id, condition, state, edition_id, line_id) VALUES(3628, 1, 0, 102, 177);
INSERT INTO BOOK(book_id, condition, state, edition_id, line_id) VALUES(3629, 1, 0, 103, 203);
INSERT INTO BOOK(book_id, condition, state, edition_id, line_id) VALUES(3630, 2, 0, 103, 328);
INSERT INTO BOOK(book_id, condition, state, edition_id, line_id) VALUES(3631, 1, 0, 103, 40);
INSERT INTO BOOK(book_id, condition, state, edition_id, line_id) VALUES(3632, 1, 0, 103, 215);
INSERT INTO BOOK(book_id, condition, state, edition_id, line_id) VALUES(3633, 1, 0, 103, 240);
INSERT INTO BOOK(book_id, condition, state, edition_id, line_id) VALUES(3634, 2, 0, 103, 115);
INSERT INTO BOOK(book_id, condition, state, edition_id, line_id) VALUES(3635, 1, 0, 103, 137);
INSERT INTO BOOK(book_id, condition, state, edition_id, line_id) VALUES(3636, 1, 0, 103, 118);
INSERT INTO BOOK(book_id, condition, state, edition_id, line_id) VALUES(3637, 1, 0, 103, 13);
INSERT INTO BOOK(book_id, condition, state, edition_id, line_id) VALUES(3638, 3, 0, 103, 328);
INSERT INTO BOOK(book_id, condition, state, edition_id, line_id) VALUES(3639, 1, 0, 103, 161);
INSERT INTO BOOK(book_id, condition, state, edition_id, line_id) VALUES(3640, 1, 0, 103, 229);
INSERT INTO BOOK(book_id, condition, state, edition_id, line_id) VALUES(3641, 2, 0, 103, 28);
INSERT INTO BOOK(book_id, condition, state, edition_id, line_id) VALUES(3642, 2, 0, 103, 317);
INSERT INTO BOOK(book_id, condition, state, edition_id, line_id) VALUES(3643, 1, 0, 103, 219);
INSERT INTO BOOK(book_id, condition, state, edition_id, line_id) VALUES(3644, 2, 0, 103, 215);
INSERT INTO BOOK(book_id, condition, state, edition_id, line_id) VALUES(3645, 0, 0, 103, 193);
INSERT INTO BOOK(book_id, condition, state, edition_id, line_id) VALUES(3646, 1, 0, 103, 273);
INSERT INTO BOOK(book_id, condition, state, edition_id, line_id) VALUES(3647, 2, 0, 103, 36);
INSERT INTO BOOK(book_id, condition, state, edition_id, line_id) VALUES(3648, 0, 0, 104, 269);
INSERT INTO BOOK(book_id, condition, state, edition_id, line_id) VALUES(3649, 3, 0, 104, 11);
INSERT INTO BOOK(book_id, condition, state, edition_id, line_id) VALUES(3650, 0, 0, 104, 46);
INSERT INTO BOOK(book_id, condition, state, edition_id, line_id) VALUES(3651, 1, 0, 104, 321);
INSERT INTO BOOK(book_id, condition, state, edition_id, line_id) VALUES(3652, 2, 0, 104, 153);
INSERT INTO BOOK(book_id, condition, state, edition_id, line_id) VALUES(3653, 1, 0, 104, 277);
INSERT INTO BOOK(book_id, condition, state, edition_id, line_id) VALUES(3654, 0, 0, 104, 130);
INSERT INTO BOOK(book_id, condition, state, edition_id, line_id) VALUES(3655, 1, 0, 104, 131);
INSERT INTO BOOK(book_id, condition, state, edition_id, line_id) VALUES(3656, 1, 0, 104, 2);
INSERT INTO BOOK(book_id, condition, state, edition_id, line_id) VALUES(3657, 0, 0, 104, 98);
INSERT INTO BOOK(book_id, condition, state, edition_id, line_id) VALUES(3658, 1, 0, 104, 316);
INSERT INTO BOOK(book_id, condition, state, edition_id, line_id) VALUES(3659, 2, 0, 104, 315);
INSERT INTO BOOK(book_id, condition, state, edition_id, line_id) VALUES(3660, 1, 0, 104, 222);
INSERT INTO BOOK(book_id, condition, state, edition_id, line_id) VALUES(3661, 1, 0, 104, 279);
INSERT INTO BOOK(book_id, condition, state, edition_id, line_id) VALUES(3662, 2, 0, 104, 270);
INSERT INTO BOOK(book_id, condition, state, edition_id, line_id) VALUES(3663, 1, 0, 104, 96);
INSERT INTO BOOK(book_id, condition, state, edition_id, line_id) VALUES(3664, 2, 0, 105, 107);
INSERT INTO BOOK(book_id, condition, state, edition_id, line_id) VALUES(3665, 3, 0, 105, 264);
INSERT INTO BOOK(book_id, condition, state, edition_id, line_id) VALUES(3666, 1, 0, 105, 216);
INSERT INTO BOOK(book_id, condition, state, edition_id, line_id) VALUES(3667, 1, 0, 105, 33);
INSERT INTO BOOK(book_id, condition, state, edition_id, line_id) VALUES(3668, 2, 0, 105, 324);
INSERT INTO BOOK(book_id, condition, state, edition_id, line_id) VALUES(3669, 2, 0, 105, 155);
INSERT INTO BOOK(book_id, condition, state, edition_id, line_id) VALUES(3670, 0, 0, 105, 165);
INSERT INTO BOOK(book_id, condition, state, edition_id, line_id) VALUES(3671, 1, 0, 105, 307);
INSERT INTO BOOK(book_id, condition, state, edition_id, line_id) VALUES(3672, 1, 0, 105, 13);
INSERT INTO BOOK(book_id, condition, state, edition_id, line_id) VALUES(3673, 0, 0, 106, 42);
INSERT INTO BOOK(book_id, condition, state, edition_id, line_id) VALUES(3674, 0, 0, 106, 44);
INSERT INTO BOOK(book_id, condition, state, edition_id, line_id) VALUES(3675, 1, 0, 106, 88);
INSERT INTO BOOK(book_id, condition, state, edition_id, line_id) VALUES(3676, 1, 0, 106, 107);
INSERT INTO BOOK(book_id, condition, state, edition_id, line_id) VALUES(3677, 1, 0, 106, 224);
INSERT INTO BOOK(book_id, condition, state, edition_id, line_id) VALUES(3678, 1, 0, 106, 302);
INSERT INTO BOOK(book_id, condition, state, edition_id, line_id) VALUES(3679, 2, 0, 106, 322);
INSERT INTO BOOK(book_id, condition, state, edition_id, line_id) VALUES(3680, 2, 0, 106, 232);
INSERT INTO BOOK(book_id, condition, state, edition_id, line_id) VALUES(3681, 0, 0, 106, 33);
INSERT INTO BOOK(book_id, condition, state, edition_id, line_id) VALUES(3682, 0, 0, 106, 51);
INSERT INTO BOOK(book_id, condition, state, edition_id, line_id) VALUES(3683, 0, 0, 106, 21);
INSERT INTO BOOK(book_id, condition, state, edition_id, line_id) VALUES(3684, 1, 0, 106, 140);
INSERT INTO BOOK(book_id, condition, state, edition_id, line_id) VALUES(3685, 2, 0, 106, 74);
INSERT INTO BOOK(book_id, condition, state, edition_id, line_id) VALUES(3686, 2, 0, 106, 151);
INSERT INTO BOOK(book_id, condition, state, edition_id, line_id) VALUES(3687, 1, 0, 106, 135);
INSERT INTO BOOK(book_id, condition, state, edition_id, line_id) VALUES(3688, 3, 0, 106, 235);
INSERT INTO BOOK(book_id, condition, state, edition_id, line_id) VALUES(3689, 0, 0, 106, 224);
INSERT INTO BOOK(book_id, condition, state, edition_id, line_id) VALUES(3690, 0, 0, 106, 200);
INSERT INTO BOOK(book_id, condition, state, edition_id, line_id) VALUES(3691, 0, 0, 106, 93);
INSERT INTO BOOK(book_id, condition, state, edition_id, line_id) VALUES(3692, 0, 0, 106, 82);
INSERT INTO BOOK(book_id, condition, state, edition_id, line_id) VALUES(3693, 0, 0, 106, 10);
INSERT INTO BOOK(book_id, condition, state, edition_id, line_id) VALUES(3694, 1, 0, 106, 123);
INSERT INTO BOOK(book_id, condition, state, edition_id, line_id) VALUES(3695, 0, 0, 106, 116);
INSERT INTO BOOK(book_id, condition, state, edition_id, line_id) VALUES(3696, 2, 0, 106, 146);
INSERT INTO BOOK(book_id, condition, state, edition_id, line_id) VALUES(3697, 0, 0, 106, 14);
INSERT INTO BOOK(book_id, condition, state, edition_id, line_id) VALUES(3698, 0, 0, 106, 182);
INSERT INTO BOOK(book_id, condition, state, edition_id, line_id) VALUES(3699, 2, 0, 106, 54);
INSERT INTO BOOK(book_id, condition, state, edition_id, line_id) VALUES(3700, 0, 0, 106, 227);
INSERT INTO BOOK(book_id, condition, state, edition_id, line_id) VALUES(3701, 0, 0, 106, 29);
INSERT INTO BOOK(book_id, condition, state, edition_id, line_id) VALUES(3702, 1, 0, 106, 327);
INSERT INTO BOOK(book_id, condition, state, edition_id, line_id) VALUES(3703, 2, 0, 106, 236);
INSERT INTO BOOK(book_id, condition, state, edition_id, line_id) VALUES(3704, 1, 0, 106, 252);
INSERT INTO BOOK(book_id, condition, state, edition_id, line_id) VALUES(3705, 1, 0, 106, 233);
INSERT INTO BOOK(book_id, condition, state, edition_id, line_id) VALUES(3706, 1, 0, 106, 157);
INSERT INTO BOOK(book_id, condition, state, edition_id, line_id) VALUES(3707, 1, 0, 106, 321);
INSERT INTO BOOK(book_id, condition, state, edition_id, line_id) VALUES(3708, 0, 0, 106, 300);
INSERT INTO BOOK(book_id, condition, state, edition_id, line_id) VALUES(3709, 3, 0, 106, 151);
INSERT INTO BOOK(book_id, condition, state, edition_id, line_id) VALUES(3710, 2, 0, 106, 20);
INSERT INTO BOOK(book_id, condition, state, edition_id, line_id) VALUES(3711, 1, 0, 106, 250);
INSERT INTO BOOK(book_id, condition, state, edition_id, line_id) VALUES(3712, 1, 0, 106, 275);
INSERT INTO BOOK(book_id, condition, state, edition_id, line_id) VALUES(3713, 0, 0, 106, 315);
INSERT INTO BOOK(book_id, condition, state, edition_id, line_id) VALUES(3714, 3, 0, 106, 160);
INSERT INTO BOOK(book_id, condition, state, edition_id, line_id) VALUES(3715, 1, 0, 106, 185);
INSERT INTO BOOK(book_id, condition, state, edition_id, line_id) VALUES(3716, 1, 0, 106, 175);
INSERT INTO BOOK(book_id, condition, state, edition_id, line_id) VALUES(3717, 1, 0, 106, 72);
INSERT INTO BOOK(book_id, condition, state, edition_id, line_id) VALUES(3718, 1, 0, 106, 177);
INSERT INTO BOOK(book_id, condition, state, edition_id, line_id) VALUES(3719, 3, 0, 106, 315);
INSERT INTO BOOK(book_id, condition, state, edition_id, line_id) VALUES(3720, 3, 0, 106, 39);
INSERT INTO BOOK(book_id, condition, state, edition_id, line_id) VALUES(3721, 0, 0, 106, 65);
INSERT INTO BOOK(book_id, condition, state, edition_id, line_id) VALUES(3722, 2, 0, 106, 314);
INSERT INTO BOOK(book_id, condition, state, edition_id, line_id) VALUES(3723, 0, 0, 106, 122);
INSERT INTO BOOK(book_id, condition, state, edition_id, line_id) VALUES(3724, 1, 0, 106, 282);
INSERT INTO BOOK(book_id, condition, state, edition_id, line_id) VALUES(3725, 1, 0, 106, 294);
INSERT INTO BOOK(book_id, condition, state, edition_id, line_id) VALUES(3726, 0, 0, 106, 62);
INSERT INTO BOOK(book_id, condition, state, edition_id, line_id) VALUES(3727, 0, 0, 106, 174);
INSERT INTO BOOK(book_id, condition, state, edition_id, line_id) VALUES(3728, 0, 0, 106, 160);
INSERT INTO BOOK(book_id, condition, state, edition_id, line_id) VALUES(3729, 0, 0, 106, 102);
INSERT INTO BOOK(book_id, condition, state, edition_id, line_id) VALUES(3730, 1, 0, 107, 239);
INSERT INTO BOOK(book_id, condition, state, edition_id, line_id) VALUES(3731, 0, 0, 107, 69);
INSERT INTO BOOK(book_id, condition, state, edition_id, line_id) VALUES(3732, 1, 0, 107, 188);
INSERT INTO BOOK(book_id, condition, state, edition_id, line_id) VALUES(3733, 2, 0, 107, 306);
INSERT INTO BOOK(book_id, condition, state, edition_id, line_id) VALUES(3734, 1, 0, 107, 288);
INSERT INTO BOOK(book_id, condition, state, edition_id, line_id) VALUES(3735, 2, 0, 107, 102);
INSERT INTO BOOK(book_id, condition, state, edition_id, line_id) VALUES(3736, 2, 0, 107, 172);
INSERT INTO BOOK(book_id, condition, state, edition_id, line_id) VALUES(3737, 3, 0, 107, 28);
INSERT INTO BOOK(book_id, condition, state, edition_id, line_id) VALUES(3738, 1, 0, 107, 249);
INSERT INTO BOOK(book_id, condition, state, edition_id, line_id) VALUES(3739, 0, 0, 107, 294);
INSERT INTO BOOK(book_id, condition, state, edition_id, line_id) VALUES(3740, 0, 0, 107, 280);
INSERT INTO BOOK(book_id, condition, state, edition_id, line_id) VALUES(3741, 0, 0, 107, 327);
INSERT INTO BOOK(book_id, condition, state, edition_id, line_id) VALUES(3742, 1, 0, 107, 148);
INSERT INTO BOOK(book_id, condition, state, edition_id, line_id) VALUES(3743, 1, 0, 107, 79);
INSERT INTO BOOK(book_id, condition, state, edition_id, line_id) VALUES(3744, 0, 0, 107, 248);
INSERT INTO BOOK(book_id, condition, state, edition_id, line_id) VALUES(3745, 3, 0, 107, 263);
INSERT INTO BOOK(book_id, condition, state, edition_id, line_id) VALUES(3746, 1, 0, 107, 128);
INSERT INTO BOOK(book_id, condition, state, edition_id, line_id) VALUES(3747, 2, 0, 107, 204);
INSERT INTO BOOK(book_id, condition, state, edition_id, line_id) VALUES(3748, 3, 0, 107, 248);
INSERT INTO BOOK(book_id, condition, state, edition_id, line_id) VALUES(3749, 2, 0, 107, 77);
INSERT INTO BOOK(book_id, condition, state, edition_id, line_id) VALUES(3750, 2, 0, 107, 198);
INSERT INTO BOOK(book_id, condition, state, edition_id, line_id) VALUES(3751, 1, 0, 107, 232);
INSERT INTO BOOK(book_id, condition, state, edition_id, line_id) VALUES(3752, 1, 0, 107, 54);
INSERT INTO BOOK(book_id, condition, state, edition_id, line_id) VALUES(3753, 0, 0, 107, 109);
INSERT INTO BOOK(book_id, condition, state, edition_id, line_id) VALUES(3754, 2, 0, 107, 136);
INSERT INTO BOOK(book_id, condition, state, edition_id, line_id) VALUES(3755, 2, 0, 107, 275);
INSERT INTO BOOK(book_id, condition, state, edition_id, line_id) VALUES(3756, 3, 0, 107, 198);
INSERT INTO BOOK(book_id, condition, state, edition_id, line_id) VALUES(3757, 1, 0, 107, 14);
INSERT INTO BOOK(book_id, condition, state, edition_id, line_id) VALUES(3758, 0, 0, 107, 298);
INSERT INTO BOOK(book_id, condition, state, edition_id, line_id) VALUES(3759, 1, 0, 107, 217);
INSERT INTO BOOK(book_id, condition, state, edition_id, line_id) VALUES(3760, 0, 0, 107, 15);
INSERT INTO BOOK(book_id, condition, state, edition_id, line_id) VALUES(3761, 0, 0, 107, 314);
INSERT INTO BOOK(book_id, condition, state, edition_id, line_id) VALUES(3762, 1, 0, 107, 316);
INSERT INTO BOOK(book_id, condition, state, edition_id, line_id) VALUES(3763, 0, 0, 108, 89);
INSERT INTO BOOK(book_id, condition, state, edition_id, line_id) VALUES(3764, 2, 0, 108, 197);
INSERT INTO BOOK(book_id, condition, state, edition_id, line_id) VALUES(3765, 1, 0, 108, 183);
INSERT INTO BOOK(book_id, condition, state, edition_id, line_id) VALUES(3766, 1, 0, 108, 167);
INSERT INTO BOOK(book_id, condition, state, edition_id, line_id) VALUES(3767, 0, 0, 108, 257);
INSERT INTO BOOK(book_id, condition, state, edition_id, line_id) VALUES(3768, 3, 0, 108, 241);
INSERT INTO BOOK(book_id, condition, state, edition_id, line_id) VALUES(3769, 0, 0, 108, 131);
INSERT INTO BOOK(book_id, condition, state, edition_id, line_id) VALUES(3770, 1, 0, 108, 184);
INSERT INTO BOOK(book_id, condition, state, edition_id, line_id) VALUES(3771, 3, 0, 108, 19);
INSERT INTO BOOK(book_id, condition, state, edition_id, line_id) VALUES(3772, 1, 0, 108, 105);
INSERT INTO BOOK(book_id, condition, state, edition_id, line_id) VALUES(3773, 1, 0, 108, 52);
INSERT INTO BOOK(book_id, condition, state, edition_id, line_id) VALUES(3774, 2, 0, 108, 141);
INSERT INTO BOOK(book_id, condition, state, edition_id, line_id) VALUES(3775, 1, 0, 108, 285);
INSERT INTO BOOK(book_id, condition, state, edition_id, line_id) VALUES(3776, 0, 0, 108, 242);
INSERT INTO BOOK(book_id, condition, state, edition_id, line_id) VALUES(3777, 1, 0, 108, 11);
INSERT INTO BOOK(book_id, condition, state, edition_id, line_id) VALUES(3778, 1, 0, 108, 53);
INSERT INTO BOOK(book_id, condition, state, edition_id, line_id) VALUES(3779, 2, 0, 108, 101);
INSERT INTO BOOK(book_id, condition, state, edition_id, line_id) VALUES(3780, 0, 0, 108, 84);
INSERT INTO BOOK(book_id, condition, state, edition_id, line_id) VALUES(3781, 0, 0, 108, 166);
INSERT INTO BOOK(book_id, condition, state, edition_id, line_id) VALUES(3782, 3, 0, 108, 79);
INSERT INTO BOOK(book_id, condition, state, edition_id, line_id) VALUES(3783, 3, 0, 108, 276);
INSERT INTO BOOK(book_id, condition, state, edition_id, line_id) VALUES(3784, 3, 0, 108, 235);
INSERT INTO BOOK(book_id, condition, state, edition_id, line_id) VALUES(3785, 1, 0, 108, 128);
INSERT INTO BOOK(book_id, condition, state, edition_id, line_id) VALUES(3786, 2, 0, 108, 64);
INSERT INTO BOOK(book_id, condition, state, edition_id, line_id) VALUES(3787, 1, 0, 108, 60);
INSERT INTO BOOK(book_id, condition, state, edition_id, line_id) VALUES(3788, 0, 0, 108, 164);
INSERT INTO BOOK(book_id, condition, state, edition_id, line_id) VALUES(3789, 0, 0, 108, 314);
INSERT INTO BOOK(book_id, condition, state, edition_id, line_id) VALUES(3790, 1, 0, 108, 131);
INSERT INTO BOOK(book_id, condition, state, edition_id, line_id) VALUES(3791, 0, 0, 108, 101);
INSERT INTO BOOK(book_id, condition, state, edition_id, line_id) VALUES(3792, 1, 0, 108, 118);
INSERT INTO BOOK(book_id, condition, state, edition_id, line_id) VALUES(3793, 1, 0, 108, 256);
INSERT INTO BOOK(book_id, condition, state, edition_id, line_id) VALUES(3794, 1, 0, 108, 181);
INSERT INTO BOOK(book_id, condition, state, edition_id, line_id) VALUES(3795, 1, 0, 108, 87);
INSERT INTO BOOK(book_id, condition, state, edition_id, line_id) VALUES(3796, 0, 0, 108, 184);
INSERT INTO BOOK(book_id, condition, state, edition_id, line_id) VALUES(3797, 1, 0, 108, 168);
INSERT INTO BOOK(book_id, condition, state, edition_id, line_id) VALUES(3798, 0, 0, 108, 162);
INSERT INTO BOOK(book_id, condition, state, edition_id, line_id) VALUES(3799, 0, 0, 108, 279);
INSERT INTO BOOK(book_id, condition, state, edition_id, line_id) VALUES(3800, 1, 0, 109, 117);
INSERT INTO BOOK(book_id, condition, state, edition_id, line_id) VALUES(3801, 1, 0, 109, 54);
INSERT INTO BOOK(book_id, condition, state, edition_id, line_id) VALUES(3802, 1, 0, 109, 182);
INSERT INTO BOOK(book_id, condition, state, edition_id, line_id) VALUES(3803, 0, 0, 109, 292);
INSERT INTO BOOK(book_id, condition, state, edition_id, line_id) VALUES(3804, 0, 0, 109, 188);
INSERT INTO BOOK(book_id, condition, state, edition_id, line_id) VALUES(3805, 1, 0, 109, 306);
INSERT INTO BOOK(book_id, condition, state, edition_id, line_id) VALUES(3806, 0, 0, 109, 280);
INSERT INTO BOOK(book_id, condition, state, edition_id, line_id) VALUES(3807, 1, 0, 109, 96);
INSERT INTO BOOK(book_id, condition, state, edition_id, line_id) VALUES(3808, 2, 0, 110, 296);
INSERT INTO BOOK(book_id, condition, state, edition_id, line_id) VALUES(3809, 0, 0, 110, 136);
INSERT INTO BOOK(book_id, condition, state, edition_id, line_id) VALUES(3810, 1, 0, 110, 207);
INSERT INTO BOOK(book_id, condition, state, edition_id, line_id) VALUES(3811, 1, 0, 110, 265);
INSERT INTO BOOK(book_id, condition, state, edition_id, line_id) VALUES(3812, 2, 0, 110, 267);
INSERT INTO BOOK(book_id, condition, state, edition_id, line_id) VALUES(3813, 0, 0, 110, 256);
INSERT INTO BOOK(book_id, condition, state, edition_id, line_id) VALUES(3814, 1, 0, 110, 219);
INSERT INTO BOOK(book_id, condition, state, edition_id, line_id) VALUES(3815, 1, 0, 110, 28);
INSERT INTO BOOK(book_id, condition, state, edition_id, line_id) VALUES(3816, 2, 0, 110, 302);
INSERT INTO BOOK(book_id, condition, state, edition_id, line_id) VALUES(3817, 2, 0, 110, 138);
INSERT INTO BOOK(book_id, condition, state, edition_id, line_id) VALUES(3818, 3, 0, 110, 275);
INSERT INTO BOOK(book_id, condition, state, edition_id, line_id) VALUES(3819, 1, 0, 110, 14);
INSERT INTO BOOK(book_id, condition, state, edition_id, line_id) VALUES(3820, 0, 0, 110, 188);
INSERT INTO BOOK(book_id, condition, state, edition_id, line_id) VALUES(3821, 2, 0, 110, 68);
INSERT INTO BOOK(book_id, condition, state, edition_id, line_id) VALUES(3822, 2, 0, 110, 41);
INSERT INTO BOOK(book_id, condition, state, edition_id, line_id) VALUES(3823, 2, 0, 110, 261);
INSERT INTO BOOK(book_id, condition, state, edition_id, line_id) VALUES(3824, 1, 0, 110, 234);
INSERT INTO BOOK(book_id, condition, state, edition_id, line_id) VALUES(3825, 2, 0, 110, 204);
INSERT INTO BOOK(book_id, condition, state, edition_id, line_id) VALUES(3826, 0, 0, 110, 8);
INSERT INTO BOOK(book_id, condition, state, edition_id, line_id) VALUES(3827, 2, 0, 110, 99);
INSERT INTO BOOK(book_id, condition, state, edition_id, line_id) VALUES(3828, 0, 0, 110, 95);
INSERT INTO BOOK(book_id, condition, state, edition_id, line_id) VALUES(3829, 1, 0, 110, 320);
INSERT INTO BOOK(book_id, condition, state, edition_id, line_id) VALUES(3830, 0, 0, 110, 120);
INSERT INTO BOOK(book_id, condition, state, edition_id, line_id) VALUES(3831, 1, 0, 110, 151);
INSERT INTO BOOK(book_id, condition, state, edition_id, line_id) VALUES(3832, 1, 0, 110, 203);
INSERT INTO BOOK(book_id, condition, state, edition_id, line_id) VALUES(3833, 0, 0, 110, 55);
INSERT INTO BOOK(book_id, condition, state, edition_id, line_id) VALUES(3834, 0, 0, 110, 327);
INSERT INTO BOOK(book_id, condition, state, edition_id, line_id) VALUES(3835, 0, 0, 110, 228);
INSERT INTO BOOK(book_id, condition, state, edition_id, line_id) VALUES(3836, 0, 0, 110, 111);
INSERT INTO BOOK(book_id, condition, state, edition_id, line_id) VALUES(3837, 1, 0, 110, 272);
INSERT INTO BOOK(book_id, condition, state, edition_id, line_id) VALUES(3838, 1, 0, 110, 180);
INSERT INTO BOOK(book_id, condition, state, edition_id, line_id) VALUES(3839, 0, 0, 110, 43);
INSERT INTO BOOK(book_id, condition, state, edition_id, line_id) VALUES(3840, 3, 0, 110, 58);
INSERT INTO BOOK(book_id, condition, state, edition_id, line_id) VALUES(3841, 1, 0, 110, 117);
INSERT INTO BOOK(book_id, condition, state, edition_id, line_id) VALUES(3842, 1, 0, 110, 40);
INSERT INTO BOOK(book_id, condition, state, edition_id, line_id) VALUES(3843, 1, 0, 110, 68);
INSERT INTO BOOK(book_id, condition, state, edition_id, line_id) VALUES(3844, 0, 0, 110, 195);
INSERT INTO BOOK(book_id, condition, state, edition_id, line_id) VALUES(3845, 2, 0, 110, 53);
INSERT INTO BOOK(book_id, condition, state, edition_id, line_id) VALUES(3846, 0, 0, 110, 69);
INSERT INTO BOOK(book_id, condition, state, edition_id, line_id) VALUES(3847, 1, 0, 110, 33);
INSERT INTO BOOK(book_id, condition, state, edition_id, line_id) VALUES(3848, 3, 0, 110, 113);
INSERT INTO BOOK(book_id, condition, state, edition_id, line_id) VALUES(3849, 0, 0, 110, 26);
INSERT INTO BOOK(book_id, condition, state, edition_id, line_id) VALUES(3850, 0, 0, 110, 209);
INSERT INTO BOOK(book_id, condition, state, edition_id, line_id) VALUES(3851, 1, 0, 110, 111);
INSERT INTO BOOK(book_id, condition, state, edition_id, line_id) VALUES(3852, 0, 0, 110, 31);
INSERT INTO BOOK(book_id, condition, state, edition_id, line_id) VALUES(3853, 0, 0, 110, 216);
INSERT INTO BOOK(book_id, condition, state, edition_id, line_id) VALUES(3854, 3, 0, 110, 198);
INSERT INTO BOOK(book_id, condition, state, edition_id, line_id) VALUES(3855, 0, 0, 110, 209);
INSERT INTO BOOK(book_id, condition, state, edition_id, line_id) VALUES(3856, 2, 0, 110, 184);
INSERT INTO BOOK(book_id, condition, state, edition_id, line_id) VALUES(3857, 2, 0, 111, 60);
INSERT INTO BOOK(book_id, condition, state, edition_id, line_id) VALUES(3858, 2, 0, 111, 194);
INSERT INTO BOOK(book_id, condition, state, edition_id, line_id) VALUES(3859, 2, 0, 111, 113);
INSERT INTO BOOK(book_id, condition, state, edition_id, line_id) VALUES(3860, 1, 0, 111, 92);
INSERT INTO BOOK(book_id, condition, state, edition_id, line_id) VALUES(3861, 1, 0, 111, 69);
INSERT INTO BOOK(book_id, condition, state, edition_id, line_id) VALUES(3862, 1, 0, 111, 46);
INSERT INTO BOOK(book_id, condition, state, edition_id, line_id) VALUES(3863, 2, 0, 111, 323);
INSERT INTO BOOK(book_id, condition, state, edition_id, line_id) VALUES(3864, 0, 0, 111, 210);
INSERT INTO BOOK(book_id, condition, state, edition_id, line_id) VALUES(3865, 0, 0, 111, 180);
INSERT INTO BOOK(book_id, condition, state, edition_id, line_id) VALUES(3866, 0, 0, 111, 83);
INSERT INTO BOOK(book_id, condition, state, edition_id, line_id) VALUES(3867, 1, 0, 111, 31);
INSERT INTO BOOK(book_id, condition, state, edition_id, line_id) VALUES(3868, 1, 0, 111, 188);
INSERT INTO BOOK(book_id, condition, state, edition_id, line_id) VALUES(3869, 1, 0, 111, 246);
INSERT INTO BOOK(book_id, condition, state, edition_id, line_id) VALUES(3870, 1, 0, 111, 58);
INSERT INTO BOOK(book_id, condition, state, edition_id, line_id) VALUES(3871, 1, 0, 111, 249);
INSERT INTO BOOK(book_id, condition, state, edition_id, line_id) VALUES(3872, 3, 0, 111, 29);
INSERT INTO BOOK(book_id, condition, state, edition_id, line_id) VALUES(3873, 0, 0, 111, 141);
INSERT INTO BOOK(book_id, condition, state, edition_id, line_id) VALUES(3874, 0, 0, 111, 61);
INSERT INTO BOOK(book_id, condition, state, edition_id, line_id) VALUES(3875, 1, 0, 111, 254);
INSERT INTO BOOK(book_id, condition, state, edition_id, line_id) VALUES(3876, 3, 0, 111, 225);
INSERT INTO BOOK(book_id, condition, state, edition_id, line_id) VALUES(3877, 2, 0, 111, 141);
INSERT INTO BOOK(book_id, condition, state, edition_id, line_id) VALUES(3878, 2, 0, 111, 295);
INSERT INTO BOOK(book_id, condition, state, edition_id, line_id) VALUES(3879, 1, 0, 111, 45);
INSERT INTO BOOK(book_id, condition, state, edition_id, line_id) VALUES(3880, 1, 0, 111, 107);
INSERT INTO BOOK(book_id, condition, state, edition_id, line_id) VALUES(3881, 1, 0, 111, 46);
INSERT INTO BOOK(book_id, condition, state, edition_id, line_id) VALUES(3882, 1, 0, 111, 120);
INSERT INTO BOOK(book_id, condition, state, edition_id, line_id) VALUES(3883, 2, 0, 111, 79);
INSERT INTO BOOK(book_id, condition, state, edition_id, line_id) VALUES(3884, 0, 0, 111, 206);
INSERT INTO BOOK(book_id, condition, state, edition_id, line_id) VALUES(3885, 0, 0, 111, 181);
INSERT INTO BOOK(book_id, condition, state, edition_id, line_id) VALUES(3886, 1, 0, 111, 219);
INSERT INTO BOOK(book_id, condition, state, edition_id, line_id) VALUES(3887, 3, 0, 111, 13);
INSERT INTO BOOK(book_id, condition, state, edition_id, line_id) VALUES(3888, 2, 0, 111, 191);
INSERT INTO BOOK(book_id, condition, state, edition_id, line_id) VALUES(3889, 0, 0, 111, 225);
INSERT INTO BOOK(book_id, condition, state, edition_id, line_id) VALUES(3890, 1, 0, 111, 126);
INSERT INTO BOOK(book_id, condition, state, edition_id, line_id) VALUES(3891, 1, 0, 111, 254);
INSERT INTO BOOK(book_id, condition, state, edition_id, line_id) VALUES(3892, 0, 0, 111, 50);
INSERT INTO BOOK(book_id, condition, state, edition_id, line_id) VALUES(3893, 1, 0, 111, 6);
INSERT INTO BOOK(book_id, condition, state, edition_id, line_id) VALUES(3894, 0, 0, 112, 95);
INSERT INTO BOOK(book_id, condition, state, edition_id, line_id) VALUES(3895, 0, 0, 112, 105);
INSERT INTO BOOK(book_id, condition, state, edition_id, line_id) VALUES(3896, 0, 0, 112, 59);
INSERT INTO BOOK(book_id, condition, state, edition_id, line_id) VALUES(3897, 1, 0, 112, 286);
INSERT INTO BOOK(book_id, condition, state, edition_id, line_id) VALUES(3898, 3, 0, 112, 78);
INSERT INTO BOOK(book_id, condition, state, edition_id, line_id) VALUES(3899, 2, 0, 112, 199);
INSERT INTO BOOK(book_id, condition, state, edition_id, line_id) VALUES(3900, 3, 0, 112, 270);
INSERT INTO BOOK(book_id, condition, state, edition_id, line_id) VALUES(3901, 1, 0, 112, 119);
INSERT INTO BOOK(book_id, condition, state, edition_id, line_id) VALUES(3902, 1, 0, 112, 71);
INSERT INTO BOOK(book_id, condition, state, edition_id, line_id) VALUES(3903, 1, 0, 112, 42);
INSERT INTO BOOK(book_id, condition, state, edition_id, line_id) VALUES(3904, 2, 0, 112, 217);
INSERT INTO BOOK(book_id, condition, state, edition_id, line_id) VALUES(3905, 0, 0, 112, 275);
INSERT INTO BOOK(book_id, condition, state, edition_id, line_id) VALUES(3906, 1, 0, 112, 94);
INSERT INTO BOOK(book_id, condition, state, edition_id, line_id) VALUES(3907, 0, 0, 112, 224);
INSERT INTO BOOK(book_id, condition, state, edition_id, line_id) VALUES(3908, 0, 0, 112, 216);
INSERT INTO BOOK(book_id, condition, state, edition_id, line_id) VALUES(3909, 0, 0, 112, 233);
INSERT INTO BOOK(book_id, condition, state, edition_id, line_id) VALUES(3910, 0, 0, 112, 85);
INSERT INTO BOOK(book_id, condition, state, edition_id, line_id) VALUES(3911, 1, 0, 112, 260);
INSERT INTO BOOK(book_id, condition, state, edition_id, line_id) VALUES(3912, 1, 0, 113, 23);
INSERT INTO BOOK(book_id, condition, state, edition_id, line_id) VALUES(3913, 1, 0, 113, 191);
INSERT INTO BOOK(book_id, condition, state, edition_id, line_id) VALUES(3914, 1, 0, 113, 266);
INSERT INTO BOOK(book_id, condition, state, edition_id, line_id) VALUES(3915, 0, 0, 113, 271);
INSERT INTO BOOK(book_id, condition, state, edition_id, line_id) VALUES(3916, 0, 0, 113, 302);
INSERT INTO BOOK(book_id, condition, state, edition_id, line_id) VALUES(3917, 0, 0, 113, 90);
INSERT INTO BOOK(book_id, condition, state, edition_id, line_id) VALUES(3918, 1, 0, 113, 245);
INSERT INTO BOOK(book_id, condition, state, edition_id, line_id) VALUES(3919, 2, 0, 113, 241);
INSERT INTO BOOK(book_id, condition, state, edition_id, line_id) VALUES(3920, 1, 0, 113, 247);
INSERT INTO BOOK(book_id, condition, state, edition_id, line_id) VALUES(3921, 0, 0, 113, 129);
INSERT INTO BOOK(book_id, condition, state, edition_id, line_id) VALUES(3922, 1, 0, 113, 191);
INSERT INTO BOOK(book_id, condition, state, edition_id, line_id) VALUES(3923, 0, 0, 113, 286);
INSERT INTO BOOK(book_id, condition, state, edition_id, line_id) VALUES(3924, 3, 0, 113, 248);
INSERT INTO BOOK(book_id, condition, state, edition_id, line_id) VALUES(3925, 1, 0, 113, 304);
INSERT INTO BOOK(book_id, condition, state, edition_id, line_id) VALUES(3926, 0, 0, 113, 80);
INSERT INTO BOOK(book_id, condition, state, edition_id, line_id) VALUES(3927, 0, 0, 113, 14);
INSERT INTO BOOK(book_id, condition, state, edition_id, line_id) VALUES(3928, 1, 0, 113, 205);
INSERT INTO BOOK(book_id, condition, state, edition_id, line_id) VALUES(3929, 1, 0, 113, 150);
INSERT INTO BOOK(book_id, condition, state, edition_id, line_id) VALUES(3930, 1, 0, 113, 96);
INSERT INTO BOOK(book_id, condition, state, edition_id, line_id) VALUES(3931, 1, 0, 113, 2);
INSERT INTO BOOK(book_id, condition, state, edition_id, line_id) VALUES(3932, 0, 0, 113, 173);
INSERT INTO BOOK(book_id, condition, state, edition_id, line_id) VALUES(3933, 0, 0, 114, 40);
INSERT INTO BOOK(book_id, condition, state, edition_id, line_id) VALUES(3934, 2, 0, 114, 25);
INSERT INTO BOOK(book_id, condition, state, edition_id, line_id) VALUES(3935, 1, 0, 114, 263);
INSERT INTO BOOK(book_id, condition, state, edition_id, line_id) VALUES(3936, 0, 0, 114, 252);
INSERT INTO BOOK(book_id, condition, state, edition_id, line_id) VALUES(3937, 1, 0, 114, 204);
INSERT INTO BOOK(book_id, condition, state, edition_id, line_id) VALUES(3938, 2, 0, 114, 164);
INSERT INTO BOOK(book_id, condition, state, edition_id, line_id) VALUES(3939, 1, 0, 114, 245);
INSERT INTO BOOK(book_id, condition, state, edition_id, line_id) VALUES(3940, 0, 0, 114, 73);
INSERT INTO BOOK(book_id, condition, state, edition_id, line_id) VALUES(3941, 0, 0, 114, 43);
INSERT INTO BOOK(book_id, condition, state, edition_id, line_id) VALUES(3942, 1, 0, 114, 298);
INSERT INTO BOOK(book_id, condition, state, edition_id, line_id) VALUES(3943, 1, 0, 114, 238);
INSERT INTO BOOK(book_id, condition, state, edition_id, line_id) VALUES(3944, 2, 0, 114, 3);
INSERT INTO BOOK(book_id, condition, state, edition_id, line_id) VALUES(3945, 1, 0, 114, 208);
INSERT INTO BOOK(book_id, condition, state, edition_id, line_id) VALUES(3946, 0, 0, 114, 148);
INSERT INTO BOOK(book_id, condition, state, edition_id, line_id) VALUES(3947, 0, 0, 114, 271);
INSERT INTO BOOK(book_id, condition, state, edition_id, line_id) VALUES(3948, 0, 0, 114, 88);
INSERT INTO BOOK(book_id, condition, state, edition_id, line_id) VALUES(3949, 2, 0, 114, 1);
INSERT INTO BOOK(book_id, condition, state, edition_id, line_id) VALUES(3950, 1, 0, 114, 72);
INSERT INTO BOOK(book_id, condition, state, edition_id, line_id) VALUES(3951, 2, 0, 114, 106);
INSERT INTO BOOK(book_id, condition, state, edition_id, line_id) VALUES(3952, 1, 0, 114, 52);
INSERT INTO BOOK(book_id, condition, state, edition_id, line_id) VALUES(3953, 1, 0, 114, 80);
INSERT INTO BOOK(book_id, condition, state, edition_id, line_id) VALUES(3954, 1, 0, 114, 178);
INSERT INTO BOOK(book_id, condition, state, edition_id, line_id) VALUES(3955, 1, 0, 114, 112);
INSERT INTO BOOK(book_id, condition, state, edition_id, line_id) VALUES(3956, 0, 0, 114, 259);
INSERT INTO BOOK(book_id, condition, state, edition_id, line_id) VALUES(3957, 2, 0, 115, 108);
INSERT INTO BOOK(book_id, condition, state, edition_id, line_id) VALUES(3958, 1, 0, 115, 251);
INSERT INTO BOOK(book_id, condition, state, edition_id, line_id) VALUES(3959, 0, 0, 115, 39);
INSERT INTO BOOK(book_id, condition, state, edition_id, line_id) VALUES(3960, 3, 0, 115, 271);
INSERT INTO BOOK(book_id, condition, state, edition_id, line_id) VALUES(3961, 1, 0, 115, 118);
INSERT INTO BOOK(book_id, condition, state, edition_id, line_id) VALUES(3962, 0, 0, 115, 8);
INSERT INTO BOOK(book_id, condition, state, edition_id, line_id) VALUES(3963, 0, 0, 115, 305);
INSERT INTO BOOK(book_id, condition, state, edition_id, line_id) VALUES(3964, 0, 0, 115, 232);
INSERT INTO BOOK(book_id, condition, state, edition_id, line_id) VALUES(3965, 0, 0, 115, 271);
INSERT INTO BOOK(book_id, condition, state, edition_id, line_id) VALUES(3966, 3, 0, 115, 290);
INSERT INTO BOOK(book_id, condition, state, edition_id, line_id) VALUES(3967, 0, 0, 115, 238);
INSERT INTO BOOK(book_id, condition, state, edition_id, line_id) VALUES(3968, 1, 0, 115, 139);
INSERT INTO BOOK(book_id, condition, state, edition_id, line_id) VALUES(3969, 1, 0, 116, 206);
INSERT INTO BOOK(book_id, condition, state, edition_id, line_id) VALUES(3970, 2, 0, 116, 63);
INSERT INTO BOOK(book_id, condition, state, edition_id, line_id) VALUES(3971, 0, 0, 116, 231);
INSERT INTO BOOK(book_id, condition, state, edition_id, line_id) VALUES(3972, 1, 0, 116, 147);
INSERT INTO BOOK(book_id, condition, state, edition_id, line_id) VALUES(3973, 0, 0, 116, 309);
INSERT INTO BOOK(book_id, condition, state, edition_id, line_id) VALUES(3974, 1, 0, 116, 34);
INSERT INTO BOOK(book_id, condition, state, edition_id, line_id) VALUES(3975, 1, 0, 116, 15);
INSERT INTO BOOK(book_id, condition, state, edition_id, line_id) VALUES(3976, 2, 0, 116, 30);
INSERT INTO BOOK(book_id, condition, state, edition_id, line_id) VALUES(3977, 1, 0, 116, 200);
INSERT INTO BOOK(book_id, condition, state, edition_id, line_id) VALUES(3978, 1, 0, 116, 320);
INSERT INTO BOOK(book_id, condition, state, edition_id, line_id) VALUES(3979, 1, 0, 116, 74);
INSERT INTO BOOK(book_id, condition, state, edition_id, line_id) VALUES(3980, 1, 0, 116, 36);
INSERT INTO BOOK(book_id, condition, state, edition_id, line_id) VALUES(3981, 2, 0, 116, 69);
INSERT INTO BOOK(book_id, condition, state, edition_id, line_id) VALUES(3982, 1, 0, 116, 278);
INSERT INTO BOOK(book_id, condition, state, edition_id, line_id) VALUES(3983, 1, 0, 116, 115);
INSERT INTO BOOK(book_id, condition, state, edition_id, line_id) VALUES(3984, 0, 0, 116, 289);
INSERT INTO BOOK(book_id, condition, state, edition_id, line_id) VALUES(3985, 2, 0, 116, 92);
INSERT INTO BOOK(book_id, condition, state, edition_id, line_id) VALUES(3986, 1, 0, 116, 8);
INSERT INTO BOOK(book_id, condition, state, edition_id, line_id) VALUES(3987, 0, 0, 116, 45);
INSERT INTO BOOK(book_id, condition, state, edition_id, line_id) VALUES(3988, 1, 0, 116, 260);
INSERT INTO BOOK(book_id, condition, state, edition_id, line_id) VALUES(3989, 2, 0, 116, 114);
INSERT INTO BOOK(book_id, condition, state, edition_id, line_id) VALUES(3990, 1, 0, 116, 175);
INSERT INTO BOOK(book_id, condition, state, edition_id, line_id) VALUES(3991, 3, 0, 116, 227);
INSERT INTO BOOK(book_id, condition, state, edition_id, line_id) VALUES(3992, 2, 0, 116, 314);
INSERT INTO BOOK(book_id, condition, state, edition_id, line_id) VALUES(3993, 0, 0, 116, 149);
INSERT INTO BOOK(book_id, condition, state, edition_id, line_id) VALUES(3994, 3, 0, 116, 130);
INSERT INTO BOOK(book_id, condition, state, edition_id, line_id) VALUES(3995, 0, 0, 116, 285);
INSERT INTO BOOK(book_id, condition, state, edition_id, line_id) VALUES(3996, 2, 0, 116, 83);
INSERT INTO BOOK(book_id, condition, state, edition_id, line_id) VALUES(3997, 1, 0, 116, 210);
INSERT INTO BOOK(book_id, condition, state, edition_id, line_id) VALUES(3998, 2, 0, 116, 162);
INSERT INTO BOOK(book_id, condition, state, edition_id, line_id) VALUES(3999, 0, 0, 116, 13);
INSERT INTO BOOK(book_id, condition, state, edition_id, line_id) VALUES(4000, 0, 0, 116, 191);
INSERT INTO BOOK(book_id, condition, state, edition_id, line_id) VALUES(4001, 3, 0, 116, 49);
INSERT INTO BOOK(book_id, condition, state, edition_id, line_id) VALUES(4002, 0, 0, 116, 173);
INSERT INTO BOOK(book_id, condition, state, edition_id, line_id) VALUES(4003, 0, 0, 116, 55);
INSERT INTO BOOK(book_id, condition, state, edition_id, line_id) VALUES(4004, 2, 0, 116, 28);
INSERT INTO BOOK(book_id, condition, state, edition_id, line_id) VALUES(4005, 2, 0, 116, 270);
INSERT INTO BOOK(book_id, condition, state, edition_id, line_id) VALUES(4006, 1, 0, 116, 205);
INSERT INTO BOOK(book_id, condition, state, edition_id, line_id) VALUES(4007, 0, 0, 116, 282);
INSERT INTO BOOK(book_id, condition, state, edition_id, line_id) VALUES(4008, 1, 0, 116, 272);
INSERT INTO BOOK(book_id, condition, state, edition_id, line_id) VALUES(4009, 2, 0, 116, 241);
INSERT INTO BOOK(book_id, condition, state, edition_id, line_id) VALUES(4010, 1, 0, 116, 303);
INSERT INTO BOOK(book_id, condition, state, edition_id, line_id) VALUES(4011, 3, 0, 116, 314);
INSERT INTO BOOK(book_id, condition, state, edition_id, line_id) VALUES(4012, 1, 0, 116, 191);
INSERT INTO BOOK(book_id, condition, state, edition_id, line_id) VALUES(4013, 3, 0, 116, 247);
INSERT INTO BOOK(book_id, condition, state, edition_id, line_id) VALUES(4014, 2, 0, 116, 177);
INSERT INTO BOOK(book_id, condition, state, edition_id, line_id) VALUES(4015, 1, 0, 116, 134);
INSERT INTO BOOK(book_id, condition, state, edition_id, line_id) VALUES(4016, 2, 0, 117, 170);
INSERT INTO BOOK(book_id, condition, state, edition_id, line_id) VALUES(4017, 0, 0, 117, 104);
INSERT INTO BOOK(book_id, condition, state, edition_id, line_id) VALUES(4018, 1, 0, 117, 329);
INSERT INTO BOOK(book_id, condition, state, edition_id, line_id) VALUES(4019, 3, 0, 117, 327);
INSERT INTO BOOK(book_id, condition, state, edition_id, line_id) VALUES(4020, 0, 0, 117, 118);
INSERT INTO BOOK(book_id, condition, state, edition_id, line_id) VALUES(4021, 2, 0, 117, 277);
INSERT INTO BOOK(book_id, condition, state, edition_id, line_id) VALUES(4022, 0, 0, 117, 168);
INSERT INTO BOOK(book_id, condition, state, edition_id, line_id) VALUES(4023, 1, 0, 117, 184);
INSERT INTO BOOK(book_id, condition, state, edition_id, line_id) VALUES(4024, 0, 0, 117, 182);
INSERT INTO BOOK(book_id, condition, state, edition_id, line_id) VALUES(4025, 0, 0, 117, 141);
INSERT INTO BOOK(book_id, condition, state, edition_id, line_id) VALUES(4026, 2, 0, 117, 183);
INSERT INTO BOOK(book_id, condition, state, edition_id, line_id) VALUES(4027, 1, 0, 117, 118);
INSERT INTO BOOK(book_id, condition, state, edition_id, line_id) VALUES(4028, 0, 0, 117, 143);
INSERT INTO BOOK(book_id, condition, state, edition_id, line_id) VALUES(4029, 0, 0, 118, 112);
INSERT INTO BOOK(book_id, condition, state, edition_id, line_id) VALUES(4030, 2, 0, 118, 4);
INSERT INTO BOOK(book_id, condition, state, edition_id, line_id) VALUES(4031, 0, 0, 118, 158);
INSERT INTO BOOK(book_id, condition, state, edition_id, line_id) VALUES(4032, 0, 0, 118, 228);
INSERT INTO BOOK(book_id, condition, state, edition_id, line_id) VALUES(4033, 2, 0, 118, 129);
INSERT INTO BOOK(book_id, condition, state, edition_id, line_id) VALUES(4034, 0, 0, 118, 19);
INSERT INTO BOOK(book_id, condition, state, edition_id, line_id) VALUES(4035, 1, 0, 118, 211);
INSERT INTO BOOK(book_id, condition, state, edition_id, line_id) VALUES(4036, 1, 0, 118, 282);
INSERT INTO BOOK(book_id, condition, state, edition_id, line_id) VALUES(4037, 3, 0, 118, 16);
INSERT INTO BOOK(book_id, condition, state, edition_id, line_id) VALUES(4038, 0, 0, 118, 169);
INSERT INTO BOOK(book_id, condition, state, edition_id, line_id) VALUES(4039, 1, 0, 118, 24);
INSERT INTO BOOK(book_id, condition, state, edition_id, line_id) VALUES(4040, 2, 0, 118, 74);
INSERT INTO BOOK(book_id, condition, state, edition_id, line_id) VALUES(4041, 1, 0, 118, 47);
INSERT INTO BOOK(book_id, condition, state, edition_id, line_id) VALUES(4042, 0, 0, 118, 26);
INSERT INTO BOOK(book_id, condition, state, edition_id, line_id) VALUES(4043, 1, 0, 118, 94);
INSERT INTO BOOK(book_id, condition, state, edition_id, line_id) VALUES(4044, 2, 0, 118, 141);
INSERT INTO BOOK(book_id, condition, state, edition_id, line_id) VALUES(4045, 1, 0, 118, 6);
INSERT INTO BOOK(book_id, condition, state, edition_id, line_id) VALUES(4046, 0, 0, 118, 147);
INSERT INTO BOOK(book_id, condition, state, edition_id, line_id) VALUES(4047, 3, 0, 118, 22);
INSERT INTO BOOK(book_id, condition, state, edition_id, line_id) VALUES(4048, 3, 0, 118, 153);
INSERT INTO BOOK(book_id, condition, state, edition_id, line_id) VALUES(4049, 1, 0, 118, 57);
INSERT INTO BOOK(book_id, condition, state, edition_id, line_id) VALUES(4050, 0, 0, 118, 171);
INSERT INTO BOOK(book_id, condition, state, edition_id, line_id) VALUES(4051, 0, 0, 118, 120);
INSERT INTO BOOK(book_id, condition, state, edition_id, line_id) VALUES(4052, 2, 0, 118, 307);
INSERT INTO BOOK(book_id, condition, state, edition_id, line_id) VALUES(4053, 1, 0, 118, 88);
INSERT INTO BOOK(book_id, condition, state, edition_id, line_id) VALUES(4054, 2, 0, 118, 172);
INSERT INTO BOOK(book_id, condition, state, edition_id, line_id) VALUES(4055, 1, 0, 118, 109);
INSERT INTO BOOK(book_id, condition, state, edition_id, line_id) VALUES(4056, 1, 0, 118, 261);
INSERT INTO BOOK(book_id, condition, state, edition_id, line_id) VALUES(4057, 1, 0, 118, 0);
INSERT INTO BOOK(book_id, condition, state, edition_id, line_id) VALUES(4058, 1, 0, 118, 191);
INSERT INTO BOOK(book_id, condition, state, edition_id, line_id) VALUES(4059, 2, 0, 118, 322);
INSERT INTO BOOK(book_id, condition, state, edition_id, line_id) VALUES(4060, 1, 0, 118, 80);
INSERT INTO BOOK(book_id, condition, state, edition_id, line_id) VALUES(4061, 1, 0, 118, 302);
INSERT INTO BOOK(book_id, condition, state, edition_id, line_id) VALUES(4062, 2, 0, 118, 180);
INSERT INTO BOOK(book_id, condition, state, edition_id, line_id) VALUES(4063, 3, 0, 118, 101);
INSERT INTO BOOK(book_id, condition, state, edition_id, line_id) VALUES(4064, 2, 0, 118, 206);
INSERT INTO BOOK(book_id, condition, state, edition_id, line_id) VALUES(4065, 2, 0, 118, 46);
INSERT INTO BOOK(book_id, condition, state, edition_id, line_id) VALUES(4066, 2, 0, 118, 281);
INSERT INTO BOOK(book_id, condition, state, edition_id, line_id) VALUES(4067, 1, 0, 118, 124);
INSERT INTO BOOK(book_id, condition, state, edition_id, line_id) VALUES(4068, 3, 0, 118, 56);
INSERT INTO BOOK(book_id, condition, state, edition_id, line_id) VALUES(4069, 1, 0, 118, 143);
INSERT INTO BOOK(book_id, condition, state, edition_id, line_id) VALUES(4070, 1, 0, 118, 88);
INSERT INTO BOOK(book_id, condition, state, edition_id, line_id) VALUES(4071, 1, 0, 118, 30);
INSERT INTO BOOK(book_id, condition, state, edition_id, line_id) VALUES(4072, 1, 0, 118, 213);
INSERT INTO BOOK(book_id, condition, state, edition_id, line_id) VALUES(4073, 1, 0, 118, 131);
INSERT INTO BOOK(book_id, condition, state, edition_id, line_id) VALUES(4074, 1, 0, 118, 246);
INSERT INTO BOOK(book_id, condition, state, edition_id, line_id) VALUES(4075, 2, 0, 118, 116);
INSERT INTO BOOK(book_id, condition, state, edition_id, line_id) VALUES(4076, 1, 0, 119, 111);
INSERT INTO BOOK(book_id, condition, state, edition_id, line_id) VALUES(4077, 2, 0, 119, 306);
INSERT INTO BOOK(book_id, condition, state, edition_id, line_id) VALUES(4078, 2, 0, 119, 65);
INSERT INTO BOOK(book_id, condition, state, edition_id, line_id) VALUES(4079, 2, 0, 119, 163);
INSERT INTO BOOK(book_id, condition, state, edition_id, line_id) VALUES(4080, 1, 0, 119, 127);
INSERT INTO BOOK(book_id, condition, state, edition_id, line_id) VALUES(4081, 0, 0, 119, 3);
INSERT INTO BOOK(book_id, condition, state, edition_id, line_id) VALUES(4082, 0, 0, 119, 277);
INSERT INTO BOOK(book_id, condition, state, edition_id, line_id) VALUES(4083, 1, 0, 119, 31);
INSERT INTO BOOK(book_id, condition, state, edition_id, line_id) VALUES(4084, 0, 0, 119, 146);
INSERT INTO BOOK(book_id, condition, state, edition_id, line_id) VALUES(4085, 0, 0, 119, 327);
INSERT INTO BOOK(book_id, condition, state, edition_id, line_id) VALUES(4086, 2, 0, 119, 157);
INSERT INTO BOOK(book_id, condition, state, edition_id, line_id) VALUES(4087, 1, 0, 119, 174);
INSERT INTO BOOK(book_id, condition, state, edition_id, line_id) VALUES(4088, 2, 0, 119, 135);
INSERT INTO BOOK(book_id, condition, state, edition_id, line_id) VALUES(4089, 1, 0, 119, 236);
INSERT INTO BOOK(book_id, condition, state, edition_id, line_id) VALUES(4090, 2, 0, 119, 157);
INSERT INTO BOOK(book_id, condition, state, edition_id, line_id) VALUES(4091, 2, 0, 119, 325);
INSERT INTO BOOK(book_id, condition, state, edition_id, line_id) VALUES(4092, 0, 0, 119, 103);
INSERT INTO BOOK(book_id, condition, state, edition_id, line_id) VALUES(4093, 0, 0, 119, 136);
INSERT INTO BOOK(book_id, condition, state, edition_id, line_id) VALUES(4094, 0, 0, 119, 122);
INSERT INTO BOOK(book_id, condition, state, edition_id, line_id) VALUES(4095, 1, 0, 119, 268);
INSERT INTO BOOK(book_id, condition, state, edition_id, line_id) VALUES(4096, 2, 0, 119, 315);
INSERT INTO BOOK(book_id, condition, state, edition_id, line_id) VALUES(4097, 2, 0, 119, 309);
INSERT INTO BOOK(book_id, condition, state, edition_id, line_id) VALUES(4098, 0, 0, 119, 3);
INSERT INTO BOOK(book_id, condition, state, edition_id, line_id) VALUES(4099, 1, 0, 119, 198);
INSERT INTO BOOK(book_id, condition, state, edition_id, line_id) VALUES(4100, 2, 0, 119, 219);
INSERT INTO BOOK(book_id, condition, state, edition_id, line_id) VALUES(4101, 1, 0, 119, 232);
INSERT INTO BOOK(book_id, condition, state, edition_id, line_id) VALUES(4102, 2, 0, 119, 168);
INSERT INTO BOOK(book_id, condition, state, edition_id, line_id) VALUES(4103, 2, 0, 119, 310);
INSERT INTO BOOK(book_id, condition, state, edition_id, line_id) VALUES(4104, 0, 0, 119, 55);
INSERT INTO BOOK(book_id, condition, state, edition_id, line_id) VALUES(4105, 0, 0, 119, 117);
INSERT INTO BOOK(book_id, condition, state, edition_id, line_id) VALUES(4106, 1, 0, 119, 228);
INSERT INTO BOOK(book_id, condition, state, edition_id, line_id) VALUES(4107, 0, 0, 119, 288);
INSERT INTO BOOK(book_id, condition, state, edition_id, line_id) VALUES(4108, 1, 0, 119, 135);
INSERT INTO BOOK(book_id, condition, state, edition_id, line_id) VALUES(4109, 1, 0, 119, 19);
INSERT INTO BOOK(book_id, condition, state, edition_id, line_id) VALUES(4110, 2, 0, 119, 92);
INSERT INTO BOOK(book_id, condition, state, edition_id, line_id) VALUES(4111, 2, 0, 119, 236);
INSERT INTO BOOK(book_id, condition, state, edition_id, line_id) VALUES(4112, 0, 0, 119, 283);
INSERT INTO BOOK(book_id, condition, state, edition_id, line_id) VALUES(4113, 3, 0, 119, 195);
INSERT INTO BOOK(book_id, condition, state, edition_id, line_id) VALUES(4114, 1, 0, 119, 198);
INSERT INTO BOOK(book_id, condition, state, edition_id, line_id) VALUES(4115, 2, 0, 119, 324);
INSERT INTO BOOK(book_id, condition, state, edition_id, line_id) VALUES(4116, 1, 0, 119, 149);
INSERT INTO BOOK(book_id, condition, state, edition_id, line_id) VALUES(4117, 2, 0, 120, 118);
INSERT INTO BOOK(book_id, condition, state, edition_id, line_id) VALUES(4118, 1, 0, 120, 193);
INSERT INTO BOOK(book_id, condition, state, edition_id, line_id) VALUES(4119, 1, 0, 120, 243);
INSERT INTO BOOK(book_id, condition, state, edition_id, line_id) VALUES(4120, 3, 0, 120, 7);
INSERT INTO BOOK(book_id, condition, state, edition_id, line_id) VALUES(4121, 0, 0, 120, 1);
INSERT INTO BOOK(book_id, condition, state, edition_id, line_id) VALUES(4122, 1, 0, 120, 221);
INSERT INTO BOOK(book_id, condition, state, edition_id, line_id) VALUES(4123, 3, 0, 120, 40);
INSERT INTO BOOK(book_id, condition, state, edition_id, line_id) VALUES(4124, 2, 0, 120, 211);
INSERT INTO BOOK(book_id, condition, state, edition_id, line_id) VALUES(4125, 2, 0, 120, 314);
INSERT INTO BOOK(book_id, condition, state, edition_id, line_id) VALUES(4126, 2, 0, 120, 279);
INSERT INTO BOOK(book_id, condition, state, edition_id, line_id) VALUES(4127, 1, 0, 120, 196);
INSERT INTO BOOK(book_id, condition, state, edition_id, line_id) VALUES(4128, 1, 0, 120, 261);
INSERT INTO BOOK(book_id, condition, state, edition_id, line_id) VALUES(4129, 0, 0, 120, 33);
INSERT INTO BOOK(book_id, condition, state, edition_id, line_id) VALUES(4130, 1, 0, 120, 73);
INSERT INTO BOOK(book_id, condition, state, edition_id, line_id) VALUES(4131, 1, 0, 120, 116);
INSERT INTO BOOK(book_id, condition, state, edition_id, line_id) VALUES(4132, 1, 0, 120, 29);
INSERT INTO BOOK(book_id, condition, state, edition_id, line_id) VALUES(4133, 3, 0, 120, 53);
INSERT INTO BOOK(book_id, condition, state, edition_id, line_id) VALUES(4134, 1, 0, 120, 216);
INSERT INTO BOOK(book_id, condition, state, edition_id, line_id) VALUES(4135, 1, 0, 120, 57);
INSERT INTO BOOK(book_id, condition, state, edition_id, line_id) VALUES(4136, 1, 0, 120, 8);
INSERT INTO BOOK(book_id, condition, state, edition_id, line_id) VALUES(4137, 2, 0, 120, 47);
INSERT INTO BOOK(book_id, condition, state, edition_id, line_id) VALUES(4138, 1, 0, 120, 145);
INSERT INTO BOOK(book_id, condition, state, edition_id, line_id) VALUES(4139, 0, 0, 120, 297);
INSERT INTO BOOK(book_id, condition, state, edition_id, line_id) VALUES(4140, 1, 0, 120, 137);
INSERT INTO BOOK(book_id, condition, state, edition_id, line_id) VALUES(4141, 2, 0, 120, 146);
INSERT INTO BOOK(book_id, condition, state, edition_id, line_id) VALUES(4142, 2, 0, 120, 149);
INSERT INTO BOOK(book_id, condition, state, edition_id, line_id) VALUES(4143, 2, 0, 120, 31);
INSERT INTO BOOK(book_id, condition, state, edition_id, line_id) VALUES(4144, 1, 0, 120, 280);
INSERT INTO BOOK(book_id, condition, state, edition_id, line_id) VALUES(4145, 1, 0, 120, 124);
INSERT INTO BOOK(book_id, condition, state, edition_id, line_id) VALUES(4146, 1, 0, 120, 43);
INSERT INTO BOOK(book_id, condition, state, edition_id, line_id) VALUES(4147, 1, 0, 120, 101);
INSERT INTO BOOK(book_id, condition, state, edition_id, line_id) VALUES(4148, 2, 0, 120, 203);
INSERT INTO BOOK(book_id, condition, state, edition_id, line_id) VALUES(4149, 1, 0, 120, 204);
INSERT INTO BOOK(book_id, condition, state, edition_id, line_id) VALUES(4150, 0, 0, 120, 143);
INSERT INTO BOOK(book_id, condition, state, edition_id, line_id) VALUES(4151, 0, 0, 120, 291);
INSERT INTO BOOK(book_id, condition, state, edition_id, line_id) VALUES(4152, 1, 0, 120, 268);
INSERT INTO BOOK(book_id, condition, state, edition_id, line_id) VALUES(4153, 2, 0, 120, 9);
INSERT INTO BOOK(book_id, condition, state, edition_id, line_id) VALUES(4154, 1, 0, 120, 289);
INSERT INTO BOOK(book_id, condition, state, edition_id, line_id) VALUES(4155, 0, 0, 120, 310);
INSERT INTO BOOK(book_id, condition, state, edition_id, line_id) VALUES(4156, 0, 0, 120, 187);
INSERT INTO BOOK(book_id, condition, state, edition_id, line_id) VALUES(4157, 1, 0, 120, 325);
INSERT INTO BOOK(book_id, condition, state, edition_id, line_id) VALUES(4158, 0, 0, 120, 77);
INSERT INTO BOOK(book_id, condition, state, edition_id, line_id) VALUES(4159, 0, 0, 120, 156);
INSERT INTO BOOK(book_id, condition, state, edition_id, line_id) VALUES(4160, 1, 0, 120, 44);
INSERT INTO BOOK(book_id, condition, state, edition_id, line_id) VALUES(4161, 1, 0, 120, 290);
INSERT INTO BOOK(book_id, condition, state, edition_id, line_id) VALUES(4162, 2, 0, 121, 142);
INSERT INTO BOOK(book_id, condition, state, edition_id, line_id) VALUES(4163, 1, 0, 121, 283);
INSERT INTO BOOK(book_id, condition, state, edition_id, line_id) VALUES(4164, 1, 0, 121, 88);
INSERT INTO BOOK(book_id, condition, state, edition_id, line_id) VALUES(4165, 0, 0, 121, 45);
INSERT INTO BOOK(book_id, condition, state, edition_id, line_id) VALUES(4166, 2, 0, 121, 87);
INSERT INTO BOOK(book_id, condition, state, edition_id, line_id) VALUES(4167, 3, 0, 121, 14);
INSERT INTO BOOK(book_id, condition, state, edition_id, line_id) VALUES(4168, 1, 0, 121, 263);
INSERT INTO BOOK(book_id, condition, state, edition_id, line_id) VALUES(4169, 1, 0, 121, 157);
INSERT INTO BOOK(book_id, condition, state, edition_id, line_id) VALUES(4170, 1, 0, 121, 298);
INSERT INTO BOOK(book_id, condition, state, edition_id, line_id) VALUES(4171, 0, 0, 121, 20);
INSERT INTO BOOK(book_id, condition, state, edition_id, line_id) VALUES(4172, 0, 0, 121, 253);
INSERT INTO BOOK(book_id, condition, state, edition_id, line_id) VALUES(4173, 1, 0, 121, 167);
INSERT INTO BOOK(book_id, condition, state, edition_id, line_id) VALUES(4174, 2, 0, 121, 95);
INSERT INTO BOOK(book_id, condition, state, edition_id, line_id) VALUES(4175, 0, 0, 121, 42);
INSERT INTO BOOK(book_id, condition, state, edition_id, line_id) VALUES(4176, 3, 0, 121, 292);
INSERT INTO BOOK(book_id, condition, state, edition_id, line_id) VALUES(4177, 1, 0, 121, 183);
INSERT INTO BOOK(book_id, condition, state, edition_id, line_id) VALUES(4178, 3, 0, 121, 154);
INSERT INTO BOOK(book_id, condition, state, edition_id, line_id) VALUES(4179, 1, 0, 121, 196);
INSERT INTO BOOK(book_id, condition, state, edition_id, line_id) VALUES(4180, 3, 0, 121, 188);
INSERT INTO BOOK(book_id, condition, state, edition_id, line_id) VALUES(4181, 0, 0, 121, 245);
INSERT INTO BOOK(book_id, condition, state, edition_id, line_id) VALUES(4182, 1, 0, 121, 46);
INSERT INTO BOOK(book_id, condition, state, edition_id, line_id) VALUES(4183, 1, 0, 121, 64);
INSERT INTO BOOK(book_id, condition, state, edition_id, line_id) VALUES(4184, 2, 0, 121, 197);
INSERT INTO BOOK(book_id, condition, state, edition_id, line_id) VALUES(4185, 1, 0, 121, 14);
INSERT INTO BOOK(book_id, condition, state, edition_id, line_id) VALUES(4186, 1, 0, 121, 255);
INSERT INTO BOOK(book_id, condition, state, edition_id, line_id) VALUES(4187, 2, 0, 121, 232);
INSERT INTO BOOK(book_id, condition, state, edition_id, line_id) VALUES(4188, 3, 0, 121, 246);
INSERT INTO BOOK(book_id, condition, state, edition_id, line_id) VALUES(4189, 2, 0, 121, 78);
INSERT INTO BOOK(book_id, condition, state, edition_id, line_id) VALUES(4190, 2, 0, 121, 67);
INSERT INTO BOOK(book_id, condition, state, edition_id, line_id) VALUES(4191, 1, 0, 121, 19);
INSERT INTO BOOK(book_id, condition, state, edition_id, line_id) VALUES(4192, 2, 0, 121, 143);
INSERT INTO BOOK(book_id, condition, state, edition_id, line_id) VALUES(4193, 1, 0, 121, 262);
INSERT INTO BOOK(book_id, condition, state, edition_id, line_id) VALUES(4194, 1, 0, 121, 326);
INSERT INTO BOOK(book_id, condition, state, edition_id, line_id) VALUES(4195, 1, 0, 121, 89);
INSERT INTO BOOK(book_id, condition, state, edition_id, line_id) VALUES(4196, 1, 0, 121, 141);
INSERT INTO BOOK(book_id, condition, state, edition_id, line_id) VALUES(4197, 0, 0, 121, 111);
INSERT INTO BOOK(book_id, condition, state, edition_id, line_id) VALUES(4198, 0, 0, 121, 125);
INSERT INTO BOOK(book_id, condition, state, edition_id, line_id) VALUES(4199, 1, 0, 121, 81);
INSERT INTO BOOK(book_id, condition, state, edition_id, line_id) VALUES(4200, 1, 0, 121, 32);
INSERT INTO BOOK(book_id, condition, state, edition_id, line_id) VALUES(4201, 2, 0, 121, 135);
INSERT INTO BOOK(book_id, condition, state, edition_id, line_id) VALUES(4202, 1, 0, 121, 56);
INSERT INTO BOOK(book_id, condition, state, edition_id, line_id) VALUES(4203, 1, 0, 121, 177);
INSERT INTO BOOK(book_id, condition, state, edition_id, line_id) VALUES(4204, 3, 0, 121, 83);
INSERT INTO BOOK(book_id, condition, state, edition_id, line_id) VALUES(4205, 2, 0, 121, 163);
INSERT INTO BOOK(book_id, condition, state, edition_id, line_id) VALUES(4206, 3, 0, 121, 223);
INSERT INTO BOOK(book_id, condition, state, edition_id, line_id) VALUES(4207, 0, 0, 121, 93);
INSERT INTO BOOK(book_id, condition, state, edition_id, line_id) VALUES(4208, 0, 0, 121, 280);
INSERT INTO BOOK(book_id, condition, state, edition_id, line_id) VALUES(4209, 2, 0, 121, 31);
INSERT INTO BOOK(book_id, condition, state, edition_id, line_id) VALUES(4210, 0, 0, 121, 174);
INSERT INTO BOOK(book_id, condition, state, edition_id, line_id) VALUES(4211, 1, 0, 121, 235);
INSERT INTO BOOK(book_id, condition, state, edition_id, line_id) VALUES(4212, 0, 0, 121, 263);
INSERT INTO BOOK(book_id, condition, state, edition_id, line_id) VALUES(4213, 1, 0, 122, 25);
INSERT INTO BOOK(book_id, condition, state, edition_id, line_id) VALUES(4214, 2, 0, 122, 125);
INSERT INTO BOOK(book_id, condition, state, edition_id, line_id) VALUES(4215, 1, 0, 122, 45);
INSERT INTO BOOK(book_id, condition, state, edition_id, line_id) VALUES(4216, 1, 0, 122, 226);
INSERT INTO BOOK(book_id, condition, state, edition_id, line_id) VALUES(4217, 0, 0, 122, 33);
INSERT INTO BOOK(book_id, condition, state, edition_id, line_id) VALUES(4218, 2, 0, 122, 16);
INSERT INTO BOOK(book_id, condition, state, edition_id, line_id) VALUES(4219, 1, 0, 122, 298);
INSERT INTO BOOK(book_id, condition, state, edition_id, line_id) VALUES(4220, 1, 0, 122, 170);
INSERT INTO BOOK(book_id, condition, state, edition_id, line_id) VALUES(4221, 2, 0, 122, 114);
INSERT INTO BOOK(book_id, condition, state, edition_id, line_id) VALUES(4222, 0, 0, 122, 112);
INSERT INTO BOOK(book_id, condition, state, edition_id, line_id) VALUES(4223, 1, 0, 122, 116);
INSERT INTO BOOK(book_id, condition, state, edition_id, line_id) VALUES(4224, 0, 0, 122, 141);
INSERT INTO BOOK(book_id, condition, state, edition_id, line_id) VALUES(4225, 1, 0, 122, 304);
INSERT INTO BOOK(book_id, condition, state, edition_id, line_id) VALUES(4226, 1, 0, 122, 325);
INSERT INTO BOOK(book_id, condition, state, edition_id, line_id) VALUES(4227, 1, 0, 122, 109);
INSERT INTO BOOK(book_id, condition, state, edition_id, line_id) VALUES(4228, 3, 0, 122, 93);
INSERT INTO BOOK(book_id, condition, state, edition_id, line_id) VALUES(4229, 0, 0, 122, 114);
INSERT INTO BOOK(book_id, condition, state, edition_id, line_id) VALUES(4230, 1, 0, 122, 307);
INSERT INTO BOOK(book_id, condition, state, edition_id, line_id) VALUES(4231, 0, 0, 122, 280);
INSERT INTO BOOK(book_id, condition, state, edition_id, line_id) VALUES(4232, 3, 0, 122, 257);
INSERT INTO BOOK(book_id, condition, state, edition_id, line_id) VALUES(4233, 2, 0, 122, 324);
INSERT INTO BOOK(book_id, condition, state, edition_id, line_id) VALUES(4234, 1, 0, 122, 37);
INSERT INTO BOOK(book_id, condition, state, edition_id, line_id) VALUES(4235, 0, 0, 122, 163);
INSERT INTO BOOK(book_id, condition, state, edition_id, line_id) VALUES(4236, 0, 0, 122, 328);
INSERT INTO BOOK(book_id, condition, state, edition_id, line_id) VALUES(4237, 2, 0, 122, 176);
INSERT INTO BOOK(book_id, condition, state, edition_id, line_id) VALUES(4238, 1, 0, 122, 8);
INSERT INTO BOOK(book_id, condition, state, edition_id, line_id) VALUES(4239, 2, 0, 122, 124);
INSERT INTO BOOK(book_id, condition, state, edition_id, line_id) VALUES(4240, 1, 0, 123, 128);
INSERT INTO BOOK(book_id, condition, state, edition_id, line_id) VALUES(4241, 3, 0, 123, 2);
INSERT INTO BOOK(book_id, condition, state, edition_id, line_id) VALUES(4242, 2, 0, 123, 271);
INSERT INTO BOOK(book_id, condition, state, edition_id, line_id) VALUES(4243, 1, 0, 123, 218);
INSERT INTO BOOK(book_id, condition, state, edition_id, line_id) VALUES(4244, 2, 0, 123, 283);
INSERT INTO BOOK(book_id, condition, state, edition_id, line_id) VALUES(4245, 2, 0, 123, 30);
INSERT INTO BOOK(book_id, condition, state, edition_id, line_id) VALUES(4246, 0, 0, 123, 208);
INSERT INTO BOOK(book_id, condition, state, edition_id, line_id) VALUES(4247, 3, 0, 123, 287);
INSERT INTO BOOK(book_id, condition, state, edition_id, line_id) VALUES(4248, 2, 0, 123, 325);
INSERT INTO BOOK(book_id, condition, state, edition_id, line_id) VALUES(4249, 1, 0, 123, 14);
INSERT INTO BOOK(book_id, condition, state, edition_id, line_id) VALUES(4250, 1, 0, 123, 75);
INSERT INTO BOOK(book_id, condition, state, edition_id, line_id) VALUES(4251, 2, 0, 123, 141);
INSERT INTO BOOK(book_id, condition, state, edition_id, line_id) VALUES(4252, 1, 0, 123, 56);
INSERT INTO BOOK(book_id, condition, state, edition_id, line_id) VALUES(4253, 0, 0, 123, 241);
INSERT INTO BOOK(book_id, condition, state, edition_id, line_id) VALUES(4254, 0, 0, 123, 190);
INSERT INTO BOOK(book_id, condition, state, edition_id, line_id) VALUES(4255, 0, 0, 124, 305);
INSERT INTO BOOK(book_id, condition, state, edition_id, line_id) VALUES(4256, 2, 0, 124, 119);
INSERT INTO BOOK(book_id, condition, state, edition_id, line_id) VALUES(4257, 2, 0, 124, 62);
INSERT INTO BOOK(book_id, condition, state, edition_id, line_id) VALUES(4258, 1, 0, 124, 171);
INSERT INTO BOOK(book_id, condition, state, edition_id, line_id) VALUES(4259, 0, 0, 124, 109);
INSERT INTO BOOK(book_id, condition, state, edition_id, line_id) VALUES(4260, 1, 0, 124, 148);
INSERT INTO BOOK(book_id, condition, state, edition_id, line_id) VALUES(4261, 3, 0, 124, 169);
INSERT INTO BOOK(book_id, condition, state, edition_id, line_id) VALUES(4262, 0, 0, 124, 270);
INSERT INTO BOOK(book_id, condition, state, edition_id, line_id) VALUES(4263, 2, 0, 124, 256);
INSERT INTO BOOK(book_id, condition, state, edition_id, line_id) VALUES(4264, 1, 0, 124, 325);
INSERT INTO BOOK(book_id, condition, state, edition_id, line_id) VALUES(4265, 3, 0, 124, 130);
INSERT INTO BOOK(book_id, condition, state, edition_id, line_id) VALUES(4266, 2, 0, 124, 173);
INSERT INTO BOOK(book_id, condition, state, edition_id, line_id) VALUES(4267, 2, 0, 124, 145);
INSERT INTO BOOK(book_id, condition, state, edition_id, line_id) VALUES(4268, 1, 0, 124, 292);
INSERT INTO BOOK(book_id, condition, state, edition_id, line_id) VALUES(4269, 1, 0, 124, 157);
INSERT INTO BOOK(book_id, condition, state, edition_id, line_id) VALUES(4270, 2, 0, 124, 47);
INSERT INTO BOOK(book_id, condition, state, edition_id, line_id) VALUES(4271, 1, 0, 124, 199);
INSERT INTO BOOK(book_id, condition, state, edition_id, line_id) VALUES(4272, 1, 0, 124, 78);
INSERT INTO BOOK(book_id, condition, state, edition_id, line_id) VALUES(4273, 2, 0, 124, 240);
INSERT INTO BOOK(book_id, condition, state, edition_id, line_id) VALUES(4274, 1, 0, 124, 252);
INSERT INTO BOOK(book_id, condition, state, edition_id, line_id) VALUES(4275, 2, 0, 124, 305);
INSERT INTO BOOK(book_id, condition, state, edition_id, line_id) VALUES(4276, 2, 0, 124, 76);
INSERT INTO BOOK(book_id, condition, state, edition_id, line_id) VALUES(4277, 0, 0, 124, 130);
INSERT INTO BOOK(book_id, condition, state, edition_id, line_id) VALUES(4278, 0, 0, 124, 157);
INSERT INTO BOOK(book_id, condition, state, edition_id, line_id) VALUES(4279, 1, 0, 124, 244);
INSERT INTO BOOK(book_id, condition, state, edition_id, line_id) VALUES(4280, 1, 0, 124, 272);
INSERT INTO BOOK(book_id, condition, state, edition_id, line_id) VALUES(4281, 2, 0, 124, 97);
INSERT INTO BOOK(book_id, condition, state, edition_id, line_id) VALUES(4282, 1, 0, 124, 27);
INSERT INTO BOOK(book_id, condition, state, edition_id, line_id) VALUES(4283, 1, 0, 124, 106);
INSERT INTO BOOK(book_id, condition, state, edition_id, line_id) VALUES(4284, 1, 0, 124, 134);
INSERT INTO BOOK(book_id, condition, state, edition_id, line_id) VALUES(4285, 3, 0, 124, 11);
INSERT INTO BOOK(book_id, condition, state, edition_id, line_id) VALUES(4286, 3, 0, 124, 307);
INSERT INTO BOOK(book_id, condition, state, edition_id, line_id) VALUES(4287, 0, 0, 124, 8);
INSERT INTO BOOK(book_id, condition, state, edition_id, line_id) VALUES(4288, 1, 0, 124, 71);
INSERT INTO BOOK(book_id, condition, state, edition_id, line_id) VALUES(4289, 1, 0, 124, 63);
INSERT INTO BOOK(book_id, condition, state, edition_id, line_id) VALUES(4290, 0, 0, 124, 224);
INSERT INTO BOOK(book_id, condition, state, edition_id, line_id) VALUES(4291, 3, 0, 124, 64);
INSERT INTO BOOK(book_id, condition, state, edition_id, line_id) VALUES(4292, 1, 0, 124, 164);
INSERT INTO BOOK(book_id, condition, state, edition_id, line_id) VALUES(4293, 0, 0, 124, 320);
INSERT INTO BOOK(book_id, condition, state, edition_id, line_id) VALUES(4294, 1, 0, 124, 329);
INSERT INTO BOOK(book_id, condition, state, edition_id, line_id) VALUES(4295, 2, 0, 124, 174);
INSERT INTO BOOK(book_id, condition, state, edition_id, line_id) VALUES(4296, 0, 0, 124, 251);
INSERT INTO BOOK(book_id, condition, state, edition_id, line_id) VALUES(4297, 1, 0, 124, 277);
INSERT INTO BOOK(book_id, condition, state, edition_id, line_id) VALUES(4298, 0, 0, 124, 74);
INSERT INTO BOOK(book_id, condition, state, edition_id, line_id) VALUES(4299, 1, 0, 124, 221);
INSERT INTO BOOK(book_id, condition, state, edition_id, line_id) VALUES(4300, 0, 0, 124, 35);
INSERT INTO BOOK(book_id, condition, state, edition_id, line_id) VALUES(4301, 0, 0, 125, 216);
INSERT INTO BOOK(book_id, condition, state, edition_id, line_id) VALUES(4302, 1, 0, 125, 60);
INSERT INTO BOOK(book_id, condition, state, edition_id, line_id) VALUES(4303, 1, 0, 125, 311);
INSERT INTO BOOK(book_id, condition, state, edition_id, line_id) VALUES(4304, 0, 0, 125, 288);
INSERT INTO BOOK(book_id, condition, state, edition_id, line_id) VALUES(4305, 1, 0, 125, 48);
INSERT INTO BOOK(book_id, condition, state, edition_id, line_id) VALUES(4306, 1, 0, 125, 121);
INSERT INTO BOOK(book_id, condition, state, edition_id, line_id) VALUES(4307, 0, 0, 125, 2);
INSERT INTO BOOK(book_id, condition, state, edition_id, line_id) VALUES(4308, 0, 0, 125, 92);
INSERT INTO BOOK(book_id, condition, state, edition_id, line_id) VALUES(4309, 0, 0, 125, 67);
INSERT INTO BOOK(book_id, condition, state, edition_id, line_id) VALUES(4310, 1, 0, 125, 254);
INSERT INTO BOOK(book_id, condition, state, edition_id, line_id) VALUES(4311, 2, 0, 125, 21);
INSERT INTO BOOK(book_id, condition, state, edition_id, line_id) VALUES(4312, 2, 0, 125, 26);
INSERT INTO BOOK(book_id, condition, state, edition_id, line_id) VALUES(4313, 1, 0, 125, 51);
INSERT INTO BOOK(book_id, condition, state, edition_id, line_id) VALUES(4314, 1, 0, 125, 108);
INSERT INTO BOOK(book_id, condition, state, edition_id, line_id) VALUES(4315, 1, 0, 125, 118);
INSERT INTO BOOK(book_id, condition, state, edition_id, line_id) VALUES(4316, 1, 0, 125, 137);
INSERT INTO BOOK(book_id, condition, state, edition_id, line_id) VALUES(4317, 0, 0, 125, 301);
INSERT INTO BOOK(book_id, condition, state, edition_id, line_id) VALUES(4318, 2, 0, 125, 113);
INSERT INTO BOOK(book_id, condition, state, edition_id, line_id) VALUES(4319, 2, 0, 126, 163);
INSERT INTO BOOK(book_id, condition, state, edition_id, line_id) VALUES(4320, 1, 0, 126, 59);
INSERT INTO BOOK(book_id, condition, state, edition_id, line_id) VALUES(4321, 1, 0, 126, 24);
INSERT INTO BOOK(book_id, condition, state, edition_id, line_id) VALUES(4322, 2, 0, 126, 212);
INSERT INTO BOOK(book_id, condition, state, edition_id, line_id) VALUES(4323, 1, 0, 126, 257);
INSERT INTO BOOK(book_id, condition, state, edition_id, line_id) VALUES(4324, 0, 0, 126, 19);
INSERT INTO BOOK(book_id, condition, state, edition_id, line_id) VALUES(4325, 1, 0, 126, 311);
INSERT INTO BOOK(book_id, condition, state, edition_id, line_id) VALUES(4326, 1, 0, 126, 178);
INSERT INTO BOOK(book_id, condition, state, edition_id, line_id) VALUES(4327, 1, 0, 126, 44);
INSERT INTO BOOK(book_id, condition, state, edition_id, line_id) VALUES(4328, 0, 0, 126, 47);
INSERT INTO BOOK(book_id, condition, state, edition_id, line_id) VALUES(4329, 2, 0, 126, 323);
INSERT INTO BOOK(book_id, condition, state, edition_id, line_id) VALUES(4330, 3, 0, 126, 240);
INSERT INTO BOOK(book_id, condition, state, edition_id, line_id) VALUES(4331, 2, 0, 126, 302);
INSERT INTO BOOK(book_id, condition, state, edition_id, line_id) VALUES(4332, 1, 0, 126, 319);
INSERT INTO BOOK(book_id, condition, state, edition_id, line_id) VALUES(4333, 0, 0, 126, 141);
INSERT INTO BOOK(book_id, condition, state, edition_id, line_id) VALUES(4334, 0, 0, 126, 212);
INSERT INTO BOOK(book_id, condition, state, edition_id, line_id) VALUES(4335, 2, 0, 126, 246);
INSERT INTO BOOK(book_id, condition, state, edition_id, line_id) VALUES(4336, 2, 0, 126, 309);
INSERT INTO BOOK(book_id, condition, state, edition_id, line_id) VALUES(4337, 1, 0, 126, 237);
INSERT INTO BOOK(book_id, condition, state, edition_id, line_id) VALUES(4338, 2, 0, 126, 61);
INSERT INTO BOOK(book_id, condition, state, edition_id, line_id) VALUES(4339, 0, 0, 126, 302);
INSERT INTO BOOK(book_id, condition, state, edition_id, line_id) VALUES(4340, 0, 0, 126, 67);
INSERT INTO BOOK(book_id, condition, state, edition_id, line_id) VALUES(4341, 0, 0, 126, 86);
INSERT INTO BOOK(book_id, condition, state, edition_id, line_id) VALUES(4342, 1, 0, 126, 119);
INSERT INTO BOOK(book_id, condition, state, edition_id, line_id) VALUES(4343, 0, 0, 126, 18);
INSERT INTO BOOK(book_id, condition, state, edition_id, line_id) VALUES(4344, 0, 0, 126, 176);
INSERT INTO BOOK(book_id, condition, state, edition_id, line_id) VALUES(4345, 1, 0, 126, 117);
INSERT INTO BOOK(book_id, condition, state, edition_id, line_id) VALUES(4346, 1, 0, 126, 151);
INSERT INTO BOOK(book_id, condition, state, edition_id, line_id) VALUES(4347, 0, 0, 126, 109);
INSERT INTO BOOK(book_id, condition, state, edition_id, line_id) VALUES(4348, 1, 0, 126, 48);
INSERT INTO BOOK(book_id, condition, state, edition_id, line_id) VALUES(4349, 1, 0, 126, 256);
INSERT INTO BOOK(book_id, condition, state, edition_id, line_id) VALUES(4350, 1, 0, 126, 202);
INSERT INTO BOOK(book_id, condition, state, edition_id, line_id) VALUES(4351, 0, 0, 126, 249);
INSERT INTO BOOK(book_id, condition, state, edition_id, line_id) VALUES(4352, 1, 0, 126, 243);
INSERT INTO BOOK(book_id, condition, state, edition_id, line_id) VALUES(4353, 0, 0, 126, 140);
INSERT INTO BOOK(book_id, condition, state, edition_id, line_id) VALUES(4354, 3, 0, 126, 236);
INSERT INTO BOOK(book_id, condition, state, edition_id, line_id) VALUES(4355, 2, 0, 126, 120);
INSERT INTO BOOK(book_id, condition, state, edition_id, line_id) VALUES(4356, 1, 0, 126, 210);
INSERT INTO BOOK(book_id, condition, state, edition_id, line_id) VALUES(4357, 0, 0, 126, 285);
INSERT INTO BOOK(book_id, condition, state, edition_id, line_id) VALUES(4358, 0, 0, 126, 205);
INSERT INTO BOOK(book_id, condition, state, edition_id, line_id) VALUES(4359, 1, 0, 126, 95);
INSERT INTO BOOK(book_id, condition, state, edition_id, line_id) VALUES(4360, 0, 0, 126, 42);
INSERT INTO BOOK(book_id, condition, state, edition_id, line_id) VALUES(4361, 1, 0, 126, 129);
INSERT INTO BOOK(book_id, condition, state, edition_id, line_id) VALUES(4362, 3, 0, 126, 107);
INSERT INTO BOOK(book_id, condition, state, edition_id, line_id) VALUES(4363, 1, 0, 126, 174);
INSERT INTO BOOK(book_id, condition, state, edition_id, line_id) VALUES(4364, 0, 0, 126, 251);
INSERT INTO BOOK(book_id, condition, state, edition_id, line_id) VALUES(4365, 1, 0, 126, 220);
INSERT INTO BOOK(book_id, condition, state, edition_id, line_id) VALUES(4366, 1, 0, 126, 56);
INSERT INTO BOOK(book_id, condition, state, edition_id, line_id) VALUES(4367, 0, 0, 126, 267);
INSERT INTO BOOK(book_id, condition, state, edition_id, line_id) VALUES(4368, 0, 0, 126, 137);
INSERT INTO BOOK(book_id, condition, state, edition_id, line_id) VALUES(4369, 0, 0, 126, 131);
INSERT INTO BOOK(book_id, condition, state, edition_id, line_id) VALUES(4370, 1, 0, 126, 81);
INSERT INTO BOOK(book_id, condition, state, edition_id, line_id) VALUES(4371, 1, 0, 126, 319);
INSERT INTO BOOK(book_id, condition, state, edition_id, line_id) VALUES(4372, 1, 0, 126, 236);
INSERT INTO BOOK(book_id, condition, state, edition_id, line_id) VALUES(4373, 2, 0, 126, 304);
INSERT INTO BOOK(book_id, condition, state, edition_id, line_id) VALUES(4374, 1, 0, 126, 224);
INSERT INTO BOOK(book_id, condition, state, edition_id, line_id) VALUES(4375, 0, 0, 126, 102);
INSERT INTO BOOK(book_id, condition, state, edition_id, line_id) VALUES(4376, 2, 0, 126, 237);
INSERT INTO BOOK(book_id, condition, state, edition_id, line_id) VALUES(4377, 0, 0, 126, 148);
INSERT INTO BOOK(book_id, condition, state, edition_id, line_id) VALUES(4378, 1, 0, 126, 275);
INSERT INTO BOOK(book_id, condition, state, edition_id, line_id) VALUES(4379, 1, 0, 127, 7);
INSERT INTO BOOK(book_id, condition, state, edition_id, line_id) VALUES(4380, 1, 0, 127, 272);
INSERT INTO BOOK(book_id, condition, state, edition_id, line_id) VALUES(4381, 1, 0, 127, 314);
INSERT INTO BOOK(book_id, condition, state, edition_id, line_id) VALUES(4382, 2, 0, 127, 49);
INSERT INTO BOOK(book_id, condition, state, edition_id, line_id) VALUES(4383, 1, 0, 127, 216);
INSERT INTO BOOK(book_id, condition, state, edition_id, line_id) VALUES(4384, 1, 0, 127, 104);
INSERT INTO BOOK(book_id, condition, state, edition_id, line_id) VALUES(4385, 1, 0, 127, 220);
INSERT INTO BOOK(book_id, condition, state, edition_id, line_id) VALUES(4386, 2, 0, 127, 21);
INSERT INTO BOOK(book_id, condition, state, edition_id, line_id) VALUES(4387, 1, 0, 127, 48);
INSERT INTO BOOK(book_id, condition, state, edition_id, line_id) VALUES(4388, 0, 0, 127, 150);
INSERT INTO BOOK(book_id, condition, state, edition_id, line_id) VALUES(4389, 3, 0, 127, 251);
INSERT INTO BOOK(book_id, condition, state, edition_id, line_id) VALUES(4390, 2, 0, 127, 283);
INSERT INTO BOOK(book_id, condition, state, edition_id, line_id) VALUES(4391, 1, 0, 127, 27);
INSERT INTO BOOK(book_id, condition, state, edition_id, line_id) VALUES(4392, 2, 0, 127, 26);
INSERT INTO BOOK(book_id, condition, state, edition_id, line_id) VALUES(4393, 1, 0, 127, 186);
INSERT INTO BOOK(book_id, condition, state, edition_id, line_id) VALUES(4394, 0, 0, 127, 287);
INSERT INTO BOOK(book_id, condition, state, edition_id, line_id) VALUES(4395, 0, 0, 127, 321);
INSERT INTO BOOK(book_id, condition, state, edition_id, line_id) VALUES(4396, 2, 0, 127, 105);
INSERT INTO BOOK(book_id, condition, state, edition_id, line_id) VALUES(4397, 2, 0, 127, 53);
INSERT INTO BOOK(book_id, condition, state, edition_id, line_id) VALUES(4398, 1, 0, 127, 112);
INSERT INTO BOOK(book_id, condition, state, edition_id, line_id) VALUES(4399, 2, 0, 127, 58);
INSERT INTO BOOK(book_id, condition, state, edition_id, line_id) VALUES(4400, 3, 0, 127, 144);
INSERT INTO BOOK(book_id, condition, state, edition_id, line_id) VALUES(4401, 1, 0, 127, 232);
INSERT INTO BOOK(book_id, condition, state, edition_id, line_id) VALUES(4402, 3, 0, 127, 140);
INSERT INTO BOOK(book_id, condition, state, edition_id, line_id) VALUES(4403, 0, 0, 127, 62);
INSERT INTO BOOK(book_id, condition, state, edition_id, line_id) VALUES(4404, 0, 0, 127, 179);
INSERT INTO BOOK(book_id, condition, state, edition_id, line_id) VALUES(4405, 1, 0, 127, 196);
INSERT INTO BOOK(book_id, condition, state, edition_id, line_id) VALUES(4406, 1, 0, 127, 96);
INSERT INTO BOOK(book_id, condition, state, edition_id, line_id) VALUES(4407, 1, 0, 127, 106);
INSERT INTO BOOK(book_id, condition, state, edition_id, line_id) VALUES(4408, 3, 0, 127, 14);
INSERT INTO BOOK(book_id, condition, state, edition_id, line_id) VALUES(4409, 0, 0, 127, 326);
INSERT INTO BOOK(book_id, condition, state, edition_id, line_id) VALUES(4410, 0, 0, 127, 105);
INSERT INTO BOOK(book_id, condition, state, edition_id, line_id) VALUES(4411, 1, 0, 127, 178);
INSERT INTO BOOK(book_id, condition, state, edition_id, line_id) VALUES(4412, 2, 0, 127, 240);
INSERT INTO BOOK(book_id, condition, state, edition_id, line_id) VALUES(4413, 1, 0, 127, 42);
INSERT INTO BOOK(book_id, condition, state, edition_id, line_id) VALUES(4414, 0, 0, 127, 159);
INSERT INTO BOOK(book_id, condition, state, edition_id, line_id) VALUES(4415, 0, 0, 127, 288);
INSERT INTO BOOK(book_id, condition, state, edition_id, line_id) VALUES(4416, 0, 0, 127, 305);
INSERT INTO BOOK(book_id, condition, state, edition_id, line_id) VALUES(4417, 0, 0, 127, 93);
INSERT INTO BOOK(book_id, condition, state, edition_id, line_id) VALUES(4418, 0, 0, 127, 45);
INSERT INTO BOOK(book_id, condition, state, edition_id, line_id) VALUES(4419, 2, 0, 127, 204);
INSERT INTO BOOK(book_id, condition, state, edition_id, line_id) VALUES(4420, 1, 0, 127, 162);
INSERT INTO BOOK(book_id, condition, state, edition_id, line_id) VALUES(4421, 1, 0, 127, 279);
INSERT INTO BOOK(book_id, condition, state, edition_id, line_id) VALUES(4422, 1, 0, 127, 155);
INSERT INTO BOOK(book_id, condition, state, edition_id, line_id) VALUES(4423, 1, 0, 127, 10);
INSERT INTO BOOK(book_id, condition, state, edition_id, line_id) VALUES(4424, 1, 0, 128, 305);
INSERT INTO BOOK(book_id, condition, state, edition_id, line_id) VALUES(4425, 0, 0, 128, 2);
INSERT INTO BOOK(book_id, condition, state, edition_id, line_id) VALUES(4426, 2, 0, 128, 186);
INSERT INTO BOOK(book_id, condition, state, edition_id, line_id) VALUES(4427, 0, 0, 128, 194);
INSERT INTO BOOK(book_id, condition, state, edition_id, line_id) VALUES(4428, 0, 0, 128, 133);
INSERT INTO BOOK(book_id, condition, state, edition_id, line_id) VALUES(4429, 0, 0, 128, 289);
INSERT INTO BOOK(book_id, condition, state, edition_id, line_id) VALUES(4430, 2, 0, 128, 173);
INSERT INTO BOOK(book_id, condition, state, edition_id, line_id) VALUES(4431, 1, 0, 128, 38);
INSERT INTO BOOK(book_id, condition, state, edition_id, line_id) VALUES(4432, 1, 0, 128, 329);
INSERT INTO BOOK(book_id, condition, state, edition_id, line_id) VALUES(4433, 1, 0, 128, 203);
INSERT INTO BOOK(book_id, condition, state, edition_id, line_id) VALUES(4434, 2, 0, 128, 67);
INSERT INTO BOOK(book_id, condition, state, edition_id, line_id) VALUES(4435, 3, 0, 128, 141);
INSERT INTO BOOK(book_id, condition, state, edition_id, line_id) VALUES(4436, 1, 0, 128, 327);
INSERT INTO BOOK(book_id, condition, state, edition_id, line_id) VALUES(4437, 1, 0, 128, 185);
INSERT INTO BOOK(book_id, condition, state, edition_id, line_id) VALUES(4438, 1, 0, 128, 26);
INSERT INTO BOOK(book_id, condition, state, edition_id, line_id) VALUES(4439, 0, 0, 128, 75);
INSERT INTO BOOK(book_id, condition, state, edition_id, line_id) VALUES(4440, 0, 0, 128, 48);
INSERT INTO BOOK(book_id, condition, state, edition_id, line_id) VALUES(4441, 1, 0, 128, 98);
INSERT INTO BOOK(book_id, condition, state, edition_id, line_id) VALUES(4442, 0, 0, 128, 298);
INSERT INTO BOOK(book_id, condition, state, edition_id, line_id) VALUES(4443, 1, 0, 128, 186);
INSERT INTO BOOK(book_id, condition, state, edition_id, line_id) VALUES(4444, 1, 0, 128, 312);
INSERT INTO BOOK(book_id, condition, state, edition_id, line_id) VALUES(4445, 0, 0, 128, 329);
INSERT INTO BOOK(book_id, condition, state, edition_id, line_id) VALUES(4446, 0, 0, 128, 323);
INSERT INTO BOOK(book_id, condition, state, edition_id, line_id) VALUES(4447, 0, 0, 128, 69);
INSERT INTO BOOK(book_id, condition, state, edition_id, line_id) VALUES(4448, 1, 0, 128, 233);
INSERT INTO BOOK(book_id, condition, state, edition_id, line_id) VALUES(4449, 0, 0, 128, 92);
INSERT INTO BOOK(book_id, condition, state, edition_id, line_id) VALUES(4450, 2, 0, 128, 219);
INSERT INTO BOOK(book_id, condition, state, edition_id, line_id) VALUES(4451, 1, 0, 128, 195);
INSERT INTO BOOK(book_id, condition, state, edition_id, line_id) VALUES(4452, 3, 0, 128, 71);
INSERT INTO BOOK(book_id, condition, state, edition_id, line_id) VALUES(4453, 0, 0, 128, 8);
INSERT INTO BOOK(book_id, condition, state, edition_id, line_id) VALUES(4454, 1, 0, 128, 227);
INSERT INTO BOOK(book_id, condition, state, edition_id, line_id) VALUES(4455, 1, 0, 129, 78);
INSERT INTO BOOK(book_id, condition, state, edition_id, line_id) VALUES(4456, 0, 0, 129, 67);
INSERT INTO BOOK(book_id, condition, state, edition_id, line_id) VALUES(4457, 3, 0, 129, 299);
INSERT INTO BOOK(book_id, condition, state, edition_id, line_id) VALUES(4458, 0, 0, 129, 295);
INSERT INTO BOOK(book_id, condition, state, edition_id, line_id) VALUES(4459, 2, 0, 129, 40);
INSERT INTO BOOK(book_id, condition, state, edition_id, line_id) VALUES(4460, 3, 0, 129, 223);
INSERT INTO BOOK(book_id, condition, state, edition_id, line_id) VALUES(4461, 3, 0, 129, 259);
INSERT INTO BOOK(book_id, condition, state, edition_id, line_id) VALUES(4462, 3, 0, 129, 163);
INSERT INTO BOOK(book_id, condition, state, edition_id, line_id) VALUES(4463, 0, 0, 129, 51);
INSERT INTO BOOK(book_id, condition, state, edition_id, line_id) VALUES(4464, 1, 0, 129, 21);
INSERT INTO BOOK(book_id, condition, state, edition_id, line_id) VALUES(4465, 0, 0, 129, 255);
INSERT INTO BOOK(book_id, condition, state, edition_id, line_id) VALUES(4466, 0, 0, 129, 150);
INSERT INTO BOOK(book_id, condition, state, edition_id, line_id) VALUES(4467, 2, 0, 129, 282);
INSERT INTO BOOK(book_id, condition, state, edition_id, line_id) VALUES(4468, 3, 0, 129, 12);
INSERT INTO BOOK(book_id, condition, state, edition_id, line_id) VALUES(4469, 0, 0, 129, 78);
INSERT INTO BOOK(book_id, condition, state, edition_id, line_id) VALUES(4470, 1, 0, 129, 75);
INSERT INTO BOOK(book_id, condition, state, edition_id, line_id) VALUES(4471, 1, 0, 129, 302);
INSERT INTO BOOK(book_id, condition, state, edition_id, line_id) VALUES(4472, 1, 0, 129, 235);
INSERT INTO BOOK(book_id, condition, state, edition_id, line_id) VALUES(4473, 1, 0, 129, 283);
INSERT INTO BOOK(book_id, condition, state, edition_id, line_id) VALUES(4474, 0, 0, 129, 264);
INSERT INTO BOOK(book_id, condition, state, edition_id, line_id) VALUES(4475, 0, 0, 129, 150);
INSERT INTO BOOK(book_id, condition, state, edition_id, line_id) VALUES(4476, 1, 0, 129, 99);
INSERT INTO BOOK(book_id, condition, state, edition_id, line_id) VALUES(4477, 1, 0, 129, 126);
INSERT INTO BOOK(book_id, condition, state, edition_id, line_id) VALUES(4478, 1, 0, 129, 51);
INSERT INTO BOOK(book_id, condition, state, edition_id, line_id) VALUES(4479, 0, 0, 129, 271);
INSERT INTO BOOK(book_id, condition, state, edition_id, line_id) VALUES(4480, 2, 0, 129, 115);
INSERT INTO BOOK(book_id, condition, state, edition_id, line_id) VALUES(4481, 3, 0, 129, 9);
INSERT INTO BOOK(book_id, condition, state, edition_id, line_id) VALUES(4482, 1, 0, 129, 280);
INSERT INTO BOOK(book_id, condition, state, edition_id, line_id) VALUES(4483, 1, 0, 129, 298);
INSERT INTO BOOK(book_id, condition, state, edition_id, line_id) VALUES(4484, 0, 0, 129, 277);
INSERT INTO BOOK(book_id, condition, state, edition_id, line_id) VALUES(4485, 1, 0, 129, 7);
INSERT INTO BOOK(book_id, condition, state, edition_id, line_id) VALUES(4486, 2, 0, 129, 113);
INSERT INTO BOOK(book_id, condition, state, edition_id, line_id) VALUES(4487, 0, 0, 129, 187);
INSERT INTO BOOK(book_id, condition, state, edition_id, line_id) VALUES(4488, 0, 0, 129, 315);
INSERT INTO BOOK(book_id, condition, state, edition_id, line_id) VALUES(4489, 3, 0, 129, 23);
INSERT INTO BOOK(book_id, condition, state, edition_id, line_id) VALUES(4490, 0, 0, 129, 60);
INSERT INTO BOOK(book_id, condition, state, edition_id, line_id) VALUES(4491, 0, 0, 129, 124);
INSERT INTO BOOK(book_id, condition, state, edition_id, line_id) VALUES(4492, 2, 0, 129, 171);
INSERT INTO BOOK(book_id, condition, state, edition_id, line_id) VALUES(4493, 3, 0, 129, 236);
INSERT INTO BOOK(book_id, condition, state, edition_id, line_id) VALUES(4494, 0, 0, 129, 177);
INSERT INTO BOOK(book_id, condition, state, edition_id, line_id) VALUES(4495, 2, 0, 129, 253);
INSERT INTO BOOK(book_id, condition, state, edition_id, line_id) VALUES(4496, 2, 0, 129, 130);
INSERT INTO BOOK(book_id, condition, state, edition_id, line_id) VALUES(4497, 0, 0, 129, 91);
INSERT INTO BOOK(book_id, condition, state, edition_id, line_id) VALUES(4498, 1, 0, 130, 258);
INSERT INTO BOOK(book_id, condition, state, edition_id, line_id) VALUES(4499, 1, 0, 130, 244);
INSERT INTO BOOK(book_id, condition, state, edition_id, line_id) VALUES(4500, 1, 0, 130, 220);
INSERT INTO BOOK(book_id, condition, state, edition_id, line_id) VALUES(4501, 1, 0, 130, 246);
INSERT INTO BOOK(book_id, condition, state, edition_id, line_id) VALUES(4502, 1, 0, 130, 183);
INSERT INTO BOOK(book_id, condition, state, edition_id, line_id) VALUES(4503, 0, 0, 130, 186);
INSERT INTO BOOK(book_id, condition, state, edition_id, line_id) VALUES(4504, 3, 0, 130, 38);
INSERT INTO BOOK(book_id, condition, state, edition_id, line_id) VALUES(4505, 1, 0, 130, 169);
INSERT INTO BOOK(book_id, condition, state, edition_id, line_id) VALUES(4506, 2, 0, 130, 182);
INSERT INTO BOOK(book_id, condition, state, edition_id, line_id) VALUES(4507, 0, 0, 130, 248);
INSERT INTO BOOK(book_id, condition, state, edition_id, line_id) VALUES(4508, 0, 0, 130, 65);
INSERT INTO BOOK(book_id, condition, state, edition_id, line_id) VALUES(4509, 1, 0, 130, 177);
INSERT INTO BOOK(book_id, condition, state, edition_id, line_id) VALUES(4510, 0, 0, 130, 284);
INSERT INTO BOOK(book_id, condition, state, edition_id, line_id) VALUES(4511, 2, 0, 131, 22);
INSERT INTO BOOK(book_id, condition, state, edition_id, line_id) VALUES(4512, 2, 0, 131, 233);
INSERT INTO BOOK(book_id, condition, state, edition_id, line_id) VALUES(4513, 0, 0, 131, 39);
INSERT INTO BOOK(book_id, condition, state, edition_id, line_id) VALUES(4514, 1, 0, 131, 155);
INSERT INTO BOOK(book_id, condition, state, edition_id, line_id) VALUES(4515, 2, 0, 131, 294);
INSERT INTO BOOK(book_id, condition, state, edition_id, line_id) VALUES(4516, 1, 0, 131, 71);
INSERT INTO BOOK(book_id, condition, state, edition_id, line_id) VALUES(4517, 2, 0, 131, 201);
INSERT INTO BOOK(book_id, condition, state, edition_id, line_id) VALUES(4518, 1, 0, 131, 269);
INSERT INTO BOOK(book_id, condition, state, edition_id, line_id) VALUES(4519, 1, 0, 131, 277);
INSERT INTO BOOK(book_id, condition, state, edition_id, line_id) VALUES(4520, 2, 0, 131, 277);
INSERT INTO BOOK(book_id, condition, state, edition_id, line_id) VALUES(4521, 1, 0, 131, 245);
INSERT INTO BOOK(book_id, condition, state, edition_id, line_id) VALUES(4522, 0, 0, 131, 25);
INSERT INTO BOOK(book_id, condition, state, edition_id, line_id) VALUES(4523, 0, 0, 131, 43);
INSERT INTO BOOK(book_id, condition, state, edition_id, line_id) VALUES(4524, 0, 0, 131, 306);
INSERT INTO BOOK(book_id, condition, state, edition_id, line_id) VALUES(4525, 1, 0, 131, 319);
INSERT INTO BOOK(book_id, condition, state, edition_id, line_id) VALUES(4526, 2, 0, 131, 308);
INSERT INTO BOOK(book_id, condition, state, edition_id, line_id) VALUES(4527, 2, 0, 131, 273);
INSERT INTO BOOK(book_id, condition, state, edition_id, line_id) VALUES(4528, 1, 0, 131, 144);
INSERT INTO BOOK(book_id, condition, state, edition_id, line_id) VALUES(4529, 1, 0, 131, 75);
INSERT INTO BOOK(book_id, condition, state, edition_id, line_id) VALUES(4530, 1, 0, 131, 325);
INSERT INTO BOOK(book_id, condition, state, edition_id, line_id) VALUES(4531, 2, 0, 131, 36);
INSERT INTO BOOK(book_id, condition, state, edition_id, line_id) VALUES(4532, 0, 0, 131, 47);
INSERT INTO BOOK(book_id, condition, state, edition_id, line_id) VALUES(4533, 0, 0, 131, 305);
INSERT INTO BOOK(book_id, condition, state, edition_id, line_id) VALUES(4534, 0, 0, 131, 99);
INSERT INTO BOOK(book_id, condition, state, edition_id, line_id) VALUES(4535, 0, 0, 131, 273);
INSERT INTO BOOK(book_id, condition, state, edition_id, line_id) VALUES(4536, 1, 0, 131, 312);
INSERT INTO BOOK(book_id, condition, state, edition_id, line_id) VALUES(4537, 1, 0, 131, 29);
INSERT INTO BOOK(book_id, condition, state, edition_id, line_id) VALUES(4538, 0, 0, 131, 250);
INSERT INTO BOOK(book_id, condition, state, edition_id, line_id) VALUES(4539, 0, 0, 131, 56);
INSERT INTO BOOK(book_id, condition, state, edition_id, line_id) VALUES(4540, 1, 0, 131, 43);
INSERT INTO BOOK(book_id, condition, state, edition_id, line_id) VALUES(4541, 1, 0, 131, 316);
INSERT INTO BOOK(book_id, condition, state, edition_id, line_id) VALUES(4542, 1, 0, 131, 39);
INSERT INTO BOOK(book_id, condition, state, edition_id, line_id) VALUES(4543, 1, 0, 131, 233);
INSERT INTO BOOK(book_id, condition, state, edition_id, line_id) VALUES(4544, 3, 0, 131, 71);
INSERT INTO BOOK(book_id, condition, state, edition_id, line_id) VALUES(4545, 2, 0, 132, 7);
INSERT INTO BOOK(book_id, condition, state, edition_id, line_id) VALUES(4546, 0, 0, 132, 233);
INSERT INTO BOOK(book_id, condition, state, edition_id, line_id) VALUES(4547, 1, 0, 132, 257);
INSERT INTO BOOK(book_id, condition, state, edition_id, line_id) VALUES(4548, 2, 0, 132, 146);
INSERT INTO BOOK(book_id, condition, state, edition_id, line_id) VALUES(4549, 1, 0, 132, 88);
INSERT INTO BOOK(book_id, condition, state, edition_id, line_id) VALUES(4550, 0, 0, 132, 6);
INSERT INTO BOOK(book_id, condition, state, edition_id, line_id) VALUES(4551, 1, 0, 132, 326);
INSERT INTO BOOK(book_id, condition, state, edition_id, line_id) VALUES(4552, 1, 0, 132, 76);
INSERT INTO BOOK(book_id, condition, state, edition_id, line_id) VALUES(4553, 1, 0, 132, 111);
INSERT INTO BOOK(book_id, condition, state, edition_id, line_id) VALUES(4554, 0, 0, 132, 294);
INSERT INTO BOOK(book_id, condition, state, edition_id, line_id) VALUES(4555, 1, 0, 132, 74);
INSERT INTO BOOK(book_id, condition, state, edition_id, line_id) VALUES(4556, 1, 0, 132, 149);
INSERT INTO BOOK(book_id, condition, state, edition_id, line_id) VALUES(4557, 2, 0, 132, 42);
INSERT INTO BOOK(book_id, condition, state, edition_id, line_id) VALUES(4558, 2, 0, 132, 63);
INSERT INTO BOOK(book_id, condition, state, edition_id, line_id) VALUES(4559, 1, 0, 132, 315);
INSERT INTO BOOK(book_id, condition, state, edition_id, line_id) VALUES(4560, 1, 0, 132, 244);
INSERT INTO BOOK(book_id, condition, state, edition_id, line_id) VALUES(4561, 1, 0, 132, 310);
INSERT INTO BOOK(book_id, condition, state, edition_id, line_id) VALUES(4562, 1, 0, 132, 307);
INSERT INTO BOOK(book_id, condition, state, edition_id, line_id) VALUES(4563, 2, 0, 132, 183);
INSERT INTO BOOK(book_id, condition, state, edition_id, line_id) VALUES(4564, 3, 0, 132, 173);
INSERT INTO BOOK(book_id, condition, state, edition_id, line_id) VALUES(4565, 2, 0, 132, 19);
INSERT INTO BOOK(book_id, condition, state, edition_id, line_id) VALUES(4566, 1, 0, 132, 250);
INSERT INTO BOOK(book_id, condition, state, edition_id, line_id) VALUES(4567, 1, 0, 132, 7);
INSERT INTO BOOK(book_id, condition, state, edition_id, line_id) VALUES(4568, 3, 0, 132, 268);
INSERT INTO BOOK(book_id, condition, state, edition_id, line_id) VALUES(4569, 0, 0, 132, 154);
INSERT INTO BOOK(book_id, condition, state, edition_id, line_id) VALUES(4570, 2, 0, 132, 265);
INSERT INTO BOOK(book_id, condition, state, edition_id, line_id) VALUES(4571, 2, 0, 132, 126);
INSERT INTO BOOK(book_id, condition, state, edition_id, line_id) VALUES(4572, 0, 0, 132, 317);
INSERT INTO BOOK(book_id, condition, state, edition_id, line_id) VALUES(4573, 3, 0, 132, 204);
INSERT INTO BOOK(book_id, condition, state, edition_id, line_id) VALUES(4574, 2, 0, 132, 181);
INSERT INTO BOOK(book_id, condition, state, edition_id, line_id) VALUES(4575, 2, 0, 132, 56);
INSERT INTO BOOK(book_id, condition, state, edition_id, line_id) VALUES(4576, 1, 0, 132, 217);
INSERT INTO BOOK(book_id, condition, state, edition_id, line_id) VALUES(4577, 0, 0, 132, 171);
INSERT INTO BOOK(book_id, condition, state, edition_id, line_id) VALUES(4578, 2, 0, 132, 193);
INSERT INTO BOOK(book_id, condition, state, edition_id, line_id) VALUES(4579, 0, 0, 132, 246);
INSERT INTO BOOK(book_id, condition, state, edition_id, line_id) VALUES(4580, 2, 0, 132, 186);
INSERT INTO BOOK(book_id, condition, state, edition_id, line_id) VALUES(4581, 0, 0, 132, 39);
INSERT INTO BOOK(book_id, condition, state, edition_id, line_id) VALUES(4582, 2, 0, 132, 271);
INSERT INTO BOOK(book_id, condition, state, edition_id, line_id) VALUES(4583, 1, 0, 132, 263);
INSERT INTO BOOK(book_id, condition, state, edition_id, line_id) VALUES(4584, 3, 0, 132, 163);
INSERT INTO BOOK(book_id, condition, state, edition_id, line_id) VALUES(4585, 2, 0, 132, 69);
INSERT INTO BOOK(book_id, condition, state, edition_id, line_id) VALUES(4586, 0, 0, 132, 42);
INSERT INTO BOOK(book_id, condition, state, edition_id, line_id) VALUES(4587, 0, 0, 132, 174);
INSERT INTO BOOK(book_id, condition, state, edition_id, line_id) VALUES(4588, 2, 0, 132, 135);
INSERT INTO BOOK(book_id, condition, state, edition_id, line_id) VALUES(4589, 2, 0, 133, 92);
INSERT INTO BOOK(book_id, condition, state, edition_id, line_id) VALUES(4590, 0, 0, 133, 7);
INSERT INTO BOOK(book_id, condition, state, edition_id, line_id) VALUES(4591, 1, 0, 133, 69);
INSERT INTO BOOK(book_id, condition, state, edition_id, line_id) VALUES(4592, 2, 0, 133, 120);
INSERT INTO BOOK(book_id, condition, state, edition_id, line_id) VALUES(4593, 1, 0, 133, 170);
INSERT INTO BOOK(book_id, condition, state, edition_id, line_id) VALUES(4594, 3, 0, 133, 271);
INSERT INTO BOOK(book_id, condition, state, edition_id, line_id) VALUES(4595, 2, 0, 133, 162);
INSERT INTO BOOK(book_id, condition, state, edition_id, line_id) VALUES(4596, 1, 0, 133, 122);
INSERT INTO BOOK(book_id, condition, state, edition_id, line_id) VALUES(4597, 2, 0, 133, 124);
INSERT INTO BOOK(book_id, condition, state, edition_id, line_id) VALUES(4598, 2, 0, 133, 306);
INSERT INTO BOOK(book_id, condition, state, edition_id, line_id) VALUES(4599, 0, 0, 133, 56);
INSERT INTO BOOK(book_id, condition, state, edition_id, line_id) VALUES(4600, 1, 0, 133, 105);
INSERT INTO BOOK(book_id, condition, state, edition_id, line_id) VALUES(4601, 3, 0, 133, 310);
INSERT INTO BOOK(book_id, condition, state, edition_id, line_id) VALUES(4602, 1, 0, 133, 311);
INSERT INTO BOOK(book_id, condition, state, edition_id, line_id) VALUES(4603, 0, 0, 133, 227);
INSERT INTO BOOK(book_id, condition, state, edition_id, line_id) VALUES(4604, 1, 0, 133, 68);
INSERT INTO BOOK(book_id, condition, state, edition_id, line_id) VALUES(4605, 2, 0, 133, 306);
INSERT INTO BOOK(book_id, condition, state, edition_id, line_id) VALUES(4606, 1, 0, 133, 72);
INSERT INTO BOOK(book_id, condition, state, edition_id, line_id) VALUES(4607, 1, 0, 133, 105);
INSERT INTO BOOK(book_id, condition, state, edition_id, line_id) VALUES(4608, 0, 0, 133, 24);
INSERT INTO BOOK(book_id, condition, state, edition_id, line_id) VALUES(4609, 2, 0, 133, 255);
INSERT INTO BOOK(book_id, condition, state, edition_id, line_id) VALUES(4610, 3, 0, 133, 113);
INSERT INTO BOOK(book_id, condition, state, edition_id, line_id) VALUES(4611, 0, 0, 133, 264);
INSERT INTO BOOK(book_id, condition, state, edition_id, line_id) VALUES(4612, 1, 0, 133, 221);
INSERT INTO BOOK(book_id, condition, state, edition_id, line_id) VALUES(4613, 1, 0, 133, 314);
INSERT INTO BOOK(book_id, condition, state, edition_id, line_id) VALUES(4614, 3, 0, 133, 315);
INSERT INTO BOOK(book_id, condition, state, edition_id, line_id) VALUES(4615, 1, 0, 133, 158);
INSERT INTO BOOK(book_id, condition, state, edition_id, line_id) VALUES(4616, 0, 0, 133, 51);
INSERT INTO BOOK(book_id, condition, state, edition_id, line_id) VALUES(4617, 1, 0, 133, 96);
INSERT INTO BOOK(book_id, condition, state, edition_id, line_id) VALUES(4618, 0, 0, 134, 261);
INSERT INTO BOOK(book_id, condition, state, edition_id, line_id) VALUES(4619, 0, 0, 134, 33);
INSERT INTO BOOK(book_id, condition, state, edition_id, line_id) VALUES(4620, 0, 0, 134, 110);
INSERT INTO BOOK(book_id, condition, state, edition_id, line_id) VALUES(4621, 1, 0, 134, 137);
INSERT INTO BOOK(book_id, condition, state, edition_id, line_id) VALUES(4622, 1, 0, 134, 113);
INSERT INTO BOOK(book_id, condition, state, edition_id, line_id) VALUES(4623, 1, 0, 134, 3);
INSERT INTO BOOK(book_id, condition, state, edition_id, line_id) VALUES(4624, 1, 0, 134, 12);
INSERT INTO BOOK(book_id, condition, state, edition_id, line_id) VALUES(4625, 1, 0, 134, 142);
INSERT INTO BOOK(book_id, condition, state, edition_id, line_id) VALUES(4626, 2, 0, 134, 200);
INSERT INTO BOOK(book_id, condition, state, edition_id, line_id) VALUES(4627, 1, 0, 134, 130);
INSERT INTO BOOK(book_id, condition, state, edition_id, line_id) VALUES(4628, 2, 0, 135, 182);
INSERT INTO BOOK(book_id, condition, state, edition_id, line_id) VALUES(4629, 1, 0, 135, 233);
INSERT INTO BOOK(book_id, condition, state, edition_id, line_id) VALUES(4630, 1, 0, 135, 233);
INSERT INTO BOOK(book_id, condition, state, edition_id, line_id) VALUES(4631, 0, 0, 135, 160);
INSERT INTO BOOK(book_id, condition, state, edition_id, line_id) VALUES(4632, 3, 0, 135, 276);
INSERT INTO BOOK(book_id, condition, state, edition_id, line_id) VALUES(4633, 2, 0, 135, 43);
INSERT INTO BOOK(book_id, condition, state, edition_id, line_id) VALUES(4634, 1, 0, 135, 119);
INSERT INTO BOOK(book_id, condition, state, edition_id, line_id) VALUES(4635, 2, 0, 135, 117);
INSERT INTO BOOK(book_id, condition, state, edition_id, line_id) VALUES(4636, 3, 0, 135, 21);
INSERT INTO BOOK(book_id, condition, state, edition_id, line_id) VALUES(4637, 1, 0, 135, 46);
INSERT INTO BOOK(book_id, condition, state, edition_id, line_id) VALUES(4638, 3, 0, 135, 60);
INSERT INTO BOOK(book_id, condition, state, edition_id, line_id) VALUES(4639, 2, 0, 135, 123);
INSERT INTO BOOK(book_id, condition, state, edition_id, line_id) VALUES(4640, 0, 0, 135, 35);
INSERT INTO BOOK(book_id, condition, state, edition_id, line_id) VALUES(4641, 0, 0, 135, 284);
INSERT INTO BOOK(book_id, condition, state, edition_id, line_id) VALUES(4642, 0, 0, 135, 225);
INSERT INTO BOOK(book_id, condition, state, edition_id, line_id) VALUES(4643, 2, 0, 135, 27);
INSERT INTO BOOK(book_id, condition, state, edition_id, line_id) VALUES(4644, 2, 0, 135, 119);
INSERT INTO BOOK(book_id, condition, state, edition_id, line_id) VALUES(4645, 1, 0, 135, 284);
INSERT INTO BOOK(book_id, condition, state, edition_id, line_id) VALUES(4646, 3, 0, 135, 104);
INSERT INTO BOOK(book_id, condition, state, edition_id, line_id) VALUES(4647, 0, 0, 135, 108);
INSERT INTO BOOK(book_id, condition, state, edition_id, line_id) VALUES(4648, 0, 0, 135, 269);
INSERT INTO BOOK(book_id, condition, state, edition_id, line_id) VALUES(4649, 3, 0, 135, 161);
INSERT INTO BOOK(book_id, condition, state, edition_id, line_id) VALUES(4650, 3, 0, 135, 181);
INSERT INTO BOOK(book_id, condition, state, edition_id, line_id) VALUES(4651, 3, 0, 135, 68);
INSERT INTO BOOK(book_id, condition, state, edition_id, line_id) VALUES(4652, 3, 0, 135, 254);
INSERT INTO BOOK(book_id, condition, state, edition_id, line_id) VALUES(4653, 1, 0, 135, 28);
INSERT INTO BOOK(book_id, condition, state, edition_id, line_id) VALUES(4654, 1, 0, 135, 125);
INSERT INTO BOOK(book_id, condition, state, edition_id, line_id) VALUES(4655, 1, 0, 135, 308);
INSERT INTO BOOK(book_id, condition, state, edition_id, line_id) VALUES(4656, 1, 0, 135, 131);
INSERT INTO BOOK(book_id, condition, state, edition_id, line_id) VALUES(4657, 1, 0, 135, 289);
INSERT INTO BOOK(book_id, condition, state, edition_id, line_id) VALUES(4658, 2, 0, 135, 170);
INSERT INTO BOOK(book_id, condition, state, edition_id, line_id) VALUES(4659, 0, 0, 135, 328);
INSERT INTO BOOK(book_id, condition, state, edition_id, line_id) VALUES(4660, 2, 0, 135, 128);
INSERT INTO BOOK(book_id, condition, state, edition_id, line_id) VALUES(4661, 0, 0, 135, 119);
INSERT INTO BOOK(book_id, condition, state, edition_id, line_id) VALUES(4662, 1, 0, 135, 3);
INSERT INTO BOOK(book_id, condition, state, edition_id, line_id) VALUES(4663, 2, 0, 135, 185);
INSERT INTO BOOK(book_id, condition, state, edition_id, line_id) VALUES(4664, 0, 0, 135, 58);
INSERT INTO BOOK(book_id, condition, state, edition_id, line_id) VALUES(4665, 2, 0, 135, 217);
INSERT INTO BOOK(book_id, condition, state, edition_id, line_id) VALUES(4666, 2, 0, 135, 12);
INSERT INTO BOOK(book_id, condition, state, edition_id, line_id) VALUES(4667, 2, 0, 136, 101);
INSERT INTO BOOK(book_id, condition, state, edition_id, line_id) VALUES(4668, 1, 0, 136, 109);
INSERT INTO BOOK(book_id, condition, state, edition_id, line_id) VALUES(4669, 1, 0, 136, 68);
INSERT INTO BOOK(book_id, condition, state, edition_id, line_id) VALUES(4670, 3, 0, 136, 234);
INSERT INTO BOOK(book_id, condition, state, edition_id, line_id) VALUES(4671, 2, 0, 136, 316);
INSERT INTO BOOK(book_id, condition, state, edition_id, line_id) VALUES(4672, 3, 0, 136, 328);
INSERT INTO BOOK(book_id, condition, state, edition_id, line_id) VALUES(4673, 0, 0, 136, 240);
INSERT INTO BOOK(book_id, condition, state, edition_id, line_id) VALUES(4674, 2, 0, 136, 124);
INSERT INTO BOOK(book_id, condition, state, edition_id, line_id) VALUES(4675, 0, 0, 136, 128);
INSERT INTO BOOK(book_id, condition, state, edition_id, line_id) VALUES(4676, 0, 0, 136, 298);
INSERT INTO BOOK(book_id, condition, state, edition_id, line_id) VALUES(4677, 0, 0, 136, 159);
INSERT INTO BOOK(book_id, condition, state, edition_id, line_id) VALUES(4678, 1, 0, 136, 298);
INSERT INTO BOOK(book_id, condition, state, edition_id, line_id) VALUES(4679, 2, 0, 136, 18);
INSERT INTO BOOK(book_id, condition, state, edition_id, line_id) VALUES(4680, 3, 0, 136, 107);
INSERT INTO BOOK(book_id, condition, state, edition_id, line_id) VALUES(4681, 1, 0, 136, 138);
INSERT INTO BOOK(book_id, condition, state, edition_id, line_id) VALUES(4682, 3, 0, 137, 206);
INSERT INTO BOOK(book_id, condition, state, edition_id, line_id) VALUES(4683, 2, 0, 137, 174);
INSERT INTO BOOK(book_id, condition, state, edition_id, line_id) VALUES(4684, 2, 0, 137, 203);
INSERT INTO BOOK(book_id, condition, state, edition_id, line_id) VALUES(4685, 1, 0, 137, 101);
INSERT INTO BOOK(book_id, condition, state, edition_id, line_id) VALUES(4686, 0, 0, 137, 92);
INSERT INTO BOOK(book_id, condition, state, edition_id, line_id) VALUES(4687, 2, 0, 138, 61);
INSERT INTO BOOK(book_id, condition, state, edition_id, line_id) VALUES(4688, 2, 0, 138, 222);
INSERT INTO BOOK(book_id, condition, state, edition_id, line_id) VALUES(4689, 1, 0, 138, 194);
INSERT INTO BOOK(book_id, condition, state, edition_id, line_id) VALUES(4690, 3, 0, 138, 254);
INSERT INTO BOOK(book_id, condition, state, edition_id, line_id) VALUES(4691, 2, 0, 138, 321);
INSERT INTO BOOK(book_id, condition, state, edition_id, line_id) VALUES(4692, 1, 0, 138, 158);
INSERT INTO BOOK(book_id, condition, state, edition_id, line_id) VALUES(4693, 0, 0, 138, 249);
INSERT INTO BOOK(book_id, condition, state, edition_id, line_id) VALUES(4694, 3, 0, 138, 169);
INSERT INTO BOOK(book_id, condition, state, edition_id, line_id) VALUES(4695, 2, 0, 138, 83);
INSERT INTO BOOK(book_id, condition, state, edition_id, line_id) VALUES(4696, 1, 0, 138, 275);
INSERT INTO BOOK(book_id, condition, state, edition_id, line_id) VALUES(4697, 0, 0, 138, 72);
INSERT INTO BOOK(book_id, condition, state, edition_id, line_id) VALUES(4698, 2, 0, 138, 163);
INSERT INTO BOOK(book_id, condition, state, edition_id, line_id) VALUES(4699, 2, 0, 138, 49);
INSERT INTO BOOK(book_id, condition, state, edition_id, line_id) VALUES(4700, 2, 0, 138, 261);
INSERT INTO BOOK(book_id, condition, state, edition_id, line_id) VALUES(4701, 0, 0, 138, 319);
INSERT INTO BOOK(book_id, condition, state, edition_id, line_id) VALUES(4702, 0, 0, 138, 109);
INSERT INTO BOOK(book_id, condition, state, edition_id, line_id) VALUES(4703, 1, 0, 138, 242);
INSERT INTO BOOK(book_id, condition, state, edition_id, line_id) VALUES(4704, 0, 0, 138, 71);
INSERT INTO BOOK(book_id, condition, state, edition_id, line_id) VALUES(4705, 0, 0, 138, 44);
INSERT INTO BOOK(book_id, condition, state, edition_id, line_id) VALUES(4706, 2, 0, 138, 306);
INSERT INTO BOOK(book_id, condition, state, edition_id, line_id) VALUES(4707, 1, 0, 138, 8);
INSERT INTO BOOK(book_id, condition, state, edition_id, line_id) VALUES(4708, 1, 0, 138, 300);
INSERT INTO BOOK(book_id, condition, state, edition_id, line_id) VALUES(4709, 0, 0, 138, 167);
INSERT INTO BOOK(book_id, condition, state, edition_id, line_id) VALUES(4710, 0, 0, 138, 92);
INSERT INTO BOOK(book_id, condition, state, edition_id, line_id) VALUES(4711, 1, 0, 138, 147);
INSERT INTO BOOK(book_id, condition, state, edition_id, line_id) VALUES(4712, 3, 0, 138, 154);
INSERT INTO BOOK(book_id, condition, state, edition_id, line_id) VALUES(4713, 1, 0, 138, 140);
INSERT INTO BOOK(book_id, condition, state, edition_id, line_id) VALUES(4714, 1, 0, 138, 149);
INSERT INTO BOOK(book_id, condition, state, edition_id, line_id) VALUES(4715, 0, 0, 138, 21);
INSERT INTO BOOK(book_id, condition, state, edition_id, line_id) VALUES(4716, 1, 0, 138, 231);
INSERT INTO BOOK(book_id, condition, state, edition_id, line_id) VALUES(4717, 1, 0, 138, 214);
INSERT INTO BOOK(book_id, condition, state, edition_id, line_id) VALUES(4718, 2, 0, 138, 25);
INSERT INTO BOOK(book_id, condition, state, edition_id, line_id) VALUES(4719, 0, 0, 138, 40);
INSERT INTO BOOK(book_id, condition, state, edition_id, line_id) VALUES(4720, 0, 0, 138, 149);
INSERT INTO BOOK(book_id, condition, state, edition_id, line_id) VALUES(4721, 2, 0, 138, 180);
INSERT INTO BOOK(book_id, condition, state, edition_id, line_id) VALUES(4722, 1, 0, 138, 222);
INSERT INTO BOOK(book_id, condition, state, edition_id, line_id) VALUES(4723, 1, 0, 138, 50);
INSERT INTO BOOK(book_id, condition, state, edition_id, line_id) VALUES(4724, 3, 0, 138, 296);
INSERT INTO BOOK(book_id, condition, state, edition_id, line_id) VALUES(4725, 2, 0, 138, 240);
INSERT INTO BOOK(book_id, condition, state, edition_id, line_id) VALUES(4726, 0, 0, 138, 316);
INSERT INTO BOOK(book_id, condition, state, edition_id, line_id) VALUES(4727, 0, 0, 139, 287);
INSERT INTO BOOK(book_id, condition, state, edition_id, line_id) VALUES(4728, 2, 0, 139, 95);
INSERT INTO BOOK(book_id, condition, state, edition_id, line_id) VALUES(4729, 2, 0, 139, 282);
INSERT INTO BOOK(book_id, condition, state, edition_id, line_id) VALUES(4730, 1, 0, 139, 44);
INSERT INTO BOOK(book_id, condition, state, edition_id, line_id) VALUES(4731, 1, 0, 139, 263);
INSERT INTO BOOK(book_id, condition, state, edition_id, line_id) VALUES(4732, 2, 0, 139, 221);
INSERT INTO BOOK(book_id, condition, state, edition_id, line_id) VALUES(4733, 0, 0, 139, 280);
INSERT INTO BOOK(book_id, condition, state, edition_id, line_id) VALUES(4734, 3, 0, 139, 114);
INSERT INTO BOOK(book_id, condition, state, edition_id, line_id) VALUES(4735, 0, 0, 139, 130);
INSERT INTO BOOK(book_id, condition, state, edition_id, line_id) VALUES(4736, 1, 0, 139, 103);
INSERT INTO BOOK(book_id, condition, state, edition_id, line_id) VALUES(4737, 2, 0, 139, 297);
INSERT INTO BOOK(book_id, condition, state, edition_id, line_id) VALUES(4738, 0, 0, 139, 179);
INSERT INTO BOOK(book_id, condition, state, edition_id, line_id) VALUES(4739, 2, 0, 139, 169);
INSERT INTO BOOK(book_id, condition, state, edition_id, line_id) VALUES(4740, 0, 0, 139, 189);
INSERT INTO BOOK(book_id, condition, state, edition_id, line_id) VALUES(4741, 0, 0, 139, 107);
INSERT INTO BOOK(book_id, condition, state, edition_id, line_id) VALUES(4742, 0, 0, 139, 321);
INSERT INTO BOOK(book_id, condition, state, edition_id, line_id) VALUES(4743, 0, 0, 139, 326);
INSERT INTO BOOK(book_id, condition, state, edition_id, line_id) VALUES(4744, 3, 0, 139, 12);
INSERT INTO BOOK(book_id, condition, state, edition_id, line_id) VALUES(4745, 2, 0, 139, 272);
INSERT INTO BOOK(book_id, condition, state, edition_id, line_id) VALUES(4746, 0, 0, 139, 244);
INSERT INTO BOOK(book_id, condition, state, edition_id, line_id) VALUES(4747, 1, 0, 139, 159);
INSERT INTO BOOK(book_id, condition, state, edition_id, line_id) VALUES(4748, 2, 0, 139, 287);
INSERT INTO BOOK(book_id, condition, state, edition_id, line_id) VALUES(4749, 1, 0, 139, 210);
INSERT INTO BOOK(book_id, condition, state, edition_id, line_id) VALUES(4750, 1, 0, 139, 210);
INSERT INTO BOOK(book_id, condition, state, edition_id, line_id) VALUES(4751, 1, 0, 139, 43);
INSERT INTO BOOK(book_id, condition, state, edition_id, line_id) VALUES(4752, 1, 0, 139, 312);
INSERT INTO BOOK(book_id, condition, state, edition_id, line_id) VALUES(4753, 0, 0, 139, 237);
INSERT INTO BOOK(book_id, condition, state, edition_id, line_id) VALUES(4754, 0, 0, 139, 66);
INSERT INTO BOOK(book_id, condition, state, edition_id, line_id) VALUES(4755, 2, 0, 139, 66);
INSERT INTO BOOK(book_id, condition, state, edition_id, line_id) VALUES(4756, 1, 0, 139, 202);
INSERT INTO BOOK(book_id, condition, state, edition_id, line_id) VALUES(4757, 2, 0, 139, 100);
INSERT INTO BOOK(book_id, condition, state, edition_id, line_id) VALUES(4758, 0, 0, 139, 232);
INSERT INTO BOOK(book_id, condition, state, edition_id, line_id) VALUES(4759, 1, 0, 139, 50);
INSERT INTO BOOK(book_id, condition, state, edition_id, line_id) VALUES(4760, 1, 0, 139, 87);
INSERT INTO BOOK(book_id, condition, state, edition_id, line_id) VALUES(4761, 3, 0, 139, 290);
INSERT INTO BOOK(book_id, condition, state, edition_id, line_id) VALUES(4762, 1, 0, 139, 105);
INSERT INTO BOOK(book_id, condition, state, edition_id, line_id) VALUES(4763, 1, 0, 139, 327);
INSERT INTO BOOK(book_id, condition, state, edition_id, line_id) VALUES(4764, 3, 0, 139, 137);
INSERT INTO BOOK(book_id, condition, state, edition_id, line_id) VALUES(4765, 2, 0, 139, 270);
INSERT INTO BOOK(book_id, condition, state, edition_id, line_id) VALUES(4766, 0, 0, 139, 39);
INSERT INTO BOOK(book_id, condition, state, edition_id, line_id) VALUES(4767, 1, 0, 139, 55);
INSERT INTO BOOK(book_id, condition, state, edition_id, line_id) VALUES(4768, 1, 0, 139, 57);
INSERT INTO BOOK(book_id, condition, state, edition_id, line_id) VALUES(4769, 0, 0, 139, 156);
INSERT INTO BOOK(book_id, condition, state, edition_id, line_id) VALUES(4770, 1, 0, 139, 109);
INSERT INTO BOOK(book_id, condition, state, edition_id, line_id) VALUES(4771, 2, 0, 139, 273);
INSERT INTO BOOK(book_id, condition, state, edition_id, line_id) VALUES(4772, 0, 0, 139, 145);
INSERT INTO BOOK(book_id, condition, state, edition_id, line_id) VALUES(4773, 2, 0, 139, 300);
INSERT INTO BOOK(book_id, condition, state, edition_id, line_id) VALUES(4774, 0, 0, 139, 167);
INSERT INTO BOOK(book_id, condition, state, edition_id, line_id) VALUES(4775, 1, 0, 140, 300);
INSERT INTO BOOK(book_id, condition, state, edition_id, line_id) VALUES(4776, 3, 0, 140, 58);
INSERT INTO BOOK(book_id, condition, state, edition_id, line_id) VALUES(4777, 1, 0, 140, 123);
INSERT INTO BOOK(book_id, condition, state, edition_id, line_id) VALUES(4778, 0, 0, 140, 317);
INSERT INTO BOOK(book_id, condition, state, edition_id, line_id) VALUES(4779, 1, 0, 140, 165);
INSERT INTO BOOK(book_id, condition, state, edition_id, line_id) VALUES(4780, 2, 0, 140, 124);
INSERT INTO BOOK(book_id, condition, state, edition_id, line_id) VALUES(4781, 0, 0, 140, 166);
INSERT INTO BOOK(book_id, condition, state, edition_id, line_id) VALUES(4782, 3, 0, 140, 51);
INSERT INTO BOOK(book_id, condition, state, edition_id, line_id) VALUES(4783, 0, 0, 140, 30);
INSERT INTO BOOK(book_id, condition, state, edition_id, line_id) VALUES(4784, 1, 0, 140, 158);
INSERT INTO BOOK(book_id, condition, state, edition_id, line_id) VALUES(4785, 1, 0, 140, 12);
INSERT INTO BOOK(book_id, condition, state, edition_id, line_id) VALUES(4786, 1, 0, 140, 110);
INSERT INTO BOOK(book_id, condition, state, edition_id, line_id) VALUES(4787, 1, 0, 140, 21);
INSERT INTO BOOK(book_id, condition, state, edition_id, line_id) VALUES(4788, 2, 0, 140, 262);
INSERT INTO BOOK(book_id, condition, state, edition_id, line_id) VALUES(4789, 2, 0, 140, 74);
INSERT INTO BOOK(book_id, condition, state, edition_id, line_id) VALUES(4790, 3, 0, 140, 11);
INSERT INTO BOOK(book_id, condition, state, edition_id, line_id) VALUES(4791, 1, 0, 141, 64);
INSERT INTO BOOK(book_id, condition, state, edition_id, line_id) VALUES(4792, 2, 0, 141, 325);
INSERT INTO BOOK(book_id, condition, state, edition_id, line_id) VALUES(4793, 0, 0, 141, 81);
INSERT INTO BOOK(book_id, condition, state, edition_id, line_id) VALUES(4794, 0, 0, 141, 23);
INSERT INTO BOOK(book_id, condition, state, edition_id, line_id) VALUES(4795, 3, 0, 141, 295);
INSERT INTO BOOK(book_id, condition, state, edition_id, line_id) VALUES(4796, 1, 0, 141, 159);
INSERT INTO BOOK(book_id, condition, state, edition_id, line_id) VALUES(4797, 1, 0, 141, 278);
INSERT INTO BOOK(book_id, condition, state, edition_id, line_id) VALUES(4798, 0, 0, 141, 128);
INSERT INTO BOOK(book_id, condition, state, edition_id, line_id) VALUES(4799, 3, 0, 141, 256);
INSERT INTO BOOK(book_id, condition, state, edition_id, line_id) VALUES(4800, 0, 0, 141, 214);
INSERT INTO BOOK(book_id, condition, state, edition_id, line_id) VALUES(4801, 1, 0, 141, 176);
INSERT INTO BOOK(book_id, condition, state, edition_id, line_id) VALUES(4802, 2, 0, 141, 161);
INSERT INTO BOOK(book_id, condition, state, edition_id, line_id) VALUES(4803, 2, 0, 141, 268);
INSERT INTO BOOK(book_id, condition, state, edition_id, line_id) VALUES(4804, 2, 0, 141, 118);
INSERT INTO BOOK(book_id, condition, state, edition_id, line_id) VALUES(4805, 1, 0, 141, 40);
INSERT INTO BOOK(book_id, condition, state, edition_id, line_id) VALUES(4806, 3, 0, 141, 203);
INSERT INTO BOOK(book_id, condition, state, edition_id, line_id) VALUES(4807, 0, 0, 141, 257);
INSERT INTO BOOK(book_id, condition, state, edition_id, line_id) VALUES(4808, 1, 0, 141, 157);
INSERT INTO BOOK(book_id, condition, state, edition_id, line_id) VALUES(4809, 1, 0, 141, 158);
INSERT INTO BOOK(book_id, condition, state, edition_id, line_id) VALUES(4810, 2, 0, 141, 218);
INSERT INTO BOOK(book_id, condition, state, edition_id, line_id) VALUES(4811, 0, 0, 141, 194);
INSERT INTO BOOK(book_id, condition, state, edition_id, line_id) VALUES(4812, 1, 0, 142, 108);
INSERT INTO BOOK(book_id, condition, state, edition_id, line_id) VALUES(4813, 3, 0, 142, 191);
INSERT INTO BOOK(book_id, condition, state, edition_id, line_id) VALUES(4814, 0, 0, 142, 123);
INSERT INTO BOOK(book_id, condition, state, edition_id, line_id) VALUES(4815, 0, 0, 142, 106);
INSERT INTO BOOK(book_id, condition, state, edition_id, line_id) VALUES(4816, 0, 0, 142, 48);
INSERT INTO BOOK(book_id, condition, state, edition_id, line_id) VALUES(4817, 1, 0, 142, 27);
INSERT INTO BOOK(book_id, condition, state, edition_id, line_id) VALUES(4818, 1, 0, 142, 54);
INSERT INTO BOOK(book_id, condition, state, edition_id, line_id) VALUES(4819, 1, 0, 142, 97);
INSERT INTO BOOK(book_id, condition, state, edition_id, line_id) VALUES(4820, 0, 0, 142, 199);
INSERT INTO BOOK(book_id, condition, state, edition_id, line_id) VALUES(4821, 1, 0, 142, 306);
INSERT INTO BOOK(book_id, condition, state, edition_id, line_id) VALUES(4822, 0, 0, 142, 291);
INSERT INTO BOOK(book_id, condition, state, edition_id, line_id) VALUES(4823, 1, 0, 142, 235);
INSERT INTO BOOK(book_id, condition, state, edition_id, line_id) VALUES(4824, 3, 0, 142, 159);
INSERT INTO BOOK(book_id, condition, state, edition_id, line_id) VALUES(4825, 1, 0, 142, 317);
INSERT INTO BOOK(book_id, condition, state, edition_id, line_id) VALUES(4826, 2, 0, 142, 35);
INSERT INTO BOOK(book_id, condition, state, edition_id, line_id) VALUES(4827, 2, 0, 142, 227);
INSERT INTO BOOK(book_id, condition, state, edition_id, line_id) VALUES(4828, 0, 0, 142, 135);
INSERT INTO BOOK(book_id, condition, state, edition_id, line_id) VALUES(4829, 1, 0, 142, 281);
INSERT INTO BOOK(book_id, condition, state, edition_id, line_id) VALUES(4830, 1, 0, 142, 74);
INSERT INTO BOOK(book_id, condition, state, edition_id, line_id) VALUES(4831, 3, 0, 142, 228);
INSERT INTO BOOK(book_id, condition, state, edition_id, line_id) VALUES(4832, 1, 0, 142, 54);
INSERT INTO BOOK(book_id, condition, state, edition_id, line_id) VALUES(4833, 1, 0, 142, 181);
INSERT INTO BOOK(book_id, condition, state, edition_id, line_id) VALUES(4834, 0, 0, 142, 326);
INSERT INTO BOOK(book_id, condition, state, edition_id, line_id) VALUES(4835, 1, 0, 142, 9);
INSERT INTO BOOK(book_id, condition, state, edition_id, line_id) VALUES(4836, 1, 0, 142, 164);
INSERT INTO BOOK(book_id, condition, state, edition_id, line_id) VALUES(4837, 0, 0, 142, 17);
INSERT INTO BOOK(book_id, condition, state, edition_id, line_id) VALUES(4838, 1, 0, 142, 93);
INSERT INTO BOOK(book_id, condition, state, edition_id, line_id) VALUES(4839, 2, 0, 142, 181);
INSERT INTO BOOK(book_id, condition, state, edition_id, line_id) VALUES(4840, 1, 0, 142, 7);
INSERT INTO BOOK(book_id, condition, state, edition_id, line_id) VALUES(4841, 2, 0, 142, 4);
INSERT INTO BOOK(book_id, condition, state, edition_id, line_id) VALUES(4842, 0, 0, 142, 152);
INSERT INTO BOOK(book_id, condition, state, edition_id, line_id) VALUES(4843, 3, 0, 142, 239);
INSERT INTO BOOK(book_id, condition, state, edition_id, line_id) VALUES(4844, 3, 0, 142, 122);
INSERT INTO BOOK(book_id, condition, state, edition_id, line_id) VALUES(4845, 2, 0, 142, 267);
INSERT INTO BOOK(book_id, condition, state, edition_id, line_id) VALUES(4846, 0, 0, 142, 184);
INSERT INTO BOOK(book_id, condition, state, edition_id, line_id) VALUES(4847, 2, 0, 142, 42);
INSERT INTO BOOK(book_id, condition, state, edition_id, line_id) VALUES(4848, 0, 0, 142, 23);
INSERT INTO BOOK(book_id, condition, state, edition_id, line_id) VALUES(4849, 2, 0, 142, 43);
INSERT INTO BOOK(book_id, condition, state, edition_id, line_id) VALUES(4850, 0, 0, 142, 177);
INSERT INTO BOOK(book_id, condition, state, edition_id, line_id) VALUES(4851, 0, 0, 142, 230);
INSERT INTO BOOK(book_id, condition, state, edition_id, line_id) VALUES(4852, 1, 0, 142, 181);
INSERT INTO BOOK(book_id, condition, state, edition_id, line_id) VALUES(4853, 0, 0, 142, 231);
INSERT INTO BOOK(book_id, condition, state, edition_id, line_id) VALUES(4854, 1, 0, 142, 69);
INSERT INTO BOOK(book_id, condition, state, edition_id, line_id) VALUES(4855, 2, 0, 142, 206);
INSERT INTO BOOK(book_id, condition, state, edition_id, line_id) VALUES(4856, 0, 0, 142, 231);
INSERT INTO BOOK(book_id, condition, state, edition_id, line_id) VALUES(4857, 1, 0, 142, 280);
INSERT INTO BOOK(book_id, condition, state, edition_id, line_id) VALUES(4858, 1, 0, 142, 322);
INSERT INTO BOOK(book_id, condition, state, edition_id, line_id) VALUES(4859, 2, 0, 142, 127);
INSERT INTO BOOK(book_id, condition, state, edition_id, line_id) VALUES(4860, 0, 0, 142, 245);
INSERT INTO BOOK(book_id, condition, state, edition_id, line_id) VALUES(4861, 1, 0, 142, 187);
INSERT INTO BOOK(book_id, condition, state, edition_id, line_id) VALUES(4862, 3, 0, 142, 95);
INSERT INTO BOOK(book_id, condition, state, edition_id, line_id) VALUES(4863, 0, 0, 142, 209);
INSERT INTO BOOK(book_id, condition, state, edition_id, line_id) VALUES(4864, 1, 0, 142, 269);
INSERT INTO BOOK(book_id, condition, state, edition_id, line_id) VALUES(4865, 0, 0, 142, 152);
INSERT INTO BOOK(book_id, condition, state, edition_id, line_id) VALUES(4866, 0, 0, 142, 307);
INSERT INTO BOOK(book_id, condition, state, edition_id, line_id) VALUES(4867, 1, 0, 142, 228);
INSERT INTO BOOK(book_id, condition, state, edition_id, line_id) VALUES(4868, 1, 0, 142, 220);
INSERT INTO BOOK(book_id, condition, state, edition_id, line_id) VALUES(4869, 3, 0, 143, 276);
INSERT INTO BOOK(book_id, condition, state, edition_id, line_id) VALUES(4870, 1, 0, 143, 8);
INSERT INTO BOOK(book_id, condition, state, edition_id, line_id) VALUES(4871, 0, 0, 143, 191);
INSERT INTO BOOK(book_id, condition, state, edition_id, line_id) VALUES(4872, 2, 0, 143, 260);
INSERT INTO BOOK(book_id, condition, state, edition_id, line_id) VALUES(4873, 2, 0, 143, 319);
INSERT INTO BOOK(book_id, condition, state, edition_id, line_id) VALUES(4874, 1, 0, 143, 219);
INSERT INTO BOOK(book_id, condition, state, edition_id, line_id) VALUES(4875, 2, 0, 143, 279);
INSERT INTO BOOK(book_id, condition, state, edition_id, line_id) VALUES(4876, 1, 0, 143, 139);
INSERT INTO BOOK(book_id, condition, state, edition_id, line_id) VALUES(4877, 3, 0, 143, 183);
INSERT INTO BOOK(book_id, condition, state, edition_id, line_id) VALUES(4878, 2, 0, 143, 247);
INSERT INTO BOOK(book_id, condition, state, edition_id, line_id) VALUES(4879, 3, 0, 143, 166);
INSERT INTO BOOK(book_id, condition, state, edition_id, line_id) VALUES(4880, 3, 0, 143, 292);
INSERT INTO BOOK(book_id, condition, state, edition_id, line_id) VALUES(4881, 2, 0, 143, 274);
INSERT INTO BOOK(book_id, condition, state, edition_id, line_id) VALUES(4882, 1, 0, 143, 62);
INSERT INTO BOOK(book_id, condition, state, edition_id, line_id) VALUES(4883, 0, 0, 143, 143);
INSERT INTO BOOK(book_id, condition, state, edition_id, line_id) VALUES(4884, 1, 0, 143, 293);
INSERT INTO BOOK(book_id, condition, state, edition_id, line_id) VALUES(4885, 2, 0, 143, 68);
INSERT INTO BOOK(book_id, condition, state, edition_id, line_id) VALUES(4886, 0, 0, 143, 55);
INSERT INTO BOOK(book_id, condition, state, edition_id, line_id) VALUES(4887, 1, 0, 143, 101);
INSERT INTO BOOK(book_id, condition, state, edition_id, line_id) VALUES(4888, 3, 0, 143, 137);
INSERT INTO BOOK(book_id, condition, state, edition_id, line_id) VALUES(4889, 1, 0, 143, 310);
INSERT INTO BOOK(book_id, condition, state, edition_id, line_id) VALUES(4890, 1, 0, 143, 226);
INSERT INTO BOOK(book_id, condition, state, edition_id, line_id) VALUES(4891, 0, 0, 143, 88);
INSERT INTO BOOK(book_id, condition, state, edition_id, line_id) VALUES(4892, 1, 0, 144, 326);
INSERT INTO BOOK(book_id, condition, state, edition_id, line_id) VALUES(4893, 0, 0, 144, 217);
INSERT INTO BOOK(book_id, condition, state, edition_id, line_id) VALUES(4894, 0, 0, 144, 170);
INSERT INTO BOOK(book_id, condition, state, edition_id, line_id) VALUES(4895, 1, 0, 144, 305);
INSERT INTO BOOK(book_id, condition, state, edition_id, line_id) VALUES(4896, 1, 0, 144, 82);
INSERT INTO BOOK(book_id, condition, state, edition_id, line_id) VALUES(4897, 1, 0, 144, 33);
INSERT INTO BOOK(book_id, condition, state, edition_id, line_id) VALUES(4898, 0, 0, 144, 26);
INSERT INTO BOOK(book_id, condition, state, edition_id, line_id) VALUES(4899, 0, 0, 144, 205);
INSERT INTO BOOK(book_id, condition, state, edition_id, line_id) VALUES(4900, 3, 0, 144, 117);
INSERT INTO BOOK(book_id, condition, state, edition_id, line_id) VALUES(4901, 1, 0, 144, 9);
INSERT INTO BOOK(book_id, condition, state, edition_id, line_id) VALUES(4902, 1, 0, 144, 147);
INSERT INTO BOOK(book_id, condition, state, edition_id, line_id) VALUES(4903, 1, 0, 144, 4);
INSERT INTO BOOK(book_id, condition, state, edition_id, line_id) VALUES(4904, 1, 0, 144, 151);
INSERT INTO BOOK(book_id, condition, state, edition_id, line_id) VALUES(4905, 2, 0, 144, 205);
INSERT INTO BOOK(book_id, condition, state, edition_id, line_id) VALUES(4906, 2, 0, 144, 208);
INSERT INTO BOOK(book_id, condition, state, edition_id, line_id) VALUES(4907, 0, 0, 144, 49);
INSERT INTO BOOK(book_id, condition, state, edition_id, line_id) VALUES(4908, 1, 0, 144, 51);
INSERT INTO BOOK(book_id, condition, state, edition_id, line_id) VALUES(4909, 3, 0, 144, 130);
INSERT INTO BOOK(book_id, condition, state, edition_id, line_id) VALUES(4910, 2, 0, 144, 202);
INSERT INTO BOOK(book_id, condition, state, edition_id, line_id) VALUES(4911, 0, 0, 144, 174);
INSERT INTO BOOK(book_id, condition, state, edition_id, line_id) VALUES(4912, 0, 0, 144, 220);
INSERT INTO BOOK(book_id, condition, state, edition_id, line_id) VALUES(4913, 1, 0, 144, 188);
INSERT INTO BOOK(book_id, condition, state, edition_id, line_id) VALUES(4914, 2, 0, 144, 244);
INSERT INTO BOOK(book_id, condition, state, edition_id, line_id) VALUES(4915, 2, 0, 144, 261);
INSERT INTO BOOK(book_id, condition, state, edition_id, line_id) VALUES(4916, 0, 0, 144, 86);
INSERT INTO BOOK(book_id, condition, state, edition_id, line_id) VALUES(4917, 1, 0, 144, 300);
INSERT INTO BOOK(book_id, condition, state, edition_id, line_id) VALUES(4918, 0, 0, 144, 94);
INSERT INTO BOOK(book_id, condition, state, edition_id, line_id) VALUES(4919, 1, 0, 144, 181);
INSERT INTO BOOK(book_id, condition, state, edition_id, line_id) VALUES(4920, 1, 0, 144, 50);
INSERT INTO BOOK(book_id, condition, state, edition_id, line_id) VALUES(4921, 3, 0, 144, 130);
INSERT INTO BOOK(book_id, condition, state, edition_id, line_id) VALUES(4922, 1, 0, 144, 45);
INSERT INTO BOOK(book_id, condition, state, edition_id, line_id) VALUES(4923, 0, 0, 144, 155);
INSERT INTO BOOK(book_id, condition, state, edition_id, line_id) VALUES(4924, 0, 0, 144, 298);
INSERT INTO BOOK(book_id, condition, state, edition_id, line_id) VALUES(4925, 1, 0, 144, 64);
INSERT INTO BOOK(book_id, condition, state, edition_id, line_id) VALUES(4926, 1, 0, 144, 232);
INSERT INTO BOOK(book_id, condition, state, edition_id, line_id) VALUES(4927, 0, 0, 144, 120);
INSERT INTO BOOK(book_id, condition, state, edition_id, line_id) VALUES(4928, 1, 0, 144, 223);
INSERT INTO BOOK(book_id, condition, state, edition_id, line_id) VALUES(4929, 1, 0, 144, 227);
INSERT INTO BOOK(book_id, condition, state, edition_id, line_id) VALUES(4930, 1, 0, 144, 290);
INSERT INTO BOOK(book_id, condition, state, edition_id, line_id) VALUES(4931, 2, 0, 144, 290);
INSERT INTO BOOK(book_id, condition, state, edition_id, line_id) VALUES(4932, 2, 0, 144, 51);
INSERT INTO BOOK(book_id, condition, state, edition_id, line_id) VALUES(4933, 1, 0, 145, 28);
INSERT INTO BOOK(book_id, condition, state, edition_id, line_id) VALUES(4934, 3, 0, 145, 268);
INSERT INTO BOOK(book_id, condition, state, edition_id, line_id) VALUES(4935, 3, 0, 145, 297);
INSERT INTO BOOK(book_id, condition, state, edition_id, line_id) VALUES(4936, 0, 0, 145, 287);
INSERT INTO BOOK(book_id, condition, state, edition_id, line_id) VALUES(4937, 1, 0, 145, 228);
INSERT INTO BOOK(book_id, condition, state, edition_id, line_id) VALUES(4938, 1, 0, 145, 76);
INSERT INTO BOOK(book_id, condition, state, edition_id, line_id) VALUES(4939, 0, 0, 145, 165);
INSERT INTO BOOK(book_id, condition, state, edition_id, line_id) VALUES(4940, 1, 0, 145, 43);
INSERT INTO BOOK(book_id, condition, state, edition_id, line_id) VALUES(4941, 1, 0, 145, 76);
INSERT INTO BOOK(book_id, condition, state, edition_id, line_id) VALUES(4942, 3, 0, 145, 286);
INSERT INTO BOOK(book_id, condition, state, edition_id, line_id) VALUES(4943, 2, 0, 145, 277);
INSERT INTO BOOK(book_id, condition, state, edition_id, line_id) VALUES(4944, 3, 0, 145, 175);
INSERT INTO BOOK(book_id, condition, state, edition_id, line_id) VALUES(4945, 1, 0, 145, 47);
INSERT INTO BOOK(book_id, condition, state, edition_id, line_id) VALUES(4946, 0, 0, 145, 28);
INSERT INTO BOOK(book_id, condition, state, edition_id, line_id) VALUES(4947, 3, 0, 145, 216);
INSERT INTO BOOK(book_id, condition, state, edition_id, line_id) VALUES(4948, 1, 0, 145, 253);
INSERT INTO BOOK(book_id, condition, state, edition_id, line_id) VALUES(4949, 0, 0, 145, 310);
INSERT INTO BOOK(book_id, condition, state, edition_id, line_id) VALUES(4950, 1, 0, 145, 280);
INSERT INTO BOOK(book_id, condition, state, edition_id, line_id) VALUES(4951, 1, 0, 145, 240);
INSERT INTO BOOK(book_id, condition, state, edition_id, line_id) VALUES(4952, 2, 0, 145, 91);
INSERT INTO BOOK(book_id, condition, state, edition_id, line_id) VALUES(4953, 2, 0, 145, 261);
INSERT INTO BOOK(book_id, condition, state, edition_id, line_id) VALUES(4954, 0, 0, 145, 4);
INSERT INTO BOOK(book_id, condition, state, edition_id, line_id) VALUES(4955, 1, 0, 145, 300);
INSERT INTO BOOK(book_id, condition, state, edition_id, line_id) VALUES(4956, 0, 0, 145, 230);
INSERT INTO BOOK(book_id, condition, state, edition_id, line_id) VALUES(4957, 2, 0, 145, 85);
INSERT INTO BOOK(book_id, condition, state, edition_id, line_id) VALUES(4958, 2, 0, 145, 131);
INSERT INTO BOOK(book_id, condition, state, edition_id, line_id) VALUES(4959, 2, 0, 145, 53);
INSERT INTO BOOK(book_id, condition, state, edition_id, line_id) VALUES(4960, 0, 0, 145, 134);
INSERT INTO BOOK(book_id, condition, state, edition_id, line_id) VALUES(4961, 2, 0, 145, 106);
INSERT INTO BOOK(book_id, condition, state, edition_id, line_id) VALUES(4962, 1, 0, 145, 98);
INSERT INTO BOOK(book_id, condition, state, edition_id, line_id) VALUES(4963, 2, 0, 145, 18);
INSERT INTO BOOK(book_id, condition, state, edition_id, line_id) VALUES(4964, 1, 0, 145, 187);
INSERT INTO BOOK(book_id, condition, state, edition_id, line_id) VALUES(4965, 0, 0, 145, 107);
INSERT INTO BOOK(book_id, condition, state, edition_id, line_id) VALUES(4966, 1, 0, 145, 85);
INSERT INTO BOOK(book_id, condition, state, edition_id, line_id) VALUES(4967, 1, 0, 145, 246);
INSERT INTO BOOK(book_id, condition, state, edition_id, line_id) VALUES(4968, 3, 0, 145, 4);
INSERT INTO BOOK(book_id, condition, state, edition_id, line_id) VALUES(4969, 2, 0, 145, 151);
INSERT INTO BOOK(book_id, condition, state, edition_id, line_id) VALUES(4970, 1, 0, 145, 144);
INSERT INTO BOOK(book_id, condition, state, edition_id, line_id) VALUES(4971, 2, 0, 145, 292);
INSERT INTO BOOK(book_id, condition, state, edition_id, line_id) VALUES(4972, 1, 0, 145, 113);
INSERT INTO BOOK(book_id, condition, state, edition_id, line_id) VALUES(4973, 2, 0, 145, 128);
INSERT INTO BOOK(book_id, condition, state, edition_id, line_id) VALUES(4974, 1, 0, 145, 167);
INSERT INTO BOOK(book_id, condition, state, edition_id, line_id) VALUES(4975, 2, 0, 145, 99);
INSERT INTO BOOK(book_id, condition, state, edition_id, line_id) VALUES(4976, 1, 0, 145, 281);
INSERT INTO BOOK(book_id, condition, state, edition_id, line_id) VALUES(4977, 3, 0, 145, 173);
INSERT INTO BOOK(book_id, condition, state, edition_id, line_id) VALUES(4978, 1, 0, 145, 112);
INSERT INTO BOOK(book_id, condition, state, edition_id, line_id) VALUES(4979, 3, 0, 145, 306);
INSERT INTO BOOK(book_id, condition, state, edition_id, line_id) VALUES(4980, 1, 0, 145, 158);
INSERT INTO BOOK(book_id, condition, state, edition_id, line_id) VALUES(4981, 1, 0, 145, 297);
INSERT INTO BOOK(book_id, condition, state, edition_id, line_id) VALUES(4982, 0, 0, 145, 62);
INSERT INTO BOOK(book_id, condition, state, edition_id, line_id) VALUES(4983, 1, 0, 145, 285);
INSERT INTO BOOK(book_id, condition, state, edition_id, line_id) VALUES(4984, 1, 0, 145, 161);
INSERT INTO BOOK(book_id, condition, state, edition_id, line_id) VALUES(4985, 2, 0, 145, 290);
INSERT INTO BOOK(book_id, condition, state, edition_id, line_id) VALUES(4986, 1, 0, 145, 8);
INSERT INTO BOOK(book_id, condition, state, edition_id, line_id) VALUES(4987, 3, 0, 145, 282);
INSERT INTO BOOK(book_id, condition, state, edition_id, line_id) VALUES(4988, 1, 0, 145, 32);
INSERT INTO BOOK(book_id, condition, state, edition_id, line_id) VALUES(4989, 0, 0, 146, 178);
INSERT INTO BOOK(book_id, condition, state, edition_id, line_id) VALUES(4990, 1, 0, 146, 48);
INSERT INTO BOOK(book_id, condition, state, edition_id, line_id) VALUES(4991, 0, 0, 146, 156);
INSERT INTO BOOK(book_id, condition, state, edition_id, line_id) VALUES(4992, 1, 0, 146, 322);
INSERT INTO BOOK(book_id, condition, state, edition_id, line_id) VALUES(4993, 0, 0, 146, 135);
INSERT INTO BOOK(book_id, condition, state, edition_id, line_id) VALUES(4994, 1, 0, 146, 102);
INSERT INTO BOOK(book_id, condition, state, edition_id, line_id) VALUES(4995, 2, 0, 146, 98);
INSERT INTO BOOK(book_id, condition, state, edition_id, line_id) VALUES(4996, 1, 0, 146, 296);
INSERT INTO BOOK(book_id, condition, state, edition_id, line_id) VALUES(4997, 0, 0, 146, 193);
INSERT INTO BOOK(book_id, condition, state, edition_id, line_id) VALUES(4998, 1, 0, 146, 71);
INSERT INTO BOOK(book_id, condition, state, edition_id, line_id) VALUES(4999, 1, 0, 146, 78);
INSERT INTO BOOK(book_id, condition, state, edition_id, line_id) VALUES(5000, 0, 0, 146, 8);
INSERT INTO BOOK(book_id, condition, state, edition_id, line_id) VALUES(5001, 0, 0, 146, 131);
INSERT INTO BOOK(book_id, condition, state, edition_id, line_id) VALUES(5002, 1, 0, 146, 221);
INSERT INTO BOOK(book_id, condition, state, edition_id, line_id) VALUES(5003, 0, 0, 146, 211);
INSERT INTO BOOK(book_id, condition, state, edition_id, line_id) VALUES(5004, 1, 0, 146, 83);
INSERT INTO BOOK(book_id, condition, state, edition_id, line_id) VALUES(5005, 1, 0, 146, 36);
INSERT INTO BOOK(book_id, condition, state, edition_id, line_id) VALUES(5006, 0, 0, 146, 18);
INSERT INTO BOOK(book_id, condition, state, edition_id, line_id) VALUES(5007, 1, 0, 146, 128);
INSERT INTO BOOK(book_id, condition, state, edition_id, line_id) VALUES(5008, 2, 0, 147, 178);
INSERT INTO BOOK(book_id, condition, state, edition_id, line_id) VALUES(5009, 1, 0, 147, 240);
INSERT INTO BOOK(book_id, condition, state, edition_id, line_id) VALUES(5010, 2, 0, 147, 179);
INSERT INTO BOOK(book_id, condition, state, edition_id, line_id) VALUES(5011, 1, 0, 147, 225);
INSERT INTO BOOK(book_id, condition, state, edition_id, line_id) VALUES(5012, 1, 0, 147, 264);
INSERT INTO BOOK(book_id, condition, state, edition_id, line_id) VALUES(5013, 2, 0, 147, 61);
INSERT INTO BOOK(book_id, condition, state, edition_id, line_id) VALUES(5014, 0, 0, 148, 17);
INSERT INTO BOOK(book_id, condition, state, edition_id, line_id) VALUES(5015, 2, 0, 148, 163);
INSERT INTO BOOK(book_id, condition, state, edition_id, line_id) VALUES(5016, 1, 0, 148, 201);
INSERT INTO BOOK(book_id, condition, state, edition_id, line_id) VALUES(5017, 1, 0, 148, 116);
INSERT INTO BOOK(book_id, condition, state, edition_id, line_id) VALUES(5018, 1, 0, 148, 197);
INSERT INTO BOOK(book_id, condition, state, edition_id, line_id) VALUES(5019, 1, 0, 148, 231);
INSERT INTO BOOK(book_id, condition, state, edition_id, line_id) VALUES(5020, 1, 0, 148, 316);
INSERT INTO BOOK(book_id, condition, state, edition_id, line_id) VALUES(5021, 0, 0, 148, 184);
INSERT INTO BOOK(book_id, condition, state, edition_id, line_id) VALUES(5022, 1, 0, 148, 183);
INSERT INTO BOOK(book_id, condition, state, edition_id, line_id) VALUES(5023, 1, 0, 148, 156);
INSERT INTO BOOK(book_id, condition, state, edition_id, line_id) VALUES(5024, 0, 0, 148, 279);
INSERT INTO BOOK(book_id, condition, state, edition_id, line_id) VALUES(5025, 1, 0, 148, 157);
INSERT INTO BOOK(book_id, condition, state, edition_id, line_id) VALUES(5026, 1, 0, 148, 247);
INSERT INTO BOOK(book_id, condition, state, edition_id, line_id) VALUES(5027, 1, 0, 148, 90);
INSERT INTO BOOK(book_id, condition, state, edition_id, line_id) VALUES(5028, 0, 0, 148, 221);
INSERT INTO BOOK(book_id, condition, state, edition_id, line_id) VALUES(5029, 1, 0, 148, 116);
INSERT INTO BOOK(book_id, condition, state, edition_id, line_id) VALUES(5030, 1, 0, 148, 142);
INSERT INTO RESERVATION(date_returned,date_taken,state,user_id) VALUES( PARSEDATETIME('2021-01-01', 'yyyy-mm-dd'), PARSEDATETIME('2021-01-02', 'yyyy-mm-dd'), 'new', 9);
INSERT INTO RESERVATION(date_returned,date_taken,state,user_id) VALUES( PARSEDATETIME('2021-01-01', 'yyyy-mm-dd'), PARSEDATETIME('2021-01-02', 'yyyy-mm-dd'), 'new', 8);
INSERT INTO RESERVATION(date_returned,date_taken,state,user_id) VALUES( PARSEDATETIME('2021-01-01', 'yyyy-mm-dd'), PARSEDATETIME('2021-01-02', 'yyyy-mm-dd'), 'new', 6);
INSERT INTO RESERVATION(date_returned,date_taken,state,user_id) VALUES( PARSEDATETIME('2021-01-01', 'yyyy-mm-dd'), PARSEDATETIME('2021-01-02', 'yyyy-mm-dd'), 'new', 14);
INSERT INTO RESERVATION(date_returned,date_taken,state,user_id) VALUES( PARSEDATETIME('2021-01-01', 'yyyy-mm-dd'), PARSEDATETIME('2021-01-02', 'yyyy-mm-dd'), 'new', 24);
INSERT INTO RESERVATION(date_returned,date_taken,state,user_id) VALUES( PARSEDATETIME('2021-01-01', 'yyyy-mm-dd'), PARSEDATETIME('2021-01-02', 'yyyy-mm-dd'), 'new', 26);
INSERT INTO RESERVATION(date_returned,date_taken,state,user_id) VALUES( PARSEDATETIME('2021-01-01', 'yyyy-mm-dd'), PARSEDATETIME('2021-01-02', 'yyyy-mm-dd'), 'new', 8);
INSERT INTO RESERVATION(date_returned,date_taken,state,user_id) VALUES( PARSEDATETIME('2021-01-01', 'yyyy-mm-dd'), PARSEDATETIME('2021-01-02', 'yyyy-mm-dd'), 'new', 24);
INSERT INTO RESERVATION(date_returned,date_taken,state,user_id) VALUES( PARSEDATETIME('2021-01-01', 'yyyy-mm-dd'), PARSEDATETIME('2021-01-02', 'yyyy-mm-dd'), 'new', 24);
INSERT INTO RESERVATION(date_returned,date_taken,state,user_id) VALUES( PARSEDATETIME('2021-01-01', 'yyyy-mm-dd'), PARSEDATETIME('2021-01-02', 'yyyy-mm-dd'), 'new', 6);
INSERT INTO RESERVATION(date_returned,date_taken,state,user_id) VALUES( PARSEDATETIME('2021-01-01', 'yyyy-mm-dd'), PARSEDATETIME('2021-01-02', 'yyyy-mm-dd'), 'new', 10);
INSERT INTO RESERVATION(date_returned,date_taken,state,user_id) VALUES( PARSEDATETIME('2021-01-01', 'yyyy-mm-dd'), PARSEDATETIME('2021-01-02', 'yyyy-mm-dd'), 'new', 5);
INSERT INTO RESERVATION(date_returned,date_taken,state,user_id) VALUES( PARSEDATETIME('2021-01-01', 'yyyy-mm-dd'), PARSEDATETIME('2021-01-02', 'yyyy-mm-dd'), 'new', 25);
INSERT INTO RESERVATION(date_returned,date_taken,state,user_id) VALUES( PARSEDATETIME('2021-01-01', 'yyyy-mm-dd'), PARSEDATETIME('2021-01-02', 'yyyy-mm-dd'), 'new', 7);
INSERT INTO RESERVATION(date_returned,date_taken,state,user_id) VALUES( PARSEDATETIME('2021-01-01', 'yyyy-mm-dd'), PARSEDATETIME('2021-01-02', 'yyyy-mm-dd'), 'new', 25);
INSERT INTO RESERVATION(date_returned,date_taken,state,user_id) VALUES( PARSEDATETIME('2021-01-01', 'yyyy-mm-dd'), PARSEDATETIME('2021-01-02', 'yyyy-mm-dd'), 'new', 12);
INSERT INTO RESERVATION(date_returned,date_taken,state,user_id) VALUES( PARSEDATETIME('2021-01-01', 'yyyy-mm-dd'), PARSEDATETIME('2021-01-02', 'yyyy-mm-dd'), 'new', 25);
INSERT INTO RESERVATION(date_returned,date_taken,state,user_id) VALUES( PARSEDATETIME('2021-01-01', 'yyyy-mm-dd'), PARSEDATETIME('2021-01-02', 'yyyy-mm-dd'), 'new', 24);
INSERT INTO RESERVATION(date_returned,date_taken,state,user_id) VALUES( PARSEDATETIME('2021-01-01', 'yyyy-mm-dd'), PARSEDATETIME('2021-01-02', 'yyyy-mm-dd'), 'new', 21);
INSERT INTO RESERVATION(date_returned,date_taken,state,user_id) VALUES( PARSEDATETIME('2021-01-01', 'yyyy-mm-dd'), PARSEDATETIME('2021-01-02', 'yyyy-mm-dd'), 'new', 10);
INSERT INTO RESERVATION(date_returned,date_taken,state,user_id) VALUES( PARSEDATETIME('2021-01-01', 'yyyy-mm-dd'), PARSEDATETIME('2021-01-02', 'yyyy-mm-dd'), 'new', 5);
INSERT INTO RESERVATION(date_returned,date_taken,state,user_id) VALUES( PARSEDATETIME('2021-01-01', 'yyyy-mm-dd'), PARSEDATETIME('2021-01-02', 'yyyy-mm-dd'), 'new', 7);
INSERT INTO RESERVATION(date_returned,date_taken,state,user_id) VALUES( PARSEDATETIME('2021-01-01', 'yyyy-mm-dd'), PARSEDATETIME('2021-01-02', 'yyyy-mm-dd'), 'new', 13);
INSERT INTO RESERVATION(date_returned,date_taken,state,user_id) VALUES( PARSEDATETIME('2021-01-01', 'yyyy-mm-dd'), PARSEDATETIME('2021-01-02', 'yyyy-mm-dd'), 'new', 12);
INSERT INTO RESERVATION(date_returned,date_taken,state,user_id) VALUES( PARSEDATETIME('2021-01-01', 'yyyy-mm-dd'), PARSEDATETIME('2021-01-02', 'yyyy-mm-dd'), 'new', 12);
INSERT INTO RESERVATION(date_returned,date_taken,state,user_id) VALUES( PARSEDATETIME('2021-01-01', 'yyyy-mm-dd'), PARSEDATETIME('2021-01-02', 'yyyy-mm-dd'), 'new', 7);
INSERT INTO RESERVATION(date_returned,date_taken,state,user_id) VALUES( PARSEDATETIME('2021-01-01', 'yyyy-mm-dd'), PARSEDATETIME('2021-01-02', 'yyyy-mm-dd'), 'new', 15);
INSERT INTO RESERVATION(date_returned,date_taken,state,user_id) VALUES( PARSEDATETIME('2021-01-01', 'yyyy-mm-dd'), PARSEDATETIME('2021-01-02', 'yyyy-mm-dd'), 'new', 24);
INSERT INTO RESERVATION(date_returned,date_taken,state,user_id) VALUES( PARSEDATETIME('2021-01-01', 'yyyy-mm-dd'), PARSEDATETIME('2021-01-02', 'yyyy-mm-dd'), 'new', 26);
INSERT INTO RESERVATION(date_returned,date_taken,state,user_id) VALUES( PARSEDATETIME('2021-01-01', 'yyyy-mm-dd'), PARSEDATETIME('2021-01-02', 'yyyy-mm-dd'), 'new', 6);
INSERT INTO RESERVATION(date_returned,date_taken,state,user_id) VALUES( PARSEDATETIME('2021-01-01', 'yyyy-mm-dd'), PARSEDATETIME('2021-01-02', 'yyyy-mm-dd'), 'new', 20);
INSERT INTO RESERVATION(date_returned,date_taken,state,user_id) VALUES( PARSEDATETIME('2021-01-01', 'yyyy-mm-dd'), PARSEDATETIME('2021-01-02', 'yyyy-mm-dd'), 'new', 27);
INSERT INTO RESERVATION(date_returned,date_taken,state,user_id) VALUES( PARSEDATETIME('2021-01-01', 'yyyy-mm-dd'), PARSEDATETIME('2021-01-02', 'yyyy-mm-dd'), 'new', 1);
INSERT INTO RESERVATION(date_returned,date_taken,state,user_id) VALUES( PARSEDATETIME('2021-01-01', 'yyyy-mm-dd'), PARSEDATETIME('2021-01-02', 'yyyy-mm-dd'), 'new', 7);
INSERT INTO RESERVATION(date_returned,date_taken,state,user_id) VALUES( PARSEDATETIME('2021-01-01', 'yyyy-mm-dd'), PARSEDATETIME('2021-01-02', 'yyyy-mm-dd'), 'new', 4);
INSERT INTO RESERVATION(date_returned,date_taken,state,user_id) VALUES( PARSEDATETIME('2021-01-01', 'yyyy-mm-dd'), PARSEDATETIME('2021-01-02', 'yyyy-mm-dd'), 'new', 25);
INSERT INTO RESERVATION(date_returned,date_taken,state,user_id) VALUES( PARSEDATETIME('2021-01-01', 'yyyy-mm-dd'), PARSEDATETIME('2021-01-02', 'yyyy-mm-dd'), 'new', 9);
INSERT INTO RESERVATION(date_returned,date_taken,state,user_id) VALUES( PARSEDATETIME('2021-01-01', 'yyyy-mm-dd'), PARSEDATETIME('2021-01-02', 'yyyy-mm-dd'), 'new', 25);
INSERT INTO RESERVATION(date_returned,date_taken,state,user_id) VALUES( PARSEDATETIME('2021-01-01', 'yyyy-mm-dd'), PARSEDATETIME('2021-01-02', 'yyyy-mm-dd'), 'new', 17);
INSERT INTO RESERVATION(date_returned,date_taken,state,user_id) VALUES( PARSEDATETIME('2021-01-01', 'yyyy-mm-dd'), PARSEDATETIME('2021-01-02', 'yyyy-mm-dd'), 'new', 26);
INSERT INTO RESERVATION(date_returned,date_taken,state,user_id) VALUES( PARSEDATETIME('2021-01-01', 'yyyy-mm-dd'), PARSEDATETIME('2021-01-02', 'yyyy-mm-dd'), 'new', 28);
INSERT INTO RESERVATION(date_returned,date_taken,state,user_id) VALUES( PARSEDATETIME('2021-01-01', 'yyyy-mm-dd'), PARSEDATETIME('2021-01-02', 'yyyy-mm-dd'), 'new', 4);
INSERT INTO RESERVATION(date_returned,date_taken,state,user_id) VALUES( PARSEDATETIME('2021-01-01', 'yyyy-mm-dd'), PARSEDATETIME('2021-01-02', 'yyyy-mm-dd'), 'new', 14);
INSERT INTO RESERVATION(date_returned,date_taken,state,user_id) VALUES( PARSEDATETIME('2021-01-01', 'yyyy-mm-dd'), PARSEDATETIME('2021-01-02', 'yyyy-mm-dd'), 'new', 13);
INSERT INTO RESERVATION(date_returned,date_taken,state,user_id) VALUES( PARSEDATETIME('2021-01-01', 'yyyy-mm-dd'), PARSEDATETIME('2021-01-02', 'yyyy-mm-dd'), 'new', 10);
INSERT INTO RESERVATION(date_returned,date_taken,state,user_id) VALUES( PARSEDATETIME('2021-01-01', 'yyyy-mm-dd'), PARSEDATETIME('2021-01-02', 'yyyy-mm-dd'), 'new', 17);
INSERT INTO RESERVATION(date_returned,date_taken,state,user_id) VALUES( PARSEDATETIME('2021-01-01', 'yyyy-mm-dd'), PARSEDATETIME('2021-01-02', 'yyyy-mm-dd'), 'new', 11);
INSERT INTO RESERVATION(date_returned,date_taken,state,user_id) VALUES( PARSEDATETIME('2021-01-01', 'yyyy-mm-dd'), PARSEDATETIME('2021-01-02', 'yyyy-mm-dd'), 'new', 20);
INSERT INTO RESERVATION(date_returned,date_taken,state,user_id) VALUES( PARSEDATETIME('2021-01-01', 'yyyy-mm-dd'), PARSEDATETIME('2021-01-02', 'yyyy-mm-dd'), 'new', 23);
INSERT INTO RESERVATION(date_returned,date_taken,state,user_id) VALUES( PARSEDATETIME('2021-01-01', 'yyyy-mm-dd'), PARSEDATETIME('2021-01-02', 'yyyy-mm-dd'), 'new', 21);
INSERT INTO RESERVATION(date_returned,date_taken,state,user_id) VALUES( PARSEDATETIME('2021-01-01', 'yyyy-mm-dd'), PARSEDATETIME('2021-01-02', 'yyyy-mm-dd'), 'new', 12);
INSERT INTO RESERVATION(date_returned,date_taken,state,user_id) VALUES( PARSEDATETIME('2021-01-01', 'yyyy-mm-dd'), PARSEDATETIME('2021-01-02', 'yyyy-mm-dd'), 'new', 8);
INSERT INTO RESERVATION(date_returned,date_taken,state,user_id) VALUES( PARSEDATETIME('2021-01-01', 'yyyy-mm-dd'), PARSEDATETIME('2021-01-02', 'yyyy-mm-dd'), 'new', 27);
INSERT INTO RESERVATION(date_returned,date_taken,state,user_id) VALUES( PARSEDATETIME('2021-01-01', 'yyyy-mm-dd'), PARSEDATETIME('2021-01-02', 'yyyy-mm-dd'), 'new', 20);
INSERT INTO RESERVATION(date_returned,date_taken,state,user_id) VALUES( PARSEDATETIME('2021-01-01', 'yyyy-mm-dd'), PARSEDATETIME('2021-01-02', 'yyyy-mm-dd'), 'new', 27);
INSERT INTO RESERVATION(date_returned,date_taken,state,user_id) VALUES( PARSEDATETIME('2021-01-01', 'yyyy-mm-dd'), PARSEDATETIME('2021-01-02', 'yyyy-mm-dd'), 'new', 7);
INSERT INTO RESERVATION(date_returned,date_taken,state,user_id) VALUES( PARSEDATETIME('2021-01-01', 'yyyy-mm-dd'), PARSEDATETIME('2021-01-02', 'yyyy-mm-dd'), 'new', 19);
INSERT INTO RESERVATION(date_returned,date_taken,state,user_id) VALUES( PARSEDATETIME('2021-01-01', 'yyyy-mm-dd'), PARSEDATETIME('2021-01-02', 'yyyy-mm-dd'), 'new', 13);
INSERT INTO RESERVATION(date_returned,date_taken,state,user_id) VALUES( PARSEDATETIME('2021-01-01', 'yyyy-mm-dd'), PARSEDATETIME('2021-01-02', 'yyyy-mm-dd'), 'new', 27);
INSERT INTO RESERVATION(date_returned,date_taken,state,user_id) VALUES( PARSEDATETIME('2021-01-01', 'yyyy-mm-dd'), PARSEDATETIME('2021-01-02', 'yyyy-mm-dd'), 'new', 2);
INSERT INTO RESERVATION(date_returned,date_taken,state,user_id) VALUES( PARSEDATETIME('2021-01-01', 'yyyy-mm-dd'), PARSEDATETIME('2021-01-02', 'yyyy-mm-dd'), 'new', 16);
INSERT INTO RESERVATION(date_returned,date_taken,state,user_id) VALUES( PARSEDATETIME('2021-01-01', 'yyyy-mm-dd'), PARSEDATETIME('2021-01-02', 'yyyy-mm-dd'), 'new', 14);
INSERT INTO RESERVATION(date_returned,date_taken,state,user_id) VALUES( PARSEDATETIME('2021-01-01', 'yyyy-mm-dd'), PARSEDATETIME('2021-01-02', 'yyyy-mm-dd'), 'new', 12);
INSERT INTO RESERVATION(date_returned,date_taken,state,user_id) VALUES( PARSEDATETIME('2021-01-01', 'yyyy-mm-dd'), PARSEDATETIME('2021-01-02', 'yyyy-mm-dd'), 'new', 17);
INSERT INTO RESERVATION(date_returned,date_taken,state,user_id) VALUES( PARSEDATETIME('2021-01-01', 'yyyy-mm-dd'), PARSEDATETIME('2021-01-02', 'yyyy-mm-dd'), 'new', 28);
INSERT INTO RESERVATION(date_returned,date_taken,state,user_id) VALUES( PARSEDATETIME('2021-01-01', 'yyyy-mm-dd'), PARSEDATETIME('2021-01-02', 'yyyy-mm-dd'), 'new', 15);
INSERT INTO RESERVATION(date_returned,date_taken,state,user_id) VALUES( PARSEDATETIME('2021-01-01', 'yyyy-mm-dd'), PARSEDATETIME('2021-01-02', 'yyyy-mm-dd'), 'new', 8);
INSERT INTO RESERVATION(date_returned,date_taken,state,user_id) VALUES( PARSEDATETIME('2021-01-01', 'yyyy-mm-dd'), PARSEDATETIME('2021-01-02', 'yyyy-mm-dd'), 'new', 20);
INSERT INTO RESERVATION(date_returned,date_taken,state,user_id) VALUES( PARSEDATETIME('2021-01-01', 'yyyy-mm-dd'), PARSEDATETIME('2021-01-02', 'yyyy-mm-dd'), 'new', 2);
INSERT INTO RESERVATION(date_returned,date_taken,state,user_id) VALUES( PARSEDATETIME('2021-01-01', 'yyyy-mm-dd'), PARSEDATETIME('2021-01-02', 'yyyy-mm-dd'), 'new', 1);
INSERT INTO RESERVATION(date_returned,date_taken,state,user_id) VALUES( PARSEDATETIME('2021-01-01', 'yyyy-mm-dd'), PARSEDATETIME('2021-01-02', 'yyyy-mm-dd'), 'new', 26);
INSERT INTO RESERVATION(date_returned,date_taken,state,user_id) VALUES( PARSEDATETIME('2021-01-01', 'yyyy-mm-dd'), PARSEDATETIME('2021-01-02', 'yyyy-mm-dd'), 'new', 12);
INSERT INTO RESERVATION(date_returned,date_taken,state,user_id) VALUES( PARSEDATETIME('2021-01-01', 'yyyy-mm-dd'), PARSEDATETIME('2021-01-02', 'yyyy-mm-dd'), 'new', 18);
INSERT INTO RESERVATION(date_returned,date_taken,state,user_id) VALUES( PARSEDATETIME('2021-01-01', 'yyyy-mm-dd'), PARSEDATETIME('2021-01-02', 'yyyy-mm-dd'), 'new', 10);
INSERT INTO RESERVATION(date_returned,date_taken,state,user_id) VALUES( PARSEDATETIME('2021-01-01', 'yyyy-mm-dd'), PARSEDATETIME('2021-01-02', 'yyyy-mm-dd'), 'new', 24);
INSERT INTO RESERVATION(date_returned,date_taken,state,user_id) VALUES( PARSEDATETIME('2021-01-01', 'yyyy-mm-dd'), PARSEDATETIME('2021-01-02', 'yyyy-mm-dd'), 'new', 25);
INSERT INTO RESERVATION(date_returned,date_taken,state,user_id) VALUES( PARSEDATETIME('2021-01-01', 'yyyy-mm-dd'), PARSEDATETIME('2021-01-02', 'yyyy-mm-dd'), 'new', 29);
INSERT INTO RESERVATION(date_returned,date_taken,state,user_id) VALUES( PARSEDATETIME('2021-01-01', 'yyyy-mm-dd'), PARSEDATETIME('2021-01-02', 'yyyy-mm-dd'), 'new', 12);
INSERT INTO RESERVATION(date_returned,date_taken,state,user_id) VALUES( PARSEDATETIME('2021-01-01', 'yyyy-mm-dd'), PARSEDATETIME('2021-01-02', 'yyyy-mm-dd'), 'new', 27);
INSERT INTO RESERVATION(date_returned,date_taken,state,user_id) VALUES( PARSEDATETIME('2021-01-01', 'yyyy-mm-dd'), PARSEDATETIME('2021-01-02', 'yyyy-mm-dd'), 'new', 17);
INSERT INTO RESERVATION(date_returned,date_taken,state,user_id) VALUES( PARSEDATETIME('2021-01-01', 'yyyy-mm-dd'), PARSEDATETIME('2021-01-02', 'yyyy-mm-dd'), 'new', 3);
INSERT INTO RESERVATION(date_returned,date_taken,state,user_id) VALUES( PARSEDATETIME('2021-01-01', 'yyyy-mm-dd'), PARSEDATETIME('2021-01-02', 'yyyy-mm-dd'), 'new', 10);
INSERT INTO RESERVATION(date_returned,date_taken,state,user_id) VALUES( PARSEDATETIME('2021-01-01', 'yyyy-mm-dd'), PARSEDATETIME('2021-01-02', 'yyyy-mm-dd'), 'new', 3);
INSERT INTO RESERVATION(date_returned,date_taken,state,user_id) VALUES( PARSEDATETIME('2021-01-01', 'yyyy-mm-dd'), PARSEDATETIME('2021-01-02', 'yyyy-mm-dd'), 'new', 1);
INSERT INTO RESERVATION(date_returned,date_taken,state,user_id) VALUES( PARSEDATETIME('2021-01-01', 'yyyy-mm-dd'), PARSEDATETIME('2021-01-02', 'yyyy-mm-dd'), 'new', 23);
INSERT INTO RESERVATION(date_returned,date_taken,state,user_id) VALUES( PARSEDATETIME('2021-01-01', 'yyyy-mm-dd'), PARSEDATETIME('2021-01-02', 'yyyy-mm-dd'), 'new', 18);
INSERT INTO RESERVATION(date_returned,date_taken,state,user_id) VALUES( PARSEDATETIME('2021-01-01', 'yyyy-mm-dd'), PARSEDATETIME('2021-01-02', 'yyyy-mm-dd'), 'new', 23);
INSERT INTO RESERVATION(date_returned,date_taken,state,user_id) VALUES( PARSEDATETIME('2021-01-01', 'yyyy-mm-dd'), PARSEDATETIME('2021-01-02', 'yyyy-mm-dd'), 'new', 12);
INSERT INTO RESERVATION(date_returned,date_taken,state,user_id) VALUES( PARSEDATETIME('2021-01-01', 'yyyy-mm-dd'), PARSEDATETIME('2021-01-02', 'yyyy-mm-dd'), 'new', 29);
INSERT INTO RESERVATION(date_returned,date_taken,state,user_id) VALUES( PARSEDATETIME('2021-01-01', 'yyyy-mm-dd'), PARSEDATETIME('2021-01-02', 'yyyy-mm-dd'), 'new', 24);
INSERT INTO RESERVATION(date_returned,date_taken,state,user_id) VALUES( PARSEDATETIME('2021-01-01', 'yyyy-mm-dd'), PARSEDATETIME('2021-01-02', 'yyyy-mm-dd'), 'new', 26);
INSERT INTO RESERVATION(date_returned,date_taken,state,user_id) VALUES( PARSEDATETIME('2021-01-01', 'yyyy-mm-dd'), PARSEDATETIME('2021-01-02', 'yyyy-mm-dd'), 'new', 19);
INSERT INTO RESERVATION(date_returned,date_taken,state,user_id) VALUES( PARSEDATETIME('2021-01-01', 'yyyy-mm-dd'), PARSEDATETIME('2021-01-02', 'yyyy-mm-dd'), 'new', 0);
INSERT INTO RESERVATION(date_returned,date_taken,state,user_id) VALUES( PARSEDATETIME('2021-01-01', 'yyyy-mm-dd'), PARSEDATETIME('2021-01-02', 'yyyy-mm-dd'), 'new', 5);
INSERT INTO RESERVATION(date_returned,date_taken,state,user_id) VALUES( PARSEDATETIME('2021-01-01', 'yyyy-mm-dd'), PARSEDATETIME('2021-01-02', 'yyyy-mm-dd'), 'new', 17);
INSERT INTO RESERVATION(date_returned,date_taken,state,user_id) VALUES( PARSEDATETIME('2021-01-01', 'yyyy-mm-dd'), PARSEDATETIME('2021-01-02', 'yyyy-mm-dd'), 'new', 26);
INSERT INTO RESERVATION(date_returned,date_taken,state,user_id) VALUES( PARSEDATETIME('2021-01-01', 'yyyy-mm-dd'), PARSEDATETIME('2021-01-02', 'yyyy-mm-dd'), 'new', 8);
INSERT INTO RESERVATION(date_returned,date_taken,state,user_id) VALUES( PARSEDATETIME('2021-01-01', 'yyyy-mm-dd'), PARSEDATETIME('2021-01-02', 'yyyy-mm-dd'), 'new', 19);
INSERT INTO RESERVATION(date_returned,date_taken,state,user_id) VALUES( PARSEDATETIME('2021-01-01', 'yyyy-mm-dd'), PARSEDATETIME('2021-01-02', 'yyyy-mm-dd'), 'new', 9);
INSERT INTO RESERVATION(date_returned,date_taken,state,user_id) VALUES( PARSEDATETIME('2021-01-01', 'yyyy-mm-dd'), PARSEDATETIME('2021-01-02', 'yyyy-mm-dd'), 'new', 5);
INSERT INTO RESERVATION(date_returned,date_taken,state,user_id) VALUES( PARSEDATETIME('2021-01-01', 'yyyy-mm-dd'), PARSEDATETIME('2021-01-02', 'yyyy-mm-dd'), 'new', 19);
INSERT INTO RESERVATION(date_returned,date_taken,state,user_id) VALUES( PARSEDATETIME('2021-01-01', 'yyyy-mm-dd'), PARSEDATETIME('2021-01-02', 'yyyy-mm-dd'), 'new', 1);
INSERT INTO RESERVATION(date_returned,date_taken,state,user_id) VALUES( PARSEDATETIME('2021-01-01', 'yyyy-mm-dd'), PARSEDATETIME('2021-01-02', 'yyyy-mm-dd'), 'new', 12);
INSERT INTO RESERVATION(date_returned,date_taken,state,user_id) VALUES( PARSEDATETIME('2021-01-01', 'yyyy-mm-dd'), PARSEDATETIME('2021-01-02', 'yyyy-mm-dd'), 'new', 26);
INSERT INTO RESERVATION(date_returned,date_taken,state,user_id) VALUES( PARSEDATETIME('2021-01-01', 'yyyy-mm-dd'), PARSEDATETIME('2021-01-02', 'yyyy-mm-dd'), 'new', 7);
INSERT INTO RESERVATION(date_returned,date_taken,state,user_id) VALUES( PARSEDATETIME('2021-01-01', 'yyyy-mm-dd'), PARSEDATETIME('2021-01-02', 'yyyy-mm-dd'), 'new', 18);
INSERT INTO RESERVATION(date_returned,date_taken,state,user_id) VALUES( PARSEDATETIME('2021-01-01', 'yyyy-mm-dd'), PARSEDATETIME('2021-01-02', 'yyyy-mm-dd'), 'new', 29);
INSERT INTO RESERVATION(date_returned,date_taken,state,user_id) VALUES( PARSEDATETIME('2021-01-01', 'yyyy-mm-dd'), PARSEDATETIME('2021-01-02', 'yyyy-mm-dd'), 'new', 0);
INSERT INTO RESERVATION(date_returned,date_taken,state,user_id) VALUES( PARSEDATETIME('2021-01-01', 'yyyy-mm-dd'), PARSEDATETIME('2021-01-02', 'yyyy-mm-dd'), 'new', 26);
INSERT INTO RESERVATION(date_returned,date_taken,state,user_id) VALUES( PARSEDATETIME('2021-01-01', 'yyyy-mm-dd'), PARSEDATETIME('2021-01-02', 'yyyy-mm-dd'), 'new', 13);
INSERT INTO RESERVATION(date_returned,date_taken,state,user_id) VALUES( PARSEDATETIME('2021-01-01', 'yyyy-mm-dd'), PARSEDATETIME('2021-01-02', 'yyyy-mm-dd'), 'new', 2);
INSERT INTO RESERVATION(date_returned,date_taken,state,user_id) VALUES( PARSEDATETIME('2021-01-01', 'yyyy-mm-dd'), PARSEDATETIME('2021-01-02', 'yyyy-mm-dd'), 'new', 25);
INSERT INTO RESERVATION(date_returned,date_taken,state,user_id) VALUES( PARSEDATETIME('2021-01-01', 'yyyy-mm-dd'), PARSEDATETIME('2021-01-02', 'yyyy-mm-dd'), 'new', 5);
INSERT INTO RESERVATION(date_returned,date_taken,state,user_id) VALUES( PARSEDATETIME('2021-01-01', 'yyyy-mm-dd'), PARSEDATETIME('2021-01-02', 'yyyy-mm-dd'), 'new', 17);
INSERT INTO RESERVATION(date_returned,date_taken,state,user_id) VALUES( PARSEDATETIME('2021-01-01', 'yyyy-mm-dd'), PARSEDATETIME('2021-01-02', 'yyyy-mm-dd'), 'new', 21);
INSERT INTO RESERVATION(date_returned,date_taken,state,user_id) VALUES( PARSEDATETIME('2021-01-01', 'yyyy-mm-dd'), PARSEDATETIME('2021-01-02', 'yyyy-mm-dd'), 'new', 19);
INSERT INTO RESERVATION(date_returned,date_taken,state,user_id) VALUES( PARSEDATETIME('2021-01-01', 'yyyy-mm-dd'), PARSEDATETIME('2021-01-02', 'yyyy-mm-dd'), 'new', 24);
INSERT INTO RESERVATION(date_returned,date_taken,state,user_id) VALUES( PARSEDATETIME('2021-01-01', 'yyyy-mm-dd'), PARSEDATETIME('2021-01-02', 'yyyy-mm-dd'), 'new', 8);
INSERT INTO RESERVATION(date_returned,date_taken,state,user_id) VALUES( PARSEDATETIME('2021-01-01', 'yyyy-mm-dd'), PARSEDATETIME('2021-01-02', 'yyyy-mm-dd'), 'new', 12);
INSERT INTO RESERVATION(date_returned,date_taken,state,user_id) VALUES(PARSEDATETIME('2021-01-01', 'yyyy-mm-dd'), PARSEDATETIME('2021-01-02', 'yyyy-mm-dd'), 'new', 7);
INSERT INTO RESERVATION(date_returned,date_taken,state,user_id) VALUES( PARSEDATETIME('2021-01-01', 'yyyy-mm-dd'), PARSEDATETIME('2021-01-02', 'yyyy-mm-dd'), 'new', 0);
INSERT INTO RESERVATION(date_returned,date_taken,state,user_id) VALUES( PARSEDATETIME('2021-01-01', 'yyyy-mm-dd'), PARSEDATETIME('2021-01-02', 'yyyy-mm-dd'), 'new', 8);
INSERT INTO RESERVATION(date_returned,date_taken,state,user_id) VALUES( PARSEDATETIME('2021-01-01', 'yyyy-mm-dd'), PARSEDATETIME('2021-01-02', 'yyyy-mm-dd'), 'new', 5);
INSERT INTO RESERVATION(date_returned,date_taken,state,user_id) VALUES( PARSEDATETIME('2021-01-01', 'yyyy-mm-dd'), PARSEDATETIME('2021-01-02', 'yyyy-mm-dd'), 'new', 3);
INSERT INTO RESERVATION(date_returned,date_taken,state,user_id) VALUES( PARSEDATETIME('2021-01-01', 'yyyy-mm-dd'), PARSEDATETIME('2021-01-02', 'yyyy-mm-dd'), 'new', 5);
INSERT INTO RESERVATION(date_returned,date_taken,state,user_id) VALUES( PARSEDATETIME('2021-01-01', 'yyyy-mm-dd'), PARSEDATETIME('2021-01-02', 'yyyy-mm-dd'), 'new', 18);
INSERT INTO RESERVATION(date_returned,date_taken,state,user_id) VALUES( PARSEDATETIME('2021-01-01', 'yyyy-mm-dd'), PARSEDATETIME('2021-01-02', 'yyyy-mm-dd'), 'new', 8);
INSERT INTO RESERVATION(date_returned,date_taken,state,user_id) VALUES( PARSEDATETIME('2021-01-01', 'yyyy-mm-dd'), PARSEDATETIME('2021-01-02', 'yyyy-mm-dd'), 'new', 19);
INSERT INTO RESERVATION(date_returned,date_taken,state,user_id) VALUES( PARSEDATETIME('2021-01-01', 'yyyy-mm-dd'), PARSEDATETIME('2021-01-02', 'yyyy-mm-dd'), 'new', 7);
INSERT INTO RESERVATION(date_returned,date_taken,state,user_id) VALUES( PARSEDATETIME('2021-01-01', 'yyyy-mm-dd'), PARSEDATETIME('2021-01-02', 'yyyy-mm-dd'), 'new', 12);
INSERT INTO RESERVATION(date_returned,date_taken,state,user_id) VALUES( PARSEDATETIME('2021-01-01', 'yyyy-mm-dd'), PARSEDATETIME('2021-01-02', 'yyyy-mm-dd'), 'new', 8);
INSERT INTO RESERVATION(date_returned,date_taken,state,user_id) VALUES( PARSEDATETIME('2021-01-01', 'yyyy-mm-dd'), PARSEDATETIME('2021-01-02', 'yyyy-mm-dd'), 'new', 20);
INSERT INTO RESERVATION(date_returned,date_taken,state,user_id) VALUES( PARSEDATETIME('2021-01-01', 'yyyy-mm-dd'), PARSEDATETIME('2021-01-02', 'yyyy-mm-dd'), 'new', 8);
INSERT INTO RESERVATION(date_returned,date_taken,state,user_id) VALUES( PARSEDATETIME('2021-01-01', 'yyyy-mm-dd'), PARSEDATETIME('2021-01-02', 'yyyy-mm-dd'), 'new', 19);
INSERT INTO RESERVATION(date_returned,date_taken,state,user_id) VALUES( PARSEDATETIME('2021-01-01', 'yyyy-mm-dd'), PARSEDATETIME('2021-01-02', 'yyyy-mm-dd'), 'new', 7);
INSERT INTO BOOK_RESERVATION(reservation_date, id, book_id, edition_id) VALUES(PARSEDATETIME('2021-01-01', 'yyyy-mm-dd'), 0, 1002, 32);
INSERT INTO BOOK_RESERVATION(reservation_date, id, book_id, edition_id) VALUES(PARSEDATETIME('2021-01-01', 'yyyy-mm-dd'), 1, 1679, 51);
INSERT INTO BOOK_RESERVATION(reservation_date, id, book_id, edition_id) VALUES(PARSEDATETIME('2021-01-01', 'yyyy-mm-dd'), 2, 4010, 116);
INSERT INTO BOOK_RESERVATION(reservation_date, id, book_id, edition_id) VALUES(PARSEDATETIME('2021-01-01', 'yyyy-mm-dd'), 3, 4414, 127);
INSERT INTO BOOK_RESERVATION(reservation_date, id, book_id, edition_id) VALUES(PARSEDATETIME('2021-01-01', 'yyyy-mm-dd'), 4, 185, 6);
INSERT INTO BOOK_RESERVATION(reservation_date, id, book_id, edition_id) VALUES(PARSEDATETIME('2021-01-01', 'yyyy-mm-dd'), 5, 852, 27);
INSERT INTO BOOK_RESERVATION(reservation_date, id, book_id, edition_id) VALUES(PARSEDATETIME('2021-01-01', 'yyyy-mm-dd'), 6, 4959, 145);
INSERT INTO BOOK_RESERVATION(reservation_date, id, book_id, edition_id) VALUES(PARSEDATETIME('2021-01-01', 'yyyy-mm-dd'), 7, 549, 17);
INSERT INTO BOOK_RESERVATION(reservation_date, id, book_id, edition_id) VALUES(PARSEDATETIME('2021-01-01', 'yyyy-mm-dd'), 8, 992, 31);
INSERT INTO BOOK_RESERVATION(reservation_date, id, book_id, edition_id) VALUES(PARSEDATETIME('2021-01-01', 'yyyy-mm-dd'), 9, 3173, 90);
INSERT INTO BOOK_RESERVATION(reservation_date, id, book_id, edition_id) VALUES(PARSEDATETIME('2021-01-01', 'yyyy-mm-dd'), 10, 1491, 45);
INSERT INTO BOOK_RESERVATION(reservation_date, id, book_id, edition_id) VALUES(PARSEDATETIME('2021-01-01', 'yyyy-mm-dd'), 11, 302, 9);
INSERT INTO BOOK_RESERVATION(reservation_date, id, book_id, edition_id) VALUES(PARSEDATETIME('2021-01-01', 'yyyy-mm-dd'), 12, 3279, 93);
INSERT INTO BOOK_RESERVATION(reservation_date, id, book_id, edition_id) VALUES(PARSEDATETIME('2021-01-01', 'yyyy-mm-dd'), 13, 3453, 97);
INSERT INTO BOOK_RESERVATION(reservation_date, id, book_id, edition_id) VALUES(PARSEDATETIME('2021-01-01', 'yyyy-mm-dd'), 14, 3436, 96);
INSERT INTO BOOK_RESERVATION(reservation_date, id, book_id, edition_id) VALUES(PARSEDATETIME('2021-01-01', 'yyyy-mm-dd'), 15, 1417, 43);
INSERT INTO BOOK_RESERVATION(reservation_date, id, book_id, edition_id) VALUES(PARSEDATETIME('2021-01-01', 'yyyy-mm-dd'), 16, 3595, 102);
INSERT INTO BOOK_RESERVATION(reservation_date, id, book_id, edition_id) VALUES(PARSEDATETIME('2021-01-01', 'yyyy-mm-dd'), 17, 1528, 45);
INSERT INTO BOOK_RESERVATION(reservation_date, id, book_id, edition_id) VALUES(PARSEDATETIME('2021-01-01', 'yyyy-mm-dd'), 18, 648, 21);
INSERT INTO BOOK_RESERVATION(reservation_date, id, book_id, edition_id) VALUES(PARSEDATETIME('2021-01-01', 'yyyy-mm-dd'), 19, 4234, 122);
INSERT INTO BOOK_RESERVATION(reservation_date, id, book_id, edition_id) VALUES(PARSEDATETIME('2021-01-01', 'yyyy-mm-dd'), 20, 650, 21);
INSERT INTO BOOK_RESERVATION(reservation_date, id, book_id, edition_id) VALUES(PARSEDATETIME('2021-01-01', 'yyyy-mm-dd'), 21, 4414, 127);
INSERT INTO BOOK_RESERVATION(reservation_date, id, book_id, edition_id) VALUES(PARSEDATETIME('2021-01-01', 'yyyy-mm-dd'), 22, 2479, 72);
INSERT INTO BOOK_RESERVATION(reservation_date, id, book_id, edition_id) VALUES(PARSEDATETIME('2021-01-01', 'yyyy-mm-dd'), 23, 2739, 80);
INSERT INTO BOOK_RESERVATION(reservation_date, id, book_id, edition_id) VALUES(PARSEDATETIME('2021-01-01', 'yyyy-mm-dd'), 24, 3682, 106);
INSERT INTO BOOK_RESERVATION(reservation_date, id, book_id, edition_id) VALUES(PARSEDATETIME('2021-01-01', 'yyyy-mm-dd'), 25, 688, 22);
INSERT INTO BOOK_RESERVATION(reservation_date, id, book_id, edition_id) VALUES(PARSEDATETIME('2021-01-01', 'yyyy-mm-dd'), 26, 738, 25);
INSERT INTO BOOK_RESERVATION(reservation_date, id, book_id, edition_id) VALUES(PARSEDATETIME('2021-01-01', 'yyyy-mm-dd'), 27, 294, 9);
INSERT INTO BOOK_RESERVATION(reservation_date, id, book_id, edition_id) VALUES(PARSEDATETIME('2021-01-01', 'yyyy-mm-dd'), 28, 1703, 52);
INSERT INTO BOOK_RESERVATION(reservation_date, id, book_id, edition_id) VALUES(PARSEDATETIME('2021-01-01', 'yyyy-mm-dd'), 29, 4621, 134);
INSERT INTO BOOK_RESERVATION(reservation_date, id, book_id, edition_id) VALUES(PARSEDATETIME('2021-01-01', 'yyyy-mm-dd'), 30, 3650, 104);
INSERT INTO BOOK_RESERVATION(reservation_date, id, book_id, edition_id) VALUES(PARSEDATETIME('2021-01-01', 'yyyy-mm-dd'), 31, 2636, 77);
INSERT INTO BOOK_RESERVATION(reservation_date, id, book_id, edition_id) VALUES(PARSEDATETIME('2021-01-01', 'yyyy-mm-dd'), 32, 3056, 87);
INSERT INTO BOOK_RESERVATION(reservation_date, id, book_id, edition_id) VALUES(PARSEDATETIME('2021-01-01', 'yyyy-mm-dd'), 33, 2540, 73);
INSERT INTO BOOK_RESERVATION(reservation_date, id, book_id, edition_id) VALUES(PARSEDATETIME('2021-01-01', 'yyyy-mm-dd'), 34, 2010, 61);
INSERT INTO BOOK_RESERVATION(reservation_date, id, book_id, edition_id) VALUES(PARSEDATETIME('2021-01-01', 'yyyy-mm-dd'), 35, 3526, 100);
INSERT INTO BOOK_RESERVATION(reservation_date, id, book_id, edition_id) VALUES(PARSEDATETIME('2021-01-01', 'yyyy-mm-dd'), 36, 4640, 135);
INSERT INTO BOOK_RESERVATION(reservation_date, id, book_id, edition_id) VALUES(PARSEDATETIME('2021-01-01', 'yyyy-mm-dd'), 37, 1225, 39);
INSERT INTO BOOK_RESERVATION(reservation_date, id, book_id, edition_id) VALUES(PARSEDATETIME('2021-01-01', 'yyyy-mm-dd'), 38, 2350, 69);
INSERT INTO BOOK_RESERVATION(reservation_date, id, book_id, edition_id) VALUES(PARSEDATETIME('2021-01-01', 'yyyy-mm-dd'), 39, 729, 25);
INSERT INTO BOOK_RESERVATION(reservation_date, id, book_id, edition_id) VALUES(PARSEDATETIME('2021-01-01', 'yyyy-mm-dd'), 40, 1941, 60);
INSERT INTO BOOK_RESERVATION(reservation_date, id, book_id, edition_id) VALUES(PARSEDATETIME('2021-01-01', 'yyyy-mm-dd'), 41, 29, 1);
INSERT INTO BOOK_RESERVATION(reservation_date, id, book_id, edition_id) VALUES(PARSEDATETIME('2021-01-01', 'yyyy-mm-dd'), 42, 1461, 44);
INSERT INTO BOOK_RESERVATION(reservation_date, id, book_id, edition_id) VALUES(PARSEDATETIME('2021-01-01', 'yyyy-mm-dd'), 43, 1434, 43);
INSERT INTO BOOK_RESERVATION(reservation_date, id, book_id, edition_id) VALUES(PARSEDATETIME('2021-01-01', 'yyyy-mm-dd'), 44, 495, 15);
INSERT INTO BOOK_RESERVATION(reservation_date, id, book_id, edition_id) VALUES(PARSEDATETIME('2021-01-01', 'yyyy-mm-dd'), 45, 4961, 145);
INSERT INTO BOOK_RESERVATION(reservation_date, id, book_id, edition_id) VALUES(PARSEDATETIME('2021-01-01', 'yyyy-mm-dd'), 46, 4169, 121);
INSERT INTO BOOK_RESERVATION(reservation_date, id, book_id, edition_id) VALUES(PARSEDATETIME('2021-01-01', 'yyyy-mm-dd'), 47, 164, 6);
INSERT INTO BOOK_RESERVATION(reservation_date, id, book_id, edition_id) VALUES(PARSEDATETIME('2021-01-01', 'yyyy-mm-dd'), 48, 2940, 84);
INSERT INTO BOOK_RESERVATION(reservation_date, id, book_id, edition_id) VALUES(PARSEDATETIME('2021-01-01', 'yyyy-mm-dd'), 49, 2333, 69);
INSERT INTO BOOK_RESERVATION(reservation_date, id, book_id, edition_id) VALUES(PARSEDATETIME('2021-01-01', 'yyyy-mm-dd'), 50, 1594, 47);
INSERT INTO BOOK_RESERVATION(reservation_date, id, book_id, edition_id) VALUES(PARSEDATETIME('2021-01-01', 'yyyy-mm-dd'), 51, 264, 8);
INSERT INTO BOOK_RESERVATION(reservation_date, id, book_id, edition_id) VALUES(PARSEDATETIME('2021-01-01', 'yyyy-mm-dd'), 52, 2975, 85);
INSERT INTO BOOK_RESERVATION(reservation_date, id, book_id, edition_id) VALUES(PARSEDATETIME('2021-01-01', 'yyyy-mm-dd'), 53, 4989, 146);
INSERT INTO BOOK_RESERVATION(reservation_date, id, book_id, edition_id) VALUES(PARSEDATETIME('2021-01-01', 'yyyy-mm-dd'), 54, 1698, 51);
INSERT INTO BOOK_RESERVATION(reservation_date, id, book_id, edition_id) VALUES(PARSEDATETIME('2021-01-01', 'yyyy-mm-dd'), 55, 38, 3);
INSERT INTO BOOK_RESERVATION(reservation_date, id, book_id, edition_id) VALUES(PARSEDATETIME('2021-01-01', 'yyyy-mm-dd'), 56, 3638, 103);
INSERT INTO BOOK_RESERVATION(reservation_date, id, book_id, edition_id) VALUES(PARSEDATETIME('2021-01-01', 'yyyy-mm-dd'), 57, 3973, 116);
INSERT INTO BOOK_RESERVATION(reservation_date, id, book_id, edition_id) VALUES(PARSEDATETIME('2021-01-01', 'yyyy-mm-dd'), 58, 2786, 81);
INSERT INTO BOOK_RESERVATION(reservation_date, id, book_id, edition_id) VALUES(PARSEDATETIME('2021-01-01', 'yyyy-mm-dd'), 59, 2479, 72);
INSERT INTO BOOK_RESERVATION(reservation_date, id, book_id, edition_id) VALUES(PARSEDATETIME('2021-01-01', 'yyyy-mm-dd'), 60, 2209, 66);
INSERT INTO BOOK_RESERVATION(reservation_date, id, book_id, edition_id) VALUES(PARSEDATETIME('2021-01-01', 'yyyy-mm-dd'), 61, 3373, 95);
INSERT INTO BOOK_RESERVATION(reservation_date, id, book_id, edition_id) VALUES(PARSEDATETIME('2021-01-01', 'yyyy-mm-dd'), 62, 1719, 53);
INSERT INTO BOOK_RESERVATION(reservation_date, id, book_id, edition_id) VALUES(PARSEDATETIME('2021-01-01', 'yyyy-mm-dd'), 63, 4611, 133);
INSERT INTO BOOK_RESERVATION(reservation_date, id, book_id, edition_id) VALUES(PARSEDATETIME('2021-01-01', 'yyyy-mm-dd'), 64, 4830, 142);
INSERT INTO BOOK_RESERVATION(reservation_date, id, book_id, edition_id) VALUES(PARSEDATETIME('2021-01-01', 'yyyy-mm-dd'), 65, 2743, 80);
INSERT INTO BOOK_RESERVATION(reservation_date, id, book_id, edition_id) VALUES(PARSEDATETIME('2021-01-01', 'yyyy-mm-dd'), 66, 3188, 91);
INSERT INTO BOOK_RESERVATION(reservation_date, id, book_id, edition_id) VALUES(PARSEDATETIME('2021-01-01', 'yyyy-mm-dd'), 67, 5013, 147);
INSERT INTO BOOK_RESERVATION(reservation_date, id, book_id, edition_id) VALUES(PARSEDATETIME('2021-01-01', 'yyyy-mm-dd'), 68, 1565, 46);
INSERT INTO BOOK_RESERVATION(reservation_date, id, book_id, edition_id) VALUES(PARSEDATETIME('2021-01-01', 'yyyy-mm-dd'), 69, 1904, 58);
INSERT INTO BOOK_RESERVATION(reservation_date, id, book_id, edition_id) VALUES(PARSEDATETIME('2021-01-01', 'yyyy-mm-dd'), 70, 4962, 145);
INSERT INTO BOOK_RESERVATION(reservation_date, id, book_id, edition_id) VALUES(PARSEDATETIME('2021-01-01', 'yyyy-mm-dd'), 71, 3734, 107);
INSERT INTO BOOK_RESERVATION(reservation_date, id, book_id, edition_id) VALUES(PARSEDATETIME('2021-01-01', 'yyyy-mm-dd'), 72, 3775, 108);
INSERT INTO BOOK_RESERVATION(reservation_date, id, book_id, edition_id) VALUES(PARSEDATETIME('2021-01-01', 'yyyy-mm-dd'), 73, 3897, 112);
INSERT INTO BOOK_RESERVATION(reservation_date, id, book_id, edition_id) VALUES(PARSEDATETIME('2021-01-01', 'yyyy-mm-dd'), 74, 119, 5);
INSERT INTO BOOK_RESERVATION(reservation_date, id, book_id, edition_id) VALUES(PARSEDATETIME('2021-01-01', 'yyyy-mm-dd'), 75, 4129, 120);
INSERT INTO BOOK_RESERVATION(reservation_date, id, book_id, edition_id) VALUES(PARSEDATETIME('2021-01-01', 'yyyy-mm-dd'), 76, 4559, 132);
INSERT INTO BOOK_RESERVATION(reservation_date, id, book_id, edition_id) VALUES(PARSEDATETIME('2021-01-01', 'yyyy-mm-dd'), 77, 3939, 114);
INSERT INTO BOOK_RESERVATION(reservation_date, id, book_id, edition_id) VALUES(PARSEDATETIME('2021-01-01', 'yyyy-mm-dd'), 78, 1409, 43);
INSERT INTO BOOK_RESERVATION(reservation_date, id, book_id, edition_id) VALUES(PARSEDATETIME('2021-01-01', 'yyyy-mm-dd'), 79, 4425, 128);
INSERT INTO BOOK_RESERVATION(reservation_date, id, book_id, edition_id) VALUES(PARSEDATETIME('2021-01-01', 'yyyy-mm-dd'), 80, 597, 19);
INSERT INTO BOOK_RESERVATION(reservation_date, id, book_id, edition_id) VALUES(PARSEDATETIME('2021-01-01', 'yyyy-mm-dd'), 81, 81, 4);
INSERT INTO BOOK_RESERVATION(reservation_date, id, book_id, edition_id) VALUES(PARSEDATETIME('2021-01-01', 'yyyy-mm-dd'), 82, 1088, 35);
INSERT INTO BOOK_RESERVATION(reservation_date, id, book_id, edition_id) VALUES(PARSEDATETIME('2021-01-01', 'yyyy-mm-dd'), 83, 69, 3);
INSERT INTO BOOK_RESERVATION(reservation_date, id, book_id, edition_id) VALUES(PARSEDATETIME('2021-01-01', 'yyyy-mm-dd'), 84, 357, 11);
INSERT INTO BOOK_RESERVATION(reservation_date, id, book_id, edition_id) VALUES(PARSEDATETIME('2021-01-01', 'yyyy-mm-dd'), 85, 2527, 73);
INSERT INTO BOOK_RESERVATION(reservation_date, id, book_id, edition_id) VALUES(PARSEDATETIME('2021-01-01', 'yyyy-mm-dd'), 86, 288, 9);
INSERT INTO BOOK_RESERVATION(reservation_date, id, book_id, edition_id) VALUES(PARSEDATETIME('2021-01-01', 'yyyy-mm-dd'), 87, 3266, 92);
INSERT INTO BOOK_RESERVATION(reservation_date, id, book_id, edition_id) VALUES(PARSEDATETIME('2021-01-01', 'yyyy-mm-dd'), 88, 4766, 139);
INSERT INTO BOOK_RESERVATION(reservation_date, id, book_id, edition_id) VALUES(PARSEDATETIME('2021-01-01', 'yyyy-mm-dd'), 89, 2240, 67);
INSERT INTO BOOK_RESERVATION(reservation_date, id, book_id, edition_id) VALUES(PARSEDATETIME('2021-01-01', 'yyyy-mm-dd'), 90, 64, 3);
INSERT INTO BOOK_RESERVATION(reservation_date, id, book_id, edition_id) VALUES(PARSEDATETIME('2021-01-01', 'yyyy-mm-dd'), 91, 4316, 125);
INSERT INTO BOOK_RESERVATION(reservation_date, id, book_id, edition_id) VALUES(PARSEDATETIME('2021-01-01', 'yyyy-mm-dd'), 92, 3654, 104);
INSERT INTO BOOK_RESERVATION(reservation_date, id, book_id, edition_id) VALUES(PARSEDATETIME('2021-01-01', 'yyyy-mm-dd'), 93, 2441, 71);
INSERT INTO BOOK_RESERVATION(reservation_date, id, book_id, edition_id) VALUES(PARSEDATETIME('2021-01-01', 'yyyy-mm-dd'), 94, 969, 31);
INSERT INTO BOOK_RESERVATION(reservation_date, id, book_id, edition_id) VALUES(PARSEDATETIME('2021-01-01', 'yyyy-mm-dd'), 95, 2772, 81);
INSERT INTO BOOK_RESERVATION(reservation_date, id, book_id, edition_id) VALUES(PARSEDATETIME('2021-01-01', 'yyyy-mm-dd'), 96, 321, 10);
INSERT INTO BOOK_RESERVATION(reservation_date, id, book_id, edition_id) VALUES(PARSEDATETIME('2021-01-01', 'yyyy-mm-dd'), 97, 2068, 62);
INSERT INTO BOOK_RESERVATION(reservation_date, id, book_id, edition_id) VALUES(PARSEDATETIME('2021-01-01', 'yyyy-mm-dd'), 98, 752, 25);
INSERT INTO BOOK_RESERVATION(reservation_date, id, book_id, edition_id) VALUES(PARSEDATETIME('2021-01-01', 'yyyy-mm-dd'), 99, 1330, 42);
INSERT INTO BOOK_RESERVATION(reservation_date, id, book_id, edition_id) VALUES(PARSEDATETIME('2021-01-01', 'yyyy-mm-dd'), 100, 4941, 145);
INSERT INTO BOOK_RESERVATION(reservation_date, id, book_id, edition_id) VALUES(PARSEDATETIME('2021-01-01', 'yyyy-mm-dd'), 101, 682, 22);
INSERT INTO BOOK_RESERVATION(reservation_date, id, book_id, edition_id) VALUES(PARSEDATETIME('2021-01-01', 'yyyy-mm-dd'), 102, 2661, 79);
INSERT INTO BOOK_RESERVATION(reservation_date, id, book_id, edition_id) VALUES(PARSEDATETIME('2021-01-01', 'yyyy-mm-dd'), 103, 532, 17);
INSERT INTO BOOK_RESERVATION(reservation_date, id, book_id, edition_id) VALUES(PARSEDATETIME('2021-01-01', 'yyyy-mm-dd'), 104, 1419, 43);
INSERT INTO BOOK_RESERVATION(reservation_date, id, book_id, edition_id) VALUES(PARSEDATETIME('2021-01-01', 'yyyy-mm-dd'), 105, 3324, 94);
INSERT INTO BOOK_RESERVATION(reservation_date, id, book_id, edition_id) VALUES(PARSEDATETIME('2021-01-01', 'yyyy-mm-dd'), 106, 3537, 101);
INSERT INTO BOOK_RESERVATION(reservation_date, id, book_id, edition_id) VALUES(PARSEDATETIME('2021-01-01', 'yyyy-mm-dd'), 107, 3944, 114);
INSERT INTO BOOK_RESERVATION(reservation_date, id, book_id, edition_id) VALUES(PARSEDATETIME('2021-01-01', 'yyyy-mm-dd'), 108, 511, 15);
INSERT INTO BOOK_RESERVATION(reservation_date, id, book_id, edition_id) VALUES(PARSEDATETIME('2021-01-01', 'yyyy-mm-dd'), 109, 1690, 51);
INSERT INTO BOOK_RESERVATION(reservation_date, id, book_id, edition_id) VALUES(PARSEDATETIME('2021-01-01', 'yyyy-mm-dd'), 110, 3751, 107);
INSERT INTO BOOK_RESERVATION(reservation_date, id, book_id, edition_id) VALUES(PARSEDATETIME('2021-01-01', 'yyyy-mm-dd'), 111, 3706, 106);
INSERT INTO BOOK_RESERVATION(reservation_date, id, book_id, edition_id) VALUES(PARSEDATETIME('2021-01-01', 'yyyy-mm-dd'), 112, 709, 25);
INSERT INTO BOOK_RESERVATION(reservation_date, id, book_id, edition_id) VALUES(PARSEDATETIME('2021-01-01', 'yyyy-mm-dd'), 113, 4459, 129);
INSERT INTO BOOK_RESERVATION(reservation_date, id, book_id, edition_id) VALUES(PARSEDATETIME('2021-01-01', 'yyyy-mm-dd'), 114, 4021, 117);
INSERT INTO BOOK_RESERVATION(reservation_date, id, book_id, edition_id) VALUES(PARSEDATETIME('2021-01-01', 'yyyy-mm-dd'), 115, 1287, 40);
INSERT INTO BOOK_RESERVATION(reservation_date, id, book_id, edition_id) VALUES(PARSEDATETIME('2021-01-01', 'yyyy-mm-dd'), 116, 3514, 100);
INSERT INTO BOOK_RESERVATION(reservation_date, id, book_id, edition_id) VALUES(PARSEDATETIME('2021-01-01', 'yyyy-mm-dd'), 117, 4642, 135);
INSERT INTO BOOK_RESERVATION(reservation_date, id, book_id, edition_id) VALUES(PARSEDATETIME('2021-01-01', 'yyyy-mm-dd'), 118, 133, 5);
INSERT INTO BOOK_RESERVATION(reservation_date, id, book_id, edition_id) VALUES(PARSEDATETIME('2021-01-01', 'yyyy-mm-dd'), 119, 3732, 107);
INSERT INTO BOOK_RESERVATION(reservation_date, id, book_id, edition_id) VALUES(PARSEDATETIME('2021-01-01', 'yyyy-mm-dd'), 120, 4990, 146);
INSERT INTO BOOK_RESERVATION(reservation_date, id, book_id, edition_id) VALUES(PARSEDATETIME('2021-01-01', 'yyyy-mm-dd'), 121, 1639, 50);
INSERT INTO BOOK_RESERVATION(reservation_date, id, book_id, edition_id) VALUES(PARSEDATETIME('2021-01-01', 'yyyy-mm-dd'), 122, 1853, 57);
INSERT INTO BOOK_RESERVATION(reservation_date, id, book_id, edition_id) VALUES(PARSEDATETIME('2021-01-01', 'yyyy-mm-dd'), 123, 2341, 69);
INSERT INTO BOOK_RESERVATION(reservation_date, id, book_id, edition_id) VALUES(PARSEDATETIME('2021-01-01', 'yyyy-mm-dd'), 124, 5024, 148);
INSERT INTO BOOK_RESERVATION(reservation_date, id, book_id, edition_id) VALUES(PARSEDATETIME('2021-01-01', 'yyyy-mm-dd'), 125, 2121, 64);
INSERT INTO BOOK_RESERVATION(reservation_date, id, book_id, edition_id) VALUES(PARSEDATETIME('2021-01-01', 'yyyy-mm-dd'), 126, 179, 6);
INSERT INTO BOOK_RESERVATION(reservation_date, id, book_id, edition_id) VALUES(PARSEDATETIME('2021-01-01', 'yyyy-mm-dd'), 127, 3433, 96);
INSERT INTO BOOK_RESERVATION(reservation_date, id, book_id, edition_id) VALUES(PARSEDATETIME('2021-01-01', 'yyyy-mm-dd'), 128, 2730, 80);
INSERT INTO BOOK_RESERVATION(reservation_date, id, book_id, edition_id) VALUES(PARSEDATETIME('2021-01-01', 'yyyy-mm-dd'), 129, 75, 3);
INSERT INTO BOOK_RESERVATION(reservation_date, id, book_id, edition_id) VALUES(PARSEDATETIME('2021-01-01', 'yyyy-mm-dd'), 130, 3883, 111);
INSERT INTO BOOK_RESERVATION(reservation_date, id, book_id, edition_id) VALUES(PARSEDATETIME('2021-01-01', 'yyyy-mm-dd'), 131, 3305, 93);
INSERT INTO BOOK_RESERVATION(reservation_date, id, book_id, edition_id) VALUES(PARSEDATETIME('2021-01-01', 'yyyy-mm-dd'), 132, 3632, 103);
INSERT INTO BOOK_RESERVATION(reservation_date, id, book_id, edition_id) VALUES(PARSEDATETIME('2021-01-01', 'yyyy-mm-dd'), 133, 4406, 127);
INSERT INTO BOOK_RESERVATION(reservation_date, id, book_id, edition_id) VALUES(PARSEDATETIME('2021-01-01', 'yyyy-mm-dd'), 134, 1805, 55);
INSERT INTO BOOK_RESERVATION(reservation_date, id, book_id, edition_id) VALUES(PARSEDATETIME('2021-01-01', 'yyyy-mm-dd'), 135, 842, 27);
INSERT INTO BOOK_RESERVATION(reservation_date, id, book_id, edition_id) VALUES(PARSEDATETIME('2021-01-01', 'yyyy-mm-dd'), 136, 123, 5);
INSERT INTO BOOK_RESERVATION(reservation_date, id, book_id, edition_id) VALUES(PARSEDATETIME('2021-01-01', 'yyyy-mm-dd'), 137, 63, 3);
INSERT INTO BOOK_RESERVATION(reservation_date, id, book_id, edition_id) VALUES(PARSEDATETIME('2021-01-01', 'yyyy-mm-dd'), 138, 4963, 145);
INSERT INTO BOOK_RESERVATION(reservation_date, id, book_id, edition_id) VALUES(PARSEDATETIME('2021-01-01', 'yyyy-mm-dd'), 139, 2156, 65);
INSERT INTO BOOK_RESERVATION(reservation_date, id, book_id, edition_id) VALUES(PARSEDATETIME('2021-01-01', 'yyyy-mm-dd'), 140, 4627, 134);
INSERT INTO BOOK_RESERVATION(reservation_date, id, book_id, edition_id) VALUES(PARSEDATETIME('2021-01-01', 'yyyy-mm-dd'), 141, 1945, 60);
INSERT INTO BOOK_RESERVATION(reservation_date, id, book_id, edition_id) VALUES(PARSEDATETIME('2021-01-01', 'yyyy-mm-dd'), 142, 3331, 94);
INSERT INTO BOOK_RESERVATION(reservation_date, id, book_id, edition_id) VALUES(PARSEDATETIME('2021-01-01', 'yyyy-mm-dd'), 143, 3859, 111);
INSERT INTO BOOK_RESERVATION(reservation_date, id, book_id, edition_id) VALUES(PARSEDATETIME('2021-01-01', 'yyyy-mm-dd'), 144, 4821, 142);
INSERT INTO BOOK_RESERVATION(reservation_date, id, book_id, edition_id) VALUES(PARSEDATETIME('2021-01-01', 'yyyy-mm-dd'), 145, 2883, 83);
INSERT INTO BOOK_RESERVATION(reservation_date, id, book_id, edition_id) VALUES(PARSEDATETIME('2021-01-01', 'yyyy-mm-dd'), 146, 3198, 91);
INSERT INTO PICTURE_BOOK_RESERVATION VALUES(1, 147);
INSERT INTO PICTURE_BOOK_RESERVATION VALUES(2, 148);
INSERT INTO PICTURE_BOOK_RESERVATION VALUES(1, 149);
INSERT INTO CATEGORY_RULES VALUES(0, 1, 3, 15);
INSERT INTO CATEGORY_RULES VALUES(1, 2, 3, 15);
INSERT INTO CATEGORY_RULES VALUES(2, 3, 5, 15);
INSERT INTO CATEGORY_RULES VALUES(3, 4, 3, 21);
INSERT INTO CATEGORY_RULES VALUES(4, 5, 10, 30);
INSERT INTO PRICE VALUES(0, PARSEDATETIME('2022-09-01', 'yyyy-mm-dd'), 200, PARSEDATETIME('2021-06-01', 'yyyy-mm-dd'), 0);
INSERT INTO PRICE VALUES(1, PARSEDATETIME('2022-09-01', 'yyyy-mm-dd'), 300, PARSEDATETIME('2021-06-01', 'yyyy-mm-dd'), 1);
INSERT INTO PRICE VALUES(2, PARSEDATETIME('2022-09-01', 'yyyy-mm-dd'), 500, PARSEDATETIME('2021-06-01', 'yyyy-mm-dd'), 2);
INSERT INTO PRICE VALUES(3, PARSEDATETIME('2022-09-01', 'yyyy-mm-dd'), 200, PARSEDATETIME('2021-06-01', 'yyyy-mm-dd'), 3);
INSERT INTO PRICE VALUES(4, PARSEDATETIME('2022-09-01', 'yyyy-mm-dd'), 500, PARSEDATETIME('2021-06-01', 'yyyy-mm-dd'), 4);
INSERT INTO MEMBERSHIP VALUES(0, PARSEDATETIME('2021-08-15', 'yyyy-mm-dd'), PARSEDATETIME('2021-06-15', 'yyyy-mm-dd'), 2, 0);
INSERT INTO MEMBERSHIP VALUES(1, PARSEDATETIME('2021-08-15', 'yyyy-mm-dd'), PARSEDATETIME('2021-06-15', 'yyyy-mm-dd'), 2, 1);
INSERT INTO MEMBERSHIP VALUES(2, PARSEDATETIME('2021-08-15', 'yyyy-mm-dd'), PARSEDATETIME('2021-06-15', 'yyyy-mm-dd'), 1, 2);
INSERT INTO MEMBERSHIP VALUES(3, PARSEDATETIME('2021-08-15', 'yyyy-mm-dd'), PARSEDATETIME('2021-06-15', 'yyyy-mm-dd'), 1, 3);
INSERT INTO MEMBERSHIP VALUES(4, PARSEDATETIME('2021-08-15', 'yyyy-mm-dd'), PARSEDATETIME('2021-06-15', 'yyyy-mm-dd'), 0, 4);
INSERT INTO MEMBERSHIP VALUES(5, PARSEDATETIME('2021-08-15', 'yyyy-mm-dd'), PARSEDATETIME('2021-06-15', 'yyyy-mm-dd'), 1, 5);
INSERT INTO MEMBERSHIP VALUES(6, PARSEDATETIME('2021-08-15', 'yyyy-mm-dd'), PARSEDATETIME('2021-06-15', 'yyyy-mm-dd'), 2, 6);
INSERT INTO MEMBERSHIP VALUES(7, PARSEDATETIME('2021-08-15', 'yyyy-mm-dd'), PARSEDATETIME('2021-06-15', 'yyyy-mm-dd'), 0, 7);
INSERT INTO MEMBERSHIP VALUES(8, PARSEDATETIME('2021-08-15', 'yyyy-mm-dd'), PARSEDATETIME('2021-06-15', 'yyyy-mm-dd'), 3, 8);
INSERT INTO MEMBERSHIP VALUES(9, PARSEDATETIME('2021-08-15', 'yyyy-mm-dd'), PARSEDATETIME('2021-06-15', 'yyyy-mm-dd'), 2, 9);
INSERT INTO MEMBERSHIP VALUES(10, PARSEDATETIME('2021-08-15', 'yyyy-mm-dd'), PARSEDATETIME('2021-06-15', 'yyyy-mm-dd'), 1, 10);
INSERT INTO MEMBERSHIP VALUES(11, PARSEDATETIME('2021-08-15', 'yyyy-mm-dd'), PARSEDATETIME('2021-06-15', 'yyyy-mm-dd'), 3, 11);
INSERT INTO MEMBERSHIP VALUES(12, PARSEDATETIME('2021-08-15', 'yyyy-mm-dd'), PARSEDATETIME('2021-06-15', 'yyyy-mm-dd'), 4, 12);
INSERT INTO MEMBERSHIP VALUES(13, PARSEDATETIME('2021-08-15', 'yyyy-mm-dd'), PARSEDATETIME('2021-06-15', 'yyyy-mm-dd'), 3, 13);
INSERT INTO MEMBERSHIP VALUES(14, PARSEDATETIME('2021-08-15', 'yyyy-mm-dd'), PARSEDATETIME('2021-06-15', 'yyyy-mm-dd'), 0, 14);
INSERT INTO MEMBERSHIP VALUES(15, PARSEDATETIME('2021-08-15', 'yyyy-mm-dd'), PARSEDATETIME('2021-06-15', 'yyyy-mm-dd'), 1, 15);
INSERT INTO MEMBERSHIP VALUES(16, PARSEDATETIME('2021-08-15', 'yyyy-mm-dd'), PARSEDATETIME('2021-06-15', 'yyyy-mm-dd'), 2, 16);
INSERT INTO MEMBERSHIP VALUES(17, PARSEDATETIME('2021-08-15', 'yyyy-mm-dd'), PARSEDATETIME('2021-06-15', 'yyyy-mm-dd'), 4, 17);
INSERT INTO MEMBERSHIP VALUES(18, PARSEDATETIME('2021-08-15', 'yyyy-mm-dd'), PARSEDATETIME('2021-06-15', 'yyyy-mm-dd'), 1, 18);
INSERT INTO MEMBERSHIP VALUES(19, PARSEDATETIME('2021-08-15', 'yyyy-mm-dd'), PARSEDATETIME('2021-06-15', 'yyyy-mm-dd'), 4, 19);
INSERT INTO MEMBERSHIP VALUES(20, PARSEDATETIME('2021-08-15', 'yyyy-mm-dd'), PARSEDATETIME('2021-06-15', 'yyyy-mm-dd'), 1, 20);
INSERT INTO MEMBERSHIP VALUES(21, PARSEDATETIME('2021-08-15', 'yyyy-mm-dd'), PARSEDATETIME('2021-06-15', 'yyyy-mm-dd'), 3, 21);
INSERT INTO MEMBERSHIP VALUES(22, PARSEDATETIME('2021-08-15', 'yyyy-mm-dd'), PARSEDATETIME('2021-06-15', 'yyyy-mm-dd'), 0, 22);
INSERT INTO MEMBERSHIP VALUES(23, PARSEDATETIME('2021-08-15', 'yyyy-mm-dd'), PARSEDATETIME('2021-06-15', 'yyyy-mm-dd'), 3, 23);
INSERT INTO MEMBERSHIP VALUES(24, PARSEDATETIME('2021-08-15', 'yyyy-mm-dd'), PARSEDATETIME('2021-06-15', 'yyyy-mm-dd'), 2, 24);
INSERT INTO MEMBERSHIP VALUES(25, PARSEDATETIME('2021-08-15', 'yyyy-mm-dd'), PARSEDATETIME('2021-06-15', 'yyyy-mm-dd'), 2, 25);
INSERT INTO MEMBERSHIP VALUES(26, PARSEDATETIME('2021-08-15', 'yyyy-mm-dd'), PARSEDATETIME('2021-06-15', 'yyyy-mm-dd'), 1, 26);
INSERT INTO MEMBERSHIP VALUES(27, PARSEDATETIME('2021-08-15', 'yyyy-mm-dd'), PARSEDATETIME('2021-06-15', 'yyyy-mm-dd'), 1, 27);
INSERT INTO MEMBERSHIP VALUES(28, PARSEDATETIME('2021-08-15', 'yyyy-mm-dd'), PARSEDATETIME('2021-06-15', 'yyyy-mm-dd'), 0, 28);
INSERT INTO MEMBERSHIP VALUES(29, PARSEDATETIME('2021-08-15', 'yyyy-mm-dd'), PARSEDATETIME('2021-06-15', 'yyyy-mm-dd'), 0, 29);
INSERT INTO DAILY_TRANSACTION VALUES(0, PARSEDATETIME('2021-06-15', 'yyyy-mm-dd'), 31, 0, 0);
INSERT INTO DAILY_TRANSACTION VALUES(1, PARSEDATETIME('2021-06-15', 'yyyy-mm-dd'), 31, 1, 0);
INSERT INTO DAILY_TRANSACTION VALUES(2, PARSEDATETIME('2021-06-15', 'yyyy-mm-dd'), 32, 2, 0);
INSERT INTO DAILY_TRANSACTION VALUES(3, PARSEDATETIME('2021-06-15', 'yyyy-mm-dd'), 30, 3, 0);
INSERT INTO DAILY_TRANSACTION VALUES(4, PARSEDATETIME('2021-06-15', 'yyyy-mm-dd'), 31, 4, 0);
INSERT INTO DAILY_TRANSACTION VALUES(5, PARSEDATETIME('2021-06-15', 'yyyy-mm-dd'), 30, 5, 0);
INSERT INTO DAILY_TRANSACTION VALUES(6, PARSEDATETIME('2021-06-15', 'yyyy-mm-dd'), 31, 6, 0);
INSERT INTO DAILY_TRANSACTION VALUES(7, PARSEDATETIME('2021-06-15', 'yyyy-mm-dd'), 32, 7, 0);
INSERT INTO DAILY_TRANSACTION VALUES(8, PARSEDATETIME('2021-06-15', 'yyyy-mm-dd'), 31, 8, 0);
INSERT INTO DAILY_TRANSACTION VALUES(9, PARSEDATETIME('2021-06-15', 'yyyy-mm-dd'), 32, 9, 0);
INSERT INTO DAILY_TRANSACTION VALUES(10, PARSEDATETIME('2021-06-15', 'yyyy-mm-dd'), 32, 10, 0);
INSERT INTO DAILY_TRANSACTION VALUES(11, PARSEDATETIME('2021-06-15', 'yyyy-mm-dd'), 31, 11, 0);
INSERT INTO DAILY_TRANSACTION VALUES(12, PARSEDATETIME('2021-06-15', 'yyyy-mm-dd'), 32, 12, 0);
INSERT INTO DAILY_TRANSACTION VALUES(13, PARSEDATETIME('2021-06-15', 'yyyy-mm-dd'), 32, 13, 0);
INSERT INTO DAILY_TRANSACTION VALUES(14, PARSEDATETIME('2021-06-15', 'yyyy-mm-dd'), 31, 14, 0);
INSERT INTO DAILY_TRANSACTION VALUES(15, PARSEDATETIME('2021-06-15', 'yyyy-mm-dd'), 31, 15, 0);
INSERT INTO DAILY_TRANSACTION VALUES(16, PARSEDATETIME('2021-06-15', 'yyyy-mm-dd'), 31, 16, 0);
INSERT INTO DAILY_TRANSACTION VALUES(17, PARSEDATETIME('2021-06-15', 'yyyy-mm-dd'), 32, 17, 0);
INSERT INTO DAILY_TRANSACTION VALUES(18, PARSEDATETIME('2021-06-15', 'yyyy-mm-dd'), 30, 18, 0);
INSERT INTO DAILY_TRANSACTION VALUES(19, PARSEDATETIME('2021-06-15', 'yyyy-mm-dd'), 31, 19, 0);
INSERT INTO DAILY_TRANSACTION VALUES(20, PARSEDATETIME('2021-06-15', 'yyyy-mm-dd'), 32, 20, 0);
INSERT INTO DAILY_TRANSACTION VALUES(21, PARSEDATETIME('2021-06-15', 'yyyy-mm-dd'), 32, 21, 0);
INSERT INTO DAILY_TRANSACTION VALUES(22, PARSEDATETIME('2021-06-15', 'yyyy-mm-dd'), 32, 22, 0);
INSERT INTO DAILY_TRANSACTION VALUES(23, PARSEDATETIME('2021-06-15', 'yyyy-mm-dd'), 32, 23, 0);
INSERT INTO DAILY_TRANSACTION VALUES(24, PARSEDATETIME('2021-06-15', 'yyyy-mm-dd'), 30, 24, 0);
INSERT INTO DAILY_TRANSACTION VALUES(25, PARSEDATETIME('2021-06-15', 'yyyy-mm-dd'), 31, 25, 0);
INSERT INTO DAILY_TRANSACTION VALUES(26, PARSEDATETIME('2021-06-15', 'yyyy-mm-dd'), 32, 26, 0);
INSERT INTO DAILY_TRANSACTION VALUES(27, PARSEDATETIME('2021-06-15', 'yyyy-mm-dd'), 31, 27, 0);
INSERT INTO DAILY_TRANSACTION VALUES(28, PARSEDATETIME('2021-06-15', 'yyyy-mm-dd'), 32, 28, 0);
INSERT INTO DAILY_TRANSACTION VALUES(29, PARSEDATETIME('2021-06-15', 'yyyy-mm-dd'), 32, 29, 0);